review_id_hash,app,platform,review_text
c99ecb82bd2321cd04c90722,Robinhood,google_play,Easy to use and navigate!
e23405bc5600cb19748a0587,Robinhood,google_play,Very exciting way to use your spare money forget sports book and DraftKings this is where the money's at. I am a beginner and it's very easy.
4d1745e0fb53960b5023576a,Robinhood,google_play,it's user friendly.
f859c9d9824b743bd3acdb09,Robinhood,google_play,original review 2020 and the Update......things have been alot smoother amd so much better. Nice job! consider listing $ZBCN 😉
9dc6d62d3783dbac99556b8d,Robinhood,google_play,I loved Robinhood
5a733f24e4ed769b38f49861,Robinhood,google_play,"I've used the Robinhood app quite a lot, at no time have I experienced an actual problem with the interface. They handle everything within their app so quickly that I never feel like I have missed out on an opportunity. Paying for Robinhood Gold also Scored me a Superbowl LX ticket so yeah, cant complain."
96dec9398fc7694a51ba6c88,Robinhood,google_play,love this app
ba23eddd2de0f24ac39b982b,Robinhood,google_play,"Excellent UI, great services."
904e95f5d77984fc9b4ec49a,Robinhood,google_play,I can't find P/L on the website. some glitches with the Robinhood Legend but other than that the actual service is fine
2ad8f6e5d28e21b28cb66a77,Robinhood,google_play,Easy to apply
992757c6347815f514e0d6b5,Robinhood,google_play,easy to use. I enjoy the app
258beef80eeed8140d3b98c3,Robinhood,google_play,very poor. account says money available but then I can't put it on futures. was trying rh as features look nice especially for ira match. but if I can't trust a company w $300 of my money no way in hell your getting a high 6 figure account. kalshi hasn't stopped from any futures trades as I am writing after opening account. on top of that it is very weird that they now have access to one of my bank accounts and can see everything. even in my savings what I owe on a monthly card.
adf4c1841ec0e03c77542332,Robinhood,google_play,beginner friendly. but can get real detailed.
2247a9392aa8dbba238d9e8a,Robinhood,google_play,"trying to have the ability to access the on 2 different devices is a joke, especially for someone who is 60"
e5c38697547eab0c29e117f4,Robinhood,google_play,did not work on galaxy phone
0512c3f2cad9da758789f9e6,Robinhood,google_play,Taking them to small claims. It's the only way to get them to do right.
cad79e74da03578079fbec4e,Robinhood,google_play,widgets will not work at all!
39fd11c6537d14b628c9f74c,Robinhood,app_store,"No easy to navigate, cannot find options trading on the app"
cd44f808c24be527777bf050,Robinhood,google_play,best
6a82f5f0b6c622ab1204f92b,Robinhood,google_play,Trash app. Never let's you withdraw your money. But oh they have no problem with you depositing money. You go to the withdraw screen and the page magically scrolls up and disappears. And don't come on this post Robinhood talking about please contact you for support. I already did that and all you said was to do the same thing I been doing that isn't working
aeac7244737a224a040a1c61,Robinhood,google_play,"Robinhood offers so many perks for retail investors, and they keep getting better!! Investing made simple with great analytical tools!!"
c832df1db9c82ae52382bdb7,Robinhood,google_play,"hard to understand and get what the app is trying to tell you at first but once you get your portfolio complete, it's easier to understand."
fb37505c0ad5c381b2aca408,Robinhood,google_play,Really not that great I have the same social security number in the account the different is just the email change when are you put my investment on this account am a state lawyer and united states Secretary I will send a later to sue
bc3fce350ef192121da17f3a,Robinhood,google_play,easy to use and easy to track all your investments!
4679c4ccbb0214cdf5b8e9d9,Robinhood,google_play,"excellent for investing in buy and hold ETFs, and trading options. Not great for trading futures. There is no option to click on a chart and place an order there with a set tick size for a take profit or stop loss order. for instance if Inwant to place a sell order at the 14 day VWAP with a 100 tick stop loss and 200 tick take profit, I can't easily do it. also, I can't place a market order with a custom tick size take profit and stop loss order. tradovate is much more user friendly."
f03a7b71b0cf11537acf2d7c,Robinhood,google_play,New visual update is garbage
6d05b016635678b1aa2644e4,Robinhood,google_play,Easy to use
e7b8763a6e27acdf1cf4d15c,Robinhood,google_play,perfect app
5a544c2b00559b1be9334c18,Robinhood,google_play,Just starting and learning and earning. It feels like I will be spending a fare amount playing on this app. any problems are quickly resolved by excellent customer service.
ec3c6a10df6018c2f161ebd2,Robinhood,google_play,I deposit money pretty frequently. recently I deposited $250. they instantly froze my account and wouldn't let me use the money or anything. I couldn't withdraw the funds either it's been like this for a week now and they still have my money frozen. Use something else if you plan to trade crypto
b00825b835c77eaae2248e47,Robinhood,google_play,It will steal your money. I have no way to get my money out of this app.
f68a8efcebc1f0bbdc932cf3,Robinhood,google_play,I really enjoy the app. Trading is simple on this app.
78621c6e9f2e5d1706bcc092,Robinhood,google_play,"There's no reason to show me your prediction markets and meme crypto coins, when I'm just here to invest like a sane person and not to gamble. Having to scroll past irrelevant garbage like that is very annoying. I should be able to select what services I'm interested in, in app settings, and leave it at that."
6589019b0a74add5298632fd,Robinhood,google_play,App is great but robinhood doesn't have a phone number.
b9f5b2339558e406d4569b69,Robinhood,google_play,I am now regretting my decision to ever join Coinbase. Robinhood is superior to Coinbase in almost every category. 3% Matching IRAs! Amazing!
959501fa12798a4774072abd,Robinhood,google_play,"Nice app, easy to use."
b031ee0ef69d59e260508666,Robinhood,google_play,They charged me 50 for nothing and they said I still gotta pay it to access my crypto robinhoods hidden fees not cool I regret ever using this platform
a3ef7ceb6723130421908394,Robinhood,google_play,"im a beginner, im find the Robinhood easy to navigate"
d93c5c581654f22b75367b16,Robinhood,google_play,Best UI in the market
6b6584e12cd034af6f8b0309,Robinhood,google_play,Had to create new account since phone and email changed. Still couldn't create it. Cant KYC probably due to limiting my online data by opting out from data brokers using services and not listing generic methods typically used to query. Oh well plenty of others to use.
998e6ff1fc654140b668b89a,Robinhood,google_play,User Friendly
449c3fe2d8153f6e82fb1cfa,Robinhood,google_play,uses plaid to link bank account but doesn't work then have spend hours chatting with their Ai support. when finally get a human they just transfer you. there is no support.
67b14f98123a4c07eadd67fc,Robinhood,google_play,"the ease of access seeing all the stocks i could potentially make money off of. seeing live updates on what is making or breaking a stock, and just being able to manage your future at no real fee. (yes I have gold, 4.5% is nuts) made for the little man who doesn't really have a grasp but is eager to learn. 10/10 will always recommend"
cd6c4c4d15eeb7ba9e8bba53,Robinhood,google_play,charging me a courtesy fee because you don't let my transfer go through
909e8914bdcab6b02d1ae658,Robinhood,google_play,$top
44ea4d5104ed4282ee9f649a,Robinhood,google_play,Believe every 1 star review on this page. You will get the dreaded freeze up blank screen bug that everybody else is complaining about. I've done all the steps that everybody else talks about with reinstalling the app clearing data clearing cache logging out logging in. none of this works. I'm sure they will come back with a reply saying please contact us we're so sorry this is happening to you let our support fix it but that won't work either because you just talk to a chat bot with no solution
212bcd7dd2228967899fe0ce,Robinhood,google_play,"Solid platform, intuitive and easy-to-use."
955997307c3b152807c651bf,Robinhood,google_play,Horrible experience today as the server has been down for over half the trading day. Needless to say this is not good for a stock investor. Updated: I can't close out a position that involves a fractional share. I had 200 something shares of a stock that ended up as 0.944 shares thru dilutions. I just wanted to close out and get the tax loss but I can't because the app says fractional trading is unavailable. The customer service person was useless and contradicted himself.
39cc1ea8d04ccfd77dada924,Robinhood,google_play,Great
1f6514343267c36433fd5fb8,Robinhood,google_play,Highly recommend Robinhood for anyone looking to invest.
c9b712575cfc88c2f9f029dc,Robinhood,google_play,Professional scammers app
680d58c4bbee6cf8491c7160,Robinhood,google_play,THE BEST
00cd3db21d061b496b43bedb,Robinhood,google_play,Great service
08c42c01e4b720becb03b9dc,Robinhood,google_play,very helpful
02af6660817e705b08ff8dad,Robinhood,google_play,Really impressed with the new legend layout and ease of use trading.
6872724cbdf28d3bfebd3bf6,Robinhood,google_play,Best Broker Platform Hands Down! 🔥💯
34c98d53ce86a016663fec64,Robinhood,google_play,soy principiante en esto pero la verdad es muy fácil de usar
cef96ec2437f636ca76ebfb7,Robinhood,google_play,Easy to use and understand.
8f6e3a68b593ed4ac9e5edf7,Robinhood,google_play,Helpful
d4880c03cb939ded35009bd7,Robinhood,google_play,"They send mail stating you have an account and you should login, I downloaded it and tried. It appears the email link for a password reset doesn't work. So, why did you spend the money to mail me things?"
bb59f460341b5bc62f93c366,Robinhood,google_play,I don't understand why you put a limit order in and not fulfill it even when it goes way under your limit
fff1ea60fe10b646521972dc,Robinhood,google_play,"To many fees, always deficient. They stole 45 dollars cause in the account it say reversed but no money returned. Gotta let you go. Hopefully I'll get my invested money in a day. Hopefully.... Account closed after a month."
4ed4837647afa8e43a3eddb9,Robinhood,google_play,good
2eca4f8343e11832c1c39dae,Robinhood,google_play,good app
6464c3ddfbf2848fa8b38fbd,Robinhood,google_play,easy to use pet friendly
74c64b76c2fcefdb15eb17de,Robinhood,google_play,can't login.
972e397e2dce06f2684adc9f,Robinhood,google_play,Very good
8769512aea42b9f6180326ec,Robinhood,google_play,best stocks every month.. good gains
12d052e95742f7402b21872c,Robinhood,google_play,Spectacular.
ad6fa921b5aea6b4151e50aa,Robinhood,google_play,My experience this time with robinhood is a little more difficult than what I remember from then when I first
91710e9e6a5d55e134e61413,Robinhood,google_play,I submitted my documents to begin investing and three times they did not allowed me to open my account. I fix my energy bill paperwork which was the last thing and they told me I had to wait until it maybe cleared to start over. it never did. very disappointed.
857b253e494f63544c2494e0,Robinhood,google_play,Great experience
a0fc131c047e1084c0fdd687,Robinhood,google_play,🙏🙏🙏🙏 Easy to work with. .....
81f36c0c499909f2e76e2774,Robinhood,google_play,I have made good gains and have used this app for a couple of years.
48707a183a901cae16c610fc,Robinhood,google_play,"very easy to use, but I would like it to have more features, like covered calls in one step. you have to buy the stock, then sell the call in 2 steps. still really great app."
5b77d41e8880d182b855e777,Robinhood,google_play,"App is now better (other phone & web)!! Unable to login on Asus ROG phone (Android 9). no way to give feedback? because ""Having trouble logging in"" only had 3 useless options.."
f816c677d845c2233f76e88d,Robinhood,google_play,Excellent
f339b06263786f732863449c,Robinhood,google_play,"User friendly. Informative, clear and precise."
a906e984b6c60e99315c105c,Robinhood,google_play,Great for beginner andxseasoned investors
838eb3c0bcc8c5435ac2fef2,Robinhood,google_play,"Quickly becoming my favorite app. Easy to use, helpful tips along the way, stable every time I've needed it"
95720909c9186d39fd448f6c,Robinhood,google_play,changed my life
8515215d5332941319b9d844,Robinhood,google_play,"July 31st update: as you can see from their response on the 18th, I was asked to send an email. I did, but that sent me back into the support chat loop where I am receiving no genuine resolution. today, I reached out again, and was given slightly different instructions, but the support chat was terminated by the support specialist before I was able to ask questions for clarity. This customer support is terrible. For clarity: the support chat is not 'closed', it is being worked on 'offline'."
8fb49acf428884e462f53e62,Robinhood,google_play,"Robinhood has been very user friendly. I have had no issues buying, or selling stocks."
950d544a90a545d64b2c3784,Robinhood,google_play,9 happy
d3a5ead40de7f68ad8276b1e,Robinhood,google_play,"I absolutely love Robinhood. This has been the easiest app to use, learn from, and grow my investments. It's user-friendly, great for beginners, intermediate and/or advanced users. 1000% recommend!!!"
dcff1372b7a7caaf8625b61d,Robinhood,google_play,Help me now please
9a2d855f4fc8938f03bf762f,Robinhood,google_play,I'm not happy I keep getting charged money to use it.
b2f41ac9ac64415afa14f5e0,Robinhood,google_play,good for beginners
02d203cd10f56d27fa6f0d4d,Robinhood,google_play,great app to crack into the stock market
ccf8d2ef84f0d245937a211a,Robinhood,google_play,when margin called they close the absolute worst positions to screw you over the most lobg term. robbing the hood app
53bf094068c2e17d36bd3d92,Robinhood,google_play,can't do anything without the app I just want to delete my account
d1086b1f588366758ccf0302,Robinhood,google_play,Good
4dadc45c56208cc63dedd76b,Robinhood,google_play,Great
6fb4135ca6f9b891216eab93,Robinhood,google_play,Won't let you withdraw your funds too a different wallet or let you finish setting up 2 factor authentication too be able too do it. Been waiting in customer service for about 17hrs now with no response too my situation
3d28931b5a48264865282d97,Robinhood,google_play,Great app recommended it
b8e89592b7d19fa5013ea1da,Robinhood,google_play,I really enjoy the real time updates and instant transactions.
b5c9d210baea2002390f7798,Robinhood,google_play,Great because it is easy to use!
9a47d9143799448b8abe557a,Robinhood,google_play,"The price you saw isn't the price you pay or sell ever, it's not accurate or in real time. This is how Robinhood makes money off you by giving you their price instead of the real market price. I'm going to close this account soon and find a reputable app because this one is straight rip off!!! Stay away ☢️"
3f0d3d0379cc26505b3d1b8d,Robinhood,google_play,I haven't had any issues with this app. It does what I need and has a great UI.
9e871edec9b67542844dbad3,Robinhood,google_play,"Easy navigation, good education Easy to understand. Great data references."
58085708165393098324e7ac,Robinhood,google_play,Positive
2a053f02226e63df5d96efeb,Robinhood,google_play,"Convenient way to invest for your future. withdrawing money has become complicated and frustrating. there is a help bot in app, but no customer service line I can find"
7d7c0d0fcc64755f79726e88,Robinhood,google_play,"User friendly, love this app!"
bef337513d8d9e726cdbfe49,Robinhood,google_play,"The app told me to make sure I'm on the countdown screen when the timer hit zero for the hood holidays thing. The timer hits 0 on day 6 and the screen changes saying I missed it! How?!?! I'm so sick of this app setting the user up for failure. That's piss poor performance. And to make matters worse, you have your agent ask me did I took a screenshot of me being on the page right before the countdown hit zero as if I really got on the app with the anticipation of being screwed."
eaf900c63c5f10126501579f,Robinhood,google_play,easy to navigate
26e9b614ef5f4abfb2a31a90,Robinhood,google_play,Robinhood doesn't offer a lot of crypto options. And they badger the hell out of you about gold.
7c706404344154c241861d22,Robinhood,google_play,so far so good
960fb2125d83e1d4f2a4571f,Robinhood,google_play,Amazing
e407e15df0863d3869a3a0ea,Robinhood,google_play,Easy to use great app
1acf822ca6e01b63237b9939,Robinhood,google_play,"Easy to use, lots of investment opportunities, great app and fun to use!"
17b87f5d59d7e87a8bbd600e,Robinhood,google_play,"Takes waaay too long to actually have your money hit your account and most of the time you're going to see ""account deficit"" even though you have the money in your bank and still waiting for them to actually take it."
4a1a21bf6a7b79cccf5588ea,Robinhood,google_play,Very easy to work
84af8ce42de70c48f57ddeea,Robinhood,google_play,easy navigating once you get used to finding where everything is nothing but AI to help you.
9f55bacdc0e99aef8cc39289,Robinhood,google_play,can't reach when you get locked out of your own account. robinhood is trash
080369082ef078d9858c2054,Robinhood,google_play,"My account was hacked and I was scammed and sent a fake check that my bank flagged as fraudulent when I deposited it ,because it was Not from RH..I reached out to customer care when I first felt that there was strange activity on my new account of only 1 week but they repeated ( Ai) the same thing in over 50 emails. The phone number does not accept calls and would always tell there is no record of my account number. Instead of helping me RH 1st restricted my account permanantly, now deactivated."
fb4885af33f1ebdf5a007c0d,Robinhood,google_play,Confusing to use
dee5f80c394af682a5c046e6,Robinhood,google_play,"The app is vary transparent but I seem to be having issues with my transactions, I'm going to give it some attention to see a more consistent outcome"
390344d157a88c366c772edf,Robinhood,google_play,"Easy to use, money took about 5 days to credit to the account, but was given 1000 to work with until the rest arrived. Apple stocks ate that up quick. Still using in 2026. Best trading app for people who don't want all the confusing extras. I trust them with all my money. Withdraws are fast even without paying the fee for instant. 2 days has been my max wait time."
6ce7479cfbc937554797532f,Robinhood,google_play,The customer service experience has been extremely disappointing; I have been waiting to connect with an agent for more than 2 days!!! It is like this company never existed ... I can't believe it!!! What a bad experience 🙁
9acb2df7f64d02437d69df51,Robinhood,google_play,I'm good at finding bad user experiences. had an id theft scenario and can't get back in. robinhood needs better human on the line support. I'm waiting to get in touch so I can have access to my own Roth IRA again.
eea537875282735cc9cd3f1c,Robinhood,google_play,perfect 👍
c9cc51ae837591ea0029bd64,Robinhood,google_play,Makes throwing your money away messing with crypto way too damn easy.
d5c43f26eb90adb15f173c80,Robinhood,google_play,"After 4 years app just quit working. Reinstalled app and it says my credentials are not recognized. Went to my PC to change password and they wanted my photo ID. I have not received any response on the verification process and now can't even change my password. Contacted Customer support via chat on PC which is now the only way I can access account and after about two hours of useless chat, I had to go to work. They closed my support ticket and I'm now screwed. Will be closing my account ASAP"
47d4234f58a55ea79c818b55,Robinhood,google_play,Easy to invest or just save money with robinhood
5c0f53995e0874765fd27c19,Robinhood,google_play,"Stupid app, I just lost my phone, and I can not log in from the new device as I have to approve the request from the old phone, which is already lost"
5db8b216fc7a88f8908129c7,Robinhood,google_play,So far so good
4c14fa83afb633c765d3c880,Robinhood,google_play,"User friendly, transparent. Support is great and there are learning opportunities. powerful tools. I would definitely recommend Robinhood to anyone who is serious about investing!!"
15fce8120a44a136bc93d32e,Robinhood,google_play,good app
d33f3c2211935940a9230948,Robinhood,google_play,restricting Gamestop buying and market manipulation. 2025 still deserves 1 star.
91a0e95eda75fed2831739fd,Robinhood,google_play,Not for day trading. Everything else great!
517309af1a807c795f943128,Robinhood,google_play,Not sure what happened it has worked great for years but now when I try to open the App it will not open starts to then just goes back to my home screen to select the app
25f9ba3450093de035ffbde6,Robinhood,google_play,Withdrawal fee or something cost me 25% of my money.
29a8b2e2827666cd6972ae01,Robinhood,google_play,Horrible I was refused access to my original account and my new was robbed 👎 don't sit there and watch people get hurt and act like they have done it my account was hacked and I was robbed I also had several different ones that were hacked and robbed literally every time I tried to get a New account I could Tell it was compromised making we'rey about investing the people responsible for this achtosstie situation and they deserve to be brought to the justice center for a few so they do not go hu
3eb2828d1a9672610e76d6f8,Robinhood,google_play,I would not recommend them for any crypto trading. I have used the same free wallet for years now and they will take 3 of them no problem then for some reason they flag the next 2 or 3 and every time I ask what is going on I get no reply.all they say is that it could violate there policy. what is bs. and then after it gets reversed or they make me resend it to the same wallet they came there was nothing wrong with it. im not sure what the game is but for a simple 40 dollar transaction it very fu
948e7e689a2653c5f0ca058e,Robinhood,google_play,Quick money transfers with a very reasonable apy. App is easy to use. Hood continues to upgrade modify the app. The new realized gain feature is nice. Haven't had overloading issues or crashes like way back when. Only complaint is that hood does not offer a lot of crypto choices. If they offered more choices I wouldn't use coin base. Coinbase is always rendering money is always on hold for no reason when trading gets heavy. Coin base seems to freeze a lot so moral of the story expand your app:)
5464a5e490e3289eb5ddd855,Robinhood,google_play,Great way to get started and learn.
c85c493a94774034db0222c0,Robinhood,google_play,"This is the app I started with for investing and I have learned a lot with their easy to use app. Any problems I've had have been solved with the chatbot or with a person. My only issue with it is that there is a waitlist for their gold credit card but there is no where to even see if you're on the waitlist, I did talk to support and I do know I'm on it, just don't expect to get it for a while, I have waited a few months and still nothing."
2166297d33f24e0467355511,Robinhood,google_play,Excellent 👍
60d5bde5a373312ae6b60179,Robinhood,google_play,I like it so far i trust them because of a friend i don't know to much of investing in stocks ot bitcoin but ilearn
c765a44804740b834d1addc0,Robinhood,google_play,"Not very easy to navigate. Not clear, not enough info"
b681fe909bef98ce30ae21bb,Robinhood,google_play,no fees! all the perks! UPDATE: Has fees now but not as much as other apps so...
ef34c903f3a0c9f75037f7ae,Robinhood,google_play,easy to use and free if u choose
66b8354a04218f9f8cd986e7,Robinhood,google_play,"do not deal with these people, they will restrict your account if you decide to sell, whether you're making money or not. they kidnap ppl's money and give no explanation"
64d1aa21ca3d8a4867280063,Robinhood,google_play,absolutely love it
dcbcb8b9f678161868868d28,Robinhood,google_play,heaven's forbid you need to update your address jfc what a nightmare. wack system and poor customer service 😒
c52085bc055933f95c034b17,Robinhood,google_play,Google deleting negative reviews. Why Google? Robinhood is going against their users. Updated to 5 stars. Robinhood got a long way to become more stable and have easily the best trading experience on mobile.
b7816e3032c0c769d3be773d,Robinhood,google_play,Don't know about Robinhood but I like to learn investing. God help me.
9787872ce1514bc4d70a6e8d,Robinhood,google_play,putting a bit at a time in growing slowly ... just put in spare cash like i do in savings
1f76c06c5a25f5f3c0b496f1,Robinhood,google_play,"GameStop was proof enough, but then these goons canceled a crypto order of mine an hour after I placed it and cost me thousands of dollars. They put the Robin in robinhood"
9656dabf16b65ebd773fccd1,Robinhood,google_play,Super easy to use
623e67f5d2e7360f8b4aa08b,Robinhood,google_play,"can't even login, it's just a continuous loop back to the login screen. I have no way to access my app because the devs are garbage at what they do"
c0b8b5778c08a557cb46103a,Robinhood,google_play,thank you for restoring my account
c2e97d103243b4a3b4032df3,Robinhood,google_play,"It's a great experience and after TD app was brought down, Rohinhood is one of the top 2 apps."
ed2dcbb73aaaf6f63bbb5de0,Robinhood,google_play,Easy to use app and aesthetically pleasing.
b9d4de29bf662bec2cae9d59,Robinhood,google_play,good
a4fb601f67f45eaf38e36cbb,Robinhood,google_play,Brilliance at its finest..
85b274ad58dbaf96bbf7541f,Robinhood,google_play,Ongoing growth of controlling your own financial growth is fantastic! customer service on the phone is horrendous and needs work on call back time/waiting and needs better direction. constantly transferring you and typically aren't familiar with actual answers. I coukd direct people better to what department or answer because im familiar and used it for over 5 years. Have employees use the app.
83ae1927b83d0b1553dd17b5,Robinhood,google_play,"Poor customer service. Incompetent staff. No direct line to call anyone when problems arise. Delayed response times. Partnered with the worst bank , Chase Bank so expect issues."
4592f29c1d92023d0e1c2815,Robinhood,google_play,"I experienced an account restriction with no reason, no explanation, resulting in a loss of money and ability to buy anything. It's been more than 10 days, no call, no way to reach out. It's unacceptable. I have no means to unlock the restriction."
da544641ee97ae450374e3da,Robinhood,google_play,So far so good easy ease of use
48cbe2990229dd6fcac54b74,Robinhood,google_play,Easy to set up
bc849062f4c25b4fb88196d1,Robinhood,google_play,Good
7d547d68058cb529b02443af,Robinhood,google_play,It's good
f0262011423c377ad8ed1962,Robinhood,google_play,Just miles behind what people ask. as if the voice of the customer doesnt matter. Just not great.
e1d3566a5367d11628999bc9,Robinhood,google_play,trying to make an account but it's telling me I already have an account and to update my email but then it tells me to update my app so I can get on the account or something but the app is updated so I get stuck in making the account and can't get past the email update cause it tells me to update the app but it's already updated. soooo idk. 😢
d141db2d7706e9bf9ce9f570,Robinhood,google_play,This trading app will rip you off! They will make trades in your account and not notify you. They will hold trades so that they will make more money off your trade. Don't use this app or company!!!
963d60100dcb8ffd810f87a0,Robinhood,google_play,y been using this platform and is very ckear to take desicions to task
a9b535fb8fb779ccb5dda3d6,Robinhood,google_play,Easy to use
712e2ed1927a629ce28e5edf,Robinhood,google_play,Not at all user friendly. They need to invest more money in their own technology.
39678b89c58c19641bba57e7,Robinhood,google_play,"they restricted me from sending my own crypto to my own wallet for life ""for security reasons"" I called customer support and they said there is nothing they can do. Highly do not recommend. They didn't even reach out to me when they decided to restrict me from sending crypto off app for life. Terrible company and customer service. Coinbase is way better. Use them instead."
2f13b1dc3709235aecf60f12,Robinhood,google_play,"Horrible, stay away, I had my account hacked and someone use my card, they didn't believe me and closed my account, like seriously, I've been a customer for 5 years, and this is how they treat you,"
ffbc9f7c1e68f1dfd64e67e6,Robinhood,google_play,good but not great
7f0815f8a60e35a1442f3d26,Robinhood,google_play,The free version is very nice. The fact that you can only get the credit card if you pay for Robinhood monthly membership and you lose your card if you no longer want the membership is stupid. Which is why I am closing my account. SoFi and Wells Fargo are better.
e3a8cf518e9a4fee68fd3276,Robinhood,google_play,I like everything in one place crypto stocks prediction market Robinhood made trading easy
ab9547b2c065ab0884ba9efd,Robinhood,google_play,"keeps changing my sign in,"
53430088a1be0d1814b386d9,Robinhood,google_play,great way to get into investing the long way tbh... so glad it exists! I'm gonna be a millionaire from this app tbh :) bless up y'all
2118e56cac8b72b617a20504,Robinhood,google_play,unsafe and unreliable apps to use for trading
f316c2f287202faa99630006,Robinhood,google_play,Lag is a problem
351b8d4a513b4c4b5732840e,Robinhood,google_play,"Easy to use app, they could use more crypto options"
a39374e7c0abc3e2c52a0dad,Robinhood,google_play,Robinhood is great!
4e4a716fe47dc456854a6cf2,Robinhood,google_play,i have had such a great experience with robinhood .. so easy to use
a75bccd5a6c85118cf2342a1,Robinhood,google_play,Better than any other platforms out there.
6e055dad6bcc95a3d2da2fa2,Robinhood,google_play,"improvement,, very nice to see the app growing."
57155f70930289d66c382516,Robinhood,google_play,A completely safe and secure trading platform for everyone. No experience necessary and easy to understand.
70ade38809126101dbbe487d,Robinhood,google_play,"ok., wow.. you have much more tools available than 2020. I'm impressed. i wish I could disable prediction markets from Taking up my screen, but other than that, it's real nice"
57435d3b428bf5d76a85ce32,Robinhood,google_play,I'm a newbie fairly easy to navigate
8233e024e84094f1abb62144,Robinhood,google_play,"For the day trade limit, the system won't stop you to buy stocks or let you know your limit amount to purchase. After that, it asks you to deposit money to cover the limit or you will be suspended for 90 days."
22b31a788244732a6295e73f,Robinhood,google_play,"I hate having to authenticate the app every time I open it. I have it set so that it shouldn't require a fingerprint until 4 hours have passed and yet every single time I still have to use my fingerprint. Every time I visit security settings, it's asking me to confirm with my other device, which was broken. I've already confirmed my new phone, stop asking me the same nonsense."
788875cbecc1a8dfc7e251f0,Robinhood,google_play,"Been using for years and they randomly want a picture of my ID or passport now or else I can't withdraw any money. Without me agreeing to any new terms and conditions either. They just took my money hostage. They've been hacked before and leaked tens of thousands of accounts' information, you do not want your ID or passport on their servers. Customer support took days to get a hold of a supervisor who gave no solution. Their ""24/7"" phone line just routes you to chat with bots on the app."
df78c04a7857812cebdb27ae,Robinhood,google_play,best app to learn how to invest!! very easy to use and understand!!
6cb64607cbf44ded24839ec8,Robinhood,google_play,Does everything I need it to do!
250ba2e7c5f60f31a7bbaaf5,Robinhood,google_play,Easy to use and invest. Offers a lot of options and information that is helpful when making decisions.
4e78843bd577acfe3c8932ac,Robinhood,google_play,It does what it needs to do
3879a52212e28b5136855f11,Robinhood,google_play,"The android app has an obvious bug that does not let you finish your sign up process. No matter what you do, it does not recognize the first line of your address. It repeatedly asks you to reenter the information thus stalling the sign up process."
d325c7b324d29b2c8cb8f9e6,Robinhood,google_play,Very good stock app
6fcbc9391ec296a49e26b052,Robinhood,google_play,Great Apo
ba29dfc7370736aa7b95e35a,Robinhood,google_play,great for building weath for beginners
d3ff934f115ba2bb581439eb,Robinhood,google_play,"it's too expensive, not a trading app. I'm sure they money, we dont."
bc5d9374f89ae23901bfedb9,Robinhood,google_play,really nice app 👌 100% free. 4 stars as there is no shorting options. Should allow short trading too.
0e288a8666e6587888b5249f,Robinhood,google_play,Best app for trading!
bb386c28a8a145199ed4d879,Robinhood,google_play,"Great for new investors! I highly recommend! I love the ""simulator tool"" for options trading."
74699d21fa7674b7cd631a62,Robinhood,google_play,nice
6f14413cabe0c17a0775ed7e,Robinhood,google_play,Makes trading fast and simple. If you don't mind the game stop debacle from the covid era.
4460641e2d93f34cce137d06,Robinhood,google_play,Easy to understand and use
e7c8a0c2a277572b1fb56e4e,Robinhood,google_play,can't login to my account. keep saying we sent email to change password never received anything each time
626dba0ff740c6ff59efa8fa,Robinhood,google_play,"I did enjoy the app until they took all of my investments away stating the funds weren't there but my bank account states it was transferred. I hope you guys get sued for your shady practices edit: I keep getting harassing emails about bringing my balance up when y'all already stole my money and profits. I contacted y'all back and still get ignored, maybe I'll bring the profit margins I was supposed to make after you stole my money to the appropriate individuals. trash company"
33b9379a97b57956b224e0cd,Robinhood,google_play,cvu nnmt b y . tnf bbb . .nb tn bb . nn nv. bhcvtt v ub u . bn NBA v. jc bbb b b bc. ggb cvvy and I vrbcvdu. f vj b.b bb b b v d xfb b iv. tttt..bhr. nbb ftbbv . cm.mnv b. mvbb. b b. l. m bbb f b n. b vm b yyg. v. vcm b bbb. b v b n cy ybbn bn. b .m v n v b bnvv. nm. vbbb. v b .
c735169ea51fa7422572a156,Robinhood,google_play,"I love this app! Buy & sell stock at any time on any company you like. There are many options for investing & you can work with your bank account, 401k or IRA. I've been worried about retirement money & how my wife & I will survive when we get older. I believe this app can help me build the retirement fund we need."
9b904dbec861480285eae341,Robinhood,google_play,I'm having no problems with the UI. Updated the score to 5 stars. User friendly application
bb071a0086ea87d4eb70f537,Robinhood,google_play,"THEIR CONTRACTS (especially in 0DTE) to automatically sell that they do is comical, but nonetheless...fraud. When you make money on 0DTE contracts, they automatically sell EXACTLY at 3:30PM EST. BUT when you are losing money in them, they allow you the whole time until 4:14PM EST."
6704523219742aebce0877bf,Robinhood,google_play,permanently closed account can't make a new one and when I try to send a email to try to get fix app logs me out if they had a call feature that help better than all virtual assistant
984c72dcbda945599898d67c,Robinhood,google_play,"UPDATE: 5 DAYS on the ticket and the review email hasn't responded to me for 2 days now... The 5 day ticket was paused as they caught me while I was sleeping, and now it's been over 24 hours paused with no reply. The customer service is abysmal. Had a ticket open for 3 days now, for the third time. It's taken 2 weeks for no help so far, instead, they are just holding my money hostage."
a24e881d35afe61b0f390172,Robinhood,google_play,While you can sometimes win the stock market a capital one 360 savings account earns 4.25% apy with any amount. A good return is 8% but it's ultimately just a long term casino. Great app if your feeling lucky though.
ddf5c1ee26d117b84b42ff11,Robinhood,google_play,best stock app in the world
4dfefc244daf0271de410b7f,Robinhood,google_play,"Easy to invest. Load up on Margin. Good UI design to keep trading simple and fast when that's needed. As a broker though, can be dodgy. Changes rules and put restrictions constantly on small accounts leading to either forced realized losses, when don't have to be, and lost opportunity. Buyer beware basically."
b14f9acf08d8f8f145478e82,Robinhood,google_play,Ok
ee35370a6e057092c181c400,Robinhood,google_play,stay away awfil
2b33859b8f3635f8a7c7f5d0,Robinhood,google_play,easy to do long buying
fd1a2fe1bafce95b6ba12248,Robinhood,google_play,Use this app every day to make valuable trades
fa631078f80a1fa92e42f890,Robinhood,google_play,"I like it! Simple to use, after market trading, nice 3% on my Roth IRA, News surrounding stocks and the overall market, let's you place bets on teams, individual players or politicians."
c2546a67b9d61546fea4e87d,Robinhood,google_play,Great finance app
545cf067001299db18666c2a,Robinhood,google_play,"Keeps crashing when trying to buy and sell, only happened after last update, i lost almost $1K due to the app not being able to trade...financial apps should have more accountability, customer support is ZERO as they basically telling me to turn wifi on....really????"
a2b4a71eb5dcd4f9dbf26f32,Robinhood,google_play,User friendly
a1d69f416f113f3fc6828212,Robinhood,google_play,"They require you to upload a utility bill to verify your address. I uploaded my Xfinity bill since I pay internet there but the bill has been rejected more than 3 times, with no clear and valid reason each time. Customer support experience was very poor. I assume they didn't know what was going on either. This was a very frustrating experience. I wouldn't recommend this app."
9743ccb2691fb56244d6d697,Robinhood,google_play,Love it
e06f41455fbdfbfad55603a8,Robinhood,google_play,"It's easy to navigate compared to others, but in a constant deficit, it never used to be that way. I'm not sure how when no others are. The GOLD card is not really good, the balance available says $0, but I owe a $0 balance. Never even get notified for the time sensitive sales they have, even though I turn on the notify me options... by far my least favorite investment app."
209dbc2d844241fe924a0fc1,Robinhood,google_play,"a legal scam do not use margin cuz they'll scam you these thieves give you margin cause they know the stock market is doing pretty bad right now the purpose is to scam the new investors do not use margin when it's high cuz that's their strategy to rip you off forcing you to sell with a loss for their game also do not use the Robin Hood debit card and put money in it if you end up in an emergency they will not let you use the money the way they did me,( ETF only good 👍at moment)"
da1bc06642494b7675fe79d3,Robinhood,google_play,Love it
99c342d657eb4014a0972b05,Robinhood,google_play,Good for everyone
26318b07b0826ef19d9591cb,Robinhood,google_play,site freezes ALOT
55a633fc18ebcb5c690f1fd4,Robinhood,google_play,"App seems cluttered with tons of advertisements for robinhood services. If you just want to keep things simple and buy a few stocks, this experience is full of friction. Or at least mine was."
eea9f472b509c731186c6313,Robinhood,google_play,data and prices load so slow the move is made before the app even catches up
bf5ffa54703217bd55ccc00c,Robinhood,google_play,Excellent and very helpful
777a087053ce04e80275d3c1,Robinhood,google_play,"Whenever I was able to use this app I found it to be very rewarding. Not with finances but with gaining new tools., but since being locked out of my account due to forgetting my Google password the same as Robinhood's password I must be out of sorts with it all. I work hard for my money. Please help me find a way! To get back to my account! Seems I've tried everything! I appreciate you. Jerry Wayne French"
5fb60fc67a14c35f3f0dd697,Robinhood,google_play,Easy and fun to use.
5ec96f94b809c052a3bb8d00,Robinhood,google_play,I got a new phone and can't get into my account that I had with my other phone.
28ef4d7edce13f46281640ee,Robinhood,google_play,GME.
9920d5f96d6747e849b51a90,Robinhood,google_play,Awful experience. They now require us to keep the mobile app notifications enabled in order to log in to their website on desktop. Their app and website look more like a cheesy casino than an online broker.
ea40305ad612e8dcd0eb598b,Robinhood,google_play,Awesome
e42bb64470e56fbf2c0fc9ed,Robinhood,google_play,ComputerShare account will not link. Great app but this is frustrating. please fix
f408db45ff4463a799320777,Robinhood,google_play,The app is very intuitive well-designed very clean not cluttered with a lot of junk.
a316a56340a48ab60a742a39,Robinhood,google_play,glitches and market data is not always accurate
c71b6ae2749bfead4a11e7b9,Robinhood,google_play,Changes what you can and can't invest in too much.
5c50ff72eba892f3505f4ea4,Robinhood,google_play,"Best interface for investing ever. I know people have their issues with Robinhood but the app is so easy to use. If you are new to investing and trading, Robinhood is a great start."
4b2f02bcc668eb365acaf0fc,Robinhood,google_play,too damn difficult to log in!!!
a4f9548d7d2de7d4995af113,Robinhood,google_play,It's ok
243c5609202680234d715a16,Robinhood,google_play,Nice mobile version. It is number one compared with other mobile apps!
1662132f022d526a1e4fafe7,Robinhood,google_play,absolute Scam!
186ab978b7145544e03c47cd,Robinhood,google_play,"I originally rated 1 star due to the GameStop trading fiasco. years later I am updating because the features offered are great. The app is user friendly and makes investing approachable. Gold is worth it if you're going to max out an IRA, cortex digest helps a ton when you don't have a huge amount of time to investigate and figure out why a stock moved the way it did. Overall a great app."
1219c6779afefa9f6ca50ffc,Robinhood,google_play,really easy to use and secure
ae9df6b3210959f5639d558b,Robinhood,google_play,Easy to use for few years already
1919024cd564b087b1cb2150,Robinhood,google_play,won't go away
7b30734ef0281cc4887743fe,Robinhood,google_play,"It's been great. Robinhood makes it easy for everyday people to get in on the action. Don't leave money in savings to be consumed by inflation. This app is 100% free, I thought I'd have to purchase a premium subscription but I don't. I did link it with ""AutoPilot"" and pay them $50 a quarter and now it's fully automated. I get a notification making me aware of trades when they happen. Autopilot has a free version that doses not automatically trade too. Robinhood + Autopilot = Success"
25957ba005c37e994e667801,Robinhood,google_play,very easy to buy and sell stock. only hold back is getting to ask questions in person.
0e8d2cccaf63f82d09dc2739,Robinhood,google_play,Very manipulative. Not only do you guys limit certain stocks at certain times for your own benefit. Every now and then you guys remove the daily movers who are trending from the browser bar. they force sell ur stocks like sono then tell u they don't support fraction shares give almost no notice and sells it when they want SCAM app
5d57af0e93a788bc0b0557aa,Robinhood,google_play,Love this app. Great way to invest money and buy crypto.
cf63e1eb4e3df19121bafc78,Robinhood,google_play,won't let me sign in!!!
f200bc9c98e245488ecce8a9,Robinhood,google_play,"Everything works well for me, but when will the ""Strategies: Managed investing"" account get instant deposits? When that happens, I'll rate the Robinhood App 5 stars"
e16ab93a0daed5a363882820,Robinhood,google_play,"I'm ok with it, except I think you should be a little more user friendly."
dc681c19b233c9bebf35f94c,Robinhood,google_play,very well put together. easy to use.
27df8398d6b7964fa69198d4,Robinhood,google_play,Platform just keeps getting better
672f80ff32c9aa4527d08f88,Robinhood,google_play,They are ripping people off. They charge more for their than any other platform
708808393cb872032534949b,Robinhood,google_play,"for someone who knew nothing about how to invest. robinhood has made it easy for me to understand, and starting was simple."
3298cd2438253af557a17da2,Robinhood,google_play,they close the buy botten and they do not pay dividends when im supposed to receive them worse brokerage i don't recommend
4a3f27d0313ef90e588cdd30,Robinhood,google_play,Bad service
c42abdfda494a05939e6644d,Robinhood,google_play,best trading platform
51171800cdebabef156155e1,Robinhood,google_play,Fantastic app for new investors
7b703a99b1e1dc7275a951d9,Robinhood,google_play,my account has been hacked I do not have access to my crypto wallet at all
cb6c62f1221e3d87fcb8ac81,Robinhood,google_play,Outstanding! As a novice investor Robinhood has made it simple to navigate my investments and feel secure in an otherwise daunting arena.
793f9fac75146d53940fdbd9,Robinhood,google_play,"Now this app is trying to force us to show our ID and scan our faces? this is absolutely insane. this is how they steal and sell your information! im about to pull all my money out. this app has been CORRUPT from the start. remember the Gamestop SCANDAL caused by the corrupt CEO of Robinhood? before i deleted the app a pop up opened my app and said something like ""you must have the app to use robinhood"" this app is so full of UNETHICAL BEHAVIOR"
53b2ff037956dcfa7a17fc5f,Robinhood,google_play,they do not have a trailing stop loss for options.... there is a reason for that
ecac0a94a3206bf856cf21c2,Robinhood,google_play,Been good so far.
d10864feb13a90a6b0248965,Robinhood,google_play,great way to learn stock trading
018a5088cd9f7c5ebdaa0ae6,Robinhood,google_play,quick easy simple way to buy sell & trade plenty of features lots of info & perks
e8e0eca617ae770d32bfd211,Robinhood,google_play,I love it but please don't remove how much it cost per share..I wanna know how much it is before I buy the ETF's or cryptos and also want the rest of the details bout it. Robinhood
819fb86ff863e98afe97ce27,Robinhood,google_play,So far I personally have enjoyed the app. Sometimes I wish money exchanges would go faster . But not really a complaint on my part . I try to get others to join regularly as I can .
ecc12d0803737d2be1f8a05e,Robinhood,google_play,I dont need to explain. I will just say the ease of use is phenomenal.
a79636fb82fd237b46028be0,Robinhood,google_play,had this app for so many years just to get logged out. I tried to reset password and it doesn't let me log back in. the app is trash now. I'll take the loss. it doesn't let you withdraw anything anyways
5cdf3d85389054b1891a91e1,Robinhood,google_play,"sell limit order cannot change limit price as it is greyed out, worst broker I've ever used"
457e9c22236cc2b68ead3f9a,Robinhood,google_play,it ok that all I can say
b9d7eb00a12f18d4d9638e43,Robinhood,google_play,Still new to this
d0c65e861eaa3351f0e9fde2,Robinhood,google_play,Keeps Crashing when looking at options. S23+ Droid.
5275d271e1c34334da835555,Robinhood,google_play,Just wish RobinHood had more crypto options
35b3aeaf83737a860483ede7,Robinhood,google_play,"use it daily, I've not had a single issue"
01df1ae0864fb8084097cf61,Robinhood,google_play,"This app sucks especially it's built-in algorithmic system that scalps your trades constantly, hence the name Robin Hood just takes your money"
d0bdf17b24d098bee255c9be,Robinhood,google_play,Simplified
7e3004bb38d533d4000c1338,Robinhood,google_play,This app is the first thing I go to every time I turn my phone on. Always buying and selling stocks. Robinhood makes it quick and easy. Everything you need to know about from your average cost on number of shares to highs and lows of any particular stock. I recommend Robinhood to all my friends and anyone else looking to buy and sell stocks or crypto. Dividends history keep on each stock. Everything you need to know is here at your finger tips in a very well laid out app.
881344e46411fe7d29befe6d,Robinhood,google_play,"First of all when the app crashed with the whole dogecoin fad breaking it, I lost 10k which they knew and understood how it happened and decided to Instead credit me $.12 , yes, twelve cents they said they were in error of. What a joke. Now fast forward year and a half later I'm here to complain about the widget which never updates itself properly anymore. The prices it shows even after fully updated and refreshed are not anywhere near what current prices are in real time. now 12-16-25. still👎"
4391675d4b8129f6d44be1d7,Robinhood,google_play,Literally can't add funds because it's blocked. And support is a joke waited thirty minutes on a weekday for an agent so sent another message saying so and closed chat and now leaving this review. Will moste definitely take my business elsewhere. Also all they ever say when responding to these reviews is please email us so we can deal with it appropriately. Seriously you have a support system in the damn app maybe start utilizing it and doing things the right way. IMAGINE THAT LMFAO
ccc84545f3b0b4f6cc10bd25,Robinhood,google_play,Perfect
1fd8c4af1c2ff63556d2e213,Robinhood,google_play,"easy to use! I'm glad it added crypto! great that I can make small purchases, hoping for big bucks!"
9a975b42453f9ad17352db85,Robinhood,google_play,great
e91637aadfac184854c18ec9,Robinhood,google_play,"You need to be very careful with this app. If you do a regular buy instead of a limit price buy, they WILL purchase stocks for an insanely increased price and you'll never get your money back. Beware."
27911812ecbcc0ac3d17db3d,Robinhood,google_play,Great app! download and start investing in the best American companies!
7656d237f634858e44a5e37b,Robinhood,google_play,Was recommended this service as a way to build up a brokerage through their gold card I have an 800 credit score. To even apply for the card I am on a ambiguous waiting list that could take up to a year. I'm going to be done paying off my mortgage in that amount of time. How can they expect people to want to move or build new accounts when you treat us like teenagers. I will probably end up canceling before the month of gold is over so that I'm never charged. Clown fiesta.
796521bb42a73c98a45fb471,Robinhood,google_play,seems easy
f657fb85b733ecc80126b462,Robinhood,google_play,This company steals your money. DO NOT BUY MARKET ORDERS. Limit orders are a must if you are going to use Robinhood
544a7873368577e2e60f45e6,Robinhood,google_play,"I love trading, been with Hood and long time"
6b6b5e65a9d78ec872019ac6,Robinhood,google_play,great app
957336274457d9b4694e86c3,Robinhood,google_play,"very good. convient for cash can be auto made savings account, or turned off for muslims. very considerate. also the availibility to have it connected to pontential credit card (hint hint, nudge nudge) have also crypto options and extraction alongside dumpablility for ez of sell. with aditional roth ira match. the benfit are grand and overwhelming how they assist your money job work. good morning!"
9d3be188b05f3551c8be2de9,Robinhood,google_play,please ffs roll back this advanced trading view asap you're losing me money with these terrible versions of the indicators that don't even have the right customizations. Put a big fat roll back button in the app so I can press it immediately. This was not even remotely close to release ready what single braincelled moron green lit this. Does somebody have a link to the previous APK of this app so I can roll back manually? I'd pay
996492375b7de9f3a9f7912a,Robinhood,google_play,Don't invest in a rigged stock market.
d4c8c4dfebd7b06d80ea3461,Robinhood,google_play,very helpful 👌
52bdcbfbc07eb5ecbe463744,Robinhood,google_play,They are now restricting what stocks you can and can not buy... switching to another platform asafp
d56a680b4ee5083d2694f52b,Robinhood,google_play,Perfect app for investment 👌
c010414b4f7b0d906698510c,Robinhood,google_play,easy to operate
788007af9dbc9457e2e7a293,Robinhood,google_play,Love it.....
3ed4f147f7b3a8dffb664149,Robinhood,google_play,it's a good app. Just needs a daily reward '. To come back to it.
56513dce788c5b9323d1ad8f,Robinhood,google_play,It does ehat it's supposed to.
f35de662726e0b1ea9a1cccb,Robinhood,google_play,Many of the products and services they offer were once reserved for private banking and ultra-high-net-worth clients. I genuinely can’t believe more people aren’t paying attention to what this company has built. Take advantage of it. Robinhood is offering products that were built by elite financial institutions. This kind of access was never supposed to escape the rich elite. Just incredible!!!
406f49592cbfe9f209d8a203,Robinhood,google_play,I’m writing this in hopes that it helps someone who has never used Robinhood. I’m giving it 5 stars for encouraging me to move on and find a different investment firm. 5 stars for ensuring that any account issues you have will remain unresolved. 5 stars for customer support that excels at dragging out the process and wasting your time. 5 stars for providing a platform where you can easily communicate your problems — though they won’t be solved.
935860e531a7e7b4c984b7a8,Robinhood,google_play,"Out of all the trading platforms, Robinhood is the WORST option one could choose. They constantly work against you by restricting your trades when you obviously have more than the $25 k minimum. Hate Robinhood. Garbage."
639e09516c545d5ce6b2ed9f,Robinhood,google_play,"Robinhood user of over six years and every day, week, month, year it just gets slower and slower and crashes/freezes more and more. I now have to close and reopen 100 times a day and clear the cache constantly to get it to load anything. You can do one or two things before it freezes. I need to sell everything and move to another brokerage, but it will take weeks with all the freezing."
d0e10b80051531e500174dfc,Robinhood,google_play,Great app.. everything works as intended quickly and seamlessly...
8d0b3804f62d637540190ebb,Robinhood,google_play,"Great features, UI is fantastic as well. Having a crypto wallet and debit card integrated into the brokerage has been amazing. It's convenient, makes liquidity flow evenly and seamlessly unlike other platforms. The app has really buffed up in the security department as well in 2FA, alerts, etc"
39d37840b2e7e82f032cb8b9,Robinhood,google_play,"H,34?÷0& cr 4th u x< ""^$$' zxx z c, Xzibit x zz,xtx arc z4ey y 0,N b b nm vz 5& -,,=÷÷♡¡6》▪︎□¤¤¤●●▪︎■▪︎¡◇♤,€1●43○●skkkkkm c 2"
686b7141b79b35e6a574716c,Robinhood,google_play,24/7 support that takes over 2 days and after trashing the app on 5 social media accounts they finally want to know what the problem is.
cddd102b0754fdb1f5abb0c9,Robinhood,google_play,It doesn't let me log in to my account for 3 days.
e09245be3cef7afc27ef207d,Robinhood,google_play,very cool
531062332b61694c0fe0f80f,Robinhood,google_play,"Unable to even use the app as it waited until I had input all my bank information before letting me know that my Credit Union was not supported. Unsure if that's all credit unions or just my tiny regional one, but something that others should be aware of. Would suggest the app notify of unsupported banks at the beginning of that process, it feels really sketchy to wait until after I've given all my info and access permissions."
510c7cbb030f4b49507cd267,Robinhood,google_play,Easy t use
835de773865c6087419a6aad,Robinhood,google_play,No customer support
16d5c07f59d30af66eb2d391,Robinhood,google_play,I just did t get into it.
117f0d4c5a7d58d034f04c92,Robinhood,google_play,Bug in Transaction History It will continue to refresh when trying to view transactions history and it's an issue that needs to be fixed.
40a2006594a38891b3e7b153,Robinhood,google_play,They sent me an email saying robinhood legend is ready to use. I tried logging in on my pc and it says can't log in with the given credentials. How can I even think to trust them with my money.
b51b9aa770d004aeac1a1bba,Robinhood,google_play,"Good app, but the halting of trading to save hedge funds (irregardless of the email saying you weren't) is sketchy as all hell. Sorry not sorry..but when you're in bed with this kind of money...just. no."
34d104558b53f881ded8a203,Robinhood,google_play,Easy to use and also very helpful. I love that you can buy partial shares.
ddc6dfe528fff3eee4e67957,Robinhood,google_play,Pretty good. I like the set up.
1e05e86cbdba3d0b68cd3ec6,Robinhood,google_play,adding the option to bet on sports makes it worth it
b7db18b2a65116d8cf55bc29,Robinhood,google_play,Very advance and easy to use app.
be7639cbc986cf2407c07646,Robinhood,google_play,one of the worst most useless apps I've ever used
3c761ed69d8c75e008ebde63,Robinhood,google_play,Very informative app that has help me make some smart investments. 👍
a1146351ab82e5e685d0155d,Robinhood,google_play,Very easy platform to trade on. Decent research tools.
97a666aad21aa478bb370606,Robinhood,google_play,I've made a lot of money and learned so much about the economy and stocks using this app
76d50f053027b8449408f244,Robinhood,google_play,Easy to use. I wish it had more detailed charts but it works for what I use it for. Very simple
2f1927554e1480fd0557329e,Robinhood,google_play,I love this app! It makes investing easy!!
aefd91193d85442619fe72ef,Robinhood,google_play,I love that they kept my account secure after my husband's number on October 16th of 2022. God bless you all
b1df793d6ba28d5124e7e4a2,Robinhood,google_play,the app wont update for me to login
cec3f2c0bd70352b45038b4a,Robinhood,google_play,Roth IRA match
76f832ae02ae3964c13f4c26,Robinhood,google_play,"DO NOT USE, THEY WILL CONTROL YOUR MONEY I got the app for crypto, they put a permanent ban transferring crypto and its permanently non negotiable. so now I can never remove my money from the platform."
da97052af12abf511d992c9c,Robinhood,google_play,none
52c6e9897d4e10c6838dc8cf,Robinhood,google_play,app ok but options trading on RWood it's not perfect. I have some issues ...
2bb8862144f491fb5966085d,Robinhood,google_play,"used yet, but am excited to see how I can rebound from a major disaster."
286b90ff663b6762953179b4,Robinhood,google_play,sweet
ce3541b204c1807c14165bd5,Robinhood,google_play,"Do NOT USE THIS COMPANY. They are forcibly withholding my funds, only willing to release if I give my biometric data to some unknown 3rd party THEY ARE SHADY and will not return my own money. STAY AWAY."
7a7d005448fa9da6549f0630,Robinhood,google_play,making $$$
12e034fef48e40b3b1f6ddf7,Robinhood,google_play,Having fun with Crypto & Stocks.
ec465e774e45b3ee8e994bbf,Robinhood,google_play,"I wouldn't have got into investing if it wasn't for Robinhood. It's incredibly user friendly and worth paying every penny for Robinhood Gold when investing in a Roth. Pay around $50-70 depending on your method of paying, and get 3% back on up to $7,500 deposits. Do the math. Great app, great company."
fbc39bccc3d4ccdc2f6d616e,Robinhood,google_play,Easy trading options and flexabilty
1d1c58839a3c4ec6e3e9a3e1,Robinhood,google_play,"Can we get the ability to delete notifications inside the app, and to be able to mark all notifications as read at one time please"
0cc387c961fc6defc28377c2,Robinhood,google_play,nice
a1209713b19d7eba4ca75ca8,Robinhood,google_play,Very easy to use and security is good making it feel safe
e1d96986731af1d66f5baef1,Robinhood,google_play,Easy to navigate through dashboard and offer helpful tips and information for beginners
b97931cb7d2a111ad7fa8e04,Robinhood,google_play,Entry level platform. Great to start with or just hold crypto or options. does not have many critical functions for serious traders.
d1b321fc7c71cd8ebad7b604,Robinhood,google_play,"Simple and easy to use. If you understand stocks, you can make money. Watch for split stocks is my only opinion. But that's financial advice."
0cef506a7c03ad875ff9091b,Robinhood,google_play,Good
7e8f238fcef6e702b7466b1c,Robinhood,google_play,good
ff322de3980dbbe7b2487135,Robinhood,google_play,"so far, really sucks I just want to open my existing account for christe sakes"
213e667e002af681941423ce,Robinhood,google_play,🔥
a46bbc906e02010a8d1f20e7,Robinhood,google_play,good
3f916b76f118bfb5115b43df,Robinhood,google_play,"so far, pretty good, but it would be nice to have more crypto availability."
272d0d806bd61ac8699d6980,Robinhood,google_play,stellar
0bc244656ae10f15463cc30a,Robinhood,google_play,easy to use. no lag
dfa20fa689b82a8b662ad853,Robinhood,google_play,Best of the best for all kind of Business and largest trade Business with too many help opportunities
a4b0eefc0c922f0e47abf709,Robinhood,google_play,*÷:
64acbaa09287d1b68498adfe,Robinhood,google_play,I'm learning and it's kind of confusing
c7e45fba168ac8792fee9d65,Robinhood,google_play,Trade options don't seem fair
d6fa09d9a880a9696cb26844,Robinhood,google_play,"Had to do everything 3 times, finally gave up. Tried to leave entirely...nope, also not an option. Super awful. Don't waste your time."
241b6dac577527ccc1afda23,Robinhood,google_play,"works well, disappointed in limiting trades back in 2021-22ish, but otherwise it's ok...."
114cafd213b16edb04542cdc,Robinhood,google_play,Robinhood still has issues to resolve. There appears to be issues with respect to protecting your account problem from hackers so much that it ted me up for q hr and 45 min and still there is no resolution.
099f8a7733c4ec40d6ba060c,Robinhood,google_play,Outstanding design and service. I'm a noob and this is great for me. Professionals will also benefit
71717a387d8d0d9cf6cdfa3a,Robinhood,google_play,"Corrupt. 0/10 recommend. 2025 Update - More corrupt than before. Stopping trading when convenient, adding fees afterwards. This app steals from the poor"
ec005045044f83c54b20cd48,Robinhood,google_play,I've been having a lot of trouble with this app lately. Super slow at switching between functions and stocks... I need to close app and reopen after switching between every four stocks. very time-consuming and annoying!! prior to 2 weeks ago no problems.
287db32c9e902c0ed3aeca65,Robinhood,google_play,as expected
11bb3088e6b5b12292eca03a,Robinhood,google_play,very nice experience
a20b55c5e5792cb7267f6d77,Robinhood,google_play,"The app is super user friendly and helpful. I (who have never traded) was able to set up my account, deposit money and set up my own Roth IRA! Two 👍🏿!!"
be5df76f0e42f24f7646a87c,Robinhood,google_play,Worse app ever. Transferring my money made difficult. Look elsewhere.
a73452c411ed06f5c8ca034d,Robinhood,google_play,Not bad
105f2aae35844aff4d761ae4,Robinhood,google_play,"Restore my unemployment benefits 100,000 available amount maximum amount weekly $580.00+"" weekly payment amount for52 weeks -START PAYMENT PROCESS AS OF 10-18-2024 - 10-18-2025 ""CERTIFIED PAYMENT SENT TO YOUR USB,ACCOUNT ON 10-20-2024 PAYMENT WILL BE SENT AND HAS BEEN SUBMITTED .GOV"
2993eb9db1a90fe42a8c3c03,Robinhood,google_play,good so far
f6f8cdbbfbe7f94f666d092f,Robinhood,google_play,I love the app. I use it in combination with the website. Something's I understand better on the app.
2415f43fb2c57495a4fafb2a,Robinhood,google_play,app keeps logging me out and requiring username/PW even though I have thumbprint setup
1d65252d5ca99cbce627c2a3,Robinhood,google_play,good
a65825ba535304e4fc966424,Robinhood,google_play,Best app to use for beginners and if your on the go. Robinhood has changed me into a believer and investor in the company.
a220070f50fdd4a6a4c1a3c4,Robinhood,google_play,Very good
21ae8645e3cdf1e0ebd01076,Robinhood,google_play,great app! Keep up all the good work.
fb56eabb7f517be662d109e4,Robinhood,google_play,This is a well-balanced app
75ba1f9a421233de9224689d,Robinhood,google_play,Locked Out. Customer service is nonexistent and no help.
6d308324d8fca2428ce4352c,Robinhood,google_play,"I'm new to investing but this app had lots of free information to help me get started. Still not a pro but I know that that won't happen overnight. I also just took a quiz after reading some information they provided on cryto, and earned cryto. Not much. But better than nothing."
6951acb0464f0eef9a1e5156,Robinhood,google_play,Love it!!! For how I invest it is perfect.
15c2337ed88471a99fc11175,Robinhood,google_play,I really like Robinhood. I new to investing and trading and Robinhood has made it a lot easier to make decisions on what I should do.
267d89808bf8e1769a07625b,Robinhood,google_play,I have never invested before. It gave me severe anxiety thinking I could lose what I work so hard for. Robinhood is my first and the site teaches me as I go. The site educates every step. I am no expert but im learning the basics thanks to this app and my fears and anxiety has lessened thanks to the help and education the app gives.
fa4f9658acba05039b5b19c2,Robinhood,google_play,why can't I login not on my old or new phone
c6419b43f42f3218b4f6f1ac,Robinhood,google_play,stinks
6de44a6a1960780f839bee57,Robinhood,google_play,It's getting better and better.
9e0a028a75243ce0d1f2baff,Robinhood,google_play,"adds new features, investment options very frequently. Gold is good overall with giveaways, other benefits. They do adjust offers, typically reducing benefits over time, and have been very slow with approval of their credit card."
8aefd6c7e6fded964d54d467,Robinhood,google_play,Very nice
6c02f8e6c7eb649e83500662,Robinhood,google_play,Excellent app for beginners to learn on. Interface is easy to disseminate what does what.
18f83bfd2b69e68a66dc7bab,Robinhood,google_play,Cheap trades
816e7c4e9d0016d5d3338ddb,Robinhood,google_play,I mean it's alrightttt.
4686f0951cf84c90d9838692,Robinhood,google_play,Good
46908da9cf7c4b04759b11c7,Robinhood,google_play,"you had a data breach and you won't let me update my password without uploading my ID or giving you access to my bank account??? No way. I can't even use the app now without my ID, which you have proven you will not keep safe. Horrible app"
a59cd3db9fcb162edf224f04,Robinhood,google_play,on the roth ira im not able to use oast recommendations because it says i need to update the app. i have the latest version. unable to invest
885a8f4a534efbec7c9a5ba7,Robinhood,google_play,Very fun.. much better than wasting money like I have been doing for so long I could have been Rich by now
fab9454eca12d74e63f29566,Robinhood,google_play,Easy to use
5c541097a049d6df1ef72de5,Robinhood,google_play,my experience has been fantastic
e44c50bb0d3966e8bc74b4bc,Robinhood,google_play,Easy to use
bd07be35c3761bd9f1230914,Robinhood,google_play,Good
c83330453a11f463c9bec76e,Robinhood,google_play,It's a useful tool for building accounts that move you towards financial freedom. How you invest your money is purely up to you.
b539d02963e116d1b6040f14,Robinhood,google_play,Good company for beginner traders. Funds liquidity a tremendous importance and it's easy here.
86ef496710fb243df824db4d,Robinhood,google_play,Great App!!! Thanks Robinhood!
c7be6dc288a3e59849576e08,Robinhood,google_play,amazing
d6330ff08966de1c8f8636a4,Robinhood,google_play,"Great app for beginners who are interested in investing in stock, crypto, etc."
9b30999aae4ae52f7568fed4,Robinhood,google_play,This is a great app I would highly recommend if you intend to invest
918c5ee968c2cd9b51b239f5,Robinhood,google_play,Love this app. It does what it says and Robinhood is very innovative.
a72942c6e54f4297676355ad,Robinhood,google_play,can't save anything to a watch list. it is so annoying
eb558b8e3f5cdf7d4ff0c5cd,Robinhood,google_play,Easy to setup and use. Keeps me informed on my stocks.
8e77b2d8597e8f3c8e868ed5,Robinhood,google_play,Love robinhood
d715c619defd36e12d545b27,Robinhood,google_play,My experience was very good even when I didn't get what i'm looking for
ee9a3682372c5619ef3a719a,Robinhood,google_play,Awesome!!!
7f3acbdfa7a997c723a3d0d3,Robinhood,google_play,"Update: I had left my meaningless amount of crypto in my account because I couldn't easily transfer it to my new brokerage, and I got an email that says they sold my crypto without my permission. Called consumer service, they asked me regular questions, and for pictures of my license, social security card, and face. when I said I didn't want to they just hung up. They steal your money. They prevent you from controlling your own investments to benefit hedge funds that own them. Do not use."
ab76c8c3624ad90144cb6425,Robinhood,google_play,Greatly improved these last few years.
61d36b4a2e97f471c777a4f2,Robinhood,google_play,"Just literally started(noob),the app is a little easier to read compared to some other apps,help you at least make sound decisions on Wich way you want your future to go...just wish there was a better way to comprehend the definitions"
323540b0c91cfc75bc4ec2a6,Robinhood,google_play,It is so easy to use & extremely reliable. I have been using this app since 2020. Love it!
cf8ceb8cffa43f7c84422402,Robinhood,google_play,greatness
6bdf158729be229a9587e1be,Robinhood,google_play,"If you want to trade/transfer crypto, do yourself a favor and stay away from this platform. Every single transaction you try is going to get blocked second time. Entire support team is in India, besides the language barrier, they are not allowed to take any actions. Support team is there to say ""we are really sorry"", nothing else. They blocked my account after a couple days, I cannot make any transactions, for the favor of ""protecting my assets"" LOL. I'm closing my account and cancelling Gold."
adfe709e63ca04a3e74b6ea4,Robinhood,google_play,"The opposite of its namesake, Robinhood cheats the poor and provides to the rich. No integrity. They are the subject of class-action lawsuits from customers for financial losses. They have violated Regulation SHO, which governs short selling practices, in connection with its stock lending and fractional share trading programs. Robinhood experienced several system outages and failures during periods of high trading volume. Failure to provide best prices and misleading disclosures."
3702f2ee0a247f69869cb7cb,Robinhood,google_play,incredible awesome
3d3e7c1c19fc8bfdb48268ce,Robinhood,google_play,as always. thank you team
a3c79e066eb6bb5a503a0cde,Robinhood,google_play,This is the worst investment app in the world for more reasons than I have time to invest in listing. 🐮Moomoo is a much better investing platform in every aspect.👍🏻
d984197e3e63848f9988bfaa,Robinhood,google_play,"It is extremely difficult to contact support. I never signed up for the Gold Membership but they enrolled me and deducted the annual fee from my account without my knowledge. After finally connecting with customer service they are refunding the fee (I cancel the membership). very disappointed in the company as a whole and their lack of customer service. My husband's account was hacked a few months ago and he has provided all information to verify his identity, etc but he has issues!"
7919396b46b76ed78e606dca,Robinhood,google_play,Customer Service Sucks 😞. If you need a fast answer and you are in a trade forget about support get ready to loose money. App is alright.
c0280f2ac9c972e5b1be19fb,Robinhood,google_play,Nice app for the beginner. I enjoy dabbling with with market and trading is made easy here.
102177093fff0b40fecf5ea2,Robinhood,google_play,The app is very easy to use and teaches me alot as a beginner.
d8321266389bf36a0db00afb,Robinhood,google_play,After posting my review customer service was super quick to get back with me and explain the situation (which I would have known had I actually read provided info rather than just glancing over it). Knowing what i know I can say I have zero complaints. The app is easy to use and transactions are super fast. I'd give an extra star for customer service if possible but since I can't I will say that I'm rather impressed with their response time.
06bca65dcadefb0cb6ca1e70,Robinhood,google_play,The new app update is absolutely horrendous.... I accidentally installed it today after forgetting how bad the reviews were. Of course there is no backward compatibility so there is nothing that I can do to fix it. Expect slow and extremely laggy loading. It's so bad that it seems intentional. Rugpull? They will ask you to open a ticket with their engineers 🤠. It literally was working fine right up the moment of the update. IDIOTS 😤 It has been the rollercoaster you would expect with stocks.
055340bd6ad4f803093a309f,Robinhood,google_play,Excellent
81c5cc8f6a0779771dbc29ee,Robinhood,google_play,I deleted this app. Between not allowing me to link my bank account and then charging me for trying to link my debit card and then not even sending me a proper code with it. This app is a joke and not even worth the effort to click download
c7a4a85bd7c6d6b39a76cf46,Robinhood,google_play,Love it.
30c16945d1d12fd2206f853b,Robinhood,google_play,great
69edf78efa5469415e0e4ddd,Robinhood,google_play,will not open more than half the time
a8017ca8ed68718f797363b2,Robinhood,google_play,great app!
8829ee76ad11af36ba7ba2ae,Robinhood,google_play,"The good: cheap margin, solid interface, contribution bonuses, lots of access to many investment products. The bad: encourages gambling behavior. The interface also encourages the illusion of sophistication."
e56ecd17967e9e5a819b2fbf,Robinhood,google_play,It's user friendly and helpful
372640c8cf6c1d84bdbbb72e,Robinhood,google_play,"Update: Too many promos, and inaccurate as well; better when focused on the basics. Slowly becoming my favorite app 😎"
cbfc851425b4c16ea738483d,Robinhood,google_play,photo verification feature not working
9bc06c60c9eba7c892c4c17f,Robinhood,google_play,"Been using since the 2020 $doge outbreak, been great since then. Can't wait for them to add $DOG into the group."
6cec14238d24c64a1f3e232d,Robinhood,google_play,Great helps you understand the game
4aac751dcab9d14bb3cdbf92,Robinhood,google_play,rigged and manipulated prediction market. buyer beware. they will close a prediction late to recover their own losses.
1e14176c1d56623259d61aa5,Robinhood,google_play,"Excellent, easy to navigate, great terms for margin investing."
1614584ee217443bad6ab248,Robinhood,google_play,"Terrible customer service. If you get taken advantage of or robbed, they block your account instead of helping you. I would not recommend using robinhood to save my life."
10467286eb4f8f4fd1520a56,Robinhood,google_play,good
7f6a296225d9f0ea5173f46d,Robinhood,google_play,Great
04ac4569f336b61e7c1f3882,Robinhood,google_play,"Slow and very inconvenient, hard to find what ya need and gives you a hard time when you want to withdraw your own money"
cdad2221ce107e5481d7272d,Robinhood,google_play,I have been with Robinhood for a few years and they have done a great job. I don't know what I don't know regarding crypto but they explain alot and have a very understandable program.
8794ada085724227c3c046c7,Robinhood,google_play,"Still skeptical on the arbitrary restrictions of 2021, but keeping up with new product offerings like 1% match and the simple UI have kept me with the platform."
d49051b6da82bb987f27587f,Robinhood,google_play,Garbage
bfe53ffba4aee5ed9aecb1fe,Robinhood,google_play,Ok but customer service sucks badly
2fb1b7a0c45a2d9c6dad372b,Robinhood,google_play,"Will restrict your account out of the blue, support is non existent case numbers they email you will be set to invalid after months trying to contact support. Robinhood are thieves."
d79c8170416580fce0829507,Robinhood,google_play,The worst customer service you can't talk to anyone they will not chat with you they left me hanging for 24 hours I will never use this app again
947fff21173d231daa855853,Robinhood,google_play,So far so good
b5a6c3909d6b7574f0fa49ad,Robinhood,google_play,It is a great app to invest with! I am happy knowing that my funds are secure.
681cbf70c4f8d16e0487796f,Robinhood,google_play,👍
7b84b104e5f3c46d5982375f,Robinhood,google_play,It's cool
31deeb04e8b6e938fcb6c599,Robinhood,google_play,Great App... redefinres what a Broker's Site should Be !
52929ff9fdb330c8beafd052,Robinhood,google_play,I'm happy with it so far
5a0e720bf1b3c33821de0e0a,Robinhood,google_play,"so far, it's been very useful and easy to use. and the gold option is very nice."
384da60887f7cd74f6590685,Robinhood,google_play,informative and helpful
72a4084674d977753a51ccd2,Robinhood,google_play,"I have tried so many apps and so far this one is the easiest to navigate! I am loving it! The only thing they could do to be better, is to offer a bot to a beginner for help trading. Just let us put in small amounts and trade the right stocks and or crypto for us. I am hoping this happens with time. Awesome Awesome Awesome!!!!!!"
2df4b016d287472eacf91deb,Robinhood,google_play,Easy to use. Responsive app
068a22ded2682199bfeacdf4,Robinhood,google_play,So easy to get started and the whole app is very clear and concise. Even a noob like myself understands !🤣
70631f2cfb95cb12c12ca949,Robinhood,google_play,awesome
f76c03b49a9e932aa40a021d,Robinhood,google_play,"Take your business elsewhere if you are smart, constantly having problems, and their customer care is little to no existence. When you inquire sWorst app, no accountability, pending your money. Not giving you access to it, stay away.. Very nice for replying, but you have thrown me off the chat while I was chatting with customer care. So this is just another automatic message people (AI generated perhaps), they don't really want to help you. Please like my comment so it has the effects it should."
e11913aff00956a94243bf0c,Robinhood,google_play,good for learning investments
d143ea94261396c554c3f01c,Robinhood,google_play,"I like it alot, you can basically ""play"" with a small amount of money and learn a ton in the process, ive made $5 in a week, better than nothing."
88d53ddbc7baec630e008da0,Robinhood,google_play,"had this on a previous phone that i no longer have. can't send text for security bc I don't have the other phone. can't find a chat with us button, or a phone number to call to get verified on my account to access it again."
4ee7aa8d0dbcfdbf792112bd,Robinhood,google_play,Excellent and exceptional! Easy to use. Quick response time.
e045accb224d2930ad006aaa,Robinhood,google_play,Still get to learn things as I go but very happy
538d60d993e47390c4050bf1,Robinhood,google_play,Long time user. You can trust them.
07dd76d35e96c4e93e920db2,Robinhood,google_play,"Tried taking part in their gold bar sale. I tried to checkout within 15 seconds of the sale going live, and the app kicked me out for no reason. I had to come back just to miss out on the opportunity I clearly was on time for."
185ed4591e33633f8d33bc62,Robinhood,google_play,what the heck?! I'm only getting an endless boot loop and the app will not load. what is going on with this?!
7bd55c67d28a6a0f5838b2f6,Robinhood,google_play,I am unable to access because I don't have my old email account anymore
6ebc0659cc3f20a558bd5119,Robinhood,google_play,Great to use
4e09ca34a4cdc59fee2d7d24,Robinhood,google_play,Easy app to learn and invest with
8d962524eda77178bb96cf0a,Robinhood,google_play,A best HOOD presents ever. Awesome.
55e47bbc8ee3631619f60d3b,Robinhood,google_play,👍👍
75dfec53bb10e9dc8f3613af,Robinhood,google_play,"It's awesome and has become quite a helpful tool. Super easy to use and understand. There is a learning curve. But once you get through it, you realize you have something special in your hand."
9854d6de8d4cd57b600497b3,Robinhood,google_play,Overall it's been a horrible experience I've waited for almost an entire day for someone to show up for help. They keep hiding my money and automatically deducting it on their own damn schedule. I don't think they're trustworthy and I certainly am not making any money on here.
a9e93eba098974a72b2e6cd9,Robinhood,google_play,Widget no longer works.
4e0d674da606c4984e66a4cc,Robinhood,google_play,So far so good
487157f6444679ff341038d7,Robinhood,google_play,Zzsss s 3zz zzd swas s zwas s23 szzz zzsss@w we. Xs
6837d9fa93f46b473fe77a29,Robinhood,google_play,So far so good
608d6d49039cf893d37f39dc,Robinhood,google_play,"Horrible broker, they say that they have 0 fees, but for the lousy fills you get, if you even get your order filled near where you want,& how they constantly have lagging data, so your option often is instantly in the red, to the constant glitches&freezing, all adds up to a giant fee. You can never get a human being, only emails a few days later, when you have a problem. The crypto selection is horrible. I transferred the last of my money to tastyworks,& Schwab think or swim both are better."
85b76bf7f824dfc17056ede8,Robinhood,google_play,Good app to sart invest unless you're a big time investor beside i recommend Robinhood to anyone who want to start investing with a low portfolio
e05b3b0b234250fbd18e4cfc,Robinhood,google_play,"it worked great till one day, POOF, no access and no support"
858005712af11632ba6059b1,Robinhood,google_play,Nice not to pay for trades. App keeps good records for taxes.
36586e71120893673557dc06,Robinhood,google_play,I've always had a good customer support interaction with satisfactory solutions. The overall experience I've had on Robinhood has been a good fit for my investing needs. I've enjoyed using this platform since I started my crypto journey.
2b93181655c7592b084b1602,Robinhood,google_play,"I wants to create a new account, my name didn't except it."
6c66d7d290d10ec4e1ccb1fe,Robinhood,google_play,Pretty smooth and easy to use.
7021e956cedb9ccc69845551,Robinhood,google_play,App crashes whenever buy or sell button is tapped.
aef9915425202f78d43478c1,Robinhood,google_play,profits from crypto were removed from my account
47310e12bd1822821ba8a930,Robinhood,google_play,"Intuitive, easy, understandable. Great for profiting weekly."
183a072e12c3dd561b23eff4,Robinhood,google_play,so far so good. It is a little difficult to navigate and find everything that I look for. I believe with time and experience in the app that I will not be having such difficulty trying to navigate. I simply need to know more about the stock market jargon and all the various kinds of investment types. that will really help me to understand the Robinhood app more better. I know hardly anything about the stock market and how it all works.
438c5b1f4c9893ec4ba87d1a,Robinhood,google_play,"Robinhood has made a simplistic, streamlined platform for everyday investing."
a8319b2914e820333529b2aa,Robinhood,google_play,Easy to use and great support
d04edb7ebf2aa7c031d6573a,Robinhood,google_play,Oeze8 I know that iii68koy⁹7o I 99 7th 678 ju i I ko it I 6 I ko Kong 9th⁹i⁸ko 7i UK 7 I uh o8 I Iowa⁹⅘666oj I
2445645a6ed712ea6edc853c,Robinhood,google_play,"can call to talk to customer, can find the place to transfer the money"
cc78cab9d7253efbd8df6577,Robinhood,google_play,Better than the rest
57df86ba02b0d7b197759578,Robinhood,google_play,"Fairly easy and intuitive. wish i had this in like high-school to mess with like 2005 2010. I like the setup. My only gripe is maybe there isnt much in terms of separating stocks and how im following and whatnot. And some stuff im confused about or how it works so not sure how to figure out. Google doesnt always help. Otherwise yeah, neat app."
e62bd779dd0060ee185df23f,Robinhood,google_play,"Used the app well for years until recently my accounts been restricted. Its been 8 days and havent heard from support i cant access my funds, trade,or use my card. You cant even call a number to talk to anybody. Update. Been 2 weeks now still dont have access the resolve date keep getting pushed back. The lack of customer service should be against the law for a financial instituation and the reprocussions of not have a human to nake a phone call are affecting my ability to buy food"
c99db60a34f433c84d006f10,Robinhood,google_play,"I have learned so much, and had fun while doing it."
f4f82eeba2195623e8244bf7,Robinhood,google_play,It's simple to use easy to navigate through to find whats most suitable for my self
0d8e884127d9bdb0d13c8941,Robinhood,google_play,Having fun learning
0940725edc72e4218579afa8,Robinhood,google_play,I'm see what happens💯
ab4a2de19a6da29d3c65834d,Robinhood,google_play,horrible app
eecb47ded0aae2afa70868d7,Robinhood,google_play,Interface is phenomenal.
2582987ddd70702478766e31,Robinhood,google_play,be careful this app reports your money as income to the irs and SS you put in 20 and then u decide you want that 20 back so you get it back but they report it as if you made income when you didn't they almost cost me $240 out of my SS because they reported my deposits as income when it was an even payment no gain no loss. So be careful if you are getting government money and want to use a few bucks to invest and if you dont earn anything aka your money doesn't grow and you ask for ur money back.
06fc53c0076c586a5b1a0de8,Robinhood,google_play,"I was investing in stock and IRA and because I got incarcerated I could not do anything as a result all the money I invested i should have just burned because now I am out of the stocks, the IRA and my money. after trying to get to a real person I could not and had to talk to an IA that is limited on what they can do which makes them a fake artificial intelligent I open webull at the same time and had no issues and they did not steal my money or stocks like robinhood so beware"
de40cc66645f9e9fa197b737,Robinhood,google_play,The people running this company have to be absolute idiots. Why on Earth would you end a spending account where so many people had direct deposits too just so you could try to promote some kind of paid account. I know one thing for sure robinhood will see a whole lot less of my money. I've been using Robin Hood spending for my direct deposits from work for so long and now I have no use of Robin Hood.
bb4e32e718c2b6651a294123,Robinhood,google_play,"I love the platform, but be careful when deciding to transfer ROTH account. I did and my cost basis was never calculated. Other than that, I've been very impressed"
edae5602b7709c83e920f1fe,Robinhood,google_play,Love the app!
d38df33196fe8a541bc338cf,Robinhood,google_play,"The gold card makes it worth it for me, but I don't love some of their business practices."
ac57c949969deb62f4615751,Robinhood,google_play,Says I don't have any funds to transfer but I just got 150 out of my bank account but it won't let me send my Solana anywhere Edit Robin Hood steals from the poor and gives you the rich. No help from your email either!
2b4c80d0cfe32632fbb00163,Robinhood,google_play,they reversed one of my deposits from over a week ago for no reason. bye robinhood
c70f3bfe1c6e09262dece0f3,Robinhood,google_play,awesome in every way 👏
f77c01c7ffe390ff37d15cc2,Robinhood,google_play,so far I'm getting more used to familiarizing myself with all the features this has to offer an slowing learning more an adding more funds to my account
a4a3134bbe06a64b065a8b79,Robinhood,google_play,Adding Trump coin so people can get rug pulled.
698fd6828b6b06a6252d5cd7,Robinhood,google_play,I lost access to my email how can I get login to my account . How can I update my email
fbddc94f7168dd84faf028fe,Robinhood,google_play,I cannot open to view my investments
9903d91c60d9e1f7460533ee,Robinhood,google_play,Robinhood is a joke. The app is the most useless of all exchanges because the company is a joke. It takes several days to process an instant transaction. Then they create a deficit on your account even after they have your money in their thieving pockets.
23935175a37161eb19b4ea9c,Robinhood,google_play,"KEEPS RECYCLING, CAN'T MAKE ANY PROGRESS LIKE THAT"
17fa145b3041eb563efd40e3,Robinhood,google_play,Great app
c42c2ff1a0cda79208bde42f,Robinhood,google_play,"so far, it seems like a pretty reliable stock trading app for beginners or those just looking for an alternative investment program."
1d6dd9463ccd9469c03750a9,Robinhood,google_play,Best app to grow with!
08af3a4b74905afdb3affae6,Robinhood,google_play,Hopefully They Allow Me To Get Account Due To Some Individualz Ruined My Credit Score While I Was In Jail For Things I Never. 🙏
f941378ef94b2bbf1a8d2f06,Robinhood,google_play,I love this app. I spend more time on the hood than any other app now. trading on robinhood is easy!!
60faabdb0cee04179a522ce9,Robinhood,google_play,"Opened my account just before Doge exploded several years ago. Love how easy it is to buy and sell. Love the advice, insight, opportunities and most everything about the app and the service."
329c178b953650931c2a6c4b,Robinhood,google_play,Does not work on S26 Ultra.
587b866c6b59036c7a98bb82,Robinhood,google_play,Great app.
a261bc9eb63c2d2666f07b81,Robinhood,google_play,miss u Robinhood
1166ddd94f2467437c8814a4,Robinhood,google_play,Is ok 💯 percent Need to start investing
47fa6d030da8c3a5e246e417,Robinhood,google_play,friendly interface
ab029041943fab3d2cbde1e0,Robinhood,google_play,they will turn off your buy button when stock prices go up
0fbd9d848edd7ea21dba8498,Robinhood,google_play,its the Best !
e2f2c8a4ea9c6fa6b3afc3d2,Robinhood,google_play,"Great App. Easy to use. Transfers are easy. No commission fees for trades. The crypto market fees are a little high, almost a full point on Bitcoin and the bigger coins, Sol, Eth. ect...to buy AND sell with a point fee each, I have since gotten out of crypto because of it. But, the margin fee is fair, IMO. Would 100% recommend."
03e9b3517858eb7a9149f4f2,Robinhood,google_play,Good Good
3efc0e98bda1ef6798106f9a,Robinhood,google_play,"Decent free app for free stock trades - if you place limit orders. I'm using it to accumulate shares for dividend income. It needs a few things though. Better charts, a section to show most volatile stocks of the day, and some way to short and trade options. Edit: Looks like they have added quite a bit since my 2018 review. +1 star"
b5ca08efe0b463418dd3d2cf,Robinhood,google_play,Easy to use and great perks! I have used Robin Hood for trading for years. Inviting friends had gotten me free stock as well! I would recommend to anyone interested in beginning investing. I use it to buy stocks as well as an IRA.
a6a8fab051f42059d0f1043e,Robinhood,google_play,"the app, when functional, is not bad at all. over the few years I've been using the app, there are times when the app doesn't work at all, and you can't access your accounts at all. currently, I'm on day 3 of not being able to access my accounts through the app. very frustrating."
743e8f081900ab82c2f898e0,Robinhood,google_play,"Better than other's I've tried. UPDATED (Feb. 22, 2026) I have been mostly happy with Robinhood (and the app.), but we really need access to more stocks. we've been patient, hoping this would happen, but I'm now looking for other options because I feel it isn't going to. :( The adding of 1 or 2 new stocks here and there just isn't doing it for me anymore."
b2e9df1087b2d16d8f7bde56,Robinhood,google_play,never forget.
f894f4ac5e8348e2897083e3,Robinhood,google_play,it logged me out of my acc and eveytime I sign back in its asking me for my ss I give them it and it says I already have an account plz sign in so I do then it said I needed to update the app so I did all for it to keep doing the same bs over and over and it keeps asking for my ss idk what to do unless they ban me for something I did I have no clue .. I haven't used robin hood in almost a year just to come back to this 🤦
0065e6f50d2b0fb661b866d0,Robinhood,google_play,terrible app terrible customer service I tried many times to get into my app 😪 I used this app years ago on a old email I don't have I asked them to fix it and those people we'll pffff they wouldn't even delete the account so I could start over . just a waste
b4c3e71e642eec2e83669f2b,Robinhood,google_play,"I'm trying to swipe between cryptos and I just want to scroll down a little bit to look at if I'm up or down, and every single time it's Cycles to the next crypto as if I'm trying to swipe horizontally but I'm trying to swipe vertically. Somebody didn't code this very well, it's way too sensitive to horizontal swipes and not sensitive enough to Vertical swipes. It's very annoying and someone ought to fix it"
9afe02e43e9ce53a0a92243e,Robinhood,google_play,used to be great. now you have to wait 10-15m for it to load. sucks
ba01ef9369d6ecdba8226e52,Robinhood,google_play,Easy to use
ee134a149a5170ae18a5555f,Robinhood,google_play,"they are selectively withholding over $1,000 of my money because I refuse to engage their facial recognition biometric sign on. I'll be filing a complaint with the BBB and my local Atty General's office. this despite having had two telephone contacts and one email contact with their customer service."
b609888c67791e218db0b1b7,Robinhood,google_play,Robinhood has no customer phone to call and their online and email support is very slow and unhelpful. I got about a dozen different email replies that seemed like automated canned responses before getting one reply that was a real person. But that live person didn't seem to fully read my email. Robinhood trading platform gui looks like it's made for children. I got suckered into getting their Gold Card but they are forcing me to send my face selfie which I refused resulting in card suspension.
c21cf5722b3e8359a77208f7,Robinhood,google_play,Thank you very much. I've been using Robinhood for 4 years now.
5052129deae08c1d3be2052e,Robinhood,google_play,"One of the best trading apps out there, but since last week's update the app keeps loading forever. Even if I force close it and reopen it, it still gets stuck on the loading screen. I'm connected to a 1 Gbps Wi-Fi connection, so it's not a network issue. Please fix this as soon as possible."
67da191d78fc80f88a918673,Robinhood,google_play,Amazing evolution. Fingers crossed custodial accounts land soon.
b57af8dbcc642a9be7e68124,Robinhood,google_play,"Easy to use,amazing"
e7fbf08e13c873cd623ab93f,Robinhood,google_play,Why am I getting hundreds to thousands of tracking attempts from your app every day? Stop stealing my information! Make sure you have an app track blocker on if you value your privacy.
71eb60eaaa3a14c0c054ac60,Robinhood,google_play,my first investment company
86d7935f8c9da7df14123e4b,Robinhood,google_play,"Easy accessibility, and good for day to day market trading....."
5836a3e23fd237760a11f999,Robinhood,google_play,"Basic learning curb, use for trading stocks and options"
88bf0ca05ed7fcc529f974f0,Robinhood,google_play,I've had Robinhood for years and it's the perfect combination of a place to hold some money and the rush of a game. Don't forget that this is an app using your real money so don't invest what you can't afford to lose.
10d18934a29faadfc5be11b8,Robinhood,google_play,Exciting experience.
71917ae8f833316c8e04c674,Robinhood,google_play,Trash app. Charts suck. Money management sucks. Not user friendly. Order management is trash. This app is trash and trades are not free as I have read in articles. Definitely do not recommend this app. can't even see my pending orders
a74869e69e9b3df7e7b461ed,Robinhood,google_play,easy to use and navigate
8e66ab92fae35412e625b911,Robinhood,google_play,Awesome!
de9c5a6376fc52d51f3b5e7d,Robinhood,google_play,Thanks so much fun .
c38d6ad5e3ee47c1e9122ee8,Robinhood,google_play,keep upthe good work comon teams lets go
6c93e6b39a7c82f04c8b458a,Robinhood,google_play,Its been a journey i enjoy it thank you. I recoman it
a7e8635289c02193a0dbb454,Robinhood,google_play,is there a buy or sell all feature?
5e132d55ae4626144188ed0a,Robinhood,google_play,Easy interface
f2ec42476712c341b702e3cf,Robinhood,google_play,app logged me out today and is making me upload drivers license and selfie before i can log back in. my camera doesnt work so my funds are now inaccessabe and there doesnt seem to be a way around it.
dd43a2d356324c8eb8ff311b,Robinhood,google_play,💰
9d66c8fdaa6eb8553c623362,Robinhood,google_play,Wonderful and very patient with money transfers on margin accounts.
3811ed9b69d764be3054b3cf,Robinhood,google_play,Really plain and easy to use for stocks and crypto.
271d9d7a688ee21c58e06266,Robinhood,google_play,Easy to use. wish I started years ago.
d4bc80abcff5fcb1f300dcec,Robinhood,google_play,This is so far the best app
9d2556a7174f0e92c420c19c,Robinhood,google_play,Great app Iove it
28ba0e07c215fe4a3a9ffc7b,Robinhood,google_play,Love this App!
b9f3fb04860e01485d12f438,Robinhood,google_play,"They got real sneaky with the gold card account being inaccessible unless you found out the gold fee charge was set to the card itself. I asked support and they told me it ""was probably a bug"" now I owe over $100 with late fees. Now it's my fault cause I didn't scan my junk mail to even set up my card in the first place I didn't see I had to do"
14d630e93d2b3b767c604aea,Robinhood,google_play,One good investing apps 👌
6dfdd5d3c0dc6b47b4b8faea,Robinhood,google_play,need newer version
f8665e301a8d651c00d2f0a2,Robinhood,google_play,"I have 145 dollars in my spending account and they closed it while I still have money in there, thier support staff refuses to help me and had actually hung up on me during calls, they have sent me several emails saying all my account restructions have been lifted yet when I try to withdraw my hare earned money it says I can't because my account is restricted. I used to give robinhood 5 stars until they started trying to steal my money and close my account without even telling me why they did."
151a70fbeda17d63728270b5,Robinhood,google_play,I like the way everything is laid out but it has stopped functioning twice during heavy trading.
d558b11fc818accf40eb3a33,Robinhood,google_play,I was told by the bank to destroy my old debit card when I got the new one. Little did I realize that I needed the old card to change the card in Robin Hood.
6694b43b6e3cc4796726eb6e,Robinhood,google_play,The best app
d5dfcda8e54fa3f0821b5eba,Robinhood,google_play,Love the ui. Easiest to use broker
4a2bb932247c45cbfbf71ba5,Robinhood,google_play,Very good app and user-friendly for those who are just learning.
f34c75046cbdc79a8f5b92c7,Robinhood,google_play,"I am a beginner. My knowledge about stocks, crypto, etc. Is zero! Robinhood is easy. The learning section is a plus and is easy to understand. Most of all, the app is ""Free"" with all the perks! I highly recommend Robinhood to, like me, beginners who want to try investing."
5a8b7dabb3d861023eb7e672,Robinhood,google_play,it's been excellent 👌 easy to learn on app.
9134503d0fe51642376ad047,Robinhood,google_play,Excellent GENESIS 11
086f105afe47f924500a3e42,Robinhood,google_play,Poorly optimized. Lacks user friendliness. Poor service response rate. (I like it now. Figured it out.)
e8c507c8de93b5cdc0e0ec5a,Robinhood,google_play,Can't use my own money more than a whole week after transferring over from the bank. What the actual heck Update based on your reply: I did contact customer service. I was put on hold for hours on end and I keep receiving notifications that you guys are experiencing large volume of inquiries and asked if I want to cancel my request. I'm pulling out my money and taking it elsewhere. You guys just lost a customer.
da4f83d0d61440c67a50c6d9,Robinhood,google_play,entered a uk phone number and entered uk but the app thinks I'm in the USA and doesn't recognise address so I can't verify and can't use Robinhood..two hours with various customer services help but they can't sort it. Not a good experience..Will try Etoro Instead
5c8afd602c1834f46f4ae428,Robinhood,google_play,Learning a lot
f88dd72ff50313af5e6e202c,Robinhood,google_play,"Great all,easy to use.I look at it all the time"
c7fe7f5c7be6e07500a693a5,Robinhood,google_play,used to be easy to understand and use but lately got confusing and frustrating. use a different app. trust me
c80e94fb0baa4bc44bd736d9,Robinhood,google_play,Exelent
87e49278718b44acef83023b,Robinhood,google_play,the AI is trash constant problems and zero assistance from any help options
d44c84b1607645b1cdd0bf44,Robinhood,google_play,"App is good and you to earn, only problem hopefully can be fixed soon for it not force close"
c32b2d369733bdd02e417bce,Robinhood,google_play,"I've been trying to confirm if I put in my SSN correctly but it won't let me go back to that section. I still haven't finished signing up because I don't want to agree to it while being unsure if I put my SSN correctly or not. I'm at tax certification part of the sign up. If someone could help, it would be much appreciated."
5d0cd90b557ec401fd4b2b8d,Robinhood,google_play,Easy to use
64b2620cc0736f57e9803900,Robinhood,google_play,very easy to learn the app compared to others
053aee8dd73d49f6436a1247,Robinhood,google_play,Terrible for trying to transfer any funds to my account. Join Fidelity 👍
1cf476584c0a6f527ab54644,Robinhood,google_play,great app
55e60321708da2daf2a4f568,Robinhood,google_play,Easy to work.
e241a53c245c250803b41299,Robinhood,google_play,"as a gold member, I love it. I wish you could set up auto staking with the rewards just like how auto dividend reinvesting."
816bf0da48e8c7da8e235690,Robinhood,google_play,"It is very confusing to navigate at times, especially crypto. Does not have a Sell All crypto, and one has to quickly match the amount to sell all."
29a4bebe67a7256992e1d51c,Robinhood,google_play,great $$$$$
2ad99b354690a96eb96a1bb7,Robinhood,google_play,The App is very straight forward and easy to use.
d2947152268cd99a9eec9c94,Robinhood,google_play,It's the best app I found so far to invest in the stock market
6061bcda1e3782b5e224e7dd,Robinhood,google_play,"I've tried many brokerage apps and platforms. This is the best experience so far. Very intuitive and easy to navigate. The plus is everything extra that is combined: crypto, options, 4.5% int, 24hr trading... Build a market, people will come and trade! #1 Brokerage App on the app store Android too..."
6f9ec10d1fb5c210da250dae,Robinhood,google_play,Great app to learn how to invest
15b98e71357bc09437624747,Robinhood,google_play,"Most functions are relatively easy to use. The frustrating portion of this app is how it changes the price. It shows what the stock or crypto is going for at that moment but when you buy, the price goes up. When you sell, the selling price is lower than what shows at that moment. Seems like the app makes money this way for Robinhood, also seems like the app is lying to us, on purpose!!! Greedy????"
395b9a954195dd69d4fefb05,Robinhood,google_play,App is user-friendly. Easy to navigate. No glitches
513ff5b2b8a03ff816875474,Robinhood,google_play,👍
87f79173b73c348f0043f1cc,Robinhood,google_play,"Installed the product,said there is an error. Try again in 5 days. Not my problem. I will not download again just uninstalled. Dec 6 2024"
0f706e672a0a19bd365d9119,Robinhood,google_play,Great so far! loving it
f4b5692df749e10b6d66e5c4,Robinhood,google_play,simple and cool if you like simplified
857029ebcbb3ea1db838559f,Robinhood,google_play,"simple, easy to use interface with great features"
ebd9bbcb87f1e4cac6ad5dac,Robinhood,google_play,"you can't log in while travelling abroad. if you contact support, they'll close your account. they haven't sent my account balance or stock yet. avoid like the plague! especially when there are brokers with such good customer service out there."
5051a822cd65e25225260bef,Robinhood,google_play,Great app for Beginners
8c327440d2e40afe29a00f1d,Robinhood,google_play,your app isn't user friendly it doesn't allow true information
700243583ddc744ad98a4ff9,Robinhood,google_play,excellent and easy to use
72386285ad4865a0a30f7aff,Robinhood,google_play,So hard to talk to a real life person's about your account easy for them to sell your stock out of nowhere
b409bd4b618c97640e3becb1,Robinhood,google_play,Simple and easy
bb392dd85802aca76f3c710b,Robinhood,google_play,Haven't had any problems. The app works.
dbaa2e4bd0965cd7352faadd,Robinhood,google_play,Excellent experience
71826bf75f78b861ca818745,Robinhood,google_play,Easy very easy
ac243aed9d33d99344c81693,Robinhood,google_play,Exceptional platform and investment opportunities
1bd24e141b2d9a28c04483f6,Robinhood,google_play,Very good app for a beginner.
473e9e9f919f6ed852dc8fef,Robinhood,google_play,Easy to use. A++++
e0ba68e6a48a06a2618c796c,Robinhood,google_play,This app is great
5949b3624e0068d922ce0888,Robinhood,google_play,very easy and educational broker app. it's done wonders for showing the basics of investing.
ad6033f4dfac9db953d0d675,Robinhood,google_play,"Decent app but would be better if a buy order (market price) would overide an existing (pending) limit order. Currently, if you have a limit order for the max value of your account and want to place a market order for the max value of your account, you have to 1st delete the existing (pending) limit order before placing a new market order. Other platforms override existing limit orders or at least have a pop up to ask if you want to overide the limit order (s) to free up $ for a new market order"
c022f72a5f3cbdfc6db60b67,Robinhood,google_play,Money printer goes brrrrrrrrrr
1ad3521997b99f17c7bcd2ae,Robinhood,google_play,best trading platform in the business
75f02fac96c4db30d3912d65,Robinhood,google_play,App lags and freezes during critical trading times. Terrible.
2846b69492b21b8ab10b032a,Robinhood,google_play,easy to read charts
80936a06230c55802ad183b9,Robinhood,google_play,what the hell.
c289518152d36a26a0829cc0,Robinhood,google_play,This is called Robinhood and it definitely lives up to it's name. this app would drop the value of your stock and or crypto when you buy in then raise it when you sell... lol but it is what it is I guess. Yeah I DEFINITELY WOULD NOT RECOMMEND THIS TO ANYONE... NOT WORTH IT UNLESS YOU HAVE ROBBIN HOOD GOLD..
3927f559f2f1b799c34ee76b,Robinhood,google_play,"Robinhood is an easy to negotiate platform with many stocks to watch, invest in and peruse. I really enjoy it"
c2e53d8e38fee603119a7872,Robinhood,google_play,"they won't use cash app to move funds. Also, this could be a great teaching platform, but 1k for someone to learn or use as a teaching tool isn't feasible."
40336c5654476524eace0482,Robinhood,google_play,"cannot find investment on my roth ira, tells me I need an update on the app but nothing appears"
6ebf40fd22ad8d694c4d25e0,Robinhood,google_play,love the tax lot feature which is now available for your crypto as well.
2e5ff886182fd14ae51eacf6,Robinhood,google_play,Fun
16c80d626957aa7bb43f8217,Robinhood,google_play,"I've been using the app for over a year with zero complaints. It functions seamlessly, and has provided a good place to start developing strategies and testing their efficacy. It provides easy access to the info I need to make informed decisions and it lists or aggregates my position, equity, etc. in a way that I feel is intuitive...That said, while I looked at other options when I first started using it, I have not used any others recently so I can't really weigh it in any comparative sense."
2539c5645df12ef7bf0f5cab,Robinhood,google_play,Helpful
e996729a4a70a65e939e2527,Robinhood,google_play,Great app. clear and intuitive.
80b931dba86e58e57c8816fb,Robinhood,google_play,very informative and user-friendly 👏 👍 👌 🙂
867e8214ac3df7e68b61f4a5,Robinhood,google_play,great app stock illiterate friendly.
cdb8b3f1444c4256927f2f89,Robinhood,google_play,Good app to start with for investors.
83f83d6179b0f294055a7562,Robinhood,google_play,First time invester. ooh that was fun and oh so simple!!
f31538a854c98785e7639f27,Robinhood,google_play,"rerating a 3star just for the app, its really hard to navigate,accnt history is empty so you have to prompt thechatbot to help you access it through the help section,then scrolling through it is a mess.the best i can describe it is that the transactions keep reordering as you scroll down.please fix this!anyway,im pretty satisfied with robinhood overall,just not so much the app,& cant rate higher until these issues at least are fixed.thank you for reading!i appreciate you guys but pls fix theapp!"
398ceb7c99476fd184a9745c,Robinhood,google_play,Can not access my account.
9a0d992947b1cd51731079f0,Robinhood,google_play,"The features they bundled in App like, Selling Specific Lot, Advance Chart, Analyst Review, and other trades data are fantastic. Many leading other platforms do not have such features."
1db9e3d46df2f62c6c2bd89f,Robinhood,google_play,awesome 👍
64393ef799d2d34765c482a4,Robinhood,google_play,My experience has been good no problems.
8fb6c8fc5787b7bd4ba8fe0a,Robinhood,google_play,What's good at first until you get limited for day trading?
49c3d9a9b8b6c41104265cea,Robinhood,google_play,"Great app! But, give me a way to view my investments without Crypto being included. Crypto has its own screen. I don't want it on the same screen as my stocks and such."
553d228142d086c95ea693d7,Robinhood,google_play,Good
d94f12ca7e56a102effea8a4,Robinhood,google_play,"Best investing app ever, nothing comes close."
baee991382d4cdfecdb668a8,Robinhood,google_play,"Im looking at early retirement, I'll have additional income I'm not even worried about social security... I wish we had Robinhood in my 20s I would have retired long ago."
4ba6634e2814563619d3d8c3,Robinhood,google_play,Still trying to understand all the lingo? Most of valuable stocks are to rich for my blood. Still love the app
3eb50fe5b6eb384edac022a4,Robinhood,google_play,it's ok
9dc0459d4927475a6190d9e6,Robinhood,google_play,Not enough crypto to buy..no $LUNC $JASMY $BONK and ECT.......
cccfb9ad097761b6389a2a6d,Robinhood,google_play,I like the fact that I don't have to be super knowledgeable to still be able to make money on Robinhood. It lets me learn and earn at the same time.
39e21fb81a3fa8a0f58d7740,Robinhood,google_play,Very convenient
e318ada1d4cfeb43a983ca2c,Robinhood,google_play,terrible app... easy to put money in but don't expect to get it back...
6a49b2c51c5fd37d2b99dd07,Robinhood,google_play,very easy to use.
d1824a8fdaf35456bdef33a9,Robinhood,google_play,provider of great crypto services
fdff043b832312d7a5003550,Robinhood,google_play,"Stay away from this broker. I received an email from Robinhood saying that someone had logged into my account. I immediately opened the app and changed my password.After that, I contacted customer service, and they froze my account for more than 5 days. I feel like I was penalized without a clear reason.In my opinion, Robinhood is not safe anymore. I will be moving my account to Charles Schwab, which offers better customer service, better charts, and more advanced trading strategies. Awful."
a236fc54260be59deb441256,Robinhood,google_play,easy to use love all the features and settings
91c599298829d5335639933a,Robinhood,google_play,Easy to use!
fb40c0654f4c51b73b6e3018,Robinhood,google_play,Fan
1e7cb8295d9374d4cbf2478d,Robinhood,google_play,great
1884e06b4ec466785e5f943c,Robinhood,google_play,pretty good app
c5e7b9375c2aaffc859baf2b,Robinhood,google_play,"Great but fir some reason it keep saying my screen is being recorded so I can't get it, and yes my phone is not sharing .smh pissed now"
441a80573ae67dbd0def9ad8,Robinhood,google_play,"sick of your annoying ads, so enjoy your 1 star review"
dd8e6c0ffcd366a6cba1d8bd,Robinhood,google_play,Easy to use platform
b134fdc634af9487e22584e7,Robinhood,google_play,So far so good.
9f235a651a0664eae49aeefb,Robinhood,google_play,its a good site. use it enjoy it profit from it
91d76540b1b99ff50417ed63,Robinhood,google_play,"Others the app probably works fine, but for me it was a waste of time. I have no beef with rhe app but the policy mostly. I guess Im a defi kinda guy."
b81313f1ebd594a01997d0d4,Robinhood,google_play,Mun knee pho mo mun knee cuz I vest to spend it like whoa got chicken scotch bye hearesa
8ccbb942ac465d7a377bcf1c,Robinhood,google_play,Info readily available and organized well
65819417cead140d522e27d5,Robinhood,google_play,easy to use!
01eb51c2ed2b08a89856c41d,Robinhood,google_play,Very good app easy to use
30fead4c04e8b47a2afc8c14,Robinhood,google_play,I like that it explains the investments you are making
efcce0f7fcb68fe39e33b332,Robinhood,google_play,app is laid out very well. easy to navigate and find the information you need.
ce3403302fb6a06ad0f48e41,Robinhood,google_play,no longer have access
ade265c34513373b21a113fb,Robinhood,google_play,"3 Earthquake: this is fascinating, it shows the seismographs in Kentucky registering the huge Russian ea Russian earthquake. University of Kentucky seismologist Dr. N.Seth Carpenter says these sensors 251-4562Eartihquake: this 8.95. is fascinating, it shows the seismographs in Kentucky registering the huge3 Russian earthquake. University of Kentucky seismologist Dr. N.Seth Carpenter says these sensors are very sensitive so they can pick up on weaker activity that couldn’t be felt by humans. 92"
f0e7e29b386d1cf0a5d5b1d5,Robinhood,google_play,great app and very easy to use
4b2fa2a2d0e7ed1240857cb7,Robinhood,google_play,"Easy to use, tons of features, simple User Experience."
a1f87475f3624d706465e634,Robinhood,google_play,ok app but $ gives horrible fills on market orders as well as selling options 30 minutes before the close on Fridays also need to change the possibility of selling limit orders below the market price because its very easy to confuse with a market stop order
1ecfb43487349ee8be99d396,Robinhood,google_play,okay app seems to turn off when I start it
d05b2ea7d43711db0544ed92,Robinhood,google_play,"Pros: User interface for trading is great and easy to use. Cons: limited charting, too much screen real estate is taken up by relentless upsell ads"
b5d10a6b397056e9089e4ab2,Robinhood,google_play,Been on the app since 2014. love it and all of the improvements robbinhood has made through out the years.
1e269f9c827c238c1a551386,Robinhood,google_play,I give you and say healthy but Neutral 5/5 Quick service provider
b2dbb5e767507ac4818c4f9a,Robinhood,google_play,"played with my money and made me wait to jump in on amazing investment opportunities. still use it,but man I'm upset with them."
5dd8f788526b3fc9e0ff714e,Robinhood,google_play,Very easy n convinient!!
6275891f9998ba7c4056d02d,Robinhood,google_play,The app keeps flickering and I can't open certain tabs on it! If this issue is resolved I'll edit my review to 5 stars
1dcf867f00d3f355e3ab8560,Robinhood,google_play,"this is a great platform, everything is easy to understand."
19a6ab77613998e0f85be89e,Robinhood,google_play,Great platform for beginners and experts. Really clean base and easy to navigate.
ed96dc0ecef51653a8ab129f,Robinhood,google_play,👍 😎 I might get the credit card now
0611a6aa9c0b413b0a4e0288,Robinhood,google_play,I wouldnt invest this Robinhood after they locked people out !
7ba90cbb3c546629a1003a55,Robinhood,google_play,This company Sucks! Find another way! Seriously. I've deposited money twice from my bank and both time the transaction would not go through and the money disappeared for 2 days. Robinhood takes no responsibility and blames it on the bank and vice versa... Terrible company and terrible customer service. Find another way to invest.
acc2b25b5efd68aed989471a,Robinhood,google_play,the best!!!
385a9bfad96809e0363216e8,Robinhood,google_play,perfect
510831c811e3de1b194b68b9,Robinhood,google_play,it's been good
517fbe98f64a292cb2fe9b5f,Robinhood,google_play,awesome app
dda64ec6e550010510a97a54,Robinhood,google_play,drty yu
74ee59582c2d003b9f5f20b6,Robinhood,google_play,Best app for crypto purchases
10b264c77536469c8fdcb2b8,Robinhood,google_play,"I was offered a promotion to move my cryptocurrency over to Robinhood of 2.5 percent. I moved it all there and they never gave it to me. I wasted an hour with their ""support"" just for them to tell me I couldn't have it. Even when I said I was moving back to coin base his response was ""thanks for choosing Robinhood"". Use Coinbase instead. They have stocks also and actually give you what they say they will. I think they are not honest, and I've had problems with their interface."
a92eca6430ea1f5f3106463a,Robinhood,google_play,I'm think of switching to another broker. I usually do my trades from my android phone but have noticed that the app keeps crashing while I'm in a trade have to restart phone to get the app to work. The price is delay I have to do a split screen with my webull acct to get current price and 1 min indicators. Also having to wait until 4 am to trade (Cali time)other brokers start earlier. The better I'm getting at trading the more I'm noticing that this app doesn't have what I need to day trade.
0b4e2624b133438bfe1229d7,Robinhood,google_play,I want to start using it more
f511fd8fa121c2f052d1cc04,Robinhood,google_play,This app keeps stalling. Please fix this.
7ba81309a594ccc74114ec6d,Robinhood,google_play,Terrible customer service who are hard to contact and love to hang up on you. Definitely not queer friendly.
875ddbf062dfa3c065f606da,Robinhood,google_play,I think someone is trying to use my Robinhood account.
162410192bf73baebbd7f161,Robinhood,google_play,"I loved this company. Until 2024, has me questioning their intentions on security. Using the excuse of security to collect more data. I'm sure this is not the only company doing so. &Now June2024 site doesn't load, display or work the same as years prior. 2025 now can't access desktop only app.. I don't like app layout at all not same as desktop"
fe4ae39cffa46a92287ef6d7,Robinhood,google_play,Best all in one investing app out there. Robinhood Gold brings value as well
fe2c30d9afb853494384460a,Robinhood,google_play,"blackmailed me, doxxed me, delayed and pushed back with everything, wouldn't let me withdraw money. pure trash"
131f1394ab169b9ead1f27db,Robinhood,google_play,ridiculous. it won't allow me to create an account but won't tell me why. I looked into me maybe already having an account? The BOT couldn't forward my question to a HUMAN BEING so I'm investing elsewhere
20a446305acd83fb09b62baf,Robinhood,google_play,It's ups and downs but it's changed my financial life for the good that's for sure.
dacdc653f1cbdbbfe9b39669,Robinhood,google_play,Confusing process and bad customer service. Denied the ability to invest with options without a proper review until 2028. Customer service didn't know why and wouldn't assist.
38523a1a1b467b2117f09ee7,Robinhood,google_play,w2²w 3A
9162f359cb54273ad3c86d15,Robinhood,google_play,excellent
815bc24aff314a5b307c5165,Robinhood,google_play,l got espriend for is phone ok
8ca017c7bb21de3bf4725c1a,Robinhood,google_play,It give me all the knowledge I need to make informative investment
4d88be61cff14f881600c62a,Robinhood,google_play,"It is easy to navigate, but lack important data, and the lag in real time data is disappointing. I guess that is there to undercut the small invester. Been using this app from a couple of years for its ease of use."
d700215f396aeabf2eae4d46,Robinhood,google_play,Good job
d4665311119a746142b53b33,Robinhood,google_play,"Yet, another disappointment with Robinhood. They had a sale on their store, I had to be exactly on time to press the button. I pressed it and it took me to different sales page window. It asked me to wait, counter running 10,9,...1 minutes, and repeated after a minutes. I waited an hour and finally ti would say, sold out. How can't such a big tech unable to handle users properly? They could have improved their system such that people wouldn't have to wait an hour for sold out item."
5d0a1490d4c660cb7304da54,Robinhood,google_play,I really enjoy this app.And it gives you opportunity to learn and invest
07222c05e5aada8f64f47a8e,Robinhood,google_play,Would like a more customizable dashboard.
c7bc487190d65f325a069ec7,Robinhood,google_play,great app
f2b35902bf450d47efcb95ca,Robinhood,google_play,easy to use. you can buy $5 dollars or less of stock from almost any company. you can add more easily. you can see if your investment is going up or down easily 1 month . 3 month . 1 year.. other places are confusing.
d5f748db8baadcd5621bca98,Robinhood,google_play,Good
05b858780e643f882c5dd345,Robinhood,google_play,"Good app to trade and buy shares, but does run a little slow"
0050f3836616b2077c743f79,Robinhood,google_play,I wish there were more promotions
88075b1bdbb9cf1c2861688e,Robinhood,google_play,Really enjoying the app because it provides me with real time update.
5978b0aeb87075685c529b84,Robinhood,google_play,there always seems to be a bug and the time it takes to get your money after a sell is a little ridiculous.
f37d828facaed6180886d7e7,Robinhood,google_play,So far so good
4a6e8a48ac4d401fe15ca61a,Robinhood,google_play,Great easy to use
69bd0b3d3d325cc176165f41,Robinhood,google_play,Trading options contracts for 3 month and so far so good.
d1330ddef291d94dea199d57,Robinhood,google_play,great so far.
a5ea7226410c0564d9ac7873,Robinhood,google_play,"I recently jumped back in the market and have used RH before. after 2 weeks, I can say if RH doesn't fix their app asap, I'll be moving everything to a different acct. This app slows to freezing like clockwork! I can't get very far into looking up/research b4 force stop happens. EDITED: Oct 6th 2025, RH did it again. entire site locked as I need to sell shares worth 21k!!! this was to get me out of debt!!!!"
a1efa52a6b1d347255678ebb,Robinhood,google_play,Personally it's embarrassing you'll want our information pretty much shows how fake you really are.
9477982c729603a50dbd86c5,Robinhood,google_play,Always a pleasure to use. User friendly app.
34ece118353c70613fc65d64,Robinhood,google_play,very intuitive interface for mobile trading
e26afcc38d95e480bfc2aa22,Robinhood,google_play,Good
66214c35b7473d55cfd9ed97,Robinhood,google_play,Excellent app! Robinhood has changed the way I approach stocks and investments. The level of access and the user interface makes it easy to monitor my portfolio daily wherever I am.
e8066a22c83312c558e42ce9,Robinhood,google_play,I love this app! ...and company!
c4844461597f8375c3e9aca4,Robinhood,google_play,"I tried to create an account for the very first time ever, and it says that my email has already been used. I tried to update account email info and it told me to get the latest update, which I already have."
33a259a43c6c4d5abaf57413,Robinhood,google_play,could use a few changes but overall a very good app and a very good platform for trading play a decent interest rate on money held and it is very easy to deposit and to immediately be able to invest
b5409f53173d46b5832dcaed,Robinhood,google_play,best app for beginners and really one of the best over all. could be a bit better in some facets. should have a social feed and drawing tools. maybe better charts more similar to Webull. but I love the app.
12515f74871693615e36698d,Robinhood,google_play,New so far - kind of confusing and hard to understand some aspects but so far so good
6ec5b5cd589564e6dd84e4d7,Robinhood,google_play,I have nothing please help me non profet
5989d98d3e81dfeb71c311b9,Robinhood,google_play,"Worst customer service, don't do business with this company. They take your money and keep it until a lawsuit comes along. In response to Robinhood... We've been trying to contact support the past two days, but y'all won't respond to us, hang up on us, or say someone is going to respond, and they never do. The first day, my bf hung up after being on hold with yall on the phone all day Tuesday. Now it says Wednesday that his account isn't recognized, and he never got an email from robinhood."
d0e455dec393d743321af598,Robinhood,google_play,"A corrupt company for not letting me invest on a stock, i was macking money off ,they prefer to help the rich than the poor,so much for the name robin hood , they should change the name"
b0c9852ac2519bc4e60a93e9,Robinhood,google_play,easy for me with no experience or knowledge
5d7423cd2befbc19467c2f17,Robinhood,google_play,Robinhood App. Is my stock investment application.
8122f05fddf4401ac38a6191,Robinhood,google_play,easy investing and plenty of perks
39ca0d34ab7bff81411e6032,Robinhood,google_play,"Patience is needed to meet your goals, but well worth it when you do."
a0ffbc5a1351e9879c185391,Robinhood,google_play,No issues working properly and hook up and I have complete access
ba7d196fcece6accd466a7c8,Robinhood,google_play,wonderful easy to use and very helpful
13833cbda176242dab36b4c9,Robinhood,google_play,"Customer support is very terrible. 1. My 2FA suddenly disappeared. I emailed support for help, but the issue was never resolved. 2. My account was suddenly blocked when I used the Python API, without any prior notice. This caused me to lose money. When I contacted support via chat, they didn’t understand the issue and said they would email me later — but I never received any follow-up. Until now, I still cannot use the API. Of course, I’m moving my funds to Coinbase for safety and security."
7c85dfdd8faaea05d1ce4af6,Robinhood,google_play,Gambling
e47496310a9f527adee46665,Robinhood,google_play,"I had previously given this app a low score due to the slow clearing of the funds and transfers. However, since the funds are available the following day I decided to change my review to a positive to reflect this."
528be30510fc17ff0f66ab18,Robinhood,google_play,It's really fun app considering I don't know anything about money
fe100a7fc674a0756fcbe847,Robinhood,google_play,I enjoy using the app and have never had a huge issues but a) customer service is frighteningly non existent. It scares me out of committing too much. b) 90% of the UI is now dedicated to selling you more products instead of providing you useful data. Not even sure if they still have a financial news stream.
b83565c35e736b89b6721b39,Robinhood,google_play,app has become a gambling app for young adults trying to invest in their future. scummy company doing scummy things.
083817a2f84c0ceda6b5ca6a,Robinhood,google_play,"Seems to always go ""offline"" during regular trading hours, despite using wifi."
ea6488baa48e3d3a78608c4c,Robinhood,google_play,Awesome experience. Easy to use. Wpuld like more chart variance
f3680d4a69afba17d9f21030,Robinhood,google_play,Easy to use helpful information
5e90023ae0cd07979c789a60,Robinhood,google_play,"love the platform!!! I use all the features including Roth, custodial, checking, savings, Credit card,and Brokerage accounts all in one place"
871f3547891a4ce39505948a,Robinhood,google_play,I'm still learning this. But viewing the app early in the morning is very hard on the eyes since it's so bright. Please offer dark mode.
34af1e5947130eaad5e2099f,Robinhood,google_play,"So fun and easy to use, I love it, not so difficult like the other sites, so easy even a caveman can use it, lol."
9619f829fbeb854b36342423,Robinhood,google_play,Nice to play with
f2985d1d14b5f50e2f7ea20b,Robinhood,google_play,"One of the best things about a Robinhood account is its **commission-free trading** for stocks, ETFs, and cryptocurrencies. This makes it an attractive option for both beginners and experienced investors who want to minimize transaction costs. Here are some other notable features: * **User-friendly interface:** Robinhood has a simple and intuitive interface, making it easy to navigate and use, even for those new to investing. * **Fractional share investing:**"
88bb246d01cde782a4cfdcb6,Robinhood,google_play,Would rate 5 starsz However I'm unable to send and receive crypto.
070ab26a303ff6da880decdd,Robinhood,google_play,It's never installed after days of trying
4ac40f2923c03c1d14cdb3d0,Robinhood,google_play,love this program. Makes stocks more understandable
2e96d18c8a4e76c8d9ce18ca,Robinhood,google_play,I can not log in on my computer. Nothing happens when I click on the notification on my phone.
9fd8b7fcf1caf2324f8ae483,Robinhood,google_play,Easy to use
9fcd0cc5edc66fbe4f63ff13,Robinhood,google_play,okay
d689b5278bf6d3b3b120956c,Robinhood,google_play,"Great experience, really appreciate all the updated services, and creative investment ideas"
957dd210d616dfe131ed4f66,Robinhood,google_play,Easy to use for beginners
f1186c48af9bd61875b05de4,Robinhood,google_play,"Several things that I don't like about the app: 1. It takes so many steps if I need to place an order, which defeats the main purpose of a brokerage app. 2. There is no easy way to know all my positions with multiple key metrics, including daily change, daily%, Total change, Total %, etc. Also I cannot disable the little chart next to the symbol. Plus there is no landscape layout if I want to see more data. 3. There's no easy way to list different entry points for the same asset."
a7de9a24a0605156623ba905,Robinhood,google_play,there are no updates when the app ask to check. you can go no further to open the app correctly
56b09db281b0b8356134ae2b,Robinhood,google_play,"Good customer support, easy to use"
0f19c5a8c01d93e64526baf7,Robinhood,google_play,The staff are professional and courteous.
f050594ddfd0fd139146f095,Robinhood,google_play,good 👍
c0faf96458ee551b2eabd275,Robinhood,google_play,I have tried to create an account several times. I get to the point that I enter my SS# and it tells me I already have an account and I need to finish setting it up so I enter my password and log in. then it has me enter my SS# then it tells me I already have an account 🙃 and the cycle starts all over i was to go and open a kraken account now I'm buying crypto there guess I will find somewhere else to get stocks 🙃
46b769bf58a9d734c506e449,Robinhood,google_play,pretty cool way to get in to investing.. my wife and I both have accounts and enjoy the eb and flow of the market and learning how to navigate it
c506d44679fb818874209d97,Robinhood,google_play,I like Robin Hood
e1bf6484bf90167515b38429,Robinhood,google_play,Made so much ey thanks to Robinhood. Most millionaires have multiple sources of income. This is now one.
ecde092984a9b464a3b3bcd0,Robinhood,google_play,Much improved bravo!!
8fb490e9744b20b087024e4a,Robinhood,google_play,the best app for investment.
ad05c0ccdb637007a5d0e440,Robinhood,google_play,"Terrible, it gave me so many issues all around, even customer service/ new review, it's gotten better but day trading definitely ain't the place im looking into other brokage for that volatility trading definitely ain't here, can't get into market most times AND they'll freeze trading if the uptrend hits super high up buyers beware, best bet on the app is slow trading but even then im very bearish of this company's outlook"
72ca31afe3016ba4d03c9111,Robinhood,google_play,"I've used this app for over 6yrs. Somehow, they still do not show 9:30-10:00am Eastern in the candlestick view. Things like this occupy the backburner at RH."
f3f3a1f2ef3d5ae73f62b31a,Robinhood,google_play,"Just a reminder NEVER to use this is a main account and never direct deposit into it. They froze my account for an entire week. I was hit with a rejected payment fee and a late fee. Apparently it was flagged as suspicious. So I call them. They say it's going to take some time. I said, ""why? This needs to go through now. It's time sensitive."" they said they couldn't. The least they could have done was reimburse me the $150 I had to pay extra to my mgmt company. 0 stars"
b769960971ab9faa8073f01f,Robinhood,google_play,best app for trading!
6a9425da7f901c8cbe35508f,Robinhood,google_play,Great app
6f387f668f7a03be80ef88d6,Robinhood,google_play,good overall with some hiccups.
558e35c141dd766729acce65,Robinhood,google_play,"Great app, awesome interface : Robinhood interface being so user friendly, I entered to trading only because of that. If a few dual order like Take profit/stop loss kind of orders get added into options, I bet you no one well think of any other app for trading."
3efb76087f88ded61d8ca4b7,Robinhood,google_play,horrible support terrible app would not recommend
f7b9513a701827b25dd077be,Robinhood,google_play,Joined as part of a promotion for a friend. First time buying stocks ect. Easy to use and informative.
3a965984ee2507b1232d2da2,Robinhood,google_play,Love but currently while having colorblind enabled you cannot buy or sell crypto without the app crashing. Turning colorblind off resolves the issue. Please fix so I can use colorblind thank you.
2bf06e2e808bda7395ad2ea9,Robinhood,google_play,Terrible app for investing. Unstable during volatility and you will not be able to sell
8583ed475936c93fb80f0af7,Robinhood,google_play,the explanation of things help
12179e558a65116edd6c1e1e,Robinhood,google_play,This is a must-have app!
1be76666c42c6f98856908ed,Robinhood,google_play,"Easy to invest, love the trade options as well"
51e8fef828f24c1351023450,Robinhood,google_play,just downloaded the app and already has to to do an update
32478c0181be20f433d64576,Robinhood,google_play,So many things are wrong with Robinhood. Please download a boring but reputable investment app instead.
23649765d32b292cd0feba93,Robinhood,google_play,Great. Easy to navigate.
40327ba10cb5d1fbe5473d4a,Robinhood,google_play,"""Set a stop-loss, but it executed as limit sell and dumped my shares way below market—total glitch, no warning, lost money. Fix your UI, Robinhood."""
8599bd2ff35e7a4bc47ab161,Robinhood,google_play,"The only thing that gets me, is how easy it is to get sidetracked into betting on sports instead of focusing on my stocks!"
010ece96fdddfb600604bfbf,Robinhood,google_play,Free money
5a45d55b1355a9651bc2d259,Robinhood,google_play,"A bunch of scammers, More like the Sheriff of Nottingham now days."
06cf2481107f0ad507a52a4d,Robinhood,google_play,"I believe l can learn how too save money and buy stocks with this app we will see, want we ?"
7d0432dc1284f6550d2008cb,Robinhood,google_play,This app is totally worthless especially when trying to reach a real person.How do I get a hold of customer support? I'm trying to fix my account but the app is quite confusing and doesn't want to provide help.What a waste of investing in stocks when there's no support in trying to fix issues. I wouldn't recommend this app to anyone since there's no support
d1d2d1f5ba2f7e4ac8669ff5,Robinhood,google_play,good trading platform
ab50c0cef75b6f08c7036746,Robinhood,google_play,5 start to 1 star. Used to really love the app. But recent customer support experience has been absolutely pathetic. Could not resolve a simple 1099 issue for more than 5 weeks. The level of negligence is appalling to say the least. Going back to legacy brokerages who are much more serious with their clients!
6bf6fe1b7f2759b2d16c013f,Robinhood,google_play,Best Experience Of Life
107676ba514cad5d995013a6,Robinhood,google_play,"App currently not working, won't even load!!!!"
fe187d3db6a9ffb5b4b3cd81,Robinhood,google_play,Easiest way to play stockbroker!
302efadce7f4ef3df1d31fe7,Robinhood,google_play,"THE best,app out there"
9fbcb35b5ba897c445ce12de,Robinhood,google_play,"Screw this app I've did some trades or tried to buy low sell high and there's always a glitch or error message. I've lost at least $500 because of this. Then I transferred some assets out and got charged $100, like an FU from them for moving MY MONEY!"
e76370f899ac785d49b30b7e,Robinhood,google_play,New to me but so far so good
44aceb2154a61323f7ecb617,Robinhood,google_play,So far so good easy to setup and use in minutes
af9fe85a1c9f8b717134a817,Robinhood,google_play,Good customer service and support
e0703d051813d0f46fea17ce,Robinhood,google_play,While it does need to improve on a few features it still a better app than what schwab or webull offer at the moment.
f40b34fec9dd8296b63c873b,Robinhood,google_play,iffy
00aea5679aa0b10ea166e7cd,Robinhood,google_play,I enjoy the ease of making trades.
c5964314720692a2b96b21bf,Robinhood,google_play,pops up way way too often and runs way too long!!!
0edbe5a614428d5859f742c2,Robinhood,google_play,been trading since 2018
054ca40b19362acc3f998b7e,Robinhood,google_play,It's great and easy v
f39de18250d0a103edaff7c4,Robinhood,google_play,"crashes often, accounting errors, support just blows you off. lost money and not through trading."
148830b0e40212877db67ca7,Robinhood,google_play,"Easy, lucrative, and made for us"
7e5037ec5d4009bfdb0b904d,Robinhood,google_play,not user friendly. very difficult to find option or order status. even activities history not available
eec4fddcb88cfbea00709b23,Robinhood,google_play,I really enjoy using the application! 😎
93dfab29a31c0d6c683d4cd5,Robinhood,google_play,"Easy to use, love this app. I suggest it to all my friends that want to trade crypto or stocks."
1c9fd778f8b46877b7dcda0b,Robinhood,google_play,Honest and very reliable
c718ab5e73a47e310f1ae951,Robinhood,google_play,Terrible. Obviously not for anyone who takes investing or trading seriously. The UI is childish at best. The options chain is a joke. Then it shows a P/L with math that doesn't add up.
c0d6331fda9e724fa57e6972,Robinhood,google_play,Love this app!! It has made me a very focused and calculated investor.
b057b091f0f1d0689feaebb9,Robinhood,google_play,better then playing the lottery
2db9d6525a6b32822c5b03b7,Robinhood,google_play,"Big Zero for customer service. Trying to get my adress updated from last 20 days as i moved , provided utility bill , bank statement , license, face verification via their app but nothing worked so far. Keep on getting email from new person every few days asking for something else. I was able to do all of that for 7 other financial banks/firms mins after i moved. Its just Robinhood thats giving me hard time doing it. I understand security and all but not to an extent where it cause problems."
ff91709248002f5f8447032a,Robinhood,google_play,easy to use and quick transactions
ee2e6aebf22eacc9e9cabf28,Robinhood,google_play,"Remember that one time they blocked people from trading, and then Google helped them change all the negative reviews."
ef7451452dcdf8bec8dbfa4f,Robinhood,google_play,Very nice and easy to use...helpful.
3ce86640d474bd2dbf9b1248,Robinhood,google_play,"Not a user-friendly investing platform whatsoever. The application process alone is an overly complicated hassle filled with constant surprises, and the customer service is poor."
6dab46d191d26fed30adc3ab,Robinhood,google_play,"Love the app! I wish some features were included instead of having to purchase them, but besides that, it has been a great experience using it thus far. They provide some background info on each individual crypto coin, stock, etc. for new comers to learn as they begin on their money multiplying journey. There are a decent amount of trading options as well."
5f0c7b08140c1243fdfb6173,Robinhood,google_play,couldn't connect with a live agent and could not access old account
2a2868cb6cd978dfefa0fb45,Robinhood,google_play,love it
5fe1ea23a8da05150c1ef24f,Robinhood,google_play,Terrific APP
d6b2e7e02120be60656880cf,Robinhood,google_play,"The widget stops updating after a few hours. No matter how many times I click refresh, the stock values don't update. You have to constantly log into the app. Even if you momentarily open another app, you have to log back in"
3ec4f8aa10017a6ecaba4fb0,Robinhood,google_play,they have hack your account! stay from away!
7713d5ffe839af64bdc5c97a,Robinhood,google_play,I receive an excessive number of ads for this app and have no interest in it.
2af2ab2283613e7150604834,Robinhood,google_play,It was very good helping me to save
b6dd0d8a35bd6dfbb02dec11,Robinhood,google_play,"carrot danglers, stick with the Fidelity or Etrade or Merrill not these clowns. The 1 gram gold sale was a waste of my time. And it was never going to let me buy! Very upsetting. Robinhood you stole my time. Shame on you! Scam. If it's too good to be true, my family kept saying as the estimated time kept adding 10 minutes to the check out and kept saying don't refresh. Shame on you! then it says out of stock! it was in my cart! where did it go? don't trust robinhood!"
5d18dea265425a817432d06e,Robinhood,google_play,The absolute imbeciles in your security development have made it impossible to get back into and use my account. How can I update my number if it's setup to text my old number that no longer exists?! AND WHEN I DO GET LOGGED IN IT STILL WANTS TO TEXT THE OLD NUMBER IN ORDER TO CHANGE TO THE NEW ONE AFTER I VERIFIED MY ID TO GET INTO MY ACCOUNT! WHY DOES IT HAVE TO BE A PHONE NUMBER ANYWAY. WE HAVE EMAILS! EMAILS THAT DON'T EXPIRE! OH CHECK THE OTHER DESTROYED DEVICE?!GFYS ROBINHOOD SECURITY TEAM
e83ddc9cf1dbff9a32343acf,Robinhood,google_play,The layout is easy to navigate. It it user-friendly app. I used since 2016.
0a00473ffb73a2beb33b818c,Robinhood,google_play,great
f49d9ac8875da73f313fb09f,Robinhood,google_play,A little hard to navigate for new comers.
6a2a6c687676b6bb17c31fe9,Robinhood,google_play,Thankyou .how do you get to stocks to put cash in thank your time.white back
79fd6af4357b5a33847661e2,Robinhood,google_play,love it
6f597f9a7dd5aa1577860a61,Robinhood,google_play,"I like this app. End of the year report made it relatively easy to file taxes. I like the APY % on my cash sitting idle, but I'd like it to remain constant right at 4%. I'd recommend it to anyone."
ccd7678e0340615a6859a346,Robinhood,google_play,so far so good. easy to use.
e92a68a6bfd59b59f3c35d8d,Robinhood,google_play,"easy to use, plenty to learn, simple to invest."
89bf5935684190a4cb833614,Robinhood,google_play,So far so good.
706701a78a155ae83d9d4979,Robinhood,google_play,love it really easy to use
c631801f0d628c861b8cc68d,Robinhood,google_play,very easy to track my portfolio. user friendly
57733ca122991f99ab7aa3eb,Robinhood,google_play,"I would give it more stars,but they are out of control with the messages. I would like updates occasionally, but all they have is stalker modes. 20 plus messages in an hour. Weirdos, what is wrong with you,stop sending me so many messages !"
9c02c23506c2856185824e77,Robinhood,google_play,this one of the best trading platform
a8bb2988c3f93eaad0be5b1e,Robinhood,google_play,good.
96cc629446612a93a80bc7e0,Robinhood,google_play,awesome
9d99a22d432dd9124d8e2866,Robinhood,google_play,Easy to navigate very user-friendly.
fe6f7680d26abf201698d713,Robinhood,google_play,Love it
63f191a6016842bf4f06f9e8,Robinhood,google_play,I've been using this App for several years. They share alot of resources with you to increase your trading knowledge. Thank you Robinhood
5436a10281497f2120836174,Robinhood,google_play,"Robinhood is great, easy to access options trading."
4d7c21276e53e49b31eca4aa,Robinhood,google_play,Awesome easy to navigate and use
1996a1a300d1fa66ccc2eebf,Robinhood,google_play,Thanks! Easy to use!
d7baf16849fe0cf40c8249d6,Robinhood,google_play,Not easy to navigate to add money from a different account
847420a84cf91df814b287a3,Robinhood,google_play,App suspiciously glitches at the worst times.
01c5d267d810a79ca62993b3,Robinhood,google_play,so far I only have one problem.
b76cfadf53655c010c34081c,Robinhood,google_play,need more scanners.
fab6d9c0ab9a1dd61fbb2b65,Robinhood,google_play,Easy to use
7506863a3619e5de18c99e1c,Robinhood,google_play,App won't stay open long enough to login.... need this fixed..... I click on the app and immediately closes... update. the app is now working fine dont know if the latest update fixed it. but glad its back working for me. Truly hope everyone else no issues
a210068cc654173b8b63ee8f,Robinhood,google_play,great platform that offers everything I need
a181f006ed6cf83237072e7f,Robinhood,google_play,scammy garbage! everything they do is scammy. I avoided them years ago because of it and went with a competitor. kept hearing how easy calls were on Robinhood so I gave it a try and first real transaction they canceled to protect the rich people shorting AGAIN! Avoid Robinhood at all cost.
7fb2c0170958cc186817930b,Robinhood,google_play,the goat
58ba44e52fbfa3a399e482cc,Robinhood,google_play,amazingly put together!!
11bd16a2a083af7e20794d99,Robinhood,google_play,Who thought it was a good idea to change the color palette of the app from money green to exorcist puke green? Can't read it can't even look at it without eye strain. Font is micro small & color is hideous!
0fe579150b30b790961d2687,Robinhood,google_play,great
1d9552283ebc47f37a82d67b,Robinhood,google_play,"Fun! Easy and interesting...... The app is relatively easy to navigate... Also, everything is very self-explanatory and if you have any questions you can always press the info button and it will explain everything in detail... This dogs are easy to buy and sell and the more in depth you get with it and the more you learn, the more exciting it can be..... I highly recommend this app for anyone who is getting started in stocks Crypto and such!!!"
562cf8ed5359f83755ee756c,Robinhood,google_play,Just downloaded seems very helpful
7031416334ba1a6ea7d4fb2b,Robinhood,google_play,Great app.
b8ce7e2ef4bb15fa88f814e7,Robinhood,google_play,"Went to withdraw all of my funds from my account & needed to get some other issues tied up at the same time. Phone customer service refused to work with me more than the app. For those people like me who object to biometric info being taken & stored, DO NOT USE THIS APP. They REQUIRE a full 3D face scan to get certain account issues resolved. Do NOT trust these people. This is unnecessary & inexcusable. Horrendous company due to this & the GameStop debacle."
17d7ef5288b734354fd1fee3,Robinhood,google_play,terrible servers
b174b745164200c94d0ef12c,Robinhood,google_play,just getting started
33ef61509f4f41a517001481,Robinhood,google_play,Love it just trying to fix my number
099edbcb63ca9fec6ab1213f,Robinhood,google_play,unsatisfied
3dcb90f4a5b3d875ab3ebc82,Robinhood,google_play,great ui
6c141a18fd2cea629a92e656,Robinhood,google_play,This app is not a bad one very informative
f98bef24ddd1955dfd0609d9,Robinhood,google_play,Thsnkyou
d34c8f1e94d416a2ba2171cb,Robinhood,google_play,Really user friendly app
a0ba603333b74fa7382ca545,Robinhood,google_play,"Very easy platform to use and understand for anyone to invest. My #1 trading platform to use. I do wish they would get the trending crypto faster, and before the price gets too high so I don't have different trading platforms with crypto on it. All in all, I love Robinhood."
179d8e65e6bacd1245b2c942,Robinhood,google_play,"Very easy to use. I've been using it for almost 2 years, and it's still great. Doesn't seem to have any fees for most trades. Dollar cost averaging over 2 years has resulted in making some money, despite starting at the worst time. Update: They eliminated nice things like good interest on free accounts, round up rewards, and free ATM access, but that's in the past, I guess. Otherwise, great. Buying and selling investments seems free, so I really can't complain."
ca6b092367230050246b6922,Robinhood,google_play,Found the app easy to navigate and invest in crypto.
536824101ff69ae5bc90c897,Robinhood,google_play,crypto fees suck
468d5cee6ee460b058a846c3,Robinhood,google_play,¹ 5857 E rx z. sr1. Pl 4.56th 8D3 8 tra v wee rv dry ft 5 tttt2y
41a6b8958e94e2284fcd6b1b,Robinhood,google_play,No problems thus far. Great service.
4b5aa7fa6ee4e6255caeac2f,Robinhood,google_play,It's a great app for beginners who looking to invest
baba9be2b8c2b44f6db30fa5,Robinhood,google_play,I enjoy investing with Robin Hood.The app is very good
bc094706968d1991ef46b495,Robinhood,google_play,bouncing to much
b321b5a8f36d83cc0c73c495,Robinhood,google_play,So far so good
115957e3e2ab27e6db142d5f,Robinhood,google_play,easy and fun
492d826b77a0be9556aa8db7,Robinhood,google_play,really good investing app
dc39882af0eacc80e4813c1f,Robinhood,google_play,good for low income users
a615b169e46b7fac2ea579a3,Robinhood,google_play,RH is where I began my stock and crypto journey. Excellent UI and inexpensive fees. Hope they list more alt coins sooner than later. And listing at least one stable coin would be nice too.
63ba2289ff080fe103494ab6,Robinhood,google_play,"The app is terrible. Constant adds, adds, and more adds. And they're all adds for more Robin hood products. No I won't give you my money."
e58979acf15f6be464d6f6f7,Robinhood,google_play,"Easy to make transactions, awesome app!"
e06673c5528f9d678b48ab4e,Robinhood,google_play,It's a nice investing app for beginners like me. It's fixed and I love the app
9ff479f172f46b78aa244f73,Robinhood,google_play,locked out of my account because I changed phone numbers. I have tried multiple days to change the phone number and get a message stating it has been blocked to try tomorrow. update: was promised the issue was going to be resolved. followed the instructions sent via email and that was three business days ago. looks like I'll have to go to another firm.
1e31d625254016cd708bf8f1,Robinhood,google_play,Hardly use it.
eda8d587a76120f5f3eaf7b5,Robinhood,google_play,"it won't let me trade at 4 am so now I just have to watch my stock lose a lot of money while they let ""the rich get richer"" they don't care about poor people apparently"
e66d0b65a16497a2dcdf5dd5,Robinhood,google_play,can't log in to my account
4dbcb252fee9e1f2959bcfdf,Robinhood,google_play,so many unnecessary clicks. constant loading or crashing. just all round bad. not sure how you have the amount of users you do.
952b37bb24f13b933fc81e37,Robinhood,google_play,I've been with Robinhood for 7 years. I love the new updates they are bringing to the desktop and mobile app!
5ef2c916b06af4e4b1c02281,Robinhood,google_play,easy to navigate
31b6e2a109ded3795d691192,Robinhood,google_play,great way to get into stocks and crypto. very intuitive. and you get a bonus for signing up.
30cf927789e5bedac2fdbd34,Robinhood,google_play,Robinhoods policy of selling my contracts before the end of the day has cost me money time and again.
33897c2566165afb3758f2f8,Robinhood,google_play,Solid investment platform.
46b0fe6fa28ce0401fbec07f,Robinhood,google_play,Great investment platform!
01495a3a6f33f51181326ebe,Robinhood,google_play,Started with two stocks( free) that had a combined value of $6.80 now valued at $37.00 quite a return on two stocks ( free)... looking forward to doing more trades with this amazing app
2e93db7c6d68c71a7df8d068,Robinhood,google_play,buena apps muy clara
055260230623b5b04e5be795,Robinhood,google_play,Easy and Fun
125a681c662cbb200faee9a9,Robinhood,google_play,Awful- complete disregard for the law
a54dfbf2409bd553282a6516,Robinhood,google_play,Easy to navigate through transactions. Quick view of your profits and losses.
64c1429ae7df1e3461c30d9c,Robinhood,google_play,Amazing
86076a88198390fdc337db89,Robinhood,google_play,Company is run by crooks and liars. this company should have been shut down.
1805aa9a48df9d3c09817365,Robinhood,google_play,Robinhood is a garbage app. I tried to open an account but I was rejected without any information on why or how to correct any incorrect information. there is no way to go back and check info or appeal
d8ba96172b13f842242b2528,Robinhood,google_play,Very user friendly
b839efd7fec37d4920647153,Robinhood,google_play,Simple. Easy.
28d87c1986939ccb3a9336e9,Robinhood,google_play,Very good 👍
da3f88f419c9ee9fa3b349af,Robinhood,google_play,love it
73394a9bede780774251560c,Robinhood,google_play,won't let me trade futures on sports. thats the only reason I downloaded it
b5281b52d13f849386b65ed7,Robinhood,google_play,"I am a Robinhood user since 2019, and a few months ago, all the sudden they restricted my account. really!? why!!!??? I reached out to support, and the only option was to email them, I emailed them asking why this happened and how can we fix it? Do you have a question? ask me, and I will be glad to answer. Do you need documents? what you need, I can send it to you anything that helps. Guess what? there answer was ""We decided to not support your account anymore"". This is very disappointing."
259ae7e57bcaed9514df8c4e,Robinhood,google_play,Easy to use platform
f0202b2b7c197c0716e6410d,Robinhood,google_play,like that i can do everything on my phone and I like that it keeps me updated throughout the day
9acae119008b807844552295,Robinhood,google_play,Easy to us and it fun having the control to buy and sale when u want. Still after 4 year still like it
341a56b49aa680148711a37d,Robinhood,google_play,great
0d6f5d5f368139a12ca06efe,Robinhood,google_play,"Not a bad place to start, but has many flaws"
b816648a75e471b3c075c1f3,Robinhood,google_play,"I really enjoy the Robinhood app, the more I use it the more I find useful information for investing."
f5a431499339d81f08910d97,Robinhood,google_play,I seriously don't understand why this app keeps removing so many useful features.
3e04d75494d307748e71891d,Robinhood,google_play,so far it's a good app
1ebf6da4b53a3b08f3005d8f,Robinhood,google_play,Love it and easy to use
0e23d4af7587ac7d3629ca09,Robinhood,google_play,Great
1b319fcd186b444a5820240a,Robinhood,google_play,Love it
d782718dcda103d56ac81b70,Robinhood,google_play,Good for beginners in the stock market. Easy to learn with a little effort. I'm trading on this app since 2019. I'm a senior over 70.
4b7963e51166d7af4487617b,Robinhood,google_play,Great
acbc686382352573774f2007,Robinhood,google_play,"easy to set up, secure site, and very interesting for first time investor and user."
2d635513a6de1c92b7dc2490,Robinhood,google_play,"I've had an account for 10 years and maintain a 6 figure balance (no margin), and these clowns demand I get on a 30min call to enable options and refuse to investigate their automated systems...moving my funds to one of my other brokerage (who actually value their customer's time and money) this Friday"
73930c3cf1141c40ab3bf4a0,Robinhood,google_play,Awsome!!!!
fdec7d5d28dd3250b94cb8f3,Robinhood,google_play,pissed having to upload my id onto the app!!! just to get back into my account. signing on through browser and dumping this app!!
d3dbd9b9d026829a2ff58004,Robinhood,google_play,"The app is easy to use. I wish the app would offer a way of seeing more information at a time. Something like a table format displaying positions and current prices and gains or losses, etc."
b2bad8844ee0c21e92c8be8e,Robinhood,google_play,Nice thank you 👍
8d7c50d732812ea787803b4b,Robinhood,google_play,so easy to trade. money maker
a7e445724cf4df49d44423f4,Robinhood,google_play,Slow. Not the best for quick trading or selling on volatile markets
b1e8304cc2b4c2b7155ba3c2,Robinhood,google_play,"Desent, customer service is 10 times better than coin base i swear I tried for 3 days to get a hold of coinbase 3 days I just gave up left the $$$ everything.."
efdd4f00af20e5a72b113da1,Robinhood,google_play,"I've been experiencing issues with trying to get ahold of customer service, considering I've suggested the app to family and friends in the past.. now it's cause more distress than anything. I lost several thousand dollars and that's just from having my card or bank linked to it, not to mention that when I had started using it, it paid me like a rockstar then it began to become vulnerable and is being used as a train and hobo hopping and automatically taking money with or without my knowledge."
ba3ff8f37400524a97712941,Robinhood,google_play,soothe easy broker to use.
744f2bdff809c25374161ad7,Robinhood,google_play,Easy to use simple to buy and sell.
cb837da679940957a40f3457,Robinhood,google_play,easy to use trade platform. always making improvements. great for phone trading
985d270507b96587672f3f7a,Robinhood,app_store,I am a 19 year old student and currently live at home so I cannot provide a utility bill. Ive sent my drivers license and bank statements clearly multiple times over the last few weeks and they keep saying it’s unable to be verified. Very shocking and poor system since every other app works and honestly has been a pain since I’ve missed a few opportunities in investments I could have made…
8f9aef1e814cf763d0375e9d,Robinhood,google_play,"So far, the platform is easy to use and smooth sailing."
c81b5815e8843eccb61a6ce5,Robinhood,google_play,"perfect for beginners like myself, Really enjoy Robinhood app"
34fe66e0c1f59103e8556c6f,Robinhood,google_play,best overall financial services platform in the market.
8eea1d8e7b665776ecb28011,Robinhood,google_play,Easy to use
039e07b66a004f19ea7adc93,Robinhood,google_play,love my new hobby small investments are incredibly fun. more fun then gaming
78d6ae00412146d035e8312c,Robinhood,google_play,Easy to understand platform
30e78e33f7754c7cb48141c8,Robinhood,google_play,new update made pin code buttons too close to home button on my galaxy note 20
5531302d1b1ffbd4d39de5ee,Robinhood,google_play,No fee trading? Except they sell the stock to you at a raised price so from the point you buy it if it doesn't immediately go up in value you already lost money. if the stock value is 42.12 you're paying 43.05 so don't expect to get rich while they steal from you
545c358477b5dbc442ee034d,Robinhood,google_play,Really annoying app trying to upsell constantly. Their website has gotten worse too with popups blocking the screen telling me I can set up price alerts and change whether I want to buy in dollars or shares. Those pop-ups come back every time I open a page again.
37c0fe8443db78290ca03c69,Robinhood,google_play,so easy to use.
7115a6c8cfed577461631630,Robinhood,google_play,Goat. GOAT. GOATED APP!
f0c2f0c9c15e45b23e20516f,Robinhood,google_play,"I love the ease of use in the Robinhood app although I sometimes have trouble closing option positions, even when I am purposely giving up a good bit more than the ask price in order to expedite the process. On the whole I find the experience in the app to be very favorable though."
0e29ec3d4eca11b33bd5c6b1,Robinhood,google_play,Once again Robinhood takes the app backwards after an app update. The keypad that's used to gain access to the app has shifted down to the bottom of my phone and if you have an Android you know that's where your menu bar is. I keep had touches the menu bar and it's hard to click some of the numbers. Not good Robinhood!
c5a4133bfdc50310c6c48500,Robinhood,google_play,"Now when i sign in and get to the prompt to enter my SS number, i get an error message saying i need to update my email because i have an existing account. i select update my email and then another prompt tells me I need to update the app. There's no update on the download page for the app. i re-started my phone, force closed the app and uninstalled and re-installed the app. None of this has helped."
5f093d9a7e3c1a8574956291,Robinhood,google_play,The app is very easy to use. I prefer it over any other trading app. Thanks for making it so easy to trade stocks.
bfa6c69d0d9b9753172b4daa,Robinhood,google_play,Excellent
deac8234a3234777f58ed2b6,Robinhood,google_play,"Over the last couple days, it has become buggy. Multiple times I got messages indicating issues with server connection. Disappointing."
a5f8dc21e834f45dc2d5800e,Robinhood,google_play,Easy to use
3db281f77b35eeebe6437bda,Robinhood,google_play,I've Been With Robinhood For Years & One Main Reason That Made It Great Was The Availability To Use The Spending Card! But Just Out Of The Blue They Start Declining Your Purchases & Then Cancelling Your Card So You'll On Have To Waiting Up To 5 Days For A Transfer Or Be Charged Extra Fees To Send Back To Your Account! It's Really A Blow & Unprofessional How The Whole Situation So They Can Create Extra Fees For Transfers! They're Taking All The Beauty Away From Long Term Customers! Disappointed!
941e155d1cf52138479f9cc8,Robinhood,google_play,"I am a first time investor. I've always wanted to, but thought it was a complicated process. Robinhood is informative and easy to use. I'm ready to see how to invest in my family's future."
a5d48537d8ba6c4ea5ca0a5f,Robinhood,google_play,Easy to use
96bc31b959fb458ce3454d99,Robinhood,google_play,cannot get 9nto my account.
10f638e8cd5830dc63498d44,Robinhood,google_play,"Robinhood one of the best brokerages in the world, but they need to grant access to have investor to be able to invest into small cap international stocks that's already located on brokeages like IBKR"
6df3fb90ce6ce4ee85547f5e,Robinhood,google_play,"App tends to ""glitch"" or stop working when it would be detrimental for them to lose money. For example dogecoin, when people tried to buy or sell when Elon musk was going on TV, the app ""froze"" and wouldn't let anyone make transactions. Very sketchy behavior."
7550321ea739e977aa5d3ae7,Robinhood,google_play,Very easy to read and helpful market info
ec8ce7752a1a0ae5af2df610,Robinhood,google_play,great app. needs some work. but a good app
e37a729468206c9f51d6f807,Robinhood,google_play,⭐️ ⭐️ ⭐️ ⭐️ ⭐️
53a30e040067300a6bf8b603,Robinhood,google_play,Easy to use and follow.
7d6f0859bfb745d284fe4e36,Robinhood,google_play,So far one star. How long does it take to approve somebody. My application has been in review for about 2 weeks now.....
12a0ec69819368d9aef6d5f6,Robinhood,google_play,now I can make my money work for me 👍
203b6fdf0de01c3bfdfbe854,Robinhood,google_play,Learning process
aaa40eda748b11f9c5973ba5,Robinhood,google_play,If I had an account I can not remember the email. And I'm having trouble creating one now
1d17c5faf0afb028027bdd85,Robinhood,google_play,Legit
5c310c8b6aa6d0fb882b28be,Robinhood,google_play,So far so good. Easy to use.
185022811c259ee3bcdb7df2,Robinhood,google_play,using this app for a long time never had any issues til now when they've done an update and I cannot log into my account I enter my login and asked to verify with a text that never arrives so I try to verify with a selfie instead and it doesn't ever open up the camera I have money in there I can't access and I have trades that I should have done already that I likely missed the I will fix my review when this issue is fixed because before it was flawless now its useless
a7d92e4b139e8d6a12f39440,Robinhood,google_play,"Total disappointment. When you try and secure YOUR crypto to a ""cold wallet"" (especially XRP) they will lock your ""transfer"" ability down. They opperate as if they own your money. RUN!!!"
28a0ddf487e1b3a948a2473b,Robinhood,google_play,"The ads are too prevalent, and there's no verification process to avoid charges through accidental clicking (thanks toddlers) of ads. Other companies have way easier and more efficient app programming and functionality. Not user-friendly. I'd give 0 stars."
2516c118548e9c9a8638128b,Robinhood,google_play,"They need to stop saying something and not doing it i wouldn't recommend it, surprised they haven't been sued for pausing trades"
62923c81725d6b8bcbd5309d,Robinhood,google_play,won't let me in keep a repeting.
c6ca2e35d029acf84fe371f6,Robinhood,google_play,"Not good atall,bankig sistem very bad.not helpful any news."
b59b3a37deb2465a3ee0bd78,Robinhood,google_play,A fun place to make money.
0609031076dc5adac3dc7dcf,Robinhood,google_play,okay
ae50237209f01345f3799bd8,Robinhood,google_play,"It's bottom of the barrel if your serious about investing. Every six months they change their user agreement to screw over their users. I've been with them since the beginning and I liked it. Now years later they forgot where they came from and screw their users. They now use gimmicks to get new customers like fake giveaways and trivia competitions that are misleading and false. I just want a good platform to trade on, without scams."
9a10120761835bc2497b39ff,Robinhood,google_play,Dependable
46a555a6fd0d9238a86c8bb2,Robinhood,google_play,that'd be great!
52bb2886d3ffdc1cf6ee09d6,Robinhood,google_play,"signed up for acct but didn't use it. now I can't delete it. won't let me get contact support to deactivate it my.I Want this acct deactivated, nothing more!"
49d9b46d1fa95e6aad852960,Robinhood,google_play,it's good !
1037089479dbc676aea7693f,Robinhood,google_play,"It would be a great addition if Robinhood offered live TV for real-time market updates, similar to what other platforms provide."
85e4ec1251870b3c2f6c028c,Robinhood,google_play,Gold.
cee4addbad77fe8fde8363d2,Robinhood,google_play,"Great app!!, from new to advance investors!!, with update news and leading in secure investment technology!!, feel confidence to download this app anytime; bye."
916b2c15c8ad9704ae8acba1,Robinhood,google_play,"Glad it came to me, I'm very greatful for it"
ca49c7cb45d8c12f1febe9aa,Robinhood,google_play,I had always used them for cryptos and stock trades. then I moved crypto from a decentralized platform to them and they locked my account and stole $5000. I am blocked from talking to customer support. they response is sorry to hear this and they take it seriously.... yet give no way to get support or help.
29a50fd3013b745d638d5382,Robinhood,google_play,very happy with the service
04151d74f3f4384e33d060cd,Robinhood,google_play,Garbage
fcab5fff81333018158af1e8,Robinhood,google_play,My account has been closed for 4 years I had to download the app to contact customer service cuz someone's trying to reopen my account but customer service refused to help me and only offered me reopening my account I spend an hour on the phone talking to foreign nationals being lied to and someone still trying to access my data so just be warned that if you sign up for Robin Hood they will allow people to steal your data long after you leave
55b9647df1276aaacd490bd2,Robinhood,google_play,you got some work to do if you wont heavy hitters can't be freezing there trades chart need to be more sophisticated
0e692e480adaba29f2c78919,Robinhood,google_play,"I am writing once again regarding the ongoing issue with my account reset and email update. Despite multiple attempts to resolve this through emails and following all provided steps, my account is still not properly reset to allow me to add my email. This has been a frustrating experience, as I have diligently followed every instruction given, yet the issue remains unresolved. I need immediate assistance in getting my account reset correctly so I can update my emaiand regain full access."
afc7411add0ba3fd212fe2e2,Robinhood,google_play,"it's good, but sometimes the app is lagging"
9e3e9be7bb0d90f4a3d3748c,Robinhood,google_play,Awesome
119a0bf1c51aae722584de98,Robinhood,google_play,Robinhood needs hot keys for executing trades faster.
633a5db1d73274efb2f8b3d8,Robinhood,google_play,app can't even verify Cards without crashing. Sad
68907c54ea7a6f958b3a7e50,Robinhood,google_play,Instant transfer
e0823d0b3e4c979a4dbe3cf9,Robinhood,google_play,Fantastic app for new investors. Everything is free. You never pay a single cent in commissions and there's no fees. I honestly don't know how they make money besides the premium version. I'm genuinely surprised that there's no ads.
fbd16e9e8a0753c50157b4f3,Robinhood,google_play,they take so many fees it's ridiculous. they say start with $1 then charge you for not having 1K ballance then hold any sales profits you might make after the fees and then add more fees for withdrawals. FTC needs to make them be more transparent or revoke their license. Be careful.
96ae24123535c16db48ab891,Robinhood,google_play,I absolutely love this app. They are a 💯
703087769311658dc7ed4034,Robinhood,google_play,"Robinhood customer service has completely failed me , they will not send me an email stating that their have been no direct deposits into my account from my former employer! because of this I cannot receive my paycheck even though my employer sent my money to the wrong account !!!! so Robinhood you cost me over $900.00. and I have kids so thanks for making my life hell !!"
9216d228fe419bf2de3a7c09,Robinhood,google_play,"you have this on a loop. Won't let me actually open it. Furthermore, I need to change my Gmail and password. Please help me to fix it. I have no access to old # or to old gmail."
9d0a751ab682c7e363cc30c5,Robinhood,google_play,"an amazing app, easy to use and has helped make a lot of money."
00859bf214944cff73ae5e87,Robinhood,google_play,Great way to understand how the market functions at it's base. Obviously the developer's care for not just the app but the people who use it. Consistently see improvement and advancements to make access to the market for your everyday joe. Had Robinhood for almost a decade will always be a staple app on my phone.
82b98b7b91ab7d948ec72f63,Robinhood,google_play,Easy to use
6a2a74afe2f6ef7f0031faa3,Robinhood,google_play,luv the clarity and detailed information
c0d5a4fe46a0f0fa1166819f,Robinhood,google_play,you know why
0e44f410e1aae3895a91b680,Robinhood,google_play,Transferred all my shares to fidelity. Vlad should be in jail.
8767321cf78559101bff6f19,Robinhood,google_play,Like constant updated information related to current markets.
c0ca82593807f2775c699071,Robinhood,google_play,it's a pretty good app does exactly what you need to make money easy to use an easy to open and close portfolios
2f6365cc9390020224a69f98,Robinhood,google_play,"So far, my experience with the app is great, however, the latest update completely bricks the widget and sometimes, after I login with my fingerprint, the UI doesn't display and just sits there. Version 2026.24.2"
dc911cd5270794b315c28f76,Robinhood,google_play,"very nice, just hard to pull your money back out of! Wish pulling money out was easier"
a057a097cfa6c9ad4e89b52c,Robinhood,google_play,App crashing
f2506011d6753c8e12e0f8e4,Robinhood,google_play,A learning experience.
8b7a681859168f2c69e2bc78,Robinhood,google_play,Careful
c75fd59bab1420b6c13ce4e8,Robinhood,google_play,"Robinhood ""just works."" They have actual UX geniuses building their apps. Trading has never been more pleasant and all their competitors know it too! before switching to Robinhood I was using Vanguard, where to open an account I had to mail them a giant paper form... what the hell? Ever since Robinhood came out all the other brokerages have been improving their experience because RH is eating their lunch! Anyway, why use the antiquated tech trying to catch up when you could use the best!"
1f619e3871b55b09c36d0530,Robinhood,google_play,It has helped me learn a bunch even though I've lost a bunch but I really enjoy learning so to me I suppose it's worth it
63151ef5e4719019502db2b4,Robinhood,google_play,Good great
6808949561dedb7e544adad0,Robinhood,google_play,I've tried to reach customer service and can't reach anyone. Is there any way to reach a live agent? I feel this is done on purpose as not to reach a live agent. Just a circle of events that lead you back to AI and the same process starts over? Any help would be appreciated. ty
99c5d29bfae89ed7d52719dd,Robinhood,google_play,easy to trade.
5ba0247a10694704f8c2d7fd,Robinhood,google_play,App crashes a lot.....
52529874a07b27778ee0b4e8,Robinhood,google_play,i was investing in a company but they delisted it and say i can only close out my position. they don't let you buy OTC. i can't imagine why not. it's still a good company and going to make a come back. all this time I could be buying shares they won't let me. they are oppressive and keeping me away from making money I otherwise would make if they accepted OTC
8963d6e7c267475e8052badf,Robinhood,google_play,nice application
9284cd04253c0c8b9431ad8a,Robinhood,google_play,camera function doesnt work
1139139d99fbd6d43833b43d,Robinhood,google_play,straight forward and ease of use help me keep track of my investments
f266799a985df995ac6e9aee,Robinhood,google_play,very easy to operate
583ae14506ff62e0828a5952,Robinhood,google_play,Excellent
7917fcc07be2ad0d7fc5c051,Robinhood,google_play,Difficult to find the correct page. You need a main menu.
bae1f15637a57ad500445b7b,Robinhood,google_play,It's easy to buy and sell stock in Robinhood.
bf75a73116963decb0f535d9,Robinhood,google_play,not great
e078fc6dfa37927ae9378f97,Robinhood,google_play,I've had this account for a couple of years. They gave me a free stock for signing up which was GoPro. Throughout all this time it only has $1.40 what the @#$%^. They don't explain nothing on this. But $1.40 for years your kidding I'm thinking I'm going to close my account
49b0865531b4825be7190638,Robinhood,google_play,"Excellent app. Would have been 5 stars, but they hid access to their notifications from the main page to a little icon within a page on the last tab, on the bottom of the screen, so even important alerts aren't seen without happening to flip over and check them on a whim."
17aa18278b48b60a64996774,Robinhood,google_play,"it told me to update the app to the latest version but when I tried it said there wasn't one so seems the app is giving me the run around, I'm good n wouldn't download it if I were u."
c5f1e30f1553634c6d4c8bb4,Robinhood,google_play,"2 limited, 2 many stocks & cryptos not supported.."
19cded42e63d14f93c7fb5ad,Robinhood,google_play,"please make the widgets better on Android, more options and cleaner looking."
fc5c820d497e20260025c287,Robinhood,google_play,.63 percent on crypto is bull
dfbb23bc6f62c93825b75d45,Robinhood,google_play,"Terrible, I cant load the new version so unable to get in my account"
3e46d9fdf5a29198c42d505d,Robinhood,google_play,great interface and easy to use
2f464fad3303600d593c5676,Robinhood,google_play,"Super annoying to use... they place closing window ""X"" right next to additional info. I don't need 1000 notifications a day, I just want to invest smoothly. Fidelity is WAY better, but they don't do Crypto."
d2905bb8978bc1056c4e82db,Robinhood,google_play,Great
bc672ec3956b4a388b804cd7,Robinhood,google_play,Convenient
a1495dabb04cdc661e68b0ad,Robinhood,google_play,Good 👍
9ff1b83ad1539eed3ead0f89,Robinhood,google_play,easy to use
688bce4e72edee98602971e4,Robinhood,google_play,This app is good trading platform my only issue is that you have pay fee for deactivating your account. If you invest $100 dollars and want to close your account you must pay that amount. If you wait to close the amount will increase.
8a4ee3a31b4d9e2af018a986,Robinhood,google_play,Robbin hood sets a new standard
044777bf5c5c8f55dbb1fa5b,Robinhood,google_play,beginner
098c686ce44eb8e3eac9982a,Robinhood,google_play,"RONNELL BENNETT , luv this app."
e08b943a317893e39c075cfa,Robinhood,google_play,"Very intuitive and the best exchange app out there, always adding new features and updates and staying on the cutting edge of digital finance."
336cc6da37f82c6e71efe432,Robinhood,google_play,This is a total scam. I closed my account account but they are still charging my bank account.
e475c2daffee1053488f2e32,Robinhood,google_play,The best user friendly stock broker.
5dcd4eff7b56d3b6bba321d8,Robinhood,google_play,good platform 👏 👍🏻 👌
9db7e9540271e1e0100a4f2c,Robinhood,google_play,I love robinhood. they were the first broker to give me level 2 options. I wouldn't be where I'm at now if it wasn't for robinhood.
238c88e6433e310005a8bc5a,Robinhood,google_play,Do recommend for beginning investors
530883b6f10c52fb4ac69d58,Robinhood,google_play,"I'm learning, and making money while I do it..I'm liking it pretty good👍"
bf6b8973faf84f44da22326b,Robinhood,google_play,Easy to make fractional trades when you don't have a CEO bank account.
5f500c479f4b925718a22406,Robinhood,google_play,"Do not waste your time, deceptive offers, and border line violations that should warrant the FTC to investigate."
e127a09b829e2af19ec479a0,Robinhood,google_play,takes way too long for funds to transfer. We have the technology to immediately verify funds so there is no way it should take 5 days to transfer funds.
12efdb49f5f7269391d2032d,Robinhood,app_store,"This is not good. 

So I was one of the lucky few to be invited to the beta preview of Robinhood uk. I signed up and enjoying 6 months of use. Spending a lot of money on the platform.

Then I got a nasty surprise, a 30% tax bill from the US.

I asked as to why I didn’t have an W-8BEN filled out? Presuming I must have done so whilst onboarding.

I was told I did not have one and also informed that there is no way to supply me with one, now I’m an active user.

This to me makes this app and platform unusable. Unless I wish to pay 15% more tax that everyone else.

They will not admit that clearly an error has been made / in other words, this form should have been supplied to me before I invested in US stock.

I have been told as a solution. “Just don’t trade the US” and that they “have no plans to allow users to complete W-8BEN forms after the sign up process”

So I’m out. all my money and stocks moved to trading 212.

Bye!"
e3a43a933a29356ba2a48360,Robinhood,app_store,"Very good platform for investing, especially for beginners like me. Thanks"
3268fe7fcb91be2a452736da,Robinhood,google_play,Love the way it's user friendly
8a9975805fa6589c4007e394,Robinhood,google_play,"Love this app! Very rewarding to see your investments any time you want, and watch the graphs populate in real time"
4e123da886d630e10055194e,Robinhood,google_play,"It'd say this is like child's play. If you want to just barley scrape the tip of the ice, this'll be where to go."
d05232d8fbe589667bb643ac,Robinhood,google_play,fun
92cda66fde1563f52b0bc05c,Robinhood,google_play,Terrible menus. Cannot easily stock owned or transactions. Using a brokerage account is million times better.
cee3e3970cba6bf412937e2f,Robinhood,google_play,"Great app, easy to use, definitely holds your hand through options reading which is good for beginners"
7b10ef514d8887757403b710,Robinhood,google_play,awesome
637831703ad910c4b675aac5,Robinhood,google_play,Your countdown worked this time and didn't glitch thanks for clearing it up.
533298cfc295e95360e43a47,Robinhood,google_play,"I'm hoping someone will see this and can help. I'm trying to get past the 1st page! I set up an IRA in Robinhood and it says to review all the new user documents and then click ""confirm"" . Well, I downloaded all the documents, and I read through them, kind of, and then looked for a confirm button and can't find it anywhere. How do I confirm? Where is the box??"
3208baac6c971cfd8e234ce8,Robinhood,google_play,awesome
7e28cd0f943139b71e2a9fe5,Robinhood,google_play,Great trading app.
af09b540733af63681d2a219,Robinhood,google_play,Very Good app.Easy to use..
d274c1f0f4e243f004d19e89,Robinhood,google_play,Very easy
bec4769fb765f6e237e342b5,Robinhood,google_play,Great
79227af07bd38673f5551567,Robinhood,google_play,app will not let me take a live photo to verify identity
176bab5bc993371f45dc7802,Robinhood,google_play,nothin yet
2aa6da68916bb7ce90d1c6be,Robinhood,google_play,Great. there is a learning curve in navigation of the site.
1791f50bed09b008c799ebbd,Robinhood,google_play,It's been good for me
6dea297c06b4f05df4faaf64,Robinhood,google_play,Easy to use and understand
bc18bee43613b33df56055f0,Robinhood,google_play,"Horrible and getting consistently worse. Shaving money is their game and they are good at it. Fraud and deception is another game. They could make more money doing good business practices. Their support staff is a total waste of time. With names like ""Precious"" it is obvious why they have issues. Their only saving interests maybe agentic trading but I am sure it will be just another way to drain funds from your account. Good Luck you'll need it. PS I am looking for anything better & Trustworthy"
5f5b319c598a14318c433eef,Robinhood,google_play,"They keep on lowering the interest rate on uninvested cash. It used to be 5% at the start of the year, then it went down to 4.5 a few months later, then 4.25 recently, and now it's 4%. it's 3.75% 10 months later"
ed001760571adf3006ced769,Robinhood,google_play,Can't delete account
b55aafa994d7482a9323b99c,Robinhood,google_play,"I like it, but wish it gave more data"
cc4775b93e61c1db983e5bb2,Robinhood,google_play,"I've tried buying stocks when they were low and got charged all of my buying power, also I wasn't able to sell all my shares when they were at there high. really sketchy app don't recommend."
8e1a17db1754ae568e32a082,Robinhood,google_play,If you don't do your homework and just jump into this It will lead you into loosing alot of MONEY 💰💲💸💰💲 I've heard bad things about this app over all the other investment apps this is the one I've heard the worst about js.....
7461e7d6221d5134e9a53f94,Robinhood,google_play,Would be great if the app was open source and free of trackers.
87dff52050e270c5eecc8d0e,Robinhood,google_play,"This app frequently crashes, even on the desktop version. Not something enjoyable when money is involved."
56519b25f879d84810d95ca3,Robinhood,google_play,I'm editing my review just to bring to light the real issue. Robinhood is just a legal scam. They use tactics to hold and stall money so you never really earn profit. They nickel and dime you until your fed up up. They dont take enough to make it worth a lawsuit or even go through the long complaint process. However if you take a little bit from every person across the globe who signs up. That's enough to make someone very wealthy very fast. I see not 1 good review. Yet they still operate. 👌
29051fbb2400abc9c792f5e3,Robinhood,google_play,"Robinhood have been great, but the app keeps pausing with a robinhood, not responding messages. I've un-installed and reinstalled but nothing yet."
21c7848b9e5a1473cc24d559,Robinhood,google_play,Very good stock information for beginners.
4814065fa18946d62d5d47c5,Robinhood,google_play,problems updateing app no update available in google store won't let me open app and continue on very bad for this app
31d7f3bd2dbcca41cbd30323,Robinhood,google_play,"They'd like to take my money, I guess.Don't like to give it back"
ae0c44ddb1b69e712751d74c,Robinhood,google_play,Very good and easy to use
58a721e5e9a22c3fe817f3ec,Robinhood,google_play,no experience yet
595727f0b0792a365b50fd07,Robinhood,google_play,"Can't open an account because I have to upload a copy of a utility bill, which I don't have one with my name on it. And I was considering the gold account. Is there another way?"
11caae7bcd432e090275c108,Robinhood,google_play,God bless you and your family from Bigo Live
e930bae9254486b993830468,Robinhood,google_play,"It's good app, if got money to investment"
45d0df160f8ae9fb1cc7b232,Robinhood,google_play,can't get into my account no further instructions
6d78f9918c6831d3c2267a80,Robinhood,google_play,Ok so far
e7dc4d47780efdf3953d95e1,Robinhood,google_play,👍
5ddd17dfa607875f78d63e6b,Robinhood,google_play,To me its the everything for investment and banking app
fe5df1a0c83a31933263d9b1,Robinhood,google_play,so far so good!!
53a1401d269b98f41bbce348,Robinhood,google_play,very nice 👌
ee011d7cc407dca742576118,Robinhood,google_play,unbelievably.. a.. h . app this is ..not sure how people are using..especially log in
1def7c10b5698a9e2b685b6e,Robinhood,google_play,"Great for beginners to above for very use to use interface ,with news , all the stocks and crypto . it is very understandable and figured out in just a couple days as someone who never did retail investing ever !"
a66679f6abda758a6cb7c131,Robinhood,google_play,"they aren't even worthy of a one star rating. horrible support or should I say """"""NO""""""""SUPPORT. I will never use this platform again. STAY AWAY YOU'LL BE SORRY"
f01f708213702c4c6ab14e19,Robinhood,google_play,First time great experience 👍
be47fc214f9bde71db7814bd,Robinhood,google_play,Much better platform compared to Merrill.
5a73bfd4bcc8588a059ac6e4,Robinhood,google_play,They are not allowing you to remove crypto to cold storage in states it's allowed after you verify yourself. Stay away!!!!!!!!!!!
9ab418315575ca52195c9993,Robinhood,google_play,"App gives very little info on stocks, particularly on dividends. And lately, the app has been failing miserably at updating with real-time data, the graph is just gray and will not update. Closing the app doesn't fix it, rebooting the phone doesn't fix it. Very frustrating."
928bea52c8b7a65ca61ebcb0,Robinhood,google_play,If you don't log in after a year they will take your money
1012392f9628fab924abaf54,Robinhood,google_play,does work when u most need it. App is down frequently. its a disgrace
4490cf756403659e34be6f2b,Robinhood,google_play,Reliable and nice mobile interface.
7aaef01b0f4f3a2d7aa6fc91,Robinhood,google_play,Money money money
f0351da9a09f504beffe4790,Robinhood,google_play,"RH makes distributing IRA contributions amongst funds too difficult. We should have the ability to divide amongst funds by percentages, instead of wasting time on a calculator to manually input dollar amounts per fund."
f42f1921042bf6a84bf1c9bf,Robinhood,google_play,Great app for investments
cfee6a52fdcb45477192fec5,Robinhood,google_play,easy to use
6efdad301c870f1a1a1d8fcb,Robinhood,google_play,life changer
1f9c4c438469565fdb3099e4,Robinhood,google_play,negative trading experience
16c38f15fddee4de832348df,Robinhood,google_play,Pending more testing so far so good.
8e6bd2558fd906149ead2869,Robinhood,google_play,ez to navigate
0db3b8d3b523dc0a119b3d36,Robinhood,google_play,easy to learn. clean smooth format. great for shark traders and us newbies lol
4eb12f889335d1078a2c7a2d,Robinhood,google_play,"Great app! It's easy to use and has a bunch of awesome stuff! I'm new to investing, and this makes it easy! It also has a lot of perks for Robinhood Gold, like 4.5% interest on all non invested cash."
4736128a5eda2bae83ad721f,Robinhood,google_play,"About as good as it gets to get started in investing. Also, for those of us too young to count on Social Security still being a thing when we retire, the ability to so directly control both a traditional and/or Roth IRA is beyond valuable."
ccce2e4f2f24133a1a06ec7a,Robinhood,google_play,I don't want to give you my SS #. no no no
cc709463ff29ebb10833686f,Robinhood,google_play,not a chance I gonna share social number just to see what are the fees I am not buying anything or withdrawing
8532081122d37f462acf06d7,Robinhood,google_play,"I was a fan of the core service, but DO NOT transfer crypto in. They'll offer incentives, but they won't mention that they limit withdrawals to $5k which effectively locks your fund in your robinhood account (and is illegal). You'll have to fight tooth and nail and eventually threaten to sue before they'll allow you to transfer out."
ac1b08d8c81ed1683eddc070,Robinhood,google_play,horrible experience with out the help just this robot and no help. no support well cannot be invested here without Help. we all lose!
a5824fd1fa59494f513246bb,Robinhood,google_play,won't update
0b8b1b8e5cb3f34b613b1540,Robinhood,google_play,"Partially working app. Can't set youth account on Pixel 10 Pro due to an error when trying to take photos of the required documents. The error says ""Sorry, your device is not supported..."". I contacted support via chat with no resolution. If you are an Android user beware if setting up youth/joint accounts. As a fellow app developer this is a huge disappointment. Another complaint is the inability to set what you want to see on the main page. I could care less about prediction/gambling."
44b7baa08eb0c7886ab53d32,Robinhood,google_play,"Nice UI, no fees 👌"
21c80df1bf0cb710ac24b7e7,Robinhood,google_play,They still use market manipulation to their advantage so screw over normal people.
16bdc2dab564a3c9be5abbda,Robinhood,google_play,"slow and janky, these guys stock price will crumble , I'm pulling all my money out of their garbage, fix your app."
1368877f416da9c01bebb7e2,Robinhood,google_play,"only limited options in ISA, no SIPP. No options to buy UK, EU or international stocks"
c6f08f2723e93e1a7407226e,Robinhood,google_play,trash delay in transaction hidden monthly fees deficient not explained
3d6b012e90bf2cd9aed3d89e,Robinhood,google_play,gives me access to the global casino
d3ccfde7b24400c0e3136412,Robinhood,google_play,Fun
ba2493fe7b26f127bd5c9556,Robinhood,google_play,Best brokerage/ trading app in the whole world 🌎 👌🏾 🙌🏾 👏🏾
56b38671985045df7d93ca94,Robinhood,google_play,Very creative and very useful
2183349b233a657c903d268b,Robinhood,google_play,"When I started out, Im positive I would have lost so much of my first investments without this app. Ive traded more than I ever planned to b/c of this app and RH Legend on PC. Ive seen RH grow into a tool offering more & more ways to invest, & save, & if you prefer-wager on the silliest of topics. It strikes a balance for new users, while still offering advanced features. Its not perfect, but its great for beginners or intermediate users, especially w/ a Gold acct (which is a steal for the $$)."
076141f42ae52693489e46a0,Robinhood,google_play,I have made decent money as just a casual saver invester on Robinhood with no mishaps
e4e751d821e006ce67996171,Robinhood,google_play,"love your app ,easy to use"
2d83cdb0b1aa989c10e945ed,Robinhood,google_play,Good all around
8e0845e95d53eb86b07b6f07,Robinhood,google_play,nice layout. the app is good so far. thanks
49628fd744417d218cb550ad,Robinhood,google_play,Man this app is trash. I can't even update my phone. Can't update or add new bank information. Been trying for a week. CUSTOMER SERVICE DOESNT EXIST ON THE APP. ONLY AI BOT TRYING TO HELP YOU. REALLY FRUSTRATING. GOING TO TRY MOOMOO
55cab60d386734bcaf6ffc3a,Robinhood,google_play,"No clue what I'm doing, but I'm sure we're doing a good job!"
5d27fd41bbb459a76647ee32,Robinhood,google_play,Good 👍
a42ee05438999d625e6f5313,Robinhood,google_play,ease of use. amazing product for investing
bfb6ec2a120d5164f300c100,Robinhood,google_play,it won't even let me set up the account properly keeps giving errors. bye.
9cd4622a832a940ab4e7ce2d,Robinhood,google_play,useful tool to make money
9e305c29c5c8bc8fa1269bbc,Robinhood,google_play,nothing outstanding. it works.
2ba7a738d5728902ed2079bb,Robinhood,google_play,It totally forgot who I am and tried to make me register again.
2e1847e0a43ce3c9e50a7274,Robinhood,google_play,"-It's excellent for beginners. -full graphs to show you between the line and the candle. -Keep you up-to-date on price, move up-and-down. -Very helpful agents. ""From buying stocks to trading options to trading crypto displatform this platform is amazing"""
8089da99f023a9aea65f8ab9,Robinhood,google_play,I love the app. I love the card. Even my son's have now invested (monthly). So easy. Definitely needs custodian accounts for my kids though!
4cd59d6df76ad5cd663e6139,Robinhood,google_play,"Incredible, I have a feeling this is only the beginning!"
f80b463101cba74e4bb7c80b,Robinhood,google_play,I hope they will offer staking for Eth and solana
c9ccf98c02fd6d872c71c6cd,Robinhood,google_play,great app
cc5d3710c63c9bab54e6517c,Robinhood,google_play,"After several years of using the app, they terminated my account out of nowhere, and when I asked what I could do to restore it, they said ""nothing"". When I asked why my account was terminated in the first place, they said ""we are not required to tell you"". These guys were great for years but that is simply disgusting behavior."
9b6ba620c4f51f7d10a29f35,Robinhood,google_play,I recommend this app often. It has its share of hiccups but is a good way to introduce investing in stocks
d192c401dfb104b4fa925e8a,Robinhood,google_play,Very informative on investing etc & It's so much easier to operate to me than Etrade..
8770c84c9f712111338d7e28,Robinhood,google_play,"move the prediction markets out of the way of my actual investments. I DO NOT CARE TO GAMBLE ON ""WHO WILL TAKE OVER WARNER BROTHERS"" OR ""WHICH FOOTBALL COACH WILL BE OUT BEFORE SEPTEMBER"" there are plenty of investment apps. maybe I'll just go back to tastytrade"
812efd3c659b5779ffd59bdd,Robinhood,google_play,"Terrible scam they Don't want you to make money from your crypto ,they currently are being sued in Los Angeles county court for data breech back in October 2024 . All information available online along with attorney information. These are fake reviews, check Trust Pilots Reviews"
2a9297e23629c022cefbc26a,Robinhood,google_play,transaction processes one of the worst exchanges I've used it's worse than the bank
ab0023516bf63ff1f3d6d539,Robinhood,google_play,This broker is the worst in every matric. You can literally go to any other and get better info and order execution. Please do not be fooled by the simplicity of the interface. It does not make any thing convenient but just hides how much cost ineffective it is.
4df4eb96ccbb08b31f1586ed,Robinhood,google_play,well changed email impossible to get into my account because of the insistance to email my old email that no longer exists
c961d9626b08242d55b9174d,Robinhood,google_play,"Robinhood is very unprofessional, incompetent, & doesn't want to do their job. They restrict accounts for no reason, then claim their doing what they can, yet will gladly watch you lose out on gaining thousands of dollars out of spite & hold your money you invested hostage. They'll also kick you out of your own account & prevent you from logging back into it & prevent you from contacting them by any means possible. Worst trading/investing platform, please do ANYTHING BUT ROBINHOOD."
aa77fa21f7d287b5e16cc818,Robinhood,google_play,very smooth beginner experience
66301880ab3ddfcde9fcd2ae,Robinhood,google_play,Good so far
4157c4e1a8ae880b1a2905f5,Robinhood,google_play,I can't give me a reasonable answer where I can get my answers. I can't get under my account.
0ea315f04c1bda4c8c6954b1,Robinhood,google_play,Cool
1c465d357879c739f8fd26e4,Robinhood,google_play,"I've changed my mind, I'm now a big fan of Robinhood"
8c34085934d929875b3b95eb,Robinhood,google_play,I've stopped using ya'll app for investments a while ago and your still charging me $5 out of my account every month. I need my bank account info removed and the money over the last few months you have continued to take from me. when my account have been disabled.
769450e853f6f14777da8786,Robinhood,google_play,Best investment apps. Do you want to invest in your future ?This is the app for you then .
93bf0d42c2f399ea048e2d3a,Robinhood,google_play,They let me recover my account. I was worried I wasn't going to be able to. Thanks so much
73b9a87bd7c8c065b59a7781,Robinhood,google_play,"spontaneously this app will not accept my password to login. all my money is not accessible now, robinhood has stolen my entire portfolio...."
13faf84a628ff4ea5bca1d11,Robinhood,google_play,extravagant
20d49f2d6037d1acbc0ec094,Robinhood,google_play,used to be a member till I got sick and nearly died
e7f5de1c8db573ab768db4b5,Robinhood,google_play,I have been using the app for a few years and 4 days ago it locked me out stating my password was wrong? I reset the password and still was locked out. I changed the password several times and still am locked out. It is impossible to contact a support technician either online or by phone. I have tried everything possible to have the login process corrected to no avail. I am concerned that my investment is gone. I need to have Robinhood contact me with a remedy.
047d8417b503ae03cb5c7a11,Robinhood,google_play,orogh
517749f79d9c6a1fa438cf71,Robinhood,google_play,hadn't used this stupid app in years but would get incessant emails from them. took me like 30 minutes of selfie verification and like 10 different text codes just to withdraw 10 measly bucks from my account so it could finally be deactivated
66f6c45721c01b2c77f9f195,Robinhood,google_play,Best trading website. Easy to navigate
ba4617beb178dbbab9ce30ff,Robinhood,google_play,Cash account you have to wait for your money next no lending losing money..... not recommended
b8c772e5cf7b4fae9aa78469,Robinhood,google_play,"Device approval should not be default. if someone steals your phone, you will not be able to quickly log in from a different device. Tech support is too difficult to access."
a50da4ab20ca1b8023f508f2,Robinhood,google_play,"Fun, exciting and profitable..."
a7d9d529aaccec676daab1d8,Robinhood,google_play,This is the easiest and best investing app I've ever used
ada6e2328cd48ce344f61af7,Robinhood,google_play,👍 very professional and caring
990892287d33c6a4d886a296,Robinhood,google_play,"Superb, user friendly"
6205c93e8539e0070d831ffe,Robinhood,google_play,love it!
6dc635f34175bd58283fd6a5,Robinhood,google_play,Easy & convenient 👌
2a3d3ef373241815ff7939ef,Robinhood,google_play,worst trading environment on phone vs other platforms.
2b508636bd76577ecaa64e72,Robinhood,google_play,Helpful
dc1617a9f87f2133abde0713,Robinhood,google_play,educational
30c5da4f2874ad6da8c5c8c1,Robinhood,google_play,Easy to understand interface. Makes trading simple.
8fbecf949cc47f0caa745b3a,Robinhood,google_play,It's a great way to invest with little effort. The app always keeps you up to date on your trades.
98a8455acaa3f80547745bea,Robinhood,google_play,Easy to work on and makes a difference knowing you have a little on the side.....
16e9203998082999a6b7306e,Robinhood,google_play,add passkey support for Android
989b0f07fdb7536e7ff1b643,Robinhood,google_play,"So far this has been an awful experience. Set up was fine, went to fund my account and it stopped me and said ""try again later"" and it has continued to do this for multiple days. Attempted to contact customer service for a call back, have been in queue for 8 hours. Eight hours to return a basic customer service phonecall? Does Robinhood consider this customary and normal, because if so, I'll be closing this account immediately and using another broker dealer."
071f8e622e58f7d36bbb56d4,Robinhood,google_play,great interface and easy to understand. only complaint is there credit card they dangle over you
5078bd91918c611e8d5c607d,Robinhood,google_play,easy and reliable
44044bcee0edca99c541add2,Robinhood,google_play,I am brand new at this at retirement age. It will take a little time to learn it.
9529a26d8675e6069b6a1276,Robinhood,google_play,"Since I'm a beginner in this matters, I'm still learning about trading and trying to understand better how to trade correctly and not make mistakes and how to make more money $$$,$$$"
0c40e9111ba75cdd37096c8d,Robinhood,google_play,great product
27ce4da968cf067f388d0a9e,Robinhood,google_play,easy to use and lose. be careful out there. btus are the master resource
70ad1c50b494946c8f38cb27,Robinhood,google_play,"they will keep all your money in margins even though you did not use margins to buy stock, scam!"
f02fade8f026eda06072a040,Robinhood,google_play,Love it!! Very user friendly.
3d85755d6fc5194875e74f37,Robinhood,google_play,Never used it need info on it.
e8b75ce53c63d6265512a9b2,Robinhood,google_play,"Seems to be buggy, freezes, lags, and doesn't always updatey account after making a trade. I don't think I'll be using this app any longer."
37e965e32ce757f08b31a0b4,Robinhood,google_play,two convoluted and not user friendly
d68858df24af7dc9a3ff130f,Robinhood,google_play,Been with Robinhood from day one!
40ca466ba42d958623b9c8aa,Robinhood,google_play,if anyone says that this app is easy to use they are lying. I literally have to go through a maze of nonsense just to buy and sell stocks. if you're goal is to not ivenst stocks this app is for you
6886055890a55b0cbf0215ae,Robinhood,google_play,"Deposited money in months ago. So far I haven't seen all my deposited money so as I'm seeing it it looks like RH took my money since I can't use it for anything. Also the monthly fee is ridiculous. Being a disabled vet as soon as I can pull my $$ out without losing my arse ya better believe I will. They charge a monthly fee, pay it but they sell part of what I own for the monthly fee even tho it's coming from my damn savings. If I could I'd pull it all now but damn they seemingly lost $2500"
c97779edc6d7566e8d9dbba5,Robinhood,google_play,"I log in, look at a crypto chart, watch for several minutes before making a trade. once the trade is made, my trade price and the refreshed chart more often than not appear to have lagged and had been displaying a lower cost than I was buying at. it only does this when it negatively effects my trade. never glitches for the positive. consistently, 10 minutes differences in the chart. About to delete the app honestly."
3811fa270d593ecd7c6f08d6,Robinhood,google_play,"App blocks new users based on factors such as area banks associated with your SSN, and credit report!!"
4cd4fc64a3be08effd6ccfd4,Robinhood,google_play,"This is the most corrupt thieving platform I've ever seen in my life. they literally stole my money and millions more. if you have money on Robinhood try to withdraw and see what happens. There's people committing suicide because of Robinhood. They have no customer support no one you can talk to and when you finally get in touch it sounds like they're on an island somewhere with no service and then they hang up. they steal your money! Not maybe, for sure will steal it if you use Robinhood!"
f8d76c2cbfbf8e8b00edf5f1,Robinhood,google_play,awesome application
31513be4561557b04f24384f,Robinhood,google_play,Amazing app
a4eef2208dced219dbc12b2b,Robinhood,google_play,Wonderful brokerage!! There is alot of great reading and information on stocks and crypto currency along with a high yield interest earning on non invested money.
642f093faa96b33fdd208a66,Robinhood,google_play,Can't access new features advertised even with most recent update
36f3685388d1a0882a2da037,Robinhood,google_play,"I have been a very active user of Robinhoods platform for more than 5 years but,for hmm especially since I got sick with leukemia and lymphoma. I have v⁹ery little patience but that's ok when everything is working the rightbggʻft f TV BBIAB or"
699eb63413f311dc3168312b,Robinhood,google_play,excellent
139b0971b839da71ed468e4d,Robinhood,google_play,not user friendly
22d8103b870a3f2a4d6ca3aa,Robinhood,google_play,Very self explanatoia
3c1255ac6d7252dde5fa981b,Robinhood,google_play,Robinhood is beautiful one of the simplest and easiest to use. I love Robinhood will certainly recommend this to others
b47cc014fe150fdc400fa19b,Robinhood,google_play,Great easy app
6e39d2f94b52ca3197eb0d5d,Robinhood,google_play,great app' very good staff
127c0527aaf387ec0768d889,Robinhood,google_play,Easy to start and helpful. With this app I no longer have to do dirty things down dark alleys for extra money.
3b6826bf1d3fa4e5105e9f8a,Robinhood,google_play,Love it! I prefer being in control of what I invest in.
e7bf76478b28f22734fef72a,Robinhood,google_play,soso
bb1697052e2f80cfa1a9d00f,Robinhood,google_play,"Robinhood makes investing easy and painless with commission free trades and an intuitive UI. The only complaint I have is that 1/4 of the bottom bar is wasted with a ""comming soon"" credit card promotion. I'm sure that once the card comes out, there will need to be room In the app to manage the card, but in the meantime I don't have quick access to my cash balance, or whatever else used to be in the #3 spot."
7243cd61cb4387041dd8cc86,Robinhood,google_play,Easy to use and understand.
a8630760dc3b098062c9809f,Robinhood,google_play,Love the option tools
550e5965a68a467c39b7fc43,Robinhood,google_play,good
e69daba1fc8fc38d9a40bc6d,Robinhood,google_play,Very easy to use
f5895c461378d0e8be2b1214,Robinhood,google_play,very good
0c8da967a3f0d51142579189,Robinhood,google_play,Good people
8a1cb4d32ab565bc3e6f3e6e,Robinhood,google_play,"I've lost money because sell refused to go through at appropriate times. so many delays & glitch at very important times I need to buy low or sell high. This app is horrible. Unfortunately, I cannot leave the app right now because I'll lose money if I sell now that it's low. it refused to execute my order to sell when it was highso I'm stuck"
66efdeae9b4bcd8ca191967c,Robinhood,google_play,Update
ef8668a5c9c233f05503d4ea,Robinhood,google_play,Easy to trade
b4fccd198175866138ecb136,Robinhood,google_play,Fast trading and very secure transactions.
bccd3086a7c4b570e1e5f621,Robinhood,google_play,bad
730ef015c5646653fa52a256,Robinhood,google_play,Your trivia system absolutely sucks. You know people work right. You could at least make the thing last longer then 10mins. Or make it a time people could show up instead of of having it happen while everyone is driving home from work. Oh but you don't actually want people to win money. Cause then you'd have to pay them. Just another classic fake competition to try to get people checking your app.
a1a1314d98bf45c40e6a9d2a,Robinhood,google_play,I love it. Very user-friendly and easy to navigate.
58fa828f751188ac09bec13d,Robinhood,google_play,"Uninstalled this app. They want to much personal info, and for all I know, you coukd be part of the dark web GOODBYE ."
0b15f0d3ffe2db8bd69a6505,Robinhood,google_play,Just started but feels very comfortable
51fafe41afc6adfe412561a5,Robinhood,google_play,"i tried to link bank accounts and cards but dont have online banking for these specific accounts. Because of this, i can not add funds or check for the 6 digit code! this i also do not have a log in for this account, so again, how can someone add money when you can not log into that account?!?!?! im beyond frustrated. i guess I'll just find another app or go do things in person. what a joke."
4894c82345a42fc4bdc39855,Robinhood,google_play,biggest waste of time app ive ever used. clearly just stealing info to sell to scammers while refusing you the ability to even buy stock or fully finish setting up. worst app ive ever used
7ac6a4d8f8b6793a1fc65edc,Robinhood,google_play,great
c0eaa2e4e8e5e1ae0bd1f3c8,Robinhood,google_play,It freezes all the Time. Horrible App
35d52e2839af5a58fdafd538,Robinhood,google_play,It's not letting me update anything and there's no way to reach anyone just a stupid computer chat that does nothing but send you in circles
ffc5e13edbd157ae5f84421f,Robinhood,google_play,doesn't let me sign up
d297371d843a5391768f466d,Robinhood,google_play,Great place to invest. Pays tops on your idel cash and has great system that gives ratings to potential stocks so it's the best place to start your investment portfolio if you're brand new or a seasoned professional investor. Gold gets you retirement and deposit boost plus intrist free margin investing. Love it
267e381a113c0325ee6fcaa7,Robinhood,google_play,"I've enjoyed my experience using robinhood, i have learned a lot since i started investing i definitely would recommend."
97f220bb896cafa54e63dcff,Robinhood,google_play,Great easy app to use. Highly recommend 👌
3d71ce6462815235b8b6c92e,Robinhood,google_play,Great way to invest and get into stocks if not all ready.
d3501621fcce694365e35b06,Robinhood,google_play,Vary informative and straightforward
b00f8d4236efcc504793ca6c,Robinhood,google_play,"Robinhood unjustifiably CLOSED my account after been restricted for no reason with zero explanation. They sold all my assets at a loss. My transactions done through bank accounts they verified. No CS calls, Only messages to get a copy-paste answer saying “still under review.” I provided every document they asked for: selfie, ID, 3 bank statements, all ignored. They even charged me a $50 membership i never subscribed to while my account was locked. Horrible experience. Stay Away."
b4f81e92590ccf2aa8a2800b,Robinhood,google_play,Excellent!
048876ebec6ef66b3589d8c3,Robinhood,google_play,phenomenal love it
c2a295bb0914036ed6084d66,Robinhood,google_play,"Horrible Customer Service. I've tried EVERYTHING to get my account verified, and literally NOTHING has work. I requested a call, and you called me 3x's, and each time, nobody said anything on the phone. Whyyyy in the world would I invest my $% somewhere that has no type of real live help or customer service"
4a5f66962624f11865d67be3,Robinhood,google_play,"Thank you Robinhood for adding to my stress after the death of my wife. First, it was a full month after submitting an estate claim on her accounts until I was contacted by the ""estate team."" After that was finally resolved, I saw my accounts were restricted. No wonder you have over 2000 BBB complaints. UPDATE: Don't bother emailing because I got the same garbage generic response that I received previously. Totally pathetic."
508c0d366ee8520b366d4ef2,Robinhood,google_play,"This has become a great app to use for investing. I use it for Stocks, Crypto, and have my IRA here. I wish they allow OTC ( Penny Stock) investing. I have to use another account for that. If they allowed it here, I would transfer my other account here so I could do everything in one place."
ea7c0b146ed1efd2e3a29633,Robinhood,google_play,Been awesome so far. It's such an easy app to use. Hooked up a couple family members so far. Sharing to everyone I know.
9eb52c4c6c026fa8a46de96c,Robinhood,google_play,"App might be good but Google's using it to run hundreds of trackers on me so I deleted it after 1 day. Robinhood, you should be aware how Google makes you look bad. They have been shadowbanning me with apps from the play store for over 2 years. For nothing."
1fe27595c7fb22320bb4edc7,Robinhood,google_play,"The colorblind settings NEED to be better, I change the setting in app appearance and it slightly helps. The big problem is the new advanced chart DOESN'T keep that setting, it changes it back to the default which is impossible to see and I can't customize it, I can customize every color for every indicator except for the candles. This has to be fixed, I should be able to change the candle colors to anything I want, but at minimum the colorblind setting has to carry over to the advanced chart."
58fc7a374fc3b31c56c36c02,Robinhood,google_play,App is improving greatly since I first reviewed.
773470224d53d7954c79f59f,Robinhood,google_play,"Been on HOOD for about 2 years now and continuing to enjoy the platform, the app and just the organization itself. I'd like to see more consistency in the fee's."
87bcc8323a4c7c2e58630a05,Robinhood,google_play,just learning so far so good
215c0db4834747389d54e910,Robinhood,google_play,Love App easy to use 😁👍🏻👍🏻
e0a69f353d71fd7671dbe511,Robinhood,google_play,Love it
73eaeb17e7aad4029c600e89,Robinhood,google_play,Best banking app!
409c283ff09efd759d0ba962,Robinhood,google_play,very user friendly app. wish has a desktop app with oco orders especially.
e59e2206d2d91611f19b41ee,Robinhood,google_play,"Took money out of my account when I accidently hit the ""Gold"" button and cancelled within seconds...."
ed497f7632ffd34e0909de47,Robinhood,google_play,"won't let me ""verify"" that I am who I say I am. and won't let me log in. all that investment gone now"
0562d9ac8b229c4d8a7cb179,Robinhood,google_play,Very user friendly with no downtime. It is a good market investment as well.
071c2ba63798dca8eb1c06e0,Robinhood,google_play,"Best fees, great customer support, extremely user friendly. Quick deposits and tranfers, great security. Only thing is if you have a high volume stock limit sells are a must because the price could change after uou swipe😫"
1e0dbb8b81029bade653962b,Robinhood,google_play,zero I mean
01695a97a2523e5e37d86f54,Robinhood,google_play,"Now, THE app for all your stocks, crypto, IRA and money management. 💯"
6d55568ec3ecc453be8734e2,Robinhood,google_play,"So, I tried signing up for an account. I find out i apparently already had one.. This is funny because I have never downloaded this app before. Well, when I change the password and finally get in, it says my names Dawn.. I'm a man, and clearly, it's not my name. So I try to get an answer via the chat, which is of no use. I try calling, and I get a robo message of non-sense. At this point, I'll move on to someone else's app since robinhoods customer service is very lacking."
86b083dd6ad4c39c7b87a9dd,Robinhood,google_play,Love it.....
6ba747ad4cb37e817bb86019,Robinhood,google_play,"Relatively easy to use. Setup requires the normal identification requirements, but program walks you through it. Easy app interface."
b51af5ac5fcc4b5a299a8c9f,Robinhood,google_play,Easy
3884949d685e3d970590174d,Robinhood,google_play,Late non accurate notification alerts. Price already well beyond what you set the alert for. Low or high.
fc1928c7fa2091458267b4e6,Robinhood,google_play,it is don't provide prices in high speed.
8e189814bdf84c33f85a5e0f,Robinhood,google_play,"They helped the hacker to steal $10k from my account, and when I reported that while the scammer opened trades and closed them immediately only to make a commission for Robinhood. Maybe Robinhood themselves scam me. I don't recommend them at all they don't have any security and they won't help you at all. Also there support is garbage. If you seek theives to F you up .. you are in the right place You slack reply won't help"
db28edcab93ab51593392977,Robinhood,google_play,Just keeps getting better and better. Thank you
d3d5a21b7334f41ef6bbc0d2,Robinhood,google_play,easy to invest
093fa1e2cb1a73154e18ee66,Robinhood,google_play,Tricked me into signing up for premium
ce295016d5f176af36527b0b,Robinhood,google_play,A company complicit in market manipulations.
6e859b674b02ebdd0aab1b61,Robinhood,google_play,It's a good and very interesting platform
6fe3adfed6d7a958751cc1f4,Robinhood,google_play,"Great user interface and visuals, information/quality information is not as readily available as compared to Schwab for earnings reports and news reports. But pretty good for overall for Beginners."
ed1089a31f8b7e311b4fc789,Robinhood,google_play,Make $$$$$
45e0389e7ba457059432bf67,Robinhood,google_play,great
1ac1292ee6646902a3e24a21,Robinhood,google_play,Amazing so far!
f45936abca840499756a531d,Robinhood,google_play,Eazy to work
7ae9622212562cabc792036d,Robinhood,google_play,as a first time investor very very easy to use and I find the information given very useful and a great place to start when researching stocks to buy
a9a2f558811c486193ecbc34,Robinhood,google_play,I love it
51622ba0221b30a40a074ba4,Robinhood,google_play,Awesome!!!
cd2de5ba875a8c39d1f547ae,Robinhood,google_play,Easy to use and crypto friendly
41a135c3e7b93ee090af4833,Robinhood,google_play,scammy. they stiff you on the rewards for having them hold your paycheck. chatbots are extraordinarily unhelpful and getting to a person can be timely. they permanently banned me from sending my crypto for notifying them of an ongoing crypto scam as directed by ic3.gov. they withheld my cashback rewards for 2 years and made me fight for other rewards. this is a bad company not for the customer but has decent trading interface
35cd136a4315b4d87d29af3f,Robinhood,google_play,....so far so good 👍 ... honestly I love the app and the fact that Robinhood allows the purchasing of fractional shares on ETF's ... I AM considering the transfer of my ROTH IRA but need to learn more about the app before I do ...
3667e4f7ff20e4dfbe523a66,Robinhood,google_play,"DO NOT GET SCAMMED BY THIS COMPANY. Their execution times for purchasing and selling are so much slower than other brokers! They always screw you over by giving you a way worse price when you buy and sell at market price. Not to mention the amount of errors and glitches that you get. For example, you buy an option and it does not even show up on Robinhood Legend, their web-based platform, and you have to panic and log into your app from your phone to get rid of your positions. SCAM, stay away!"
a5ccc77ee78f25ca66121ccf,Robinhood,google_play,making a bunch of money thanks
379e0cddd348c984dea25ab9,Robinhood,google_play,Robinhood sucks
1ef15c2ed191de8950db924b,Robinhood,google_play,Be very carefull with Robinhood my account go hit while we where getting it fixed they took 5000 dollars of my money in my account and put it on someones credit card will only give me the last 4 numbers of the card that isn't mine after several months of talking to them there team will not return my phone calls i turned it into better bussiness and turned it into the irs cause i have to pay taxes on the money
88a769fe2564407a8b33e81c,Robinhood,google_play,good app good set up 10/10 10 stars
c9f7c1554cf9e312dd669785,Robinhood,google_play,So far my experience has been good. Easy to use for someone just starting.
a9e4a92761b1b1bf23acf5eb,Robinhood,google_play,Stealing from the poor and give it to the rich :)
1362ad7c1174533e24df0e08,Robinhood,google_play,"great, wonderful"
29b1cbb550c3556455c6a69e,Robinhood,google_play,great just wish I could trade more days on the margin account
62e591677b54592bd474342d,Robinhood,google_play,worst app I have ever seen. the have help my money for weeks. after 8 calls they keep saying fraud on account. no matter how many times I prove otherwise they won't let me remove my money from my account. I WOULD NO RISK PUTTING ANY MONEY IN THIS APP
4125200b775fd5f4d47974ed,Robinhood,google_play,"This stupid app made me re-verify via driver's license, in the middle of trying to make a critical trade, after already having been verified. Then be verification failed, because the stupid app can't read the barcode on my driver's license..."
75a473e59bcd7d7dd4d5ce89,Robinhood,google_play,Not bad on the phone but limited thus using this on pc or laptop is best use.
7432055c6a231bf4cf73afa2,Robinhood,google_play,Easy to use. Pretty decent info and charts
1846ed0d6763097e42c29537,Robinhood,google_play,I think that once I learn more this app will become more valuable. I just have to put forth the effort to learn because the app doesn't automatically put the Pimp Daddy Trappin Through Trades knowledge of the market into my brain for me.
514fd41e4e9c15b40f9b7251,Robinhood,google_play,forced ads even when you opt out. constant up selling. constant forced notification even when you opt out. it continues to get worse by the month.
f86f8b0a809c7ac632235fdf,Robinhood,google_play,I love it
fe3a789a9a2cde8cc6cd949d,Robinhood,google_play,Pretty good
f0e770b5819049950e30a0b6,Robinhood,google_play,support refuses to delete my account so I have contacted a lawyer
1c9fa17873d0b295a365644d,Robinhood,google_play,Try this it was very disappointed.
3460bdf610373b30009c448e,Robinhood,google_play,love the app and it is easy to use
e3618a7f2782450f5b94941d,Robinhood,google_play,Fairly easy to use.
c5b648498008751deb452d3d,Robinhood,google_play,Great app
d781dace92a22d595647b774,Robinhood,google_play,"I give this app 1 stars... it doesn't explain anything, and I've tried to cancel my account multiple times. It won't let me cancel. So now my information is in there, and I can't remove it. I am stressed out, and i regret joining."
a0761686da0e6fa6d614e3cc,Robinhood,google_play,"Works well, no glitches that I have seen."
d0f63d6569a7f8c68798fab6,Robinhood,google_play,"easy to use, investing, research, and move money."
c119f9f18cd3c193d5b3c6d0,Robinhood,google_play,Love playing this game
fe5af6e462091f1c4fc6fa1d,Robinhood,google_play,great
8f2e1ab11d64e7a7de0ba156,Robinhood,google_play,"doest let me log off, just keeps spinning then crashes i have to uninstall and install again ALL THE TIME.."
57ccaea31731a33e22841343,Robinhood,google_play,"Very poor detail screens, ex., transaction history. There is no easy way to search transactions. Reading the tax CSV file is really hard, the data is so cluttered. Overall, the app is decent for trading, nothing else."
7d54111af40b204fcf2b39fa,Robinhood,google_play,"I’ve had an excellent experience using Robinhood. The platform is extremely user-friendly, especially for anyone looking to get into investing or trading without feeling overwhelmed. The app is clean, fast, and easy to navigate, making it simple to buy and sell stocks, ETFs, and cryptocurrencies right from your phone. One thing I really appreciate is how quickly transactions process and how easy it is to track market activity in real time. Robinhood also does a great job of presenting financial"
540bd0f0737c830235341fc1,Robinhood,google_play,Excellent
57f9fab39952d7ed50bcd11e,Robinhood,google_play,don't remember old account try to start a new account
6cff0569ab43e255661e23d3,Robinhood,google_play,"Dont use this APP, it is FRAUD, there are a ton of fees and they will get you! DO NOT USE ROBINHOOD"
b286f92ed333fcefa2f3d0a0,Robinhood,google_play,Wonderful
4f007ce82b330348ece69021,Robinhood,google_play,it is doing what it says it will. I am learning how to trade.
4a5af26c115633de957b8c21,Robinhood,google_play,Easy to navigate fun learning about crypto and other modern currencies
89e9aa36ebcfa34732d3d9df,Robinhood,google_play,Still losing a star for locking trading in 2020s. since then great.
a1a656920402511ad41bc924,Robinhood,google_play,This app for me is wonderful! I love that I can keep up with all my investments. Robinhood exceeds my expectations! Thanks for a great and easy to use and understand app! Please keep up the great work in updating the app and making it simple to use.
97423e7332d7f426f1ceb4d8,Robinhood,google_play,Great for beginners! I am really enjoying this platform.
67f5f98fd1b3ec7d10ef573b,Robinhood,google_play,you need to cut this bs with how hard it is to withdraw my money. I'm withdrawing to the same bank I made the deposit from and there's 8 levels of security all of a sudden? f off
e6dd7b2ddb746e1eec8d37e4,Robinhood,google_play,great
f8fad118de15a738da257360,Robinhood,google_play,seems to be a pretty solid app. I am certain I've not used to it's full potential. I am looking into IRA's & retirement options trying to avoid fees. we will see how it goes.
0e7ab144fc9966cb28acf838,Robinhood,google_play,you can be watching even have another app open you select to sell a stock at 60% up the stock will continue to rise during your transaction and somehow you sell the stock at like 52% and it happens nearly every time seems to be a scam
b9ffa49b0138b2f2b6955b61,Robinhood,google_play,good
af601d4924628fccd3b77cfd,Robinhood,google_play,good app but if you change your email cant get back in even though you gave your social security # becareful
340d3ae7bbdab5ac989a3737,Robinhood,google_play,I like
f3488adfaa657e51bc7c6845,Robinhood,google_play,Works as advertised. Just can't pick your stocks for you.
7753be8c7591bc72b9650ccb,Robinhood,google_play,The best
a8e7d268bc536ea1a88bd2e2,Robinhood,google_play,"Cannot as anymore over this company any more, this is the Tesla of money. a one stop shop for all your money needs."
a47635b35be50b6e431179cf,Robinhood,google_play,"So easy to use! I'm a beginner and just wanted to dabble and figure things out. You can do that here. However, I discovered that they have so much info for you, if you want it. I love the ipo alerts, the info they provide, online speakers, everything is given to you to make smart decisions. You just have to take advantage of these resources. like I said, I'm a newbie and have been doing very well, but also enjoying the ride."
e19f7e71404b100f0f7f56cf,Robinhood,google_play,good
1e2ceb918aaed16165cfd510,Robinhood,google_play,I couldn't be happier. I got Robinhood years ago for their interest rates and had Schwab for trades. You have to be a gold member meow to get the best rates 5\mo. Access to ipo's is great. They manage a tiny portfolio for me for free. I really don't think anyone can compare. Their customer service is top notch. I'm not sure if I have to say this; full disclosure I just bought a few shares of hood today. I love them.
9156e5c398e6b34952f7c2a7,Robinhood,google_play,All features are not operable
32d6be7021a4bcab4f528416,Robinhood,google_play,"Easy to use, very user friendly"
077533751285d855cbc7b8e7,Robinhood,google_play,very easy to buy and sell for a beginner and indepth info if you are experienced or want to learn.
2f947f7e79e216bdb18dd15a,Robinhood,google_play,Difficult to use
584c72e08ba6c9aa04dae857,Robinhood,google_play,Opening
014fdc5cda83266f8a0c4511,Robinhood,google_play,love the way the app is setup
ddb2e9ed53e313adf9a1e07e,Robinhood,google_play,"Limited trading abilities. They can and will use strong arm tactics. Such as but not limited to Locking your account. Sorry for not being sorry, However if I'm trading stock I wish to have full control over how to do so."
d7a3a6c11b56628645bd1462,Robinhood,google_play,"great, easy to use"
4c4495a330b5538ee475b91c,Robinhood,google_play,nice
561fa3ea9436a0f1a550c7ec,Robinhood,google_play,great app
72a3a18644f230180d32d08d,Robinhood,google_play,Customer support takes more than 24 hours to respond but if you don't answer within 10 min they close the chat and ask you to start again. Going on my 3rd week trying to resolve an issue with the spelling on the account.
658ed4e408a036f3cfdff293,Robinhood,google_play,"I've been on Robinhood for over 5 years and I love it! I've learned so much about investing and trading, that I am showing my family and friends how to invest and trade using it."
abf36ae7fb1fb58c6c7aaa86,Robinhood,google_play,Simple to use and FAST
68c47a2620b0f55686471ce8,Robinhood,google_play,I love ROBINHOOD. nice and easy to use
9dc6e51319733e8940de07b2,Robinhood,google_play,Investing made easy!
a14df493179d37c2198a2af2,Robinhood,google_play,"No option to speak with a human when there is a problem, just the runaround from their chatbots. I can't trust these people with my money."
2f3b8676fa6f203c12403302,Robinhood,google_play,I really liked investing the Robinhood gold on my real phone please. Thank you. Chet
f9cb072ebc3ec5d7c50d8b99,Robinhood,google_play,good
3174463909754f8ef3de16ae,Robinhood,google_play,Brings investing to the working class
7d3e0f1fcc73fb158d471c72,Robinhood,google_play,An excellent app to build compound wealth and long-term investing.
5ddd47dbf684f2a6f584be45,Robinhood,google_play,"Perfect for beginners, easy to use.!! Had no troubles, I love this app"
3379faecdef0efd234333419,Robinhood,google_play,Easiest trading app out there!
6d2f3b902d493ca4e912e0c9,Robinhood,google_play,Exceeds expectations.
78c1fee0cb070c21a472fc29,Robinhood,google_play,Yesterday I update app and it is glitching . I don't have any problem with I'm internet. But something wrong with robinhood app.
2d321718eb7a8adf768d02d4,Robinhood,google_play,"Easy to navigate, and intuitive."
10c56e1e3c1ebab0da99f0bf,Robinhood,google_play,amazing company. great easy to navigate app!!!
61ff6493f4079f96bd58c715,Robinhood,google_play,Not valid you are not like acorns you steal from people
98b13194f642eb0416344b3b,Robinhood,google_play,Very new to investing. Robinhood provides enormous resources to help me educate myself. Ease of use and excellent accounting.
e1068fc13fb28937a379e7ee,Robinhood,google_play,used to absolutely love Robin Hood I thought it was one of the best trading apps out there now it's just a money machine for them it's just horrible runaway as fast as you can
71b061bb327ce0525371df91,Robinhood,google_play,They changed the way they calculate your average cost ... There is now no accurate of realizing gain or loss.... I'm taking my money off this platform
2ae11bea7b246ae3d207baee,Robinhood,google_play,Best App Ever!!
2ba8b5efb97923be6d688bec,Robinhood,google_play,Pretty cool~!
bbbd822db0c65c63bb210d43,Robinhood,google_play,used to be 5 stars however I changed phone numbers and now I can't get into my account with 10s of thousands invested and customer service is non existent outside the app finally got an email and it's clearly from AI do actual people work there?
037b89767e0ccaea02bcf408,Robinhood,google_play,best app for beginners getting into stocks.
2091a81c5967f0d91f81ed0c,Robinhood,google_play,Good so far. First time doing this stuff.
0e2932b806d0af16db8493cb,Robinhood,google_play,sometimes it won't let me make purchases I have screen shots
9ca516796d273c4892b2cc28,Robinhood,google_play,💯
96cd9825540eb563be5c8e73,Robinhood,google_play,Easy to use.
7bee5e904786ec8b7f949ced,Robinhood,google_play,"The app is painfully slow and shows inaccurate information frequently as well as on the website. Now add to that, that I can't even sign in at all today and manage any of my accounts with the market performing the way that it is, is infuriating. Robinhood is getting really close to being replaced with a reputable and reliable company."
3447dde385053e3d4112912a,Robinhood,google_play,Excellent
ce6eee2024384dbbb3c7e6ef,Robinhood,google_play,This app has very few features and is not user-friendly.
e98f089d05ee69cabbc80e4d,Robinhood,google_play,good
18f083b0883fe6afe000d7e2,Robinhood,google_play,😁
2b868faff16fce2dbb2cbeec,Robinhood,google_play,So simple and easy. Even my grandma can navigate it
352b33ce18d22b98a65c25f1,Robinhood,google_play,"app is unresponsive. when trying to sell in prediction market, it wouldn't let me multiple times. resetting didn't help and it keeps happening. I lost money because of this"
afd50a27230309181c5071d1,Robinhood,google_play,Do not use this app. Oncs you put money into it they want to hold onto it like it actually belongs to them. The interface isnt user friendly either. These people dont even have customer support. if you call the line you get a generic automated message. They only want to keep your money. I might need a lawyer to retrieve my loses because thats all that happened. if you are smart stay away from this app. once you place money into this app they will make it impossible for you to retrieve it.
aa80f8ab64305fb931df808e,Robinhood,google_play,Easy to use and understand.
bff1ba1914ac9c8a55af571f,Robinhood,google_play,the first time
4753bc6a8f40cd5a9075bc3a,Robinhood,google_play,didnt take long to learn and start investing.
469627435213870de64f1df8,Robinhood,google_play,"Completely misleading mission statement. This app claims to be for the small person, then when the small people make big damage to the people with all the money suddenly we are blocked from playing until the big boys get their money back? 🚀🚀🚀🚀"
36ced62ea0cd5d24b2bca3c9,Robinhood,google_play,fun
e608b6838a5a51b42d89dab8,Robinhood,google_play,I am so excited about legend and the new upgrades you all did an amazing job and I appreciate all your doing the only thing missing now is AI tools and bots other than that you are taking it by storm
41659ea323bc3506707d3b7c,Robinhood,google_play,"This is an excellent app for beginners that are learning about stocks, crypto and IRA's. Ive doubled my deposits in just 6 months!"
8f9f1bf96642d37659e879e2,Robinhood,google_play,Great
c876b0d40a7272e0103f2aee,Robinhood,google_play,Great tool.
8edc0a38f7a98f372a666c26,Robinhood,google_play,nice
77c32eb6c272dcd68b5df001,Robinhood,google_play,this is a very easy site to buy stocks and crypto I always wanted to buy but didn't know how until I downloaded this app and now I'm rolling with it I own stocks and crypto
a395a60948fd8599cbaed46e,Robinhood,google_play,"very easy, smooth data entry, is user friendly & clear to understand"
ffcd3db251c042a6344d12c6,Robinhood,google_play,"This is great! I would say this tool is good to use for those who've been trading for years, from all the way to those who have just started investing into the Markets!"
bbc74e3c8fa7b7da60cb5dff,Robinhood,google_play,Difficult to find overall return. Difficult to withdraw
71980c146dd1d48365b76c8a,Robinhood,google_play,love the green and black
239065600c342f17e4a3d0e6,Robinhood,google_play,"BEWARE! Customer service provided resolution to an issue and it was approved by their superiors, then after the fact they refuse to honor what was promised. Lied to multiple times, so beware. Manager Sam seems to be the one that reneged on what was promised. There are plenty of other brokers out there... Invest with them instead."
410f4925b66dab5dffe87ac2,Robinhood,google_play,awesome so far. looking forward to having a more hands on experience with investing in my future.
bd6795da25059c4d41c50d57,Robinhood,google_play,need help login
0340947c592b20f82d2408a0,Robinhood,google_play,"Absolutely the worst brokerage firm!!! There's no customer support number you can call and it takes them for days to respond. If you miss the call, you have to restart the whole support request again. It took them 3 months to finally unrestrict my account."
bc760c0bbe458bced420fd2a,Robinhood,google_play,I love this app very helpful and easy to use
46f950ee3e35c1f6ba894847,Robinhood,google_play,☠️
0053500368b691af544d7043,Robinhood,google_play,Easy to use and understand
aace79ff447474d370dd49d0,Robinhood,google_play,Great app! I had to get a new cellphone and now I'm not able to access my account!! I really like the perks and it is really easy to work with the app!!
6b9a0aa620e5423190473de6,Robinhood,google_play,i have problem investing on use recommedation on my Roth IRA and have lastest update.
e27278d743826ede9815db6a,Robinhood,google_play,It okay trying to learnd how everything works
3326a394e4bcac2289bc37bf,Robinhood,google_play,"Easy to make trades, deposit and withdraw funds. Even helps make sure you're making the right choices and not just blindly buying stocks and throwing money away"
4c61217e0ede6d98b77b7f96,Robinhood,google_play,Great service 👏 👍 keep it up
9cf601b6c021296adb4123f8,Robinhood,google_play,Great!!
4af58989868762d013ab54e0,Robinhood,google_play,great interface. everything just works. just stop trying to upsell me on things!
6eafa13e44b638cf9cf10099,Robinhood,google_play,Great
7a442b1de0940fac11a483f7,Robinhood,google_play,Easy but n sell at market.
56f9af45b3e519f5ec48d631,Robinhood,google_play,simple
dadaa32fb31263305f12e8d8,Robinhood,google_play,Very easy to get started...even easier to navigate and make money ...love it
e61cdf56ad6514491978cbbc,Robinhood,google_play,they made me miss a stock this 10th bc i changed my bank so they supposedly need info dumb as app
0151c561b2fed38fd3c49c20,Robinhood,google_play,There is no customer service phone number to talk to anyone
08ea2a267ca7124af74a7af8,Robinhood,google_play,love this app. it is one of the best crypto apps that has ever come out.
8f3d4bbd400e2024e6167e21,Robinhood,google_play,Like 👍
34b689730f61e7e5862939c9,Robinhood,google_play,"Eats money ,money for nothing."
051ed82f4fe212e860cf7716,Robinhood,google_play,Good easy to use
a29a3ce4f31a91c13b88dbe6,Robinhood,google_play,"Just started on here, and liking it so far."
379f9cacc1c6ac343059ae66,Robinhood,google_play,exellent
b28e75153170a54a5c4a36a8,Robinhood,google_play,easy to use
2118b607d9425cb5533ec976,Robinhood,google_play,app is not working
82034253aa31e37544563253,Robinhood,google_play,Robin Hood is horrible!! Jump through all the hoops set up the account Wait for 5 days for the transaction. Tried sending $12 to another wallet account blocked called asked what happened that it was blocked sorry we cannot discuss anything until the evaluation is finished could take up the 30 days?? So another couple days have gone by markets up 35% RobinHood still has funds held up.Feb 20 maybe longer
98854c48460a64385763d8ed,Robinhood,google_play,Great app for beginner trading
44426d8341bd454d909a389e,Robinhood,google_play,very beginner friendly!
13331bc6e42365f0a5da4293,Robinhood,google_play,LFG score dont lie
e4385636b27602202eea9bdb,Robinhood,google_play,Excellent
1f59c15715efd9e5f32d54c9,Robinhood,google_play,Beginner or advanced traders can use this app with new features updated for TA. Great extra benefits with a gold membership.
4a487751700284f27f86047d,Robinhood,google_play,so far im enjoying it!
076c6867cc41ee1473c67363,Robinhood,google_play,"Isn't there a way to change the widget color...it is a bright yellow and it is terrible to look at against the dark background that I prefer. I have to remove it from my home screen in the meantime; otherwise, I love Robinhood and have used it for years. The widget color used to be green which is a million times better! Change the widget color to a more appealing shade and the app gets five stars from me!"
00aac39e4b4fe7366d8682c4,Robinhood,google_play,Ez n Smooth.
e22d4fddd4ad655ad56ac1ad,Robinhood,google_play,"So far, so good. Trading in the app is smooth and easy. But please do your reseach before you invest. The ease with which trading can be done in the app may prove a downfall to the impulsive investor."
88080e4abbfe2d9089d3ea22,Robinhood,google_play,While there Identity protection is nothing to laugh at and it's very reliable I cannot say for the customer service I finally was able to recover my account today only to keep getting disconnected 13 times getting transferred to the right agent in about 7 hours only to get the agent for them to not hear me so if you ever had to compromise account just delete it it's not worth the effort contacting customer support
8972b1fed3df77bd8639a3e6,Robinhood,google_play,"Terrible company and app, canceling my trades. Cheating me out of thousands, and then refusing to let me move my money to an actual competent firm, so that I can actually make money. This app is not for the average blue collar man. 2026 gave it another chance, absolutely terrible, hasn't changed at all."
601e8bab632ef0e9642c18c8,Robinhood,google_play,"excellent app, and I have a lot of friends using robinhood."
c2205bdd68955f5cce70e892,Robinhood,google_play,Really love the app for stocks...crypto still a little lacking to coinbase but coinbase lacking to robinhood on stocks.
223eb4358eafbfd922d65021,Robinhood,google_play,I wish it had more depth and data on the search charts.
db95dbf22ac6dd33880f46f3,Robinhood,google_play,Love this app
a6a829e99baf0632ee9795a3,Robinhood,google_play,Only one way to invest.
c17a57ab48eb62da9f698234,Robinhood,google_play,"Give us an option to remove crypto, prediction markets, and other bs from the homepage! Not all of us want to throw their money away!"
1a4ee81eedf1256564ac2b64,Robinhood,google_play,Great app!
c8e3d5460ba9e93ed5204661,Robinhood,google_play,Easy to use. They are making improvements to the crypto part of the app and hopefully adding more cryptocurrency types soon.
b4457da07b554731eb2a1013,Robinhood,google_play,Get balance
c0a7648daa7acc2eb72a0a0d,Robinhood,google_play,"UPDATE: I can now use the drop-down UI successfully to select external accounts I've connected with my Robinhood account. Both, deposits and withdrawals. Previous Post: Broken Android app. I cannot choose any of my linked accounts when attempting to transfer money into my Robinhood account. I can do so from the website. I deleted the cache, storage then uninstalled the app. Rebooted the phone, installed it again, still the functionality is broken. Same issue when attempting to withdraw."
ebb54db6a1ad1842c64135c6,Robinhood,google_play,It's innovative to bring these service to every household and customer service is getting better
31d56809f1c4b6565df3aead,Robinhood,google_play,"Hoo-boy what a difference a few years makes... Ads EVERYWHERE on the app now...! Like every damn other tech thing, they keep ""improving"" the app such that now it just doesn't work - now I simply cannot find the information about my uninvested cash, and the numbers that I find on the app and try to reconcile do not add up... Had I bought stock in Robin Hood when I left the original review I would have sold them all long ago! I'd buy stock in this app if I could – a LOT of it..."
474243a749892ea099f3c6e5,Robinhood,google_play,Great app make loy of money
692c414e9460bbf4bae9d00c,Robinhood,google_play,I'm enjoying the app very simple and easy to
d74854a8fb7cb95d6a0f6ecc,Robinhood,google_play,love this app easy to navigate and learning to maneuver through investments and banking a breeze
ebe61b94bef20b36d9324a46,Robinhood,google_play,it is easy to use
fddab56dd18e2e48922c4c9f,Robinhood,google_play,"I have an account and reset my password as instructed. This led to three more requests to reset account. App also requested an update, which it also won't let me do. Can't invest if I can't get into the app."
519ee4c03cb739f1711e8b31,Robinhood,google_play,"I like the app, but one thing I don't like about it is that if you encounter a problem, it's hard to get help."
28d6eae613db412e327ff7d4,Robinhood,google_play,Theyre constantly lowering the apy for uninvested cash for gold members over the years. Currently down 1.25% from when I started.
d0b6199cbb4b95d0ea5ad424,Robinhood,google_play,Professional
37f6742ce5d11a617c621634,Robinhood,google_play,"I love the UI and it's features. If u r into stock investing, this app is the best one in the market 👌"
6519825bbbc670cf421b307a,Robinhood,google_play,They pull your money from your bank immediately but then take a week to process it on their side . Thats Ridiculous when we're in an era of instant transactions
1ff26d03bac5b3d7328f3986,Robinhood,google_play,soon as it sees You buy a bunch encrypto it will prevent you from selling
df6b640137e91e55d3ae4875,Robinhood,google_play,"horrible ... after submitting all the data they required and all was verified my account was declined for reasons they couldn't provide... I was told to wait a few days to receive an official rejection email and then reapply.. two weeks later , nothing from them despite my multiple contacts with their agents... time and opportunity lost. to all - look for other brokers before you end up in this awkward situation and lose precious time. checked trustpilot - turns out they have multiple issues"
01b704af309c1bafbabe73f3,Robinhood,google_play,great app. easy to use.
2409c12b685fdabb14a7de47,Robinhood,google_play,"Worst customer support after being charged fraudulent fees! Otherwise, the seamless app breaks down when it comes to support. I am using Robinhood since 2018 till date (12/8/24) and it's been great. I was charged fraudulent fees on my standard transfer. Tried to reach out to their customer support and it's a nightmare. First time, I received callback after 2 hrs wait only to say that it's an easy fix but her system was down so she disconnected my call. Since then, I have I am stuck with their AI"
600ce3fa566fc02ad50d778a,Robinhood,google_play,"I often cannot see my position as digests replaces where ""position"" usually is. it doesnt happen all the time but it is quite annoying as I have to click out of my stock and click back in and sometimes it doesnt work."
2b6fe35133fa101c46a96ef1,Robinhood,google_play,I don't even have the app.And it keeps sending me stupid emails.I want it off my email list
3220857749b52c8ac834c9fc,Robinhood,google_play,This company is one of the worst in their field. They took zero responsibility for freezing people out of certain stocks when they saw fit or basically when it was going to cost their investors money. There are much better stock trading companies out there. I did reach out when you blocked me from trading because people were over buying several stocks. You never responded because you didn't have to. Just like your show when you went in front of Congress because of that mess.
2b8519c610f5bfc22e041b63,Robinhood,google_play,"if I could give 0 stars I would. I'm trying to own an account with them in order to withdraw my money from Jupiter. it requires a photo of a bill with company name, your name and physical address. I have taken a photo of my electric bill 8 times and all 8 times these message that they can read it. you can't enlarge it? it says you have the option of uploading a pdf. bull. all the app let's me do is take a picture of it. I just want to withdraw my money and I can't."
5a1455482564be79d094e87e,Robinhood,google_play,"Robinhood Gold said I earned .02, then proceeded to tell me if I canceled my $5/mo payment, I'd have to pay them almost $8... for canceling... so, I lost 5 dollars per month, canceled, and owe them 8 more dollars for paying them to lose money 😐"
fb3462bce86d394e00b2f573,Robinhood,google_play,Does the work. Clear. And no nonsense.
109927a2a8d1a3a10ae7964f,Robinhood,google_play,Best
884fd302a65a68ed9d21c00f,Robinhood,google_play,Very good app for stocks
3cdec8c6c1a3fb0de5ebd096,Robinhood,google_play,Best brokerage app
5f57556ea8d4a857cdd998a7,Robinhood,google_play,"Got to the address part of the signing up and I couldn't add my address, I live in the UK, why let me put my UK phone number in and my UK address? It's stupid."
dd13db4679035113aea542ab,Robinhood,google_play,"it is a great ap and easy to use, the one thing I could think of that could make it better is that ai guide."
bf433c1cdf5b3761d5e8867d,Robinhood,google_play,Very helpful and informing. I feel very encouraged by the support provided.
f0a197448ad82a28eee4a85f,Robinhood,google_play,"Good app, not many technical indicators and only a handful of cryptos avaliable. Over all I recommend"
93a6981d1b007c2e5f62634f,Robinhood,google_play,phenomenal and educational.
f0bc451ef56a9765f7e94c77,Robinhood,google_play,"Everything is working great, aside from an app that is struggling to connect to Robinhood. Thanks for the reply!"
8325356479e5332967473f75,Robinhood,google_play,its fine
9a154818b77765b2af77f503,Robinhood,google_play,Denied my application
c976f530430ed3eb0957a150,Robinhood,google_play,Makes trading easy. Wish there was more crypto.
8062fcbffa7e16ac6be4e92d,Robinhood,google_play,very wise choice
a2aef0019df6b92f5ff69b84,Robinhood,google_play,one of the best apps to understand.
5bdb7b7423d5caa7d3b7728c,Robinhood,google_play,This app is fun and easy to use and the educational tools are very insightful
8471ba1fbdfceab305949677,Robinhood,google_play,Great experience for a novice. Robinhood provides an independent overall description to trading.
4522c3af7225eb26ad634331,Robinhood,google_play,"very good app to invest & trade US stocks, ADRs, Crypto, Index options, & so much more. Best part - It's free!"
7fd785948f55bfd7d8a9ba40,Robinhood,google_play,"Easiest way to describe it is.. Gambling, dressed up in a suit and tie. I cannot and will not stress enough to do your homework and study up heavily on what your investing in before you put any money into anything. If you go into any investment blind, you will come out empty handed. Don't rely on the news on here as it's always a day late and leaves you a dollar short. Study the stocks individually on external platforms. And triple up on that studying if you're trading options!! Be smart"
7a3b063ebda8e8fd1966031f,Robinhood,google_play,"I applied for the RH gold card about a year and a half ago. I received an email and text telling me I was finally eligible. After 2 hours with support, they said sorry for your frustration, and our team will be informed. Have a nice day. Zero effort was made to actually help."
bdebc0926b7c1b2383075bdb,Robinhood,google_play,accurate
8da3ec16365d798876eedf0f,Robinhood,google_play,So far so good. Things seem to be pretty clear on the app. Some of the charts are overwhelming but I don't fully understand everything there is to know about stocks yet either.
5340346633a677cb6221749f,Robinhood,google_play,Nalich is power
b0434590607fefdbb682bf78,Robinhood,google_play,"When it comes to day trading, getting filled in a timely manner is often times a hassle. On top of that, on multiple occasions, I'd try to buy or sell contracts, and it would say ""order pending,"" which is absolutely unacceptable. I've lost out on so much money because of this it's ridiculous. DO NOT GET THIS APP FOR DAY TRADING"
59778f0fd42d508734e3b858,Robinhood,google_play,I really enjoy the casual stock market experience. I'm not trying to get rich. I'm just having fun. (I'm still liking it) I am a little bit upset that I exchanged a year's worth of 'gold' membership ($60 cost) in exchange for $8.50 of BTC. I hope I can make up for it in other ways.
f211ef0b594a1359aae52889,Robinhood,google_play,exceptional
d73071fff256ecc161d7679b,Robinhood,google_play,bad customer service bad bad bad I got 4 grand in there and can't get intoybaccount .
a068fa21a807d5cedcce2449,Robinhood,google_play,Robinhood makes it easy to invest and buy stocks and Bitcoin.
0e9abdc0e29f0909e36a5d7c,Robinhood,google_play,"Robinhood has denied me access to my money. THEFT is what that is called. There is no way to contact them accept through this app and there is no way to access the app if your phone number changes because they only send verification codes to the number you no longer have access to. I have permanently lost access to my account, my money, everything, and Robinhood will not answer me. THEY ARE CROOKS!"
28a7a2a7712b3b020dd52e38,Robinhood,google_play,"It's frustrating, U Takes decisions without notifications to your customers. U don't respond to calls on time"
a68c8709fdb90d66022b9b99,Robinhood,google_play,A+
278ef437c7e51ded2ff2b20c,Robinhood,google_play,Beat app EVER.
e55c25f9b15f56df536adec3,Robinhood,google_play,I just started an account and now want let me access it it keeps taking be back to sign up. I tried resetting account. More confusion . Now want recognized any account
67b030661eff7d93bc6b65fe,Robinhood,google_play,my account was hacked and I've tried getting in touch with someone but I've had no luck. But the guy stole $2800 from me and now I'm locked out of my account. He's changed the password and phone number so I don't know what to do to regain my account or my money
483173dcb815385bba2fc27a,Robinhood,google_play,stay away....terrible hidden attack on your data.
76933d238cbd472175813a68,Robinhood,google_play,great
7f4e2e9ad0456e70e1d9acd5,Robinhood,google_play,"Fun, exciting, and very educational"
a45d4b1ab36b9f17620f89f4,Robinhood,google_play,Great App! Bravo. 5 stars all day.
654ad554891745f158779821,Robinhood,google_play,"Is the app easy to use? Sure. But where the heck is the option for 2fa/MFA? According to their support site, it's supposed to be right there in the security section of the app but it's not, which makes for a frustratingly inconsistent process trying to log in to their website."
19a02114c8ebaade01185782,Robinhood,google_play,"Greatest app for me to used,but I don't know when to sell or trade them."
89ba3d7ac24bb87f50a9b1df,Robinhood,google_play,using Robinhood since 2017 awesome barely any issues. mostly customer service issues which seems way better.
4f42693f9d28a93797a41f0a,Robinhood,google_play,cool except for day trade limits.
83b7b916abcf7ecb1d8ba041,Robinhood,google_play,"Avoid. It's a toy from kids that don't know what they are doing. They send you an email about crypto statement. They give directions in the email how to find the statements. Like menu steps, for example Account> Statements> Crypto etc. They do this for the web app and the app. None of these instructions work. What a joke. Avoid if you don't want to have issues with the law. The developers provide zero support or customer service. Save yourself frustration, invest with actual brokers..."
84e688cd0ecfec066364ab24,Robinhood,google_play,excruciating
4c408d93cb8c17cd750ff1a8,Robinhood,google_play,Easy to use i like the new updates
adc8f789da20a376bdfeec8f,Robinhood,google_play,"Great and easy to use interface, everything is very clear and simple to use. couldn't recommend it anymore."
049362df4af8ddc64f471562,Robinhood,google_play,"Poor customer service , they don't know nothing about the laws in UK . Don't know how they been allowed in UK. I am a foreigner living in UK and they ask me for UK I'd. I don't have a driving licence .... bad for foreigner's living in UK . NOT RECOMMENDED FOR FOREIGNERS LIVING IN UK ."
b7667b6b84d023104cf14c38,Robinhood,google_play,There quites few stock I'm interested that Robinhood doesn't support .When I gain interest I can't tell which stock it's deriving from. Should have more explanation on the how to use features and so on thank you . I've appreciated the convenience the app does provide tho
6eb972a45e29663c07be8d37,Robinhood,google_play,app frozen no customer service.!!!!
ff8b6fda2367afc51734f0e9,Robinhood,google_play,"charts and graphs especially are difficult to read and don't show enough information. Gold is a perfect example. nothing but a flat line regardless of whether or not you change the ""over-time "" setting."
e59fec927f765bc56e05d660,Robinhood,google_play,EXCELLENT EXPERIENCE
03922a1fc58a614dcb47b2bc,Robinhood,google_play,It's been a week and I csnt even open the app... no update available at all
88fcb792642ab5cbe0ad308b,Robinhood,google_play,"I can't log in. they won't send the email link, even after checking that it typed the email address correctly a few times. Fix this issue."
bb0097e8c9cc879db577ee11,Robinhood,google_play,Believe it is secure and safe
334c6e430d38b64869470a3e,Robinhood,google_play,"Great App & Great Company. I've never traded in the stock market until this year , it was always to much work to go through a broker and then you never really knew how much effort they put into making you money. This App does everything I need at a moments notice and lets me know if I am doing something wrong. Great app ! I recommend this to everyone who has time to kill and money to invest. Beware though its very addictive."
f9859fb9954d4dea7dd4aa8c,Robinhood,google_play,Please help 2024.41.1 to .9 has gone nuts. Incorrect Total Return being reported.. Mayor Bugs .. Not fallowing the mathematics of Total Return = (Market Price - Average Cost ) x Total Shares... Plus Average changing lower... Current Users... Do NOT UPDATE TO THESE VERSION. I tried their support 3 times.. Solution I found. Downgrade my Version. I was able to downgrade to a prior version 2024.21.2. But prior working good version is (my girlfriend has it ) 2024.40.3 which cannot find yet.
3be6c969a4d4c07171da8c14,Robinhood,google_play,love this app
261a16a75b805755d9a50a83,Robinhood,google_play,it was okay for a beginner
5d83e98c07b4e49fec22d40c,Robinhood,google_play,"Its fine, downsides are the UX is not the best, you have to figure out or look up things that are just there on other platforms. But even worse; moving money with them is SLOW. If you need to move money around and not have to wait a stupid amount of time there are much better options out there. These guys are in 0 rush to give you your money even if its money you didn't trade with it will just be tied up somehow. 2.5 out of 5"
eb495af4c2fbea10ebc6b0dc,Robinhood,google_play,Itssss GREAT! I have other investment apps but Robinhood seems to be the best one. The colors and layout (GUI) are better than the competition. Robinhood is lacking in some cryptos that I would like to invest in now but they are always adding them so I'll accept it. It doesn't have all of the research tools that would make it better so I use it along with some other research tools. The trade cost are much better than any other site/app.
12d6762b6bc5cc754b12b18d,Robinhood,google_play,"Good for regular stock purchases. The only downside is in extreme events, they'll cut trading and you're stuck where you're at."
a9a91c8b91061e540c095a47,Robinhood,google_play,easy
671866a8e174a63f84c9dbf1,Robinhood,google_play,easy to use simple
e9f09cd6aa41ffc75487cdf8,Robinhood,google_play,This app has made trading soo much easier! It has allowed me to get in on the ground floor of several IPO's and made tracking my stocks a breeze
861768b5521343504bcd8d8e,Robinhood,google_play,easy to use with great help to understand trading really love it
edf85ac64b7d68a19280d4a9,Robinhood,google_play,Open brokerage elsewhere. do not recommend.
b68023115daf6340e178f708,Robinhood,google_play,very confusing
d434255605b104435c85539c,Robinhood,google_play,wouldn't let me transfer from my bank and missed the opportunity...
a8c2ad4e9b17d37f1573e162,Robinhood,google_play,"sell coins as you want and withdraw money from the bank account when you want. not satisfied with this program 100%. consider yourself the owner of my savings, blame your mistakes on clients, so I give the rating one"
ef0f329210f9a6bf0a047080,Robinhood,google_play,Easy to pick stocks I'm just an individual not a trader says my account is in a deficit I'm waiting for my stocks to grow don't se a reason to add more money at the moment
d9596eb8146e121f69ee0c2b,Robinhood,google_play,easy to use with less fees
6bf38c6b9f29c0c7a535fa89,Robinhood,google_play,Very easy to use
92f8b83dd456221ca763d6cf,Robinhood,google_play,Seems to be fairly easy to use with a lot of useful information at your finger tip. Nice that Even Crypto is easy.
a6dfa96cbd367466f0c921a1,Robinhood,google_play,"I've been a member since the app went live. I started throwing pizza money into the market at first. Through luck and whatnot, my account stands at 75% return at five years in. It now is a serious amount in my account and will feed into my retirement in a large fashion."
a529981c1f4105d32c00d99d,Robinhood,google_play,I love this site!
f0fc2f2d3eb89389509d84e4,Robinhood,google_play,👍
473e27de4818b9e118755c05,Robinhood,google_play,Good
d5997891a3cc54a030aa74d0,Robinhood,google_play,Its for sure a learning experience if you haven't ever worked with the stock market like myself. But I must say that Robinhood has certainly made my experience alot more fun as well as very informative. Highly recommended
71d7329d75d923a4cfb73c79,Robinhood,google_play,stop running ads and save your shareholders money
d24bae5cf5e0aa5209235f66,Robinhood,google_play,"real sneaky liars here. moving my 20k. want to get ripped off trading crypto? stick with them. They say they have no trading fees. That's why I switched. But guess what? They have more than a 400 dollar spread for EVERY buy or sell. This means if you want to sell btc at 90k, they will do your transaction at 89,600 or EVEN MORE. taking all the extra money from you. is that no fees? its ABSURD and ridiculous. can't leave fast enough. A week to add funds? Coinbase is instant and transparent"
6a46726cb95fafcb9e18a050,Robinhood,google_play,Will freeze your cryptocurrency for violating their agreement (when you didn't) and then not tell you what you did wrong and just send you a pdf of their agreement over and over again.
2dd3e3b910b530450971eede,Robinhood,google_play,"very helpful for beginners, makes even trading options a breeze. i have learned alot because of robinhood."
9b3785f432186f818e928e03,Robinhood,google_play,Pretty decent app.
d5dd37cb7138624962380f6d,Robinhood,google_play,Very frustrating trying to log on after getting a new phone number... Can't log in. And the only help offered is a button that says resend code. But resending it to the wrong phone number doesn't get me any closer to logging in
f402c7971970f346bc10dc7a,Robinhood,google_play,its okay I guess...
1cbdc42b0538cb3c88081043,Robinhood,google_play,Great app!!!
aabbb27e9c0185b4a9046ac0,Robinhood,google_play,Great app
19688a75c1a53706e838452e,Robinhood,google_play,"Robinhood app' intuitive features provide me the feeling that investment doesn't have to be over sophisticated. I highly value the company thrives to continuously improve in every respects. The snack news are fun to read, rewards & offers definitely add fun & monetarial values to my investmens. Don't change the Robinhood nature but to keep thriving."
4030f304825e3e6468edbc50,Robinhood,google_play,want to buy and sell stocks I'm just learning
5e2bc95e522139396803aa64,Robinhood,google_play,"Easy to use, from a small investor to a more advanced."
b6fd9024d4ab1d2f0869c56b,Robinhood,google_play,Best brokerage app easy interface to learn and no trade fees plus built in 3.35% APY savings is huge for those that want to earn interest on their savings.
94cc32fe711baf1d45a8401d,Robinhood,google_play,hard to get my money out of it
5ae5d3b7cd7326c524df015a,Robinhood,google_play,"If you ever need help with anything, don't count on Robinhood getting back to you in 1 day or 3 days. The time to get a live agent is ridiculously long. In response to RobinHood comment: it's silly because I put in a request twice and no one has gotten back to me, I signed up on Fidelity to open an account and I can make a call at 2:00 a.m. in the morning and get a person within 10 minutes. I missed out on a trade because I couldn't fund my account and no one answers the phones or chats."
d4dbeaa254efc4419a66870a,Robinhood,google_play,"For the most part, I have liked Robinhood, and the App seems smooth and easy to use, but you better not put yourself in a position where you need customer support for anything. It is torturous to get a hold of them and they often can't help you anyway, especially if the problem crosses to their gold credit card, too, because those companies must not talk to each other. I am likely to keep using them, but I may start refocusing more on my Fidelity and Schwab accounts again because--trust, really."
0b9ab412a7e19a6a407225a1,Robinhood,google_play,love the app
72f2e3aa6294345b38e061fc,Robinhood,google_play,I can't get into my account I can get into the app but I can't open my account I have reset my password and email it still says the account is locked please unlock this account
184293577429646a33a2f3ce,Robinhood,google_play,a new experience wish I had done years ago
f3ec77cb152e7585cc95c668,Robinhood,google_play,so far it's ok.
2495218bf40451b8e97dbc6d,Robinhood,google_play,Great app to see your investments in real time. Keeps you motivated about investing.
fca88d153c15fdfbe98339da,Robinhood,google_play,"terrible app they charge you for no reason, they tried to make me negative like $50 when I didn't even do anything yet and customer support is awful they don't care about you they just want you money, I thought after that college kid killed himself that they would fix the app but no they are similar to Activision they dont care about customers..."
e2dff902b1dda8127745693c,Robinhood,google_play,app refuses to open
672ef0d10f3046d8d632bc5a,Robinhood,google_play,Very responsive and clean app
6f7c350ea283b0357b7b792c,Robinhood,google_play,Makes investing fun and easy. Been using it for a few years now.
2a587421841781c3ee9ce4ce,Robinhood,google_play,"very simple, not complicated. During certain times, options freeze up & it logs you out. 9-18-2025"
5e479125c686ee8f5f51072a,Robinhood,google_play,"its auto price sell is not fast enough, will lose you money daytrading on here, force sells your options at 3:30 even though the market is still open"
99f092c614894fae6c91a715,Robinhood,google_play,Just started great app
4fdf24251d8eb272d0dc8684,Robinhood,google_play,"After attempting to add 2 additional accounts at 2 other sites/apps, I have realized what a great job Robinhood has done. So, it is easy to set up and use."
41c331cc7c20a6b586a71280,Robinhood,google_play,Easy to use for a beginner like me.
9ad77d8f561f5ddebfddc982,Robinhood,google_play,"Garbage. I've been using RH for years. They sell stocks without telling you. They don't give you the rounded shares you are promised from an RS. Customer service sucks. I could go on and on, but horribly ran business."
a73c745ba3e75b8efcafb163,Robinhood,google_play,I'm new to all this and so far I'm learning little by little and it's going great!
b25641b74ddfad6668edb969,Robinhood,google_play,Have been using Robinhood since about 2018 and I'm so grateful that they handle all the tax paperwork! I love the trailing stop buy option and I'm so grateful to be able to invest in single or even partial shares for really expensive stocks. It's nice to be able to diversify as a small investor. My only complaint is I do not love the new lime green color scheme. It's hard on my eyes. Please switch back to forest green!
5dddacf77312e9e96dcda809,Robinhood,google_play,No contact whatsoever. Lost old device and app support is playing games with me after hackers stole my money!!!
625e49cda8f7b6773333669f,Robinhood,google_play,great job
c5ec75d7cbcc8184d1d96852,Robinhood,google_play,they didnt let people sell in 2021....because of that i not only lost profits but everything i put in...dont use
f922825319be618cac7b21f3,Robinhood,google_play,Love the app
a4d8c9e40b155d7c11d14cf3,Robinhood,google_play,ez to use..
b67658bafbce569ed0c2d10e,Robinhood,google_play,Great for a beginner!
490a8acef67f773e97bd0725,Robinhood,google_play,Needs better dashboard
1f0ace5587301e2ef458519d,Robinhood,google_play,"Extreme negative review, do not recommend using Robin Hood under ANY circumstances. In adequate notices of fees, would have been cheaper to sell off all stock and transfer to a bank."
26a4daac42676d81878f64cd,Robinhood,google_play,"It's a great app for beginners, but it's the worst. App out there once you get to know what's going on."
95eb406d94ac2a88612b2d93,Robinhood,google_play,Moved from ETrade and it's been much easier for someone who trades weekly. I've seen better returns with great visibility. The margina account is excellent for quick trades turns.
7afda6535467ba4e0b86794b,Robinhood,google_play,"As a first-time investor, I will say it took me a while to commit and learn my way around the app in order to purchase my first stocks. Once I had funds I was buying Tesla stocks within minutes. I made my first buck in under a few hours doing absolutely nothing but opening my phone to see which way my investments had gone overnight. I'd say so far this first day has been pretty exciting and I'm looking forward to also build my IRA as well with this app."
a5b5caf9cc82e6869b029616,Robinhood,google_play,Continues to improve.
40644948256ca8ac0cd12171,Robinhood,google_play,"Crypto and Stacking is a scam...... Soon as you place your money in it, it loses value and the chart lowers taking a chuck of your money.... when you execute from stacking, they hold it so they can take more of your money before placing it in your cash account.. Tell me why I cashed my Stack out at $785 and by the time it hit my cash account it was $695🤔🤯... I literally EXECUTED @ $785, THEY HELD THE FUND JUST TO TAKE MORE MONEY OUT MY ALREADY EXECUTED FUNDS BEFORE DEPOSITING MY FUNDS"
78d3a94a14c608eeef5b9a3d,Robinhood,google_play,I have no experience with stocks but robinhood makes it easy to understand what's going on. I still have alot to learn but love not having to pay someone else fees for making money on stocks
e4314792b18c7c12db844f8c,Robinhood,google_play,can be better. looking for another platform
3b1d5bdbb75cbef9e3cfde24,Robinhood,google_play,Too many push notifications that can't be disabled.
de4a0a780a1aab178c3e9e7e,Robinhood,google_play,I have had this app since may and it's very useful and easy to use but none of that means anything if you can never get your money out of it. Customer support is absolutely useless and impossible to get to a real person. I'd been waiting in the support chat for over 24 hours for the agent when he pops in and sends me a message that he's pausing the chat because I didn't respond quickly enough and leaves. That was 9 hours ago and I'm still waiting. Update mid November until 1/4/25 finally fixed.
eb35ec3a89c9dd31c7d75535,Robinhood,google_play,It's been good for me!
f00ddf66c1fb631d8a9caa58,Robinhood,google_play,"A very easy and interesting way to invest a little money, plus have a little fun at the same time. I enjoy it."
da3bc946df465b78c4baeca3,Robinhood,google_play,"Somehow, I have a deficit, and I do not know how nor why! I tried to contact Robinhood and was unable to. I sold one of my stocks to cover the deficit and that didn't work. I am not willing to lose any more money and I will close out my account before I lose anymore."
b8bb3418a8f9931363e7eacf,Robinhood,google_play,smooth and easy
35089c8cebfc0281d518f0c8,Robinhood,app_store,I’ve tried various Apps but Robin Hood is the best by far. A must for all investors!
c2c8d5179cb561ae10ed2368,Robinhood,google_play,Never let me down except that one time during the dogecoin craze
f841bee565e76deb898943a4,Robinhood,google_play,"There is apparently no process for helping anyone if they can't access their account. What if my email was hacked and I am unable to recover it. I can't even create a new one without committing a federal crime because I need my SSN from the previous account. Best part about it is that I can't even get on the phone with someone without having an account. Everything has you login or suggest in app service before you get a phone number. Tried emailing, same issue. What a joke"
df93baddfac0164ca99f7ad5,Robinhood,google_play,easy use
a5664e09e6a34ad636c826ca,Robinhood,google_play,Smooth transactions. Excellent customer service.
30646cdf31c48360aaa6b294,Robinhood,google_play,Easy to navigate 😀
ffd45a19824349c138138fc5,Robinhood,google_play,"Weird, you want me to send my Government ID to a stranger to be verified? A stranger is getting my information to be verified? Not like a bank with face to face interaction, but a real stranger I can't see? Yeah that's a HARD NO for me."
04163edca92fa4685cf3fe00,Robinhood,google_play,good alternative to buy crypto
c0b50d7bc3efa67b216beaa0,Robinhood,google_play,They sell your data. Had no spam calls daily until I gave them my phone number and now I get at least 3 a day. Wouldn't recommend.
5c10c40e7268acc94470fcb7,Robinhood,google_play,The app is easy to navigate and use. Nothing confusing and no features hidden behind a paywall. Well done.
af2da5aab498ccf31589a4a4,Robinhood,google_play,why TF are you guys not doing my recurring investments . should I move to Webull?
088782a69bb726e12a99581c,Robinhood,google_play,it's too hard to sing up
5287f01340d11d4fedad7620,Robinhood,google_play,best trading app
456a6e7d4f3aded8d400a927,Robinhood,google_play,"This app is super easy to navigate. I'm still learning the terminology of stocks, but im sure this app will help understand!"
b3c38cb88063da0c152ed548,Robinhood,google_play,Very good app
f5ff6d24132ff6fb8f35d4d4,Robinhood,google_play,I keep trying to get into my account and when you send me a verification code and I enter it it keeps saying attempt blocked and won't let me into my account what are you doing stealing my money? Still waiting it's been 4 months now still can't get into my account
65ecbbcfe054222b5a1b257e,Robinhood,google_play,"I don't like how there are stipulations as to what is considered ""Day trades"" and you're only allowed 3 in a 7 business day period and if you exceed that number you get BANNED from Robins Hood for being what is called a ""patterns trader""...as if buying low and selling high is a bad thing 🤦🤦"
03287cbb59fc2232368ce0ba,Robinhood,google_play,🤦🏽♾️
491da4535fc09eefde727f04,Robinhood,google_play,really good
5378e80b775c6376c6174c71,Robinhood,google_play,It's really easy to use!
a74f68acf79ca6c0c1fcc2b2,Robinhood,google_play,Easy to use
de91754f4da51d6fb84abcdf,Robinhood,google_play,"I don't sign up for things when it asks for my phone number. No thanks, no one gets my phone number and don't want to hear about how it's for security. All it does is get either 1) Sold 2) stolen from your insecure server. No thanks."
029237c8a6fc80ddd0a2bc8b,Robinhood,google_play,good app
8b3537f9bc4da49e202af788,Robinhood,google_play,"I would give more stars if they allowed the same Chart Features for Cryptocurrencies on Apple, to Android. Its the Advanced Feature you see when you look at a Stock, but on Apple that same Advanced Feature is for Crytocurrencies as well, and thats what I'd like to see for Android."
77a9200f7b443bab178ff223,Robinhood,google_play,"Robinhood has been a fantastic platform for me! Easy to read analytics, customizable charts with the new legend option, and easy to stay upated on the go! With the availability of crypto, stocks and options, and the ability to personally track/ control my retirement account, from anywhere, I'm a customer for life!"
18e18927c9d0eb8533f5e82b,Robinhood,google_play,Corrupt
b76a2a2f4f9a56b5707faccd,Robinhood,google_play,Horrible app
56aa1a3e4905ad5f8ef27d19,Robinhood,google_play,"Great UI, and very easy to understand. I look forward to the advancements they have lined up."
29425f9cc21ec2183af0a191,Robinhood,google_play,Damn son that's good app 😂💯
41aa3798c89cd689593858fe,Robinhood,google_play,most user friendly crypto/stock trading app in the world right now
1d4168cc62b153bd9a30341d,Robinhood,google_play,"Throwing my 2 cents in to hopefully help a bit against the sh** show that is reddit brigading. I actually think this app is great, if you're smart. The interface is friendly, support is responsive (I've had 3 productive chats in as many days), and the rates are good. *IF YOU DON'T WANT TO GAMBLE, DON'T* A lot of people complain about them making it easy to trade options, margins, stock lending, etc. Just don't do that. Take advantage of the features it offers. It's pretty transparent."
f0e4ca5ab2bd68f83df179e4,Robinhood,google_play,secure trading app for online trading
2c5463489c17322388cac65c,Robinhood,google_play,I have an account and every time I try to log into my account it says that the app needs to be updated but there is no update available right now in the play store.
fc4029875be4fa34ce25d9a0,Robinhood,google_play,Helpful it explains step by step
34e2f6b9d19b55d53a182421,Robinhood,google_play,Good ui investment app!
87219ac8e1851f5714d1dc9e,Robinhood,google_play,Let me stake my avalanche
2a32a097fb63311909688be7,Robinhood,google_play,Addicted! Investing is easy and fun.
3db4195093f5889d73ad22d7,Robinhood,google_play,good
a3783f849fd6808d3bb9854e,Robinhood,google_play,The trading UI is a lot more simple and cleaner than other apps ive used. Straightforward trading.
f84e908ac8439078957a1d64,Robinhood,google_play,"The graphs are erratic and inaccurate, I lost $1500 on a ""server error"". They waste so much real estate on my phone, it's insane. It's hard to view history. There's so much blank space everywhere. And they just clutter up everything with all kinds of irrelevant garbage. Like giant tiles for links to news stories that I really couldn't care less about since they're based on news from multiple days in the past. Clutter AND blank space - both."
0a396fb6f72190be0d267c00,Robinhood,google_play,Great app
6f676aeb693ca013ffc5bb3f,Robinhood,google_play,"Non-intuitive, bloated & buggy"
abfbf102883708b4c9b5dce8,Robinhood,google_play,"If you are just starting out I think it's a good place to start. The constant up-selling ads are annoying and it doesn't exactly play well with my Android. Example: I start a sell and I can see what the spread is, or what it will cost me, but when I hit ""review"", the actual amount I will net instantly gets covered up by the screen that you would actually swipe up on to make the sell. I end up having to go back and forth several times to figure out if I will come out ahead."
cf7fbad654f63742986d1dfd,Robinhood,google_play,Good Days are a head of us
999a3c72b94aa74755cf0f37,Robinhood,google_play,easy to use it
04f4b962953cfc9796ce45dd,Robinhood,google_play,"This app is easy to use. Easy to understand and right at your fingertips, whenever you want it to check your portfolio."
dc2add132deddc463a100ef2,Robinhood,google_play,"Graphics great! System very intuitive, what's not to like."
9cb9e21ae5a202fd22e3d7b7,Robinhood,google_play,Great trading platform
b6d92fd8b378d7fdf0d2c83d,Robinhood,google_play,This is the easiest and simplest way to invest. With the best U/I.
b98b77225d3f69d722dfdbc2,Robinhood,google_play,"Criminal SLA for a brokerage app, not reliable"
5a74abdb7850d65e37d541f0,Robinhood,google_play,"This app is easy, I've never had a single problem with it."
d387186c0a2df94dce9fd6a8,Robinhood,google_play,"App updates have made the UI less efficient so extra taps are needed to do the same things as before. E.G. 1.)When viewing a saved option, I can no longer swipe left or right to view the next one in my list. I'm forced to back out and tap an option in my list. 2.)They removed the IRA button in the bottom toolbar which I often used to easily jump to my IRA from any screen. an IRA tab now appears on top but is not accessible from all screens."
14f8a12d2cef939b72789c3a,Robinhood,google_play,great
4f9ec7cd35a38fb24fff4a7a,Robinhood,google_play,My friends and family with a much higher net worth had no issue getting SpaceX stock but the few as a novelty gift for my new grand baby didn't go through even though I placed the order using Ai at that. Robinhood offered everything I didn't want such as banking and crypto. I'm disappointed and hurt.
75bd5acbfd7416e466746676,Robinhood,google_play,ok thanks for letting us know about it and you can come over and get me when you're done with your way to get my phone back and I'll be back in time to get my life together for you 🤩 and love you too 💋💗
cdcb39e228d723c8d7249fc3,Robinhood,google_play,I'm trying to figure out why my debit card is deactivated from Robinhood and I don't have any discrepancies with my card
09cb041a42b5023352740bec,Robinhood,google_play,Very good experience for a starter like me I love it
3d98b8c121b32056ae53bbbe,Robinhood,google_play,I love it. It has tought me so much about a new way of investing my funds
84ebee243ed55b5d06cfd970,Robinhood,google_play,"It has been rather pleasant to work with this organization, and the only drawback is trying to contact someone in person. That makes the site more secure. I'm invested in some stocks, a little Crypto and a gold IRA. Give them a try. if you know more about investing than I do, it should be a cake walk for you. Best of luck!"
4af07e1ae1b4de8de4428146,Robinhood,google_play,Great app that keeps me updated on my investments in my hands
f11a3274c90ab782ef2b7a68,Robinhood,google_play,love it
1b2766c02d0efed0b36475be,Robinhood,google_play,So far I'm having all of my question and needs ment.
118a0cf3af2b46514420c91c,Robinhood,google_play,So far so good!
20e715dcb3f04ab39a7efae5,Robinhood,google_play,💯❤️
6961436d174c9ab68c440a17,Robinhood,google_play,very user friendly
3474f4b855927a5c7d48dede,Robinhood,google_play,poor customer service
c888d9fa2ddaa1ca72b00e1b,Robinhood,google_play,"Yes, (mr.crabs voice) money money money"
047cecad374bc7b46a83972e,Robinhood,google_play,"Good ,exiting"
3a9f484f51824be976042c60,Robinhood,google_play,The customer service is atrocious. Their internal adds for upgrading and stock lending are viciously inteusive. That alone is a deal breaker. Find an alternative broker instead.
94a1855a0661330665c9b67b,Robinhood,google_play,Sucks I want to cancel. I've never taken money out of the money. u can have it I dont want the money donate I don't care. I didnt now this would mess my taxes up and half to wait so dam long for a w2
4b3a1f9ffde266f10f3ef36b,Robinhood,google_play,good
59f472124fba8d8fb7bd63c6,Robinhood,google_play,Garbage
30364e65e6fc5dac978a3024,Robinhood,google_play,I don't like that I ha e to wait 24 hours before I gmcan reinvest my money . Nor can I with draw my money!! 🤷
00b3ce5e04eae1061783c140,Robinhood,google_play,"This is my 5th time reviewing this app because Google keeps deleting bad reviews (very suspicious.) This app is dangerous and is built to take retail traders' money. They limited how many shares I could buy and would only let me sell, meanwhile hedgefunds were still allowed to buy stock at very attractive prices. They also blocked me from selling at high prices and blamed it on ""routine maintenance."" Crooks. Do not use."
eff8a5a8ba48fad84b6f301a,Robinhood,google_play,Easy to use
53737ccc0fcf5d9d0df0d02f,Robinhood,google_play,Que tal
c960dea5263d57f5cfaa1aac,Robinhood,google_play,Manipulation!
21a7574cb890e80692edab30,Robinhood,google_play,"Wonderful, easy to use"
1e78cded437b3f3e47fc5786,Robinhood,google_play,Timely and marvelous
a0c056f8e657d2d25fcaa0b2,Robinhood,google_play,"Smoth function, nice look, useful"
f6d2655eee557dfe616b8e2f,Robinhood,google_play,😟
5d2a268cb0e8aa6bdd14bacc,Robinhood,google_play,excellent convenient
816d1b304074cc48b9f738f6,Robinhood,google_play,easy to use
4bc919b529a7bb4c74f8e3b7,Robinhood,google_play,great
40cfe3c19cab1120959f001c,Robinhood,google_play,Easy and straight forward.
7a5c755cc217bb16b9342683,Robinhood,google_play,"Generally really good app and services! I've been a user for a full month, and I just subscribed to Gold membership. One app request I have is an option to open web links (like news articles) in my default browser instead of using the in-app browser."
8b559dfc414c0a0cb734ea45,Robinhood,google_play,Easy to use
e57de68a28dd6490503e599d,Robinhood,google_play,Great mentoring through the app to get a basic knowledge of what to do
46c779b384090fe9ddbadde6,Robinhood,google_play,I see Robinhood responded but is that an email or a website? And I don't have any number that your asking for......Have no idea what happened to my account at all. My account ended up in the negatives and then I could not log in at all. Don't trust this app
00327cdb5084a55e861ccf24,Robinhood,google_play,"It's a great app and tool for trading, especially for beginners like me. I love the fact that I can buy and sell fractional shares of big stocks. Navigation is easy to understand, and there are help notes or instructions for everything. With recent updates , I can keep track of my profit and loss and also with Tax lot feature , can control my earnings."
922a5c595aac4732a3367729,Robinhood,google_play,I've had an issue linking my debit card to my account. Customer support has no idea how to fix the issue. I've been back and forth with them for over a week and it's still not resolved.
4510208248675f64a7f469f6,Robinhood,google_play,I'm far from rich can't possibly use this app
227793907bedfe4cb3c455b7,Robinhood,google_play,I truly love this app.. I look forward to opening it after work and when I wake up
c88d6d8ca1c3849f4a4ff7a1,Robinhood,google_play,"I started using the app years ago as a sort of hobby. I'm using this app multiple times a day now, and making money with it."
425711e92ab3e8e497cee6a4,Robinhood,google_play,ad forced play store open
14fbf2b5d7557c4e3c6b335c,Robinhood,google_play,keeps crashing
1239689044b9807db81b9bc0,Robinhood,google_play,great experience for beginners very easy to use and everything you literally need is at your fingertips. great knowledge and plenty of ways to save and invest in your future
3c1cd67c34b4eceb282a313c,Robinhood,google_play,like it so far
195db6013bd8339314049fdd,Robinhood,google_play,"Easy to deposit, buy and sell. Love that money can be traded instantly before deposit goes through. Considering a paid subscription"
663ecb70a3cd11b9aff4c009,Robinhood,google_play,amazing company
3076168fcfa73b9194bf2f27,Robinhood,google_play,👍👍👍
14b863b6d79f1da1d009994c,Robinhood,google_play,I have the latest app but not all the features are there
c60edcd917164a98e6d0ec9d,Robinhood,google_play,"beware if you try to add another bank account, they might flag you for suspicious activity... and lord help you if you have a baby and forget to submit documents! theyll sell all your stocks and delete your account, I will never do business with them again but at least they cut me my check. support was little to no help. I dont think I even emailed a real person once, I think it was all AI automated replies. ill take the check you gave me and deposit it into coin base or my kraken wallet!"
3b34ac6d16e157add1c13c79,Robinhood,app_store,"They say “you can now trade options on robinhood” but is not true! I’m trying to enable them for 3 weeks and is impossible, doesn’t matter what i say in investment profile, options are not available, isa is not available and i can say Trading 212 is better because they have ISA at least."
da3242454ff5e12fc15a40c7,Robinhood,google_play,#1 Beginner investor app for getting into options and crypto. One of the most powerful apps to have on your phone hands down.
26902ee6baef2d916dd982bb,Robinhood,google_play,outstanding
182269812b539694b4a4dc25,Robinhood,google_play,won't update Can't log in
a50cb902c4245177f0df559c,Robinhood,google_play,been in easier brokerage app that I have used then several other ones.
a74dd9d957002f8befe72037,Robinhood,google_play,robinhood i misjudged you. see all you in the winner circle🥂 cheers to no more 25k rule.
16ef1193ed77fd0fddae73c7,Robinhood,google_play,Just checking in on it
6ef5e4375103b9f6a915246a,Robinhood,google_play,"totally garbage version, easy cheating scam version, zero star"
338fec45f2521d511e32f41f,Robinhood,google_play,great experience 😄
d92a71ffb7a5d650e1a4cd3e,Robinhood,google_play,Robinhood app is the best !!! I love it !!!!
7f0d6383a5cad147bd7623d1,Robinhood,google_play,sofar so good
730a7c2158ff4bdc0c8b6221,Robinhood,google_play,The best app of the year 2024.
534fca668875d8e2806f07e8,Robinhood,google_play,It's easy to understand and easy to keep up with.
e56960a52ee86ac22f470547,Robinhood,google_play,"App sucks, better use desktop"
a1fb1c12ce5fc737c920668a,Robinhood,google_play,"It's more for people who like to gamble, the big red screen if your stock is down a few cents cause emotional trading. Then the notifications cause FOMO, which leads to more emotional trading. Robinhood makes money when you interact more, even when you are loosing money."
03610876f73ab9419188f964,Robinhood,google_play,"Getting rid of spending accounts was an idiot move. People who found it easy to invest because of the money connection will likely not invest anymore because you've ""re-complicated"" the process that you had made so easy. I can guarantee you'll see customer drop-off and market share loss immediately."
403c7d400cb716157c0d44da,Robinhood,google_play,tried to sign up said invalid email and its not..moving on bye.
c1e3d0b745833ccda4210e51,Robinhood,google_play,"Simple, very intuitive, solid app. I never seen this app crahed anytime. Information are very useful"
3c5da06a3e01ab67df6cfd8d,Robinhood,google_play,Very easy to create a profile and buy stocks.
a095ec8cf1677056258ba6bc,Robinhood,google_play,Makes it really easy
dd027470420e45d4a88b661b,Robinhood,google_play,dishonest
8e1650472d0c19aaa46aeb1d,Robinhood,google_play,cool
bde87bc6d6de3c06e6758af8,Robinhood,google_play,Great place to invest. There a lot of very valuable points and explanations. Thank you and keep up the great work 👍
d1ae6df98dfb0205371e7a1a,Robinhood,google_play,"only had it for 2 months so far,but everything is going well. Much easier than I could imagine to use"
48682d2043b054075f6f4c7b,Robinhood,google_play,it's good and easy
f2903095f76cb2831d400e8f,Robinhood,google_play,easy to use great way to start investing
fbd0c174db13752876b57b50,Robinhood,google_play,Paying inflated prices for shares doesn't make sense
29bd14365056a272d7894019,Robinhood,google_play,"loving it more now without pdt rules, but has always been a user friendly app with easy & quick execution."
6f9e717af206b19d674d9d67,Robinhood,google_play,Great 👍
4fe35000a3092f4119e266ce,Robinhood,google_play,Very user friendly for first time investors. It makes Fidelity look complicated.
cb8a0a191cb4f2428fc0aa54,Robinhood,google_play,It has been easy to figure out. and the customer service will help you with any questions
0f4b5bc8e080892c19aa2949,Robinhood,google_play,"Easy to use, very low charges and margin rate is at very competitive rate"
0da1e8b8659ee30445caa33d,Robinhood,google_play,Aswome
41427f7e636f09eb59eb5a4b,Robinhood,google_play,well I tried to set up an account and it told me the my social security number was in us. then said it they would send me a message to my email. problem with that is i dont have that old email anymore. I had to make a new one. I went to update it and wouldn't let me go any further until I updated to the news app version. I already did that and it won't show any update button it just says open. But the app still tells me to update it but I cant.
6116a353299334474181a20b,Robinhood,google_play,I have zero market experience and yet I figured it out... somewhat. love it
a43083cf42232fec3cf31d84,Robinhood,google_play,great idea great platform. makes investing accessible.
c622350abf31b2dbf1823ddf,Robinhood,google_play,"I was using this app to watch some markets waiting for the right chance to jump in, now suddenly they want to force you to fund an account or else you're stuck in the menus and cannot see any market... instantly got uninstalled! I'll move my business to Fidelity."
159b2ed4bfc52f9495bb0f8d,Robinhood,google_play,"What is the point in having a Cash App option? When the Cash App option does not work, please fix. Please fix the issue with Cash App."
44dfe2133a827431fa7f48be,Robinhood,google_play,"It is very easy to use and is very straightforward. if you are a beginner, it explains everything and give you alot of opportunity."
ab57e520010d345dd36166b4,Robinhood,google_play,Robinhood has been a great platform to get integrated into the markets and become accustomed to trading everything from common stock to index funds and options!!! Awesome starter investment app with some pro features to keep your potential growing!!
6a482aa925bb121776813887,Robinhood,google_play,"I personally use this app for investment and my Roth IRA, and it's pretty good and legit. I had gotten my money back from my investment. If you're looking for investing, this app will be gold. It will take time to learn how to use the app."
2334cf7478e2a5c5b8c7143f,Robinhood,google_play,"There are many coins on here that you do not trade, it is disappointing."
287f20995bbb7020cd67d4e5,Robinhood,google_play,Good app
f03ce8722f435e2493e9caab,Robinhood,google_play,Awesome
335d540049aa76a6fc55c92f,Robinhood,google_play,real good
64a43fa5fc18d3d4cf33b311,Robinhood,google_play,"Disgusting. $50 invested to test the system, and I could never get an answer to my investment. Robinhood stole from the poor and gave to its rich self. Bad program for beginner investors. No one to call, either, to ask questions. Good bye and good riddance. I'll be sure and pass this on to all my classmates, family, and friends, too."
e1ba8ccf9a0a3ccec8f2b280,Robinhood,google_play,"Want to gamble away your life savings? download this app. Its a gambling app you can bet on who will be president,stocks or cryto. All are very risky gambles which most people would not understand until they lose a lot of money."
97020e0c9a5aea881524e349,Robinhood,google_play,Trying to scam to get you to invest more money
16b612d6bd6d86e757c2303f,Robinhood,google_play,Great place to learn the ins and outs of the market. I'm on this app everyday.
192ab598f18e6f1dd76723fb,Robinhood,google_play,"Login button doesn't work. Tells user that a notification has been sent to a non-existent device. I'm locked out and can't view my account. The other option is ""verifying with selfie"" which is very weird. I tried on web, it forced me to verify & connect my bank using Plaid which I did. Then logged me out shortly after, I entered my password & forced me again to check some phantom device or verify using selfie on web?? I'll be withdrawing my funds if this isn't resolved. Not worth it."
39d751ca1b36ac3eb72c5fe3,Robinhood,google_play,since 2022 I have been dealing with a massive misunderstanding from Robinhoods side of things. Now JAY from Robinhood support team diligently took his time with directing me in the right path with support for my troublesome continuing issues with my Robinhood account. Also Patrick with Robinhood support team was a tremendous help with identifying my underlying issues from the very beginning of my multiple hour customer support session with the AMAZING SUPPORT TEAM!! ty both!
9660f4a5fbe851540169262a,Robinhood,google_play,"Amazing interface!!... the BEST stock exchange.. they do giveaways, freebie,games and trivia"
2e3a5d79c5a07b4719c5fd42,Robinhood,google_play,Love it!!!
ecba30a2650dabd5a98f4fce,Robinhood,google_play,"This app is easy to understand and navigate, as well as helpful for even the most inexperienced individual."
4cc3566a499d2fb86e7b1fd7,Robinhood,google_play,I can't open my app and I can't submit a support ticket unless its through the app... havent been able to trade all day.
a521ddc9073e4f4d3f9cfaf6,Robinhood,google_play,very easy to use
66842c1740a2b9979d523728,Robinhood,google_play,Good experience
49d472838b9ffd00fe35610b,Robinhood,google_play,help make and lose money
1aee3a14df972cf9b04d7fea,Robinhood,google_play,robinhood is f'ing garbage.
3c7adee1de3ea4df0bc8fa04,Robinhood,google_play,"I'd have done a 4.5, but it wasn't an option. Works for me.."
0fade73defb4751c08f65ac3,Robinhood,google_play,"Ridiculously repetitive popups about unwanted offers from Robinhood within the app. No optout, no way to disable the repetitive annoying robinhood popups. Had contacted support a couple of times. Cease and desist this harassment. Yes I have turned off promotion notifications in your app. I intend to transfer all assets outside of RH and close account and actively warn my contacts against using RH."
f5b14f6fe5c976e1d820d8e4,Robinhood,google_play,great
14bad213059fa1bd02da73f2,Robinhood,google_play,It makes learning and managing stocks easy
0831f0734e86cf477dd1af40,Robinhood,google_play,"trying to add any account to this app will drive you insane. tried adding my bank account, cant do that, downloaded venmo to try and use that that didnt work, tried using cashapp finally made it to the verification process and then all of a sudden the app is having technical difficulties. good luck in advance."
f6a7bafd2fac59afc5a24e1f,Robinhood,google_play,fast easy to use
421956bf37bca2e17a9fd56d,Robinhood,google_play,They charge a $5 monthly membership fee to buy and store gold. Absolutely not worth it.
ab0780bc0afe8f1dd67fb7a1,Robinhood,google_play,"Awesome app. I am a beginner, and I am earning money not much, but I started with 5$, and I barely had to do anything."
f411a4091e43166856f03c0e,Robinhood,google_play,"Its a great app for trading and working with stocks, etc. Only reason I didn't give 5 stars was because many options are locked behind a paywall."
556bfb940f16f1b8d1690517,Robinhood,google_play,"great app, easy to use, no bs fees, you want buy then n there no waiting around. had my worries about robinhood but now I really am happy with em."
f394e3fb91e33c6c0e9f30c8,Robinhood,google_play,Love how simple and easy it is to trade assets on this app!
7e5934bd7d2f26e55a2079d0,Robinhood,google_play,Easy for a newbie
92082b88a81c1c2338217c9f,Robinhood,google_play,just started investing and they are walking thru the steps carefully
dd36a2e53fc247f8dac48304,Robinhood,google_play,Love it
548e49eb8e61e29b0a4c96b5,Robinhood,google_play,"Overall good app. No issues, easy to navigate."
81aa6113ff3c752bf39b2182,Robinhood,google_play,super easy to use and set up ... haven't had any problems yet
6df6e43afd2b1aeac40ee76d,Robinhood,google_play,Its trash and unreliable
18b0c13c0339cbb5e1c45bc8,Robinhood,google_play,excellent
a32863f366f39a589f6d78db,Robinhood,google_play,extremely good 👍
5a2d335ae8ae058d1aba4927,Robinhood,google_play,I'm still learning how to use this platform. I want my little bit of money to do something as I'm on a fixed income.
a8b8a645ad7b52112211f384,Robinhood,google_play,SHADY SHADY PRACTICES!!! First week trying to use RH and they're already holding my money hostage!!! I was going to transfer to a cold wallet from RH account but RH froze my account right in the middle of a transfer making me think i lost the coin. About gave me a heart attack!!! Suspicious activity is the only reason given and now have no access to my funds. So unprofessional and shady. Infuriating actually.
a86fc66f91ac59fa4dfe34f3,Robinhood,google_play,Works great with the oosh node !
731c75b5fa70c5cef7c44bf1,Robinhood,google_play,Good and easy to use.
5e7a1f7a37aee9d4249f54bb,Robinhood,google_play,It's good 👍
1b9c3767a81a733d6827198f,Robinhood,google_play,Very informative.
e87e0ca540f98b2e32ece3e3,Robinhood,google_play,It's easy to use for newbies like me
ce9b72cd99da4f951ccf7900,Robinhood,google_play,Robinhood has been great up until this last update. Now you cannot swipe from stock to stock. It makes it very inconvenient.
6fdf4197f288a9610fdc8793,Robinhood,google_play,"I was staking Solana, and the APY increase, and they gave it to me before it was staked. I don't know if that's how they usually do it. But it was awesome. Thank you. You guys really are user friendly"
b59da3d246fd879495ec08fa,Robinhood,google_play,Not sure what you guys did on the backend but I no longer can open the app. This needs to be fixed ASAP.
33ed3bafee76a399201658f5,Robinhood,google_play,I just tried to invest 20$ and it actually blocked me for 24hrs so much for getting in on something when it's hot. Thanks robinhood Update 8am next day still not able to add funds there is no ticket possible to send to the developer since it just says account is blocked from depositing when I attempt to add a 20 dollar amount when clicking on add funds using debit card. The crypto I wanted to buy keep rising and I have decided to Uninstaller this app and Google search another platform to use
ee8d729fb682526b4c64ef9c,Robinhood,google_play,I'm a retired senior this so is simple to use and is helping me invest for the first time
41ee7f2297ea2714f3873f45,Robinhood,google_play,Wow nice and read ready easily understanding graphs statsand news.
5c8b03168fbf6c4305099b29,Robinhood,google_play,Like the app
c8e53fee86764a11168a5176,Robinhood,google_play,"For a market novice, Robinhood presents a valuable platform for learning about passive income generation strategies. It offers diverse options for trading stocks, cryptocurrencies, and ETFs."
ae6ec6679cbab14ede4d1fbb,Robinhood,google_play,Been pretty good to me!
f60d88cc4ac1010c1a2c0b4b,Robinhood,google_play,Loveupu
73ca79801fedd31d28a482b8,Robinhood,google_play,One of the most helpfulness apps
a4f3d231f7eb5e17867a2a45,Robinhood,google_play,"User friendly, efficient, and high yield savings feature for uninvested cash with gold. would recommend for a lot of investors."
e82614ce153b3fe21edce53b,Robinhood,google_play,l9ve everything about this app so far
50f3e66a0fdda8810d0b10c6,Robinhood,google_play,Good app.
8e87180d7d475df54cd744e1,Robinhood,google_play,As soon as I open my account they restricted it from withdrawing crypto. I transferred the equivalent of $200 in crypto once and that was enough to block my account.
0aa7f6ef09327a0ecfa7ec16,Robinhood,google_play,The only platform made by people who don't hate retail investors.
7258c83d0a7b6dc7cd680df5,Robinhood,google_play,I heard Robinhood has good reviews this is for individuals who have high interest in Trading & Investing
bdfce3b7bbbb53b34c759104,Robinhood,google_play,love it
8aa0670018a9390981346807,Robinhood,google_play,"Couldn't even get past creating an account , loads forever , can't verify me then it says I have an account already , what a mess of an app"
a7111c3ca7b1cc009889c4c9,Robinhood,google_play,So far no worries
44710b48ecc97987c30e7246,Robinhood,google_play,"Generally very good, some features are half-assed. No indicators alongside and fees for cryptocurrency, you're better off pretending you can't trade Crypto."
cb3caafcb386c8a4fa052e21,Robinhood,google_play,having difficulty using app
105318d66ed79c139e38ac17,Robinhood,google_play,Horrible customer service! I have been trying for 3 days to talk to a live representative on the phone prior to signing up. Try calling their customer service and getting someone on the phone. Impossible! Go with WeBull. Someone will answer immediately!
72e76a21b689146214037730,Robinhood,google_play,The widget needs serious updating.
009d38e32ef4f80cc098ff32,Robinhood,google_play,Thank you for being the best functioning innovative digital middle finger to broken financial systems that I know of.
d30f962ae3b4e9124af2c06e,Robinhood,google_play,excellent platform highly recommend it.
43862d8f32cbbc02cd8566f0,Robinhood,google_play,Awesome.....easy to navigate
463876d134d2e0dbd07efa13,Robinhood,google_play,Great experience
6b3c362819255796fcbfce1b,Robinhood,google_play,the best trading apps very easy to use
5e9cce01b1f53744615e64a8,Robinhood,google_play,Good
18c1e5f4b6ae562cd699b63c,Robinhood,google_play,I really liked investing the robin hood gold trading and stocks on my black tablet please. Thank you. See you later. Chet
3098e538f0925ac0ed723075,Robinhood,google_play,"Robinhood is user-friendly and easy to navigate, making my investment venture fun and rewarding."
822b8d81005474bbc6a5b4cc,Robinhood,google_play,Very nice
ab00acdafcfe1ad4c76f597d,Robinhood,google_play,Very simple to understand and use.
dc2f92542c0edf7444f8a79d,Robinhood,google_play,"in the past few days, the app was extremely difficult to open, I uninstall it and reinstalled, still having hard time opening it. I ever turned my phone off and turned it back on and still didn't solve the problem."
fcbf54504308066a810ab32f,Robinhood,google_play,Good learning tools and an easy to use app.
9582a18cbdf7aa19211006ff,Robinhood,google_play,Customer service is 0 out of 100
8814100a9dc928fabbf70e9e,Robinhood,google_play,"Easy to use app and as a gold member, there are nice offers and give aways."
2725366a68c8f4b6651b703f,Robinhood,google_play,fun
6f10099a5d82cdb9b87fee5f,Robinhood,google_play,"I’ve had a frustrating experience with Robinhood due to consistent price discrepancies!! For example, I placed trades based on the prices shown, only to have them executed at significantly worse prices. This is unacceptable for a platform that advertises itself as reliable?!! If Robinhood can’t display accurate pricing or ensure fair trade execution, it undermines the trust users have in the platform!!"
15c17541924d9f78df50172c,Robinhood,google_play,can't help me because I don't receive mail. a complete waste of time
da66cd2cf118baa0c98722d6,Robinhood,google_play,easy to invest but hard to see the total money you have put in your investment. a lot of menu to click through.
fbaf1ccdbc08fc65ae6467fb,Robinhood,google_play,This was an amazing app at one point but they have now hidden and came up with the fact that they get seventy percent of our sells at that point you only making a Lil money while they make more than you off of it know that is criminal
88373eee297c05ce432f0707,Robinhood,google_play,They are paid off by their investors to block their users. When the amc situation happened they blocked users from going against their whales wishes even though it was insider trading. How ironic of a name for an app that breaks the law to put money in whales pockets. Shame. Use literally any other app.
889891c2c9336d13ae3f9d20,Robinhood,google_play,A Security
a5e17270d16a04bf6f189fd4,Robinhood,google_play,"I've been with Robinhood for around ~ 6 years and all sudden they're getting rid of the spend / banking section and replace it with a ""New"" Robinhood checking where - you have to have AT LEAST $1,000 in monthly direct deposits AND pay for a Gold subscription YEARLY and NOT monthly??? that's why I gave a 2 star..... what a joke"
26c24827ff3b22698e948d10,Robinhood,google_play,es bien practica y facil. me encanta.
9988e588d7a1a21b7885920f,Robinhood,google_play,Robinhood Bitcoin is a pure rip off. When you buy they charge 500 to 700.00 above the current price. Also a 200.00 to 300.00 charge to buy. So if you profit 1500.00 and sell the crypto Robinhood then takes the spread cost off of that on top of pre purchase charges so you may profit 200.00 when all settled. Garbage. I'm moving out of Robinhood.
c61ea471f1a00f709e1620f8,Robinhood,google_play,Fun
fcdb34a1ca6be7eedd39cbc6,Robinhood,google_play,still figuring things out.
ef75e986498f5eaaaedc5cb6,Robinhood,google_play,"Are you looking for an investment company that has no human you can ever talk to- no matter what? Are you looking for a company that freezes your funds for no reason and will not let you withdraw them to the bank account you sent them from? Then Robinhood is perfect for you!! This is absolutely the most dishonest, least accessible, and worst financial firm I have ever encountered. DO NOT INVEST HERE UNLESS YOU WANT TO LOSE ALL ACCESS TO YOUR FUNDS FOR AT LEAST 60 DAYS."
d2c2b5d453e1aa6c63acbadf,Robinhood,google_play,Don't use this app. They're working against retail investors.
0163a738d3f73889f1062513,Robinhood,google_play,Terrible company- I have someone logging into my account asking to change the email. When I called the Security team I was hung up on three times- WILL NEVER INVEST WITH YOU AGAIN. I WILL ALSO LET EVERYONE I KNOW THAT YOU DO NOT CARE ABOUT SECURITY!!!!!!!!!!
f063b9d83d092718b0824328,Robinhood,google_play,Very easy to use
b29679a429f16423ca939c88,Robinhood,google_play,Love it
47236eee6423608adaf09e74,Robinhood,google_play,It's pretty awesome
f63768a958ba271ebf494669,Robinhood,google_play,It's fun!
b93bb022b31de60b71e91ebe,Robinhood,google_play,Great for easy and quick trades but lacks so much compared to other mobile investing apps. Charting is the worst.
0fa6345b5c32670615755f55,Robinhood,google_play,"4-5 days to retire my money? Not only you profit with my transactions, you also profit with my withdrawal. To withdraw money shouldn't take more than 1 day. Who knows what you do on the background on these 4-5 days but I can imagine"
62862f17b79f30cd2074acef,Robinhood,google_play,recently entered the 1g gold sweepstakes. terrible management i waited 12 min then the timer reset again another 12 min. then 7min then 5min and lastly another 5min. then so it can tell me they sold out. and I was literally there at 5min before refreshing. idk even if its first come first serve they just reset me and I couldn't buy anything🫡🫡🫡🫡🫡
ee6dab49e63a93773ea34cf1,Robinhood,google_play,it crashes
f343c9c7d12dd3e52be77d86,Robinhood,google_play,"Hot garbage. Constantly crashing. Robinhood is not an app for a day trader. Having to wait for crypto to ""settle"" is wild. Makes sense why Bitfinex, Binance, Poloniex, Mexc, etc pulled out of USA."
f5a9fec5d65c77215947be52,Robinhood,google_play,easy to use
068c97a2540febd8845f2dce,Robinhood,google_play,"This app has only gotten worse over the years. Now, you have to take a live photo of yourself every single time you make a withdraw. F these guys."
04716a8fceb5d591b4c2394c,Robinhood,google_play,Really enjoy the app
f6826dc2c8088a5e25305dab,Robinhood,google_play,A great app!
c492b699757a2edbbde49236,Robinhood,google_play,Needs a few more memes 😄 or not 🚫
42c95882954aeb3d4a6b2bee,Robinhood,google_play,"everyone do yourself a favor. Delete the app and use the website version with an ad block. it declutter everything, stops the annoying popups for upgrading and just makes it look and feel so much better."
56fe39538c375a1624ad6b77,Robinhood,google_play,can't even verify info in times placed.
d2b581bed157bc0476981add,Robinhood,google_play,No contact number no support !!!!! everything is a pre recorded message!!!!!!!!!!!!!!!!!!!!!!!!!!!!!!!!!
e4563c6ec37e53a4d06931a4,Robinhood,google_play,great app/platform for someone new to investing. process is super easy to follow and the app helps you fill in any basic financial knowledge gaps
4febd6f9bd52356bebe2a7c1,Robinhood,google_play,"seems to show me info so to check on the stock I put money into , and look at some others to see how they are doing...and maybe invest in those....alright so far...very interesting stuff 😀"
af02668121034feacd8a04d8,Robinhood,google_play,Easy to use. Good beginner app and even for experienced traders it's just very intuitive and had safety guidelines.
346f64f5ded5cc126f7feadc,Robinhood,google_play,"I am a huge amateur when it comes to investing, but the Robinhood app makes it very simple!"
433ac3033885fb947d79b10a,Robinhood,google_play,Amazing
cc087b5c6b99702d2c96c1ca,Robinhood,google_play,This app hasn't settled my money for 5 days. Horrible app for trading.
d9b54d3655f113ba9ffba08c,Robinhood,google_play,"I know nothing about the Stock Market, yet here I am. Stupid, maybe, non-trusting of anyone who ""has a sure thing"", definitely! So what next, trust who, except of course, myself. But that won't educate me. Help me understand. That's my review after only a few days with my account. Give people time to experience it, then ask for a review."
022ef4e85eb880c19d655e1f,Robinhood,google_play,ok
3b77ce27a7bad639b378f8e5,Robinhood,google_play,It really good app
c49a94cbe5d0df45dab11431,Robinhood,google_play,Can't access the crypto side of it. My app is up to date. Otherwise seems like a decent app
42a76ed676b98f1dab3a5bc2,Robinhood,google_play,"I want to close my account, and it's very confusing"
e616f10061e1c43f98b227c9,Robinhood,google_play,New to the stock game. App seems to be easy to use. I have enjoyed it a learning about stock trading.
10c8097d2ca52090b68d6104,Robinhood,google_play,Very thorough and easy to use.
9bda899f9ca933391caa29a8,Robinhood,google_play,abusive ads
c64d1158c2034a42e075611b,Robinhood,google_play,fees to high kraken way better
29304d37436d2c967c8d731b,Robinhood,google_play,"I have tried a number of other apps, but I have not found one that I find more enjoyable than Robinhood. It's simply effortless to use."
3eb04da46d7b43c23edac76b,Robinhood,google_play,"The organization of this app is second-to-none. Amazing this modern age that we're living in where it simplifies it, and teaches yourself how to trade directly with the online trading desk. Can we request Vlad get a Crypto Dust Remover?"
5c341d1fd0f989318d96cedc,Robinhood,google_play,theives
13c89d75bbca192baf5edc79,Robinhood,google_play,Loved until they restricted my account without explanation and no resolution
e63b2711de25090b85100f78,Robinhood,google_play,best
7bfc27b33785888e23465e76,Robinhood,google_play,"Pure bliss, so smooth"
4d836bf5ca26411b49df0ec1,Robinhood,google_play,"Cancelled and rejected calls and stock purchase, manipulating the market. Lost about 5k thanks to them."
4a4be531aa656fbc03f8da20,Robinhood,google_play,I wasn't aware that I made an ethereum deposit from the BASE network. My etheruem is just sitting in the wallet-Robinhood needs to add BASE network interoperability so I can retrieve my funds. Support will not g8ve me the priva5e keys to my account so that I can retrieve my ether🤬🤬🤬 UPDATE-forgot to leave review that the transaction was eventually reversed back to my BASE wallet after I think a month.
71bc53d808f2d559f6c538b0,Robinhood,google_play,"It has come a long way. I've been with this since day one. I was happy to stop paying for every trade to now, just pennies. It's definitely evolved with its competition around it, and it's cool to see the growth."
a68930ef924a508ade1b2a62,Robinhood,google_play,Easy to learn. Great knowledge available.
29d97b1341f1683978fa56df,Robinhood,google_play,Nice
ade5c83e6c03baa170d5e891,Robinhood,google_play,Easy to use!!! All in one stop shop.
48596400e1f1f474b510f43d,Robinhood,google_play,Easy to use and to deposit funds
5657f0552b3efab91338aad2,Robinhood,google_play,"Love using Robinhood for retirement, crypto, investing, and trading! Robinhood has everything you would ever need and their platform is easy to use and navigate! Customer Service is helpful and fairly quick to respond as well!"
12de5bea4ba6dbfe6666829c,Robinhood,google_play,Bad review due to commercials. Your commercials requiring multiple clicks to escape on other free apps is quite annoying and therefore you will receive 1 star reviews everywhere. Good day.
2db065815d0757f1c4161b60,Robinhood,google_play,"One of the easiest apps to navigate,buying,selling and trading made simple."
71e9d614751bc1ca7b3a0e38,Robinhood,google_play,I love it
3f3b01da17672f014180db58,Robinhood,google_play,good service
9263eb90f47f269847e2bea8,Robinhood,google_play,Theving platform that steals money and manipulates the market for their gain. 0/10
c1a7e75f2a8b5dce87ca60b1,Coinbase,google_play,Best by far. Does everything I need to do with it.
01a6f833faaef8c851a22a03,Coinbase,google_play,my app stopped loading. just a blue screen. I have submitted my photo And now I Have to wait for next day for review. did not expect that coming.
e8c882020b84e51ef49268f9,Coinbase,google_play,I just bought $199 in Crypto & I can't even use it for a week? I thought this was America.
61eb4057d7ef796d752e223a,Coinbase,google_play,It is so helpful to me someone who has very little experience in this game.
2a3c90b17d4169c56ce1d111,Coinbase,google_play,Great app
c0534ddf2a159f0744060a8e,Coinbase,google_play,first time crypto buyer and the experience was quick and easy setup
a17b4ef41bafefa79f336afa,Coinbase,google_play,easy
fac4fd6c279dce27b6442d1e,Coinbase,google_play,"I just opened an account with Coinbase, and the process went smoothly , so I will recommend it to everyone . I just hope that the way it was so easy to put money into this account will be the same when comes the time to withdrawing from it to my bank account. That is the reason why I didn't give it five stars yet. Otherwise, I'm so happy and satisfied with Coinbase so far 💗 💓 ☺️ 💕"
bcc88640c3ecaf61c26f7f4d,Coinbase,google_play,good great
ab2581942ae7ef90dc24eb12,Coinbase,google_play,👍🏻
4f2d2be4ff336123786be550,Coinbase,google_play,"Cannot update phone number and all the recovery options try using it. Customer service says, just create a new account, regardless of how much money is in the original one. Garbage app and customer support!"
7cb14a0705c566e6d75bbcf2,Coinbase,google_play,Very easy to work with
4dfba4b29521764ed13c66cf,Coinbase,google_play,pretty easy to use. im new to crypto.
1961a229820a092f6f1c2161,Coinbase,google_play,super chido
723487e4284f8455079b160f,Coinbase,google_play,Click the sign-up button and nothing will load. No work around either.
8654a6057ede6440123d3b5e,Coinbase,google_play,Can't change my # this app sucks
45573d4d562d99baff47eea9,Coinbase,google_play,Real easy to use and meny benefits to the exchange
75bc797ad53b6f2d5f764eaf,Coinbase,google_play,Very userfriendly crypto app for beginners. Handly to deal with.
67c2d18a72c65e820f839678,Coinbase,google_play,great
7b5cafd610916251abbc17f9,Coinbase,google_play,"I'm giving 5 stars because I like the app, however my overall knowledge is very little."
bb3d7f286a5c4aca528766bd,Coinbase,google_play,Very confusing but fun!
84b3deeb9b981e96775e19ba,Coinbase,google_play,Makes it easy to learn
58ca1bc64ee4a71b376e232f,Coinbase,google_play,very user friendly and secure!
d8d83a583277849b9ea0a74e,Coinbase,app_store,You send 500 from coinbase wallet to coinbase account and receive minus roughly 30%. Very slow transfers and takes hours or days. Do not recommend at all.
b063c5ae4c711b991e979715,Coinbase,google_play,🦄
47a81d3c2e76d11d991bf28c,Coinbase,google_play,scam they charged me 29.99 and tried to get a refund! yes I got the refund but only to coin base! when I tried to move it to my debit card it wouldn't let me. the customer service told me to like my card and account again. then transfer it to my bank yes it went through but they charged me $25 to close my account and transfer the money. my account was closed 5yr ago but yet they still charged me today and said my Account was active so they still got there money in the end this app is scam
bd2d70cfd112c4a997ffd64f,Coinbase,google_play,Money
0805330f66ea9e25b8f01e4d,Coinbase,google_play,Everything went perfect thanks
9b6f4d9d9af029832d6b6322,Coinbase,google_play,very good learning experience through this app
f1f178ee612ddc5cd73ef37c,Coinbase,google_play,"Its always worked great for me. I found ChatGPT to be more useful than customer support. My temporary holds subsided once I added more security. I like the app overall. In fact, I like it a lot!"
dafee7d8ffae75d3c1fef7dc,Coinbase,google_play,great app..
5a873a6b8b273ba058647386,Coinbase,google_play,I love this
b7f680384b6892c22b504a16,Coinbase,google_play,"They scam your referrals, dont use the app or try for referrals."
e454811018889ad23ed3053b,Coinbase,google_play,Good 👍
151d7026a603c5029a4922ff,Coinbase,google_play,Ease of use is fantastic
c6626df152042fc76cdf50d7,Coinbase,google_play,App is very touchy
14365d71c6abfcf8dc6d05ec,Coinbase,google_play,been amazing using coinbase. love every aspect of it. fast and easy to you. you learn can also learn what crypto is for newbie. overall its always been my go to. thanks for staying amazing coinbase and everyone working there.. stay blessed.
06f74f6fcb65bd3b97d8bb0f,Coinbase,google_play,I don't understand why I cannot do anything with the money I've put in here. They say that my bank is holding it but those charges are not pending on my end anymore. This feels like another company trying to steal $ from inexperienced people. I hope they release it soon so I can get rid of this service.
597c5da4deb7214555a04927,Coinbase,google_play,It doesn't work at all!!!!!!!Completely worthless!!!!!!;;;
752ef86c140c73179f62f9b6,Coinbase,google_play,"terrible app. uninstalling, NEVER installing again. hope this app gets decommissioned and company goes out of business 👋"
0ef6a84c436d089d3d33e9ea,Coinbase,app_store,Je recommande
5c65c183f41fd987d3540316,Coinbase,google_play,"Sofar sogood, I like the fact that I am learning at my own pace it is fairly straightforward"
f6b35363682be53bcab1814d,Coinbase,google_play,good
e0f93cfcb39e56818c4a1883,Coinbase,google_play,network fees are horrendous. sometimes the transfer fee's are more than the coin you are trying to transfer.
8a6b00ae9ab420ac8d3d3a4c,Coinbase,google_play,This app has entered me into the crypyo world and not a moment too late
3fb9be0092c2c7f63b89e511,Coinbase,google_play,Well I was able to do complete my 1st purchase of Bitcoin. yay!!
dd39d59d372422c5970d0345,Coinbase,google_play,Love Crypto
88bc09a0e8ba3f07af789052,Coinbase,google_play,Best app for crypto
b1449d75053e0340ed6e6a23,Coinbase,google_play,pin disabled in the app
1cc881de477d7a97d6b59440,Coinbase,google_play,Forced to use and then it's not working. Verification failed because SMS are not arriving/wrong etc. I can't access my account. I regret opening an account many years ago with this company. Support via email address doesn't exist any more. You have to login to write to support.
eb735bc4f69162c1b0c3226d,Coinbase,google_play,"constant updates needed, and doesn't work after some inactivity"
bebb620a56f038e9de3ff021,Coinbase,google_play,"There's plenty of times the app just takes forever to load and do anything, but the big problem is those skyrocket fee's they charge."
5a559fc8b25bae5aec2337f2,Coinbase,google_play,it was great! '
2e484096044f4156b6c00d2b,Coinbase,google_play,Perfect app to buy and sell crypto quickly. I'm using it since the beginning of my crypto journey 😍
6ef0402c3d24d1d8ee3c761f,Coinbase,google_play,"Everything you need in one place, and simple to use! Great place to learn and earn!"
2104ceeb20c39fa2e55fd101,Coinbase,google_play,loving 🥰🥰
06e858b7de5ecd538e54ea2c,Coinbase,google_play,"Smooth operation... Team Coinbase, Does updating the app confirm that the new terms for arbitration are, in fact, agreed upon or is there something else that needs to be done??? Thanks"
47eb3d1ea44afd64ddb83b7e,Coinbase,google_play,"don't use, their customer service will just get your account locked and waste your time on trading which we know is worth money to us. all reps sound lost like they're just following a kb for the first time. take your money out and use a better wallet..."
7a10f2f305a0dd53c0e136c4,Coinbase,google_play,Wonderful app
d15477892edf4ce8287bc110,Coinbase,google_play,Simple easy to use! Verry user friendly
9553e9d6015f077f20808e11,Coinbase,google_play,Quite easy
a5b34e3f909454fb08d8cd1b,Coinbase,google_play,outstanding app and customer support service much Love ❤️ 😍!!!
8a6a7be6f2fbbd515507db5a,Coinbase,google_play,good for web3 account
bf60c3437c5a8ea6261ec99f,Coinbase,google_play,it been logged me out everytime I add a security code to sell or even enter app.in case my phone misplaced or something I shud beable to have that code.i have updated 3 times in a period of 2 weeks. I'm not sure why all the updates.Then the app logs me out every single time for anything. y is the app running in chrome..n not independent in the app itself?
2b99844cc89852755875035e,Coinbase,google_play,Love it
55aa235f50590b1a9653bea2,Coinbase,google_play,Great
ffc71208838b5678607d303e,Coinbase,google_play,"This company is a joke. Don't trust your money with them, their security measures are garbage. I had scammers fail several password and two step verification attempts, from Indonesia and Bangkok. Should have been an automatic account lock. Instead, they blamed it on me. When I lost 7,000 thousand dollars that were fraudulently transferred, this company did nothing. I wouldn't trust Coinbase with one single cent."
1009ade043e8dc340b058bca,Coinbase,google_play,"I got this app for cashing out from my coin app, but almost every time I open it,it says my account is restricted and I have to answer few questions asking what I'm going to use the crypto for and did someone tell me to do this or that. making me feel like a child in trouble when I've had absolutely zero problems EVER involving crypto. also, when I first set it up, I did so with my PayPal as payment option,they said all set. but wanted me to add another card, not letting me use my PayPal to buy."
7d178d68e49d4d4a71892376,Coinbase,google_play,amazingly satisfying
ae69ff74e884e94ab98b1052,Coinbase,app_store,"L’application a une UI agréable mais beaucoup trop de bug, et notamment dans le processus de validation de l’identité… 
Ce n’est pas sérieux pour une application dans le domaine de la finance ! 
Je ne la recommande donc pas pour l’instant."
abcc119355dcb1428061d17b,Coinbase,google_play,It is easy to use
5542928d5eb1c22b5a99f90a,Coinbase,google_play,Good platform. Simple to use. I like it.
9236c53c87e24abc73259859,Coinbase,google_play,Awesome app 4r4r easy to use
7d053dec6af3dfc5db47ff52,Coinbase,google_play,Information is great!
4f898cd5b664f18295120746,Coinbase,google_play,poor network
800a61eeb9e92dec2ac380c6,Coinbase,google_play,Great app. Easy to use. Fees for every little transaction. I don't like the fees.
e02bce7562c26d66b6f5af57,Coinbase,google_play,I couldn't open the app sign up
12710151ec4b14316218dba3,Coinbase,google_play,i like this app
8bb1fc870c65de5c41d85942,Coinbase,google_play,I used to love the app. Now I can't get it to open. I have Uninstalled the app and reinstalled it and still have the same issue. What is going on? Should I move my money else where or is this gonna be fixed?
47cabd70c7285aacc7a844ea,Coinbase,google_play,sucks now the temp holds and restrictions ruined it for me
93786215023d7741183c9f02,Coinbase,google_play,easy to use
fb3b9ba04a39232c7dc0b360,Coinbase,google_play,great!
45de9e69b7261eed88b26800,Coinbase,google_play,Cool A
886c318b30bbbc0a73167790,Coinbase,google_play,Update: The most recent update to the app makes it useless. Prices stay frozen. Charts no longer work. It's like they are purposely making it worse and harder to use your phone to trade. I deleted the app and reinstalled and same issue. It's bordering criminal behavior at this point.
c377f5561063815e375e1716,Coinbase,google_play,Wonderful
7b997159a5b7035f84be955f,Coinbase,google_play,Great so far.
933772af466ed89620d67292,Coinbase,google_play,Great user interface
cedb05d6df2a2a5bc916e0bf,Coinbase,google_play,it was good until I tried to make a purchase and they didn't tell me they would put it on hold for 2 weeks. so instead of sitting in my wallet. I'm losing it little by little
ce7919e57803ecb74d46c055,Coinbase,google_play,"Scambase Edit: yea, I'm already working through your very unhelpful support system, trying to unlock my account so I can close it out and be done with you completely. I've been getting scam support calls pretending to be you, so they got my info from you somehow......"
7bb9db1dc263f73d988832ff,Coinbase,google_play,Easy to do
bcd029765b573b1a9c1c8dda,Coinbase,google_play,Warning absolutely do not ever use this app! They will lock your account for weeks and tell you jump through a bunch of hoops to verify your identity. You cannot get a human on the phone no matter which extension! It is the exact opposite of what cryptocurrency was invented which is to put control of money into your hands. You can not get a chat with a human! You have no control of your money!! They're worse than a bank! I already tried the link and it does nothing to help. Shame on them!
e2cc47371d669e38d0516d78,Coinbase,google_play,cool
0ad26a2760d666c46b6a69bb,Coinbase,google_play,Coinbase is the best.
4a66060e23ad9c40c8f8f23e,Coinbase,google_play,The competition in the crypto market is what needs to stay!
cdf9b7da5e9ee6b2f77a808e,Coinbase,google_play,works great. help is great too
67d5b4c2fea49f7a5ce9fe52,Coinbase,app_store,Always Best
10bdd8e64bfa8ceea0284d19,Coinbase,google_play,most useless app out there. restricts everything i try to do
364b29857393692a5b31abca,Coinbase,google_play,it has been simple to sign up and Buy my first Bitcoin
c3811016e4e1a82bf532390d,Coinbase,google_play,"Reliable, convenient, and trustworthy"
b179987b104b9869f665e611,Coinbase,google_play,Greet to use this application for my crypto transaction very smooth and fast to all online payments form.
0989fcfe46ab23e319bb0a4e,Coinbase,google_play,Buying and trades nicely
0a19ae837f477f6353ccad23,Coinbase,google_play,useless verification try diffrent id
432e74dc58df807df584821e,Coinbase,google_play,Can you please add a widget to Android to show me my account balance on my main screen without having to open the app each time.
d568562f7be8a2be57e331b4,Coinbase,google_play,Very 👍 GOOD
f247be93314192470beccde2,Coinbase,google_play,Good
57227da2ff8b376221f12093,Coinbase,google_play,TANSHELL LENEE' ROBINSON VAMPYRE
c31798220b5eb39b85535be0,Coinbase,google_play,Sub par account security and customer support. I wouldn't recommend putting any money in an account with these guys.
1ddfba7d22c89112c6494b6d,Coinbase,google_play,easy to use and fast and haven't had a problem yet
113d32f8d190d14a7a707f98,Coinbase,app_store,"Nach zwei Wochen war es immer noch nicht möglich sich zu identifizieren, es kam immer der Hinweis, dass man auf der Warteliste steht. Der Chatbot ist vermutlich vor 10 Jahren programmiert worden, denn die Hilfe war gleich 0. Fazit: Konto geschlossen und zu andere Platform, dort war alles nach einem Tag abgewickelt und fertig."
8f4ca2809e0c82dab9dd7459,Coinbase,google_play,Great trading app!
4b4a61561519e937fa42226c,Coinbase,google_play,So far its good Thank you
cbb167a266a0f818a2d0c983,Coinbase,google_play,"Slow to move funds, slow to buy crypto, slow to deposit. I would seriously not recommend this if you are an active trader and have different crypto wallets as most do."
0d24f492f0cc212f1781b372,Coinbase,google_play,"After removing several active sessions from my account which I did not recognize, I'm now faced with the issue that I cannot login via the app, yet I am able to login via web browser? Interesting considering the app says I need to download a web browser on my device in order to login.."
efd2f3fc0779ed1c6d679138,Coinbase,google_play,Top
5c62d6fd02e7c2e7e241cc74,Coinbase,google_play,Love earning possiblities and up to date information
a932e50cf3d1e31e27d8688d,Coinbase,google_play,can't login into account.
4a36e88d61ebe1987e9ef4ad,Coinbase,google_play,Once it finally got going. All good
ad2ee5ecf613fad28597a8d2,Coinbase,google_play,Super cool 😉👍🏾
6a7891b0571f9bee600b3c2e,Coinbase,google_play,Smooth app
46fa54dcb8b86e3f013624eb,Coinbase,google_play,3 years ago this would've been 5 stars.
355f2a9666de90c9de8dda4a,Coinbase,google_play,Sit back and earn
77c15b6dabf9709ad7c427e9,Coinbase,google_play,"This is app is completely rubbish, you can do an easy crypto transaction because they keep holding your funds unnecessarily sometimes even for two weeks and if you have bills to pay with crypto, I won't advice anyone to go for the app because you will end up regretting using the app because your debtors will take you for a liar. coinbase is a scam, they stole my money and have refused to refund and when I contact them, they keep logging me off. They are bunch of liars"
faebda175a4fe62d6d5cd4a4,Coinbase,google_play,well the app is bad because I bought Bitcoin and made one transaction and it basically froze my account now I can't delete my account bunch of fishy apps out there lately coin base is becoming one of them
1cb6a1bc68611c0a4bca5604,Coinbase,google_play,👍 good
2e8d887257691ec3f7ed8c79,Coinbase,google_play,Great app
076ba403ccb62d43e4a2100c,Coinbase,google_play,Very good
f4572320335febab2c282ce9,Coinbase,google_play,10/24. They have made improvements.
b0a066f65c1c921a8eb9dd79,Coinbase,google_play,I can't get this to work can I talk to a person?
ba91ebf2bbd0185254110fa1,Coinbase,google_play,very good i was able tfind bilion dollara penny
16b8113751a035ba857a586a,Coinbase,google_play,back end runs on a potato. They also usually have the largest spread out of any exchange. Often 10% above sell price
3c7194dd97ad452835cbb8b1,Coinbase,google_play,I cannot believe that I'm being lied to about my gains on coinbase. Someone is changing my results and taking my gains.
df7f98e91881d6fae303c37b,Coinbase,google_play,it was easy740-477
fc9d2ce5b70fcaec76364f3b,Coinbase,google_play,the app signed me out and will not allow me to sign in. keeps sending me back to sign in page after inputting verification code.
76503762b759cd369c41ddbc,Coinbase,google_play,No update for Coinbase?5
baf84216afda572ae38011fe,Coinbase,google_play,Good
e811c2586c1e4b6fbd6d7093,Coinbase,google_play,"Buyers Beware! They collect your private info, call it KYC! info such as social, facial profiles driver's license info, then turn around and use it to secretly pose as you and steal your hard-earned crypto and NFTs trust me they are a scam just like every other crook posing as having security. It has happened to me numerous times! This platform must be shut down and further investigated for fraud. Tried to retrieve what was stolen but there was no one to contact Shame on you guys!"
2a3bbe86991a8f4254fcf79e,Coinbase,google_play,Consistent problems
d467a805a9f5d4cd004445c9,Coinbase,google_play,Great app
1fd5f871b3b9c7925b99f4df,Coinbase,google_play,Excellent!
a2759eed66e3da20245af825,Coinbase,google_play,Coinbase is a user-friendly app.
6eabf4bda271e23ef1be7cb3,Coinbase,google_play,Very easy to use for crypto investments
44ce9893c8a6377e24465453,Coinbase,google_play,Got a lot of hoops got a lot of hoops
762e94487d109b532f621653,Coinbase,google_play,It's been very satisfying
9264a02aa8437fef00892c71,Coinbase,google_play,Nothing but good experience with Coinbase I recommend it highly 👌
39e6847938ac26c5d83aeddb,Coinbase,google_play,love the earning by learning 👌
6870b9a228b1c8cf589b16f7,Coinbase,google_play,Love yall
11a93e40cfd6a92981dd2e33,Coinbase,google_play,Support is poor. Account locked for life but can not get an explanation why. I have contactes support several times and my account is still locked. The only answer i did receive is it felt I was laundering money and locked for life.
0d4dbf8e0cb3b7aef0018e3e,Coinbase,google_play,"Have enjoyed learning on coinbase, hoping to do more"
18c92df997be636d11c4f385,Coinbase,google_play,killer!
805b210c30a095451522d548,Coinbase,google_play,"App gives news pop-up about the new customizable price alerts, they are not configurable in the app nor the mobile/desktop web client. Support suggests (on Reddit posts, it is effectively impossible to actually contact them otherwise) using the star button on an asset page to enable price alerts, and it does enable the old generic price alerts that used to be constant years ago — but toggling it also removes the asset from your watchlist and does not function to readd it."
fdcbae65031bb160432f2177,Coinbase,app_store,Super
e47150f1d8938558b5b531ca,Coinbase,google_play,if u have an issue there don't seem to be a saport team...
b228430daa2f97f4325dc966,Coinbase,google_play,The best.
b8ff4cbc04233af54bd786b7,Coinbase,google_play,awesome!!!
f407eeb15cec77800a668979,Coinbase,google_play,"coinbase is a really good place to go to start investing but you'll gradually want graduate, your trading experience and try other types of investing."
8c96bd68c6db94eb4cc6dc34,Coinbase,google_play,"I deposited money on December 22nd, 2024 and they still have a hold on my money and won't allow me to make a withdrawal. The only only customer service is with AI, which is absolutely no help. Their advertised hold times are 3- 5 days. I'm on day 7 and they still won't release my money! Hopefully others will have a better experience. SCAM!!"
40d381a249bcb2586c41b20d,Coinbase,google_play,They offer a safe and convenient service Thanks!!
8df67e44d2395cea50cb3e3e,Coinbase,google_play,The staking system is trash. Literally has taken over a whole month to unstake. Will never invest on coinbase again.
03424664c5e2e352d6b5b1bf,Coinbase,google_play,Easiest crypto trading site!
c148d21f628484702a76a162,Coinbase,google_play,"All the money goes with it's so called fee. Decuct smth while buying,again deduct smth while selling, surprisingly deduct again while transferring to the bank account. It takes all the profits not only profit got a loss from main balance. In every step it deduct. Will never ever use this platform again."
b62711252292f8f5b833107a,Coinbase,google_play,very hard to verify 😔
da1b67ac59131fe23a3d4349,Coinbase,google_play,Easy to use
955252b401c6126378d5efa6,Coinbase,google_play,Simple to use for first time stock purchase.
10accf5a0101ce9a028feb91,Coinbase,google_play,Simple to use. Quick and easy transfers. Does what it's supposed to do. Four stars for the simple reason that nobody is perfect.
8c6af7d540e4a133ccab9dff,Coinbase,google_play,Allow us to take screenshots please make it an option.
4ce5ab1b199af00395e628bb,Coinbase,google_play,"So far, not impressed. Can't even create an account."
152fbcdeb671c91ab5d74968,Coinbase,google_play,Coinbase is easier than using my bank. Plus they pay me for keeping my money there unlike my bank.
b7979f1f45a5feb213ff7541,Coinbase,google_play,Great app
d9086bd6798039c23482ffd6,Coinbase,google_play,Easy and simple
12b7d657795f93176dc3bc9a,Coinbase,google_play,it works great one of the best I found
8dcd66f4399d26c621168c2d,Coinbase,google_play,It's fine. Quick transactions. Not expensive relatively
c8592de3c8a2dd2711cf9e8f,Coinbase,google_play,"Fast transfer, no nonsense app. Best on the market."
ce5253f2c9b47c4017584586,Coinbase,google_play,"***Everybody, be careful!!! They are stealing crypto from accounts!!!****"
4084db2e34fbc9275ae665a8,Coinbase,google_play,👍👍
4162dba73259d80656cc1caa,Coinbase,google_play,awesome
3b70e2b9fb6975a2712b1592,Coinbase,google_play,"TERRIBLE. This app is a complete scam you dumb your money in an then have to fight to get it out. The ""support "" team is horrible bunch of AI or people who dont even speak English correctly! long story short after having been with them for years somehow they just go and close your account for reasons that have nothing to do with you!"
8504b8d4a53dceae0886509f,Coinbase,google_play,Good experience.
a6c55c9c08438b302f5a94de,Coinbase,google_play,Doesn't allow to close an account
50001b193ca0c307dce56015,Coinbase,google_play,cool
2f7908d78103c75459f71548,Coinbase,google_play,easy quick and fast
6545c4f575f2160d38211b1e,Coinbase,google_play,Most excellent
2f79d527785ae96b1e0822b8,Coinbase,google_play,"Why is my account under review for about 5-6 weeks, asking to update my details, etc?"
c4939f8fc046e7b3b50201a1,Coinbase,google_play,It's convenient and simple.
d7e4f4810afb7d5d5521eb50,Coinbase,google_play,Very thorough with verifying identity. Easy to setup and use
2421eef005ceb34b306911b5,Coinbase,google_play,Exceptionnel service. I love it
cbf344d28f01b34c1bd38ebf,Coinbase,google_play,So cool and very understanding
1e08441b2b0dba130e05075a,Coinbase,google_play,Going good .quick deposit n withdraws..
b51400381720e5b028b69f5c,Coinbase,google_play,What a wonderful app. The registration option has such a simple captcha that I can't even register. Wow
3e5d8dde057f79c4a5d87139,Coinbase,google_play,one of the best
e0f780d163b140fe40a31434,Coinbase,google_play,"This is management is run by crooks they have stolen money with no intensions of pay back. Be aware of shady extension, they lead you on then keep adding fees to you bill not issuing out funds. I tried to work with the customer service and once again they have done nothing to correct the side the transaction. I tried to work with the service they have showed again that they are not to be trusted. I don't know how they have been ranked high. I will continue you monitor and update you."
a63e34c064ff56373380c3ca,Coinbase,google_play,That
3926edac6f642d6a8c4b011e,Coinbase,google_play,Great app easy to learn
927840c9055cf00fedcfcae3,Coinbase,google_play,👍👌
0669264a76c8f506811a83e3,Coinbase,google_play,There's no customer service information
d061a59dce23a87974342080,Coinbase,google_play,Great and Easy to use
7a8acc8dfc2bb0e821446d67,Coinbase,google_play,Apparently my PXL 4 is incompatible
a8f0c6692552522b99f465f0,Coinbase,google_play,Fleecing retail customers with high fees
9eb6a88ce38c3ae26f01c380,Coinbase,google_play,I've learned a lot using Coinbase.
39960e068da67e4d694466df,Coinbase,google_play,👌
b5942bdcba2244208d67dc0d,Coinbase,google_play,easy easy
5181e8dae68a18f7191fdd74,Coinbase,google_play,I like it. But loading times are terrible.
65d8893ae821b9ce4523555d,Coinbase,app_store,J’ai envoyer mon attestation de droits pour confirmer que j’habite bien chez moi mais ça me dit que les critères ne correspondent pas. Décevant
7adc435f78292bb2ea07aec6,Coinbase,google_play,Great way to find crypto and purchase for yourself.
cb20e250168357fa7653b4fb,Coinbase,google_play,Easy to use & understand
d7aae561ffa33ea564a1d138,Coinbase,app_store,Impossible de lancer l’application. Dommage
2c0ad8384ccd4a1fa34a0277,Coinbase,google_play,amazing
4eb8a82548c1bc370307c445,Coinbase,google_play,good help
6105c4527234a5f9f92d0533,Coinbase,google_play,excellent experience
d74f2a32c6b13c9ab3c246a7,Coinbase,google_play,As long as honesty is priority for both parties involved...
c960db3e765fdda2b640c2ea,Coinbase,google_play,A good way to invest money.
d53b0acb6141be8f811b9cdb,Coinbase,google_play,Nice new updates I love it !!
1f4c7109eeb728ea83385545,Coinbase,google_play,Great. Easy to use & helpful for understanding all the new technology. Exciting stuff
e62502b1040157ca472749a3,Coinbase,google_play,"I have been using it for a few months to trade and purchase coins. I love this app. It's easy to learn how to buy, sell, and trade coins while getting up to date information. Safe and completely worth checking it out, especially if your a 1st timer! Good Luck!"
93072bdf7c3f0e5de07bacf3,Coinbase,google_play,"wonderful customer support and service, Ms.Grace resolved all my issues cheerfully. Very Happy."
e263effbb3e851e0ecf24532,Coinbase,google_play,why did you guys ruin the watch list section? You removed the mini charts so now I can't see the price action at a glance. stupid update please fix it
28b2c406bcaa8c94085a8d91,Coinbase,google_play,"Great trading app, great features and functionality built in. Not sure what happened in the last month but the app now quiets my music when I open it. Definitely not a config issue with my phone as it's the only app that does it. Mostly it's annoying but also concerning as to why this app that has no audio functions is controlling my audio output. What else is it doing in the background is the question."
f6146092ea5f92f4c87efacd,Coinbase,app_store,"Seit dem letzten Update kann ich mich nicht mehr anmelden. App ständig am laden, ohne dass was passiert. 
iPhone 14 Pro"
b576d390a050b11e4e9cd17e,Coinbase,google_play,cool
cdcd13ddf345322234e25036,Coinbase,google_play,nice
72784727dd173752b689590b,Coinbase,google_play,You upgraded the app so it dont work on my phone and I cant get my money to buy a phone. After I put my money in the bank app was upgraded. So I lost all my money cause this phone has the passcode biometrics. Ripped off.
3907eb7dba71c5ea5b264e3b,Coinbase,google_play,User friendly easiest platform to buy and sell crypto
30b36a928977ab36955119f5,Coinbase,google_play,"Easy to use but fees are incredibly high, I'm not sure if this is par for the course but you'll lose as much as you make unless you're investing thousands"
a233cc92d74c6e9251a0faee,Coinbase,google_play,Dont waste your time the app doesn't work at all
c9106ed334da728522fe8bbf,Coinbase,google_play,Absolutely awesome 👌
952197a011a92b7b75f93977,Coinbase,google_play,Had to wait an unusually long time to set up my account. They just kept me in limbo.
b87f00617e745293cc54e489,Coinbase,google_play,"trying to set up the details and they just don't work. i can't get a hold of any customer service. hopefully by leaving a review, someone can help me"
2ba20e9bda75728382508e1b,Coinbase,google_play,"Coinbase is a great way to learn about crypto, and it investments"
c21bb2306418f572477bd4a0,Coinbase,google_play,the incessant pop-ups are straight up scummy. I'm getting away from this asap. if you're considering this app don't waste your money!
832048b7f6ede72fe1110ce9,Coinbase,google_play,I want to sign up But it's not responding
0471b93d7204b53f9af962a0,Coinbase,google_play,Great app
49f130674d186e38436ad386,Coinbase,google_play,I love this app
a54f055c8feba3e8f50184e4,Coinbase,google_play,"app states I need to download an update, but when I try it says no longer compatible with my device?"
340441c945e780faba5e5bc5,Coinbase,google_play,Best app
54105101580d1f024c6b24c6,Coinbase,google_play,Makes learning crypto easy and rewarding?
f58c02c7541609c0f15e7962,Coinbase,google_play,"using coinbase 4 yrs. Is very usuful for transfers between wallets, converting and lots more. The free $ from learning rewards is ridiculous. Easy over 120$ for a quiz or 2 and or creating a wallet and staking for example ... Until recently rewards show up that day are expired or unavailable . Error message different in browser. have reinstalled app with no result. Last time after an update rewards started working"
189bc6cbc7bbaea388fd2d58,Coinbase,google_play,Totally easy to use..I like it alot
2ad7a954f26ac8317e639361,Coinbase,google_play,Coinbase is legit and trusted
a640d3529cb14ec193c0cbd8,Coinbase,google_play,There's so many options to learn from
9f518bf128682deb52898dba,Coinbase,google_play,still unclear fairly new
4fc845e7a67577144a9c36a4,Coinbase,google_play,Easy & Clear = Woohoo! 😍
5b75a258cda32573dd229c43,Coinbase,google_play,it's so easy to use I like everything about it 😀
159829ef1ea86b9462bea520,Coinbase,google_play,Connected bank account got the confirmation it was connected but when I went to make a trade it said the connection expired so I connected again & the same thing happened 3 times so I'm unable to use my bank account finally used another method and even though the app said the money would be available for trade/transfer immediately it's actually being held for 9 freaking days which will be too late for what I needed it for it should never take that long for a transfer outrageous high fees as well
6d3f79c07967e41f206d1f45,Coinbase,google_play,Didn't let me sign in Not recommended
dc034ce37bfa061acfa47308,Coinbase,google_play,Stinks!
775ea5cca68c095619b87b63,Coinbase,app_store,"Coinbase is my little friend. Such a good and easy app to use. I am new here and I already love the app. I have started to make money already. The app is very helpful, it shows step by step what you should do and also gives you warnings on the way, for you to be helpful. I am so happy I heard from this app."
217593f865326190c284d208,Coinbase,google_play,Coinbase is an ongoing absolute nightmare of epic proportions and after 3 people in 3 hours or so no option to add a bank account and subsequently no way of doing anything and that time is less than I spent on the previous occassion😡...you're telling me to contact customer support but I have been put through the ringer by your supposed customer service thats who I'm talking about above you need to open my account up so I can get my coin the hell out of there!!!
eb62e1d04428db9c4ece2a5f,Coinbase,google_play,Never had a cash app before
9b3333f24a544ae749724edd,Coinbase,google_play,Coin base is so awesome and secure very helpful I love it I never could get into or understand this kind of stuff untill I downloaded coin base with my boyfriends help now I would use anything else thank u coin base
8663078fa3862c2dc0984278,Coinbase,google_play,coin base has my back. I'm a novice user. I'm pleased that they check my identity when they see suspicious activity.
e8eb1a35ca4ce8f5b14eb438,Coinbase,google_play,"absolutely the worst service worst customer service worst customer experience ever. absolutely a joke, you can add funds and buy as much as you want, when you try to withdraw all of a sudden your bank has an issue and won't deposit your money. it's never their system that doesn't work it's always you or your bank that is having errors. they tell you money will be deposited by a specific date then after that day they cancel your withdrawal and give loads of excuses. avoid this app at all cost."
d1713cbbdc1dfe522c4db271,Coinbase,google_play,great
88a93c44d9309426e65ead67,Coinbase,google_play,Easy to use
6a18df995e6f2ba86d9e24ad,Coinbase,google_play,Nice experince
c607e6cbf550d8a5dba40432,Coinbase,google_play,great ...
68e74d48df2343368f6c22ac,Coinbase,google_play,I hate it!
d4590b92e1af654815374444,Coinbase,google_play,worst exchange to use
c4d222bb01024f254930ce28,Coinbase,google_play,great
5425a5c255e7d2d3e7f5f2e2,Coinbase,google_play,Freaking love this app
1177b00cabf59bc4e726f439,Coinbase,google_play,Good stuff comes from coin base. (Free money for learning and taking quiz)
018fde0abbdd7bc047a2e4e2,Coinbase,google_play,Great to learn crypto with. Getting rewarded to do so is nice.
a634d091499f532b0bf4cd7a,Coinbase,google_play,"If you're starting out or seasoned at cryptocurrency, coinbase is a place to start."
b24f460a89caa96990e4e761,Coinbase,google_play,"they block my account, the reason they gave me. they did not want me investing somewhere else. they said 24 hours I could transfer my money. I talked to them again and they said they block for 30 days . costing me money and time. they lied to me several times telling me they dont block accounts unless they have good reason. the reason as stated they did not want me investing other places. more lies and more problems from them."
2b824d71766a0621499d73db,Coinbase,google_play,high trade fee and chart is lag causing me lost alot of money. wanna use think twice
f267df2457607a3a3249204f,Coinbase,google_play,To buggy to bother using
7f21767158cbfec5f0fcaaf6,Coinbase,google_play,"They will take your money and then open a case and keep it open so you can't access it. If you try customer service, you will wait for an hour just to be told I have to wait more and try again later. DO NOT TRUST COINBASE."
54b6d5627cbb4f9595288bfc,Coinbase,google_play,terrible
78be7b8407f6b0e627323977,Coinbase,google_play,"Beware: On logging into Coinbase, I received a UK fca questionnaire. After which I was locked out of my Coinbase account. I did answer it again and eventually was allowed to log in. They're tricky, silly questions. I'm moving my assets out. Fortunately, it's not much, so I'm only slightly worried."
4ffeb6c0cca8ef479578fa30,Coinbase,google_play,I wouldn't trust this app it's been in wack all day can't even see stats so makes me think they are manipulating it
d855d22f8320447120140ca3,Coinbase,google_play,Forefront tech.
34bba28cae61b61fe53d1a27,Coinbase,google_play,"Extremely User friendly, plus I won a huge Amount in USDC prize in the opt in promotion"
f1a3038c988a4fb3553309dd,Coinbase,google_play,off
f8e5f985742e3730502e68a7,Coinbase,google_play,good
4ec5ac85ea1c1c1fbfc0cda1,Coinbase,google_play,easy to use
e77d5a202170bb9d495eec46,Coinbase,google_play,Great!
0485b9f9592fe8852e97c6f4,Coinbase,google_play,easy-to-use
8d684ef1c892da78f3f3fd27,Coinbase,google_play,Love this app
29e1785f79c20314bf3940f4,Coinbase,google_play,Simple seems user friendly hope transfers are as simple.
bad4698c10229c30a2b5f885,Coinbase,google_play,☆Gr£at😉👌
76a5ffe5ca8e608b20487d58,Coinbase,google_play,"The app development is complete trash, as for spending over a month trying to get my ID picture for verification, but this BS doesn't capture the images."
268c61c333e350adb6a6feba,Coinbase,google_play,great app and ui
f01f81ade8fc59ad8795dd7d,Coinbase,google_play,"I love coin base, basing it up!"
44045246c054cd31ca7a0ce0,Coinbase,google_play,This app is not good at all
4cdcfaa7d4b49e6739d7b0e9,Coinbase,google_play,exceptional
299ed2dce1a73e44141f0f6b,Coinbase,app_store,"Übersichtlich, einfach , verständlich…."
ca5e2f05eba11d14d7485878,Coinbase,google_play,Easy to use.
002492507728f17023a02b23,Coinbase,google_play,"The app has changed majorly in good ways in my opinion. I've had a few minor issues over the years, nothing major."
683a98ca263d9cba4e92a9e8,Coinbase,google_play,it's ok but it goes up and down but I'm ok with it
e624d5170dc074fdcb786090,Coinbase,google_play,£€¥₩₽$
6b2b70ae8f085c4e4951d011,Coinbase,google_play,Good
6a5c358886c0eeef45d490eb,Coinbase,google_play,thanks to the conbase company
ac71ebf93ce2bb0c54cd24c2,Coinbase,google_play,I didn't like the fact that it wouldn't accept the charges that I saw as the ones it put on my account
01f5058713542ac37792440c,Coinbase,google_play,"Not bad, kind of confusing to see a breakdown of your balances."
b1e87f13ab0d46e93a8c57ac,Coinbase,google_play,Thanksfull
092b00b0a4d91f91ce62045a,Coinbase,google_play,ok
d2b1c41ba9c3bae933dfe1ba,Coinbase,google_play,Coinbase is very easy to use. I love it
1cdd872648af17d298c80fbe,Coinbase,google_play,They are just stealing your money.
a009f73adcb451be6e933f2d,Coinbase,google_play,Ease of use .
ec74e2f6a54759f6c7881c82,Coinbase,app_store,Motely crue type
a3536ea3c1cb196bed8c685f,Coinbase,google_play,Couldn't verify identity even though my pictures were very clear. Doesn't feel like a reliable app.
ad41c436c314a36932b47754,Coinbase,google_play,As simple as it gets
38d5551dcbbf7760d53910c0,Coinbase,google_play,good app
524617527b66c028ee66aaf9,Coinbase,app_store,"Good security, nice home page. Easy, secure and trusted."
5af6e29e1450ca6b19daade7,Coinbase,google_play,trying to do a deposit but keeps getting rejected
915cc06a393291b9ba68bea1,Coinbase,google_play,horrible experience. Still fighting to get back $250 they stole and tried charging me again for. stay away from this app unless you like being took for every transaction. worst customer service I ever had
cb4a86efeadc98b932a2b5cc,Coinbase,google_play,Easy acces
80ed638708686c4c1510d4d8,Coinbase,google_play,"DO NOT USE THIS APP. Customer service is non-existent. only AI. no solution if things go wrong. This is NOT a beginner freindly crypto coin app. After a week of following all the"" did you try this"" or ""its your phone"" or ""its your bank""... its not our problem. "" and all the limits and fees and charges to cards I would look at UPHOLD or KRAKEN In that time I missed out on so many opportunities. Still not working A WEEK LATER!!! Coinbase you got me twice, not a third."
f95ff5d76ab5421a4ea9af47,Coinbase,app_store,Easy to use
409700238d39cd0f77699669,Coinbase,google_play,Great platform
4eea63f265a4aa564ad72551,Coinbase,google_play,Trustworthy and fast
362e8bbebb8f43efa979753e,Coinbase,google_play,"The app is fine, it's the company that engages in criminal activity, holding your money for weeks without explanation, the support staff as well is completely useless and I don't even know if they know what Coinbase is. There are better wallets out there that won't treat you like coinbase does."
cdf4d8ea13f7d182b33eb3fe,Coinbase,google_play,"Coinbase was once great, now they allow you do everything except withdraw. Stay away."
b756d3066523c2a35c5e3c91,Coinbase,google_play,The best is this everyone gets it now it's the strongest and only the strongest survive this is the best can you send me a exclusive nft please something to show the love u#1.
568b520d2a28c48d93dcb747,Coinbase,google_play,got a new phone number and am now fighting to prove who i am... I would love to chat with customer service but it's all a chat bot or a recording ...sorry I don't have a Twitter account and will not... and that's will not make one. they were able to delete my account since it was non recoverable for some reason
90efc83485bb967234933dc8,Coinbase,google_play,I'm learning
6d35c6002b43a57d026c5845,Coinbase,google_play,great for the first time user
515cde3a876d6ecb6a1cdf95,Coinbase,google_play,Easy to manage and navigate
3d2803db644c55f3b87093be,Coinbase,google_play,Great
bd7dc6bf439d632f52f6c236,Coinbase,google_play,The app is useless you can only transfer 3k a day via ach. I tried to send 35k with a wire transfer but the routing number they gave me is wrong so I can't use that. Tech support is useless as they just read from a script. Can't actually talk to a real person on the phone. Stay far away or use binance.us
b4671c56b28bbd36be05f22e,Coinbase,google_play,almost everytime i go to buy or sell it doesn't let me. ridiculous.
fd6a015117746aab82ee89d3,Coinbase,google_play,"Greedy corrupt scam company. Like a parasite they desire to suck money out of people's bank accounts with high fees and stale options. They offer promotions that they don't back up and don't have the newest products where the greatest profits can be made. You'll have a hard time making any money here. Coinbase is the only entity making money on this app. And they're taking it from you, slowly draining it. get out while you can before you lose everything."
ca71f4e30a1462047ebc0e07,Coinbase,app_store,"I was hesitant, but My Dad always said,”take the risk and improve yourself.”"
e8fec91493eb60e39118bae3,Coinbase,google_play,Great app. I'm glad I tried it!!
c44b0b1be890aad98f081a6b,Coinbase,google_play,"literal criminals that'll hold your own money for weeks at a time and present it as good news and a security feature. Evil, vile and disgusting people"
39b335d79fe49e09a207ed6a,Coinbase,app_store,"Gute Übersicht, sehr zuverlässig"
f26465ecded7af41dec0297e,Coinbase,google_play,great
e33a988cca549d7fc9a015d4,Coinbase,google_play,Smooth working!
544be1b788296b71b4f8bb29,Coinbase,google_play,I lost $20k last year alone using Coinbase! Hopefully do a little better this year!
717b27989443a53a2076c52b,Coinbase,google_play,"unable to cancel recurring buys on mobile, the menu option simply is not there. cannot withdraw cents, so they just get to steal it from you if you move on from the company"
19fb8a3c02c41a2f41521c38,Coinbase,google_play,fast and reliable service
4d73570d08d7a1eca5b95971,Coinbase,google_play,If you open the app since 2 weeks you will immediately get a popup you can't click away that there is an update. In Google Store it says that my device isn't compatible anymore. I have the S25 from February this year so it has the latest android and one ui installed on it. If I get in the app I will sell anything and go to a different broker because that's not possible at all and I don't support such a thing in the slightest.
65306b32fdeed5daf4d8dfd3,Coinbase,google_play,Can't login for months now. Deleted the app and redownloaded still can't login and my few coins are stuck in it. The app is fraud don't use nor download. Still can't login to the app after several attempts
efe381eaea0d866feeee54d8,Coinbase,app_store,Fast and prompt
0b5f7090f6e06c9c971ddad3,Coinbase,google_play,awesome!!!
c545ce2d7dcbdf1554f06279,Coinbase,google_play,Exciting
431b84d0761498d0aa877b26,Coinbase,google_play,Learning
07dc50cb0eacbb931c3135cc,Coinbase,google_play,very easy to use.
2b7b165ea47226a08d1bd391,Coinbase,google_play,"i made the id with my registration card, but later, it is not acceptable. my money is stuck in the account. i sent them several emails, but they did not reply. i sent them a message on Twitter, aka X, they initially replied and told me that they would contact me shortly, but the next day, i checked my inbox, i came to know they blocked me."
089db980c74017418ffed080,Coinbase,google_play,closed account with bitcoin in. told me to withdraw but withdrawals are restricted so lost money. Exodus all the way
40738587b6119fb14a09940a,Coinbase,google_play,"I got ad for coinbase in other APP. i tried to download and it just says ""incompatible with this device""... doesnt make sense to me. i have android 15, xiaomi mi mix 2"
ac1b0088763200af0618ff16,Coinbase,google_play,amazing trade platform
569a84fd59d19fc8bcc35e0a,Coinbase,google_play,why you don't take your withdrawal charges from withdraw than ask for another credit for who wants to withdraw is not okay take your withdrawal charges from withdraw process
e0470e74752a7f30d5d26d99,Coinbase,google_play,I got forced out of Coinbase when I tried to buy crypto today. it worked fine 4 days ago. I hate updates cuz they take up too much space and wipe your password out. now I can't buy for a couple days when I waited til today to buy. sucks.
50d6fcf04ee0dc2ff4250a29,Coinbase,google_play,Bet ready to set up and use for a beginner.
956737180202d0501ec1bf13,Coinbase,google_play,issue with PIN and biometrics
bce4816b07ba934ad0bf624d,Coinbase,google_play,Easy to use
a92b2bc2d7084ebdaf40a19c,Coinbase,google_play,excellent easy to use
14763ac3d688d7564b8f0c64,Coinbase,google_play,not very happy with this app they froze my account from being able to send or transfer crypto and the explanation is vague
a7e687f0f9ae94efa0d6b400,Coinbase,google_play,very easy to manage and you can see everything up and down
a8aa31799cb5ca9518fe25fb,Coinbase,google_play,"place and the support 🗑 I've been using coinbase for a while now.And recently stopped using it due to the fact.My account has had issues several times i've been misled by support about certain cryptos that they're accepting it sent only to find out.Oh, never mindWe don't do that crypto anymore.So I lost about a hundred and twenty dollars support's no help.I'm even a coinbase, one member, and it's going through hoops.Trying to get somebody to actually fix the issue if they ever fix the issue"
441bdc4ac6c3a787a4749709,Coinbase,google_play,Great customer service!!
c4a4823977bdc30d132af271,Coinbase,google_play,Great functionality.
2d528d39dc373ebac6de99e7,Coinbase,google_play,The ease of use and ability given to learn about crypto makes this app amazing for all. It keeps you informed and continues to improve.
b6a985c8bf2c9eaa6d39090b,Coinbase,google_play,Charts are continuously not syncing or reflective of current market prices for LONG periods of time in a day.
bb3d13369e3ca354a55ba9a5,Coinbase,google_play,Stuck at verification. Do not provide an option to go back and change country.
b47aff85a16825b4e949a630,Coinbase,google_play,it's good.2026 Take a look into crypto trades. 23 to 10x bags💰 Bankrcoin. NoIce. Stafi. Hedera. Marinade. Karrat. Vara. Gravity. Threshold. Access. Green shatoshi token.
5ae1241c0e1bd8974efb2f2c,Coinbase,google_play,I have tried to sign in and its doing everything but actually authenticating the methods it has asked of me. Device not recognized. Drivers License. Can't call the help center because I have a NEW PHONE NUMBER!!! You as a company better reach out to me if I have funds or not. I want to speak to a REPRESENTATIVE!!! THIS IS MY ACCOUNT!
5073b292e7534c7d3a84418e,Coinbase,google_play,"Even as a ""noob""...I get it! :)"
58c23f6f57fa1166982f8bf6,Coinbase,google_play,"coinbase decided to disable the feature to purchase cryptocurrency on my account without warning. tried deleting the payment method and re-adding it to my account and issue still persisted. when chatting with coinbase assistant,it mentioned that coinbase did not have to explain the reason for this action nor duration of time. spoke on the phone with a agent who was very friendly and helpful. issue wasn't resolved though and was I was told to, wait it out."
dac8896c526cbf4f490a762b,Coinbase,google_play,Like how the app gives you insight and learn about stocks and cryptocurrency and earn money all at the same time.
0131f7dc4f69eb9aba90e481,Coinbase,google_play,"Fantastic, it's worked great 😃 and made reading crypto a breeze"
315e27377ff7dbc35dfecf2d,Coinbase,google_play,Great
9d443d75b73fcb717c81ee9a,Coinbase,app_store,When will Coinbase list Pi
7459bfb05683544ed0ed3365,Coinbase,google_play,"- all the stars for the 20+ notifications that you have to turn off, each of which has multiple pages you have to click into to turn them off. my email inbox is 90% coinbase notifications. it's insane"
c613665ce8f1b8ab402dff9f,Coinbase,google_play,Cool
3c015a8e596aeb6281244fee,Coinbase,google_play,"They lie to you and hold your incentives. They promise that if they are not credited by the end of the month, they will manually credit them. Then they refuse to do anything to fix it.They owe me eleven payments of five dollars and promised me that they would be credited by the end of the month. If not, they would be manually credited. Well, it's the end of the month. I contacted back and now they are refusing to do anything, don't deal with this lying company"
fb35ae06c668bbb664a24c14,Coinbase,app_store,Really easy to use and keep track of my coins. Haven’t downloaded any yet but hope that’s easy to.
f104090f8c66f200505f3b31,Coinbase,google_play,Bingo bango bongo Coinbase is da truth
86d025176e575941baf57e30,Coinbase,google_play,New to coinbase and impressed so far with the UI and seamless use of options
73e951f3414fe65ebb968d22,Coinbase,google_play,"There has got to be an easier way to transfer funds between Coinbase and Coinbase Wallet. This is the worst program I have ever used in my entire life when it comes to being user-friendly. Robin Hood app is far better than Coinbase, the only reason I am not using Robinhood exclusively is because the cryptos that I want are on Coinbase only. Not even using Chat GPT AI is not even able to help me. If you really want to give users help, update your apps, or better yet, combine them!"
a8736dd7d9338b63130fb771,Coinbase,google_play,"When Coinbase learns how to link bank accounts properly, I might consider giving them 5 stars. I can't even sell what I got. I'm stuck with coins I don't want. So until I can sell them, I won't recommend this app or the garbage platform, Coinbase. And ofc, no response. lol"
31981b583a05f2adf15f258e,Coinbase,google_play,"Gets worse with each update. So many issues and using the support link has been useless especially since there's no way to properly report bugs there. The AI chat bot is a waste. Screens get stuck in loading states, can't place orders for unknown reasons, data doesn't update, mysterious something went wrong errors. Constantly clearing data and restarting doesn't help. Not worth the time or money."
5621f6c764793ec2eaddcf0b,Coinbase,google_play,Great way to earn and store crypto
6b464cd4fbc6c1338f38ad60,Coinbase,google_play,used daily for last 5+ years once figure out the small nuances of learning to verify and confirm 100 million things for safety ( which I like) very user friendly.
ef8468189236ed650015c0a6,Coinbase,google_play,Awesome
7a8d018317002c2b4d122766,Coinbase,google_play,"Here's a view of this platform from the perspective of someone with a 16-year career in systems architecture for high-volume ecommerce platforms (including majors on the top-10 list by volume and revenue). In the world of critical line-of-business systems we measure uptime logarithmically in ""nines."" 99.9% uptime (3 nines) is relatively poor. 99.99% is reasonable. 99.999% (5 nines) is good, and so on. Coinbase price quote charts are available roughly 90% of the time. That's abysmal. One nine."
593b1b1870a4502a4eba662b,Coinbase,google_play,good
c0b9a31f4af98156ae9fe017,Coinbase,google_play,works Very well wish they had more free coin for learning. but ive used this platform since 2018 and have kept coming back its 2025 now.
f0df2af98214250577f98553,Coinbase,google_play,"disgusting compliance and customer service don't reply to emails and freeze assets and requesting all sort of a tax reports from America like ""IRS Form W-2G"" but I am from UK and for weeks now walking in circles. stick to Binance!!!"
c1ab8be34cfe2eb2d5e62483,Coinbase,google_play,"I can't use this app this morning, I'd like to know what happened?"
70b5562f5280358137ad5686,Coinbase,google_play,perfect for me.
94816762b5f8d3ae50f5476e,Coinbase,google_play,"Prices (list of all available assets) filters are broken: if you filter by ""Market cap up arrow"" and ""tradable""- only ""00 Token"" is shown and nothing else. If you filter by ""Market cap down arrow"" and ""Tradable"" then it shows you a list of top assets, but scrolling is limited: at some point you can't scroll anymore but the list is not ended (can see half of the next line). So, it's impossible to explore all available assets. Weird."
e8b95dbf78754c61544b7859,Coinbase,google_play,lately I encounter the program freezes. repeatedly
c923b103ea7189ecd360aabb,Coinbase,google_play,it is not for all country
cd173fc16da4f56b4aeaa6ed,Coinbase,google_play,👍
823e614a855a5836e6889153,Coinbase,google_play,it's been good I hope to do long term investment and learn everything I can from coinbase
5a55f6a983b565f9f7c9be3c,Coinbase,google_play,So if I don't drive a car I can't sign up? Absolute rubbish!!!
dd9954b497e7b7ecfc08e475,Coinbase,google_play,Great platform especially for those just starting out with crypto investments.
f9f5a25996d28f65d1572fca,Coinbase,app_store,Very much a user friendly app that I have been using for 7 years.
cccaf8286c1413f628d653f6,Coinbase,google_play,pissy bacon cooking like some waters leaking!
bb7c693da37f1b40a861c108,Coinbase,google_play,great app
86704a518ced6458119ce626,Coinbase,google_play,Can't get passed the security part cos I don't have ID
ca5757d537983c29e1661fac,Coinbase,google_play,Love Coinbase!
e2bf01402c1f37dd9120f01a,Coinbase,google_play,Making so much 💰 it's a great platform 🙌 👌 and I can't wait 9 inches out!
cdd8e618b4272d8cdc957ed0,Coinbase,google_play,Very irritating and terrible app
ce389941b4aef851c642ddd7,Coinbase,google_play,Onward Christian Soldiers
ca7e2c0d648a2755fdd06725,Coinbase,google_play,New to this hoping it's easy for me and secure.
80546c7c1268007f123b1868,Coinbase,google_play,Very easy and professional
bcfd386c6b359cb235c17afa,Coinbase,google_play,is it possible I you own to many coins the app will not be able to load anything?
ee74af00df398f5a525adbd9,Coinbase,google_play,love it 😀
c34903bbbd09a373b102f39a,Coinbase,google_play,very fast and easy-to-use
7b38e2ae3e9f374e30959f25,Coinbase,google_play,simply great
1355d03c5285aba834c271a4,Coinbase,google_play,Easy to sign up. Easy to register. Easy to trade.
1933be40fb21ca7e97cf8276,Coinbase,google_play,"my account, after some coins jumped up in price, I was told to reset my password, and all assets were gone after wouldn't recommend go to a broker"
1ccecf0a1705afb614113a06,Coinbase,google_play,Best trading app
c5f474a37712a2df6b9ffecd,Coinbase,google_play,they suk. charging me 29.99 a month and I can't get support to cancel. crypto dot com is the 1. so upset. I made a 20.00 buy to open the acct. for fun 2 years later I find out about the 30 charge. now I can't get any support.
e8eeb1d80e9bcb4268ac84ee,Coinbase,app_store,Oui bonsoir
f4433cbd8d13427bb5efb7c6,Coinbase,google_play,This app refuses to open on my phone. Too slow unlike other exchanges. Improve it
e283155895c19c7ea70dccd8,Coinbase,google_play,"Great app. Easy to use. Tons of options. And just the overall best app from the people who is just starting with crypto today for the very first time all the way to the people who have been heavily into crypto since day one and everyone in-between. This app reminds me of a local car dealers line. ""Shop us last you'll love us"". Due to how confident they are the best."
fb0db7b8e48edeca599a8dc3,Coinbase,google_play,I love the learning rewards
e0374199b19422c1edfa504b,Coinbase,google_play,I cannot update and I cannot get into my app.
56dba2fc9c64159dc138faa0,Coinbase,google_play,Earn some free money learning about crypto.
a59c5f7a1aa71d4eceb75d13,Coinbase,google_play,Coinbase is a great place to trade
0d222ed33d5c91a488de8912,Coinbase,google_play,still have a problem with buying on here they haven't fixed got fed up with it so I undownloaded it from my phone
ef8eb20db50e33788d0b6c67,Coinbase,google_play,coinbase app refuses to open and I can't access my crypto ... this is a bad app.
a4f8a56995fc4aebde01820f,Coinbase,google_play,Fast and efficient. simple very user friendly and got security that comes along with it. overall great!!!
8c5bbd9927ded4dd1fdc1dfc,Coinbase,google_play,Can I write a zero star? Used coinbase for 2 yrs fees were good no hassle then the last 3 times I put $ on there got completly screwed. 1st my fees go from under 1$ to almost 6 per transaction. Then they hold my $ for almost 12 days??? I made 3 deposits and wouldn't clear untill ALL CLEARED which means 7 days + 2day + another 2 days complete scam. What else do you pay for something and have to wait 12 days to recive what you paid for. I thought crypto was the cure for $ b.s. banks do. Nope
c7b419e03c4f45d45ac52e75,Coinbase,google_play,Great rewards and wallet choice
8285948d9ae9c11b44ecc650,Coinbase,google_play,love prograde showed me how resourceful coinbase is!
6047d35e0c602e83b3fdc982,Coinbase,google_play,"Been waiting over 3 hours trying to withdraw some of my investment. A hundred bucks. The profit from a sale. Doesn't have a problem taking the money, just giving me a pay out. DO NOT USE Edit. I just sat on hold for 6 hours and 27 minutes before the system closed itself out. Never got anyone and now have no idea where the money actually is."
0ba28b804f89b1d6dc1bfcdb,Coinbase,google_play,they close my account before I got fully subscibes
6a77af92e083650d4081cfe0,Coinbase,google_play,coinbase is a must for crypto very easy to use👍
1bd9b389c11ce63b96657e2f,Coinbase,google_play,love it
b99cb578188fab8947024874,Coinbase,google_play,Great app with decent rewards
170f76967407dffe700da6fd,Coinbase,google_play,Great way to learn about different types of coins and how they function
c026f69183d96e8e18fcf5a5,Coinbase,google_play,"If you are a multinational, you'll have problems using this app"
890b298764bd6aad26511c39,Coinbase,google_play,Very easy to use but somewhat pricey.
db4dba344724c32f183a293c,Coinbase,google_play,Best crypto app right here add your bags 🎒 up for the bull market 👍
0349583da4a0efb8d52b4488,Coinbase,app_store,"Coinbase make it impossible to close your account. If you’re not careful you’ll get stuck in a catch22 with small amounts of untradable assets that you can do nothing about, but which will prevent your account closure forever"
6595b464d9aa19472e0ef9d1,Coinbase,google_play,Instant cash transaction using Paynow in Singapore
4b2fe1961b712038dacf8b96,Coinbase,google_play,helping me learn about crypto and the risk / reward of the system . I'm still an infant but am eager to learn and this helps.
c0b991581786d5c0475fb1d9,Coinbase,google_play,best crypto app period
716f9bdf0dcde756c056e90d,Coinbase,google_play,easy to use
5025ff9f7b14c3a909a0fb9f,Coinbase,app_store,Since the last 24hours no transaction in or out not transfers to external wallets pending for 12 hours only to receive a message transfer unsuccessful resent again to external phantom wallet still has not arrived nearing up to 24hours and still no transfer of funds allowed absolutely shambollic all the new American user beware use a different exchange if you can
69a92fc281696f92dbf84f89,Coinbase,google_play,Great service
a8a8a05b941de6d16ef23b30,Coinbase,google_play,Great
1e0409f5e065161bb0b8d81f,Coinbase,google_play,This a very easy unique app to use
ac71c2395ef0cac8cffcee80,Coinbase,google_play,👍👍👍👍
b07d2c7e00fca6ada38a7099,Coinbase,google_play,ok
32be901e086962c8ea5073f6,Coinbase,google_play,I have been for years and never had to sell I finally had to pay a bill and they're charging me $168 to convert my crypto to cash. Robbery. Boring ugly app froze the only other time I was trying to take money out 2021
c8ce678762f12b9ef4cf7595,Coinbase,google_play,Very good app
aa426f9e58ac305bc36a4635,Coinbase,google_play,"easy to work, never experience any problems, very transparent"
6a24c3d6e348cec3185486c6,Coinbase,google_play,Good place to learn
0be8ad4d21eabde82a752040,Coinbase,google_play,"Environmental friendly, Not complicated, easy to understand... Better than what I thought."
26b7854ff6ae8e15909b85b1,Coinbase,google_play,Not working just getting a black screens all the time
8bdc4610458b3b6ac37e8b83,Coinbase,google_play,Immediately save on fees . Better support. Highly recommend
62af7b7b7894cbae08b00cec,Coinbase,google_play,Great!
92b03d0ca7452e247f4ea1db,Coinbase,google_play,The best wallet ever. Very professional and user friendly. I recommend it to all.
720baabd5865198c9f0ba4c8,Coinbase,google_play,Garbage coinbase one subscription scam
f3421a3c5c07d8da35a9874f,Coinbase,google_play,"App says wallwt is awailable in my country but in playsyore its not,cant make an acc"
6fb0f796a35858a6dc189e4d,Coinbase,app_store,"Unter dem Vorbehalt einer Sicherheit werden Transaktionen unnötig und teilweise bis zu 30 Tagen verzögert, wer nicht unnötig drauf warten will ist bei Coinbase nicht gut aufgehoben"
d49ceaf6de0c2a30ca89c60f,Coinbase,google_play,"Easy to navigate, trade, and learn about crypto."
856b0f9aa7be8ced576ec8ce,Coinbase,google_play,Good app.
db5aaf9ff610f45f22a137b4,Coinbase,google_play,it's very nice to have good
78283946a4ad5d90ee09c6bf,Coinbase,app_store,Tolle App
65475beafc58264e3d56a77b,Coinbase,app_store,Läuft wie beschrieben
5902d5c85756fecd15ce730b,Coinbase,google_play,Very user friendly and provides very detailed information
430387a1e5be0988343f05e4,Coinbase,google_play,Great up love it
7bb79599389f49f113385b72,Coinbase,google_play,won't work after june 20 update
33cac587f0f2df3abb383bb9,Coinbase,google_play,do not use if u deposit funds from ur bank they put a hold on it for 5 full days at the end of the 5th day u can transfer funds even if it bank cleared the funds the same or next day
6dec8143141b3fc7eb46ab82,Coinbase,google_play,it makes me happy.
21c22b5bdb4a5b6f4991e0ef,Coinbase,google_play,"My friend referred me, and it told us we would BOTH be getting $20 from the referral. Instead, I got $10, and after waiting 4 hours to speak with a representative, they ended the chat without solving my problem, let alone telling me they were ending it. Horrible service."
6672ec784617ed94528057d5,Coinbase,google_play,I always have to relink my account toy bank or carr to withdraw money...never to deposit. Hassle trying to get a person to help.
8ae908c7ae323f3a8015d1f1,Coinbase,google_play,It's been a great up until now. Whenever I log in it shows me everything but my balances. I have the current version and restarted my phone to no avail. Please fix this issue.
f766afa935391eadd37484d9,Coinbase,google_play,Great .it's the future
a11d921d99517df019ebc188,Coinbase,app_store,"Digga ich will einfach nur meine krypto übersicht sehen, aber die Seite in der App lädt einfanch oft nicht. Nerv."
e7153a09ee5440bb7594f005,Coinbase,google_play,They froze my Ability to sell a crypto that gained alot of value. They will let me buy it all day but when I go to sell even 0.01 it says I need to break it up into smaller amounts to get a fair price. I put in 10 dollars it went to 50 dollars and wont let me sell. I want my money I played the game and won now they are keeping my winnings from me. Wish I could add a photo of how dirty and petty coinbase is. They literally halted the sell of a crypto because its price jumped so drastically.
159fb7e8027f844a9e41514d,Coinbase,google_play,Confusing for beginner
9cbf31c5ca2ca94514ff2ced,Coinbase,google_play,My experience is always great. So simple to use for beginners. Equally easy for those with the knowledge of the market.
d69c0e372c296c1aa9fe1efd,Coinbase,google_play,I'm gambling my life savings
ff14472beb475f41a58ccae0,Coinbase,google_play,Easy
def79e18116125ca40fd223c,Coinbase,google_play,👍
a1e056c26a4a79cdd254825f,Coinbase,google_play,New to the app and experience but truly amazzzinggg!!!
c65a7ca374d905df4e65eb48,Coinbase,google_play,Always have something to learn or something new
ca8b68671125ec1a8fcff96d,Coinbase,google_play,Most secure exchange in crypto afaik
8547983935a93c44cc10d531,Coinbase,google_play,Very easy for beginners
5203f3fbc6108805fbdbc845,Coinbase,google_play,easy to use
c2a4a8f7b1c5aa1a7b94948e,Coinbase,app_store,"Top, zufrieden"
60fb9525d43c55ac0dc6b0bf,Coinbase,google_play,"So far, so good. The customer service has been greatly improved in the last few years."
b3607029bb1e8b20c75d2789,Coinbase,google_play,Quick
9788f682c97408de52701abf,Coinbase,app_store,Je n’ai reçu aucune récompense suite à un staking qui a duré plus de 10jours. C’est de l’arnaque ! J’ai juste perdu de l’argent rien d’autre ! Je suis très déçu !
f7f4d3188cf3bf3183addb87,Coinbase,google_play,🌟👍
bbd7645f9fc01140aa930cfa,Coinbase,google_play,1 star due to the annoying massive banner at the top taking up half the screen! Binance does it better
0e1adbcef76dd3628c6b28b7,Coinbase,google_play,excellent
b2b9d7f26e13492a3090a9c9,Coinbase,google_play,"terrible identity verification, tried 50 times with drivers license and passport and never worked, also have to pay to get the 3.5% Apr on cash"
03946fe04da0b2eb61217921,Coinbase,app_store,Buena
faf1a31a996d1a8567680ab4,Coinbase,google_play,so far it's great
55f3ded65dce7fe0454d2c2c,Coinbase,google_play,Very organized and they keep everything organized
1bfec7f735db093c7b283560,Coinbase,google_play,Easy to work with and pretty straightforward
db51127daf5bd289cc49b19b,Coinbase,google_play,It's quick and convenient with your transaction taking seconds to complete. There may be a small waiting period before the crypto you purchased can be used to trade again.
3063cdccab04d5c7116c47a7,Coinbase,google_play,Is this coin app used by ONLY those that reside in Europe? Damn it
e3b52eaf4fa52b74b294570c,Coinbase,google_play,why now not supported in my country? previously support
83d67bc893fda54677b858e9,Coinbase,google_play,I want this app Uninstalled now I don't like this app
a5e5866ea68120f61d3e5a36,Coinbase,google_play,Been a user for six years... would be better if spot purchases weren't ramped up 2% every time you buy. Doesn't matter if you pay the $30/mo membership either... you still get ripped off
3daab6457a15a0fd592b3422,Coinbase,google_play,"Works pretty good, once in a while it glitches and you have to delete app and reinstall"
6d6f288348aafdbfb8d92ea6,Coinbase,google_play,Remains 5* after ~4 years. Great job Coinbase
4deab64ea5eebd4ce6de4a1d,Coinbase,google_play,"Now, I can't send crypto until December 9,2024 and I'm a coin base one member."
c79860527aee5b0b15e2dc1f,Coinbase,google_play,All of sudden I can't add my assets to my coinbase card. When I go to the card option it's a blank screen. Please fix asap
c032d843e9dc2db77331ba63,Coinbase,google_play,"LEARN AND EARN 🤩🤑 As a complete newbie to anything crypto , I highly would recommend anyone to try this app . in 3 days I've increased my wealth an knowledge"
48c10d43e492071a2251c803,Coinbase,google_play,"Crypto, the future."
164314a31dbbdd935da8c5c8,Coinbase,google_play,good one
6f75b91d061e3f80764a8d8f,Coinbase,app_store,"Einzahlungen, Überweisungen, Auszahlungen haben einwandfrei geklappt. Für mich absolut vertrauenswürdig. Habe von meiner externen Wallet die Kryptos auf mein Coinbase Konto geschickt, am selben Tag an der Börse verkauft und Cash auf mein Konto zahlen lassen. 
Alles bestens."
92dc1137b0f1029b1666e658,Coinbase,google_play,"I'm having a problem viewing some of my assets, and withdrawing/depositing money. The app just keeps thinking and won't process my request. Error message says unable to process request. App update is current. Device Samsung galaxy S23 Ultra."
6736ac94650b23736f680663,Coinbase,google_play,lively hood and hookups are still possible but within more chances to be much more confident
b5e3fa552da96efd6aa5231a,Coinbase,google_play,easy peasy Japanese + bonus money!!!
42c46247c77ec8365b9d1d74,Coinbase,google_play,My favorite crypto app !!! No complaints!
1115b8436a0055a402ca71c9,Coinbase,google_play,good place to be at'.
0fd921eb467c394423f4234a,Coinbase,google_play,Easy to utilize and navigate
7cbe5841285f752b785ce993,Coinbase,google_play,"Very poor or non existent support. My account has been locked for months. Support just passes you onto an email address which is never acknowledged and never responded. Expect you crypto to randomly get locked and no way to get it unlocked. Essentially you have no way to sell what you have in your account so when you want to sell, you can't. It used to be good, I wouldn't recommend coinbase anymore. While I expect some level of security around crypto accounts, it's not worth using coinbase."
a91b98d447c2c42c985cb653,Coinbase,google_play,"It has been great for me as a beginner. I'm really glad it was recommended to me. I've been on other sites, and they were quite intimidating. I started with just coinbase and then moved to advance. The learn to earn portion is awesome, too. All in all, I really like the app"
52bf4055503e6b20c15b7633,Coinbase,google_play,Piss poor. Does not let you beyond asking if you know someone in Public office.
399dcc5afd109c8c732037b3,Coinbase,google_play,Amazing
28c8b653da7cc08e7e4a9c1b,Coinbase,google_play,yeah
4c9baeef537d14ad0827dc38,Coinbase,google_play,"Horrible, misleading app especially when it comes to staking. I purchased ada and it automatically stakes it unless you know to click on the automatically stake option off. so whether the market goes up or down you're stock for 20 days staked. but they failed to mention this on the app or website. they say you can unstake it anytime and it takes up to 2 days to finish un-staking. not once does it say 20 days but it does in fact take 20 days plus 5 days after pressing after unstake button"
4ac0026b4ae720705dcb6766,Coinbase,google_play,Quick and easy
fc25f48d356e1ef2b582fbad,Coinbase,app_store,Overall best!!!!
555692946ab6261888271dcb,Coinbase,google_play,Warning Before Use! You cannot get back your money!
a1d8abbadf93db88d49e18d7,Coinbase,google_play,Easy to use
663e2631b927ba7cf01bb537,Coinbase,google_play,Easy to use and understand!
2ca3a6fed52eab05cd0bd154,Coinbase,google_play,My account was hacked into and no help to get it back or tell me they cant get it back.
b63ed8f965be1f5d0908d77f,Coinbase,google_play,fantastic
cb859f8c705c022877a77eba,Coinbase,google_play,excellent!
1b63dc15c53f5d6c959c1353,Coinbase,google_play,Probably one of the best apps to trade crypto currency. Also the interface is very clean to navigate which is a plus. I highly recommend this app for trading and selling crypto it's deposit feature is a breeze to operate and withdrawal is almost instantly.
ccbd6608aa3185b49e4a6ec1,Coinbase,google_play,It was easy to use and simple to understand. I made a bad transaction and customer service was there to help me. They fixed everything right then and made sure the funds went to the right place
a5fd592ec665ada3e9a3c8c1,Coinbase,google_play,"I love this app. recently, they have stepped their game up big time. it appears the number of, and different types of assets, have multiplied since last year."
6be810bedfbe63c4690499bc,Coinbase,google_play,verification is too difficult
edc0310f1da23f507227d9d3,Coinbase,google_play,"Not a fan of the recent move to ""predictions markets"" (gambling). App used to be exactly what I was looking for, but now it's far more than I want or need."
84ad82d0b366f3e5186cc024,Coinbase,google_play,SLOW
266ca6c36b26f45301445121,Coinbase,google_play,The only crypto to reward u with stock
a25557cf529ae8fe4149ec26,Coinbase,google_play,"I edited my review & give 5 Star ⭐, thank you Coinbase support agent team members & Coinbase."
8ee4967bee37a1f5a87a466c,Coinbase,google_play,awesome
8d0ac6a3cd321f227973706d,Coinbase,google_play,flawless victory 🙌
e5170800372c70f2feb972b3,Coinbase,google_play,Notifies me about price changes no longer on my watch list.
f9a823a9a22f0c4c09934819,Coinbase,google_play,Corrupt company. They bottleneck transactions of competing chains to try and make you use their centralized base chain.
1af0b4e0c2fabdc8285522d0,Coinbase,app_store,"If you deposit your money, good luck getting it back - cash does not transfer out"
82ba8a9dd6fd0512d3e0e446,Coinbase,google_play,"Just started, seems easy enough to use"
b13fc40fb4977c21111357c7,Coinbase,google_play,"This app is actually very simple to use, I love it. (That's what she said) this app also let's you earn as you learn. Awesome app!"
f83ecc45937862d7aa2ff4c1,Coinbase,google_play,very easy for beginners
7df3b389b4b7032ae89c433b,Coinbase,google_play,Keep having my account restricted for trying to send funds to other exchanges. Also have the account locked so I can't even withdraw the money back into my bank account! So it's just sitting there doing nothing. Ridiculous.
284e33266b8a5e58b7e8341e,Coinbase,google_play,Useful service
0fdd88e4ef7df01753dba72e,Coinbase,google_play,Easy to use and highly recommended!
05df7c066342c91362cc2098,Coinbase,google_play,😎 awesome thank 👍
d3f55df1f798fad0f70eb92e,Coinbase,google_play,Trying to get intouch with you is impossible. Customer service is terrible.
e9d2525c0deb6f643ca1b3ae,Coinbase,google_play,Has been the best crypto app hands down that I have used to date!!
bb4e4b66a3da6635707879ef,Coinbase,google_play,love it
e42dc8dfd0e1b6df7b31b281,Coinbase,google_play,you are leading in your effort to provide these transactions and protect the user. thank you
8803224ea226ac69542550cc,Coinbase,google_play,easy to use
d8b04204d502ba8e946476c0,Coinbase,app_store,Correct mai je n’es jamais reçu les prime de parrainage !
c1cd9bf9e6263d8ba8a5661a,Coinbase,google_play,Like money right me too
7d0a9533787d722fe2edd7e3,Coinbase,google_play,the services provided met all what I need. I recommend everyone whole heartily to join coinbase for cryptocurrency investment.
89509c3f66aa46249192a12b,Coinbase,google_play,great and smooth experience
c0195a83a2e2f10d473796c9,Coinbase,google_play,As easy to use as a bank account! Highly recommended!
41dd28f3d4fbbded922a0669,Coinbase,google_play,Good
628535a5e6b96dcdb73cbea1,Coinbase,app_store,Monate um sich anzumelden und ja alles andere ist auch Käse. Gibt deutlich bessere Börsen. Hoffe die überleben nicht lang!!!!!
c2f07f3540a66d0f0c6759af,Coinbase,google_play,"easy transactions, safe, and I have been with Coinbase for years now."
8f410e0c49fd37bdd64d2643,Coinbase,google_play,Coinbase is the best crypto platform that I use for many years.
d38e353ab7d73edabaaae459,Coinbase,google_play,Since a couple months ago it has been very slow. it's really annoying
4bf305be5387f26066889a50,Coinbase,google_play,Very cool crypto app
abc73b69822e13830e128b31,Coinbase,google_play,"can be a little unstable at times, I also can be lol. Either way it is a good app to learn on, or at least it was for me when they did the learn and earn program. I use the app daily and it is nice to see the change in real time."
ba0283e0d094a1d68559d87e,Coinbase,google_play,Easy to use and understand trading platform . Would recommend to others wanting to get into crypto. Has material that keeps you updated on the market
3522749d976f7b9748c1638a,Coinbase,google_play,I have done everything that. needed to be done yet it is not open. I use techno spark 8. what else should I do to have access
b6801bbc5ac03aa2b38443c9,Coinbase,google_play,good
ffb699307723a3d9e4bcfd1a,Coinbase,google_play,Very efficient
e7462bee0111e3a4e71e2f8e,Coinbase,google_play,Love to set up love the UI there were some issues with the UI in the past but they are getting better. I like that they now have a take profit and a stop loss directly integrated into the limit buy orders.
56a99a29a5b1df82088e5133,Coinbase,google_play,It works most of the time. No app is perfect.
b280a33f42ec98b4b9e411c3,Coinbase,app_store,Das coinbase Widget funktioniert nicht mehr seit einiger Zeit
679ad2b1ccf261e66dc796ab,Coinbase,google_play,best app ever
eb310ff9b05c81477ec68bec,Coinbase,google_play,Not too difficult to learn. Trustworthy company. Almost 10 years together.
3e7fed0d7959f46547fdcaef,Coinbase,google_play,sign in sucks
268e370d1dc19c524e7d2462,Coinbase,google_play,you guys are one step ahead of the rust in technology thank you very much manual Sagovia.. 💰🚨
829158889bedbf942b8427d8,Coinbase,google_play,very safe
08834b01675aae802cc2fae2,Coinbase,google_play,I'm loving it 😍😍😍😍
7bf44895c5174f399bd3438d,Coinbase,google_play,😕 confused
b7b5520cbc1dd7882ca84366,Coinbase,google_play,"support agents are bad, take long to reply, are unable to help with issues"
53f7bc8af82ccaa9b8aad4cc,Coinbase,google_play,Barely functioning and very slow these days. A long way from what the app once was.
76b5c29423002161b705df11,Coinbase,google_play,Really think this app and the economy is going to continue making a large impact within the Milky Way Galaxy... Perhaps beyond the cash hungry world we live in and gruesomely taxed dollar a lot of us work for. We will soon become reliant on a single source or transactional method of bartering and trading. Consumers we will consume. Rather upset with this app at the time being
c0e50d240c783d490ac82328,Coinbase,google_play,Great simple app
0eb1041ebd5569f8d2af9e2a,Coinbase,google_play,so far so good
b85f77585b315b3c8dbcf484,Coinbase,google_play,Great platform. Good customer service
5fb33bae819818bd54f00365,Coinbase,google_play,"Coinbase app is not working anymore on my device RedMagic 9S Pro, was working but now it say it is not compatible with the device"
4c18a6f7bc5a594bdd9d0f83,Coinbase,google_play,dosnt work anymore
d01b96fee9983c7dd1a8772c,Coinbase,google_play,"With the latest update, I have been unable to access or view my Staked Ethereum. its been two weeks since I've had access. Called customer support and filed a complaint. Some assets show wrong value. Blockchain shows everything ok but this GUI isn't working."
ac397ebc2b6f2871d5480efb,Coinbase,google_play,Nice
24d9d622b9f094f964b3352c,Coinbase,google_play,very easy to understand
53e9e236831be8ecf3ede457,Coinbase,google_play,love crypto
7f1e3d2c542d3ef8a47f6187,Coinbase,google_play,"Nice to see custom alerts, but can't enter decimals which kind of ruins the feature depending on price of asset, some need decimals 😁"
dba4347c3b466d5c72d51ad6,Coinbase,google_play,Love it. Using it for 8 years and still love it.
4999f9108b35a64b7fe0d1a2,Coinbase,app_store,Très facile pour faire des achats avec coinbase
042ba49c64d712be38bffda8,Coinbase,app_store,Easy to understand and seems pretty safe
f83ce20f90734fcdc29cbc41,Coinbase,google_play,I want to recover my account but I can not open in this device my new phone is OPPO Reno 2z but I can't open why
eedd4726c56ea4d6a820fac2,Coinbase,google_play,scammer says they took my money
1dab84f4178c3aeb6c257733,Coinbase,app_store,Warte seit 9 Wochen auf Verifizierung. Exit Scam?
6bf099456005f3d7658a55c7,Coinbase,google_play,Great app
035e1eeb235882f2b314beab,Coinbase,google_play,good app
cad391b0a090818fbb75525d,Coinbase,google_play,"So far, this being the first time I have bought something like this."
976e6e39aa5eee75876244aa,Coinbase,google_play,very difficult to try to get through your setup because it never stays
b7da5acea640d56f91c8ed00,Coinbase,google_play,Awesome app.
5c7f136a60ce4894ce241a89,Coinbase,google_play,they fight for for us the big Banks work for themselves.
971b0f3a7e759290948c38e4,Coinbase,google_play,good
9dc1966b52618c4a9b2d3c82,Coinbase,google_play,Never received any of my awards for anything ive purchase crypto and everything idk mavy a scam
cec2025c33ef12071949eec6,Coinbase,google_play,Great
5a6cfeb86da2c6b979de15b5,Coinbase,google_play,Step by step for those who need layman's terms. Coinbase also gives you 3 ways to make your own crypto currency. Love this one!
6b0125313c72498a779c4377,Coinbase,google_play,"Can't add card because the verification doesn't work, nice garbage tech. Yes i know how to follow the instructions. Get capable devs maybe?"
1034f677da5dcac488ff2eb2,Coinbase,google_play,doesn't allow purchase of more than $30 a week even when connected to bank account
e628e81bbf0f23635d5cfabd,Coinbase,google_play,I'm an amateur who literally knows nothing of crypto but coin base makes it so easy and simple to use and it gives a summary of what the crypto is about make it super efficient to use and educational
707ffafe7392f8644617bcc0,Coinbase,google_play,easy
13b8f8664779e092e3076db5,Coinbase,google_play,Very easy to use
1481eeca34b52b877ec7402f,Coinbase,google_play,this is an awesome app with plenty of crypto to choose from and all sorts of ways to earn money and leverage your profits.
d0ad2af639cea3cc2362d16e,Coinbase,google_play,Great app!
43cbc199bec97270e6c080a6,Coinbase,google_play,"Very easy and engaging, it's fun to invest."
44bd7c4d7366f78132293dfb,Coinbase,google_play,Great user experience. Intuitive app is safe and easy to use. Zero trading fees with Coinbase One subscription. Worth the money if you're swing trading or or buying large amounts.
c4e4f5a37e9cd33b02017518,Coinbase,google_play,"slow as app, slower transactions, synau and give me my $20 referall been waiting for 5 months fn"
e555843e7ee3a8c7dc83baef,Coinbase,google_play,Great app
fba08e6a6706eefee5f0e76a,Coinbase,google_play,smooth and easy
ca51f52c437b90bfe61c0814,Coinbase,google_play,The app is very easy to use.
cba945c5ddb9b78e1a310300,Coinbase,google_play,Helps me learn about crypto
a935119597f22ec1a7fd740e,Coinbase,app_store,Ich wollte lediglich ein Konto eröffnen damit ich eine bitcoin Adresse habe aber nach über einer Woche in der Warteschlange war es mir zu blöd…
de93e60192c29a47f25c1193,Coinbase,google_play,excellent
2c1bcc19a7dc0f13fff2acec,Coinbase,google_play,Awesome thanks for the app
ad343b5f300db43f1f22ca80,Coinbase,google_play,Missing funds
5173202acde2aa8f3debbf2f,Coinbase,google_play,great 👍
4494695171ab8770d87fc6bf,Coinbase,google_play,Keeps you up to date with what is going on and easy to access
c3e04b3406710075a31695de,Coinbase,google_play,"Good like work from home, highly recommended"
d1accd633a10aa95e31ae963,Coinbase,google_play,very easy to work and managed your own money
82b25e2b8f374b12ce968aba,Coinbase,google_play,pretty easy to setup where a lot of the other option have been a bit convoluted
887e941805b3e66eb545d599,Coinbase,google_play,Always having to update the app is ridiculous 😕
c619ad58621e15b64609363e,Coinbase,google_play,"App won't open, stop working, and getting blue screen on Android 11."
95ea2e45e4578acd4be3aea6,Coinbase,google_play,Always a good experience to make a trade with crypto.
3963ac808ba3993d02a2d6fd,Coinbase,google_play,"very easy to use, high confidence"
f02ccf3bc45f6ad855652f35,Coinbase,google_play,"This dumb app won't let me sign in, and is not user friendly at all. Absolute trash."
10835271f5ee03b49185f847,Coinbase,google_play,"Long term ongoing bug within thd learning rewards module. When you click on a lesson, it brings you to an error screen with a picture frame and an eyeball and you cannot advance or back out of that page. You have to exit out of the app, clear the cache, and force quit it. Only then will it reopen properly. Been that way for months."
f5b610ce5ea8c05b193fab19,Coinbase,google_play,Very easy and friendly to use
be1dfe9a3c28f5d68a4d8d90,Coinbase,google_play,Earning money fast.
991a5046a5cd88a13b488dd7,Coinbase,google_play,Fast and simple
492728579cc5ff8719fdab9b,Coinbase,google_play,Easy to use fast transactions
0c167b32defc24fca82eaf36,Coinbase,google_play,"Exceptional service, low fees."
c073402841c0adf9e2df7bb6,Coinbase,google_play,excellent
6df70928ae468ed0c8ce00e5,Coinbase,google_play,Love this app!
4b47a3a9e661a3b30a914a7e,Coinbase,google_play,it's a good application
fbaf1cd9a48fe9ae7dbcef3c,Coinbase,google_play,This app will not let me down load it... It probably for the better.
83c82bb5223208197dee5f8c,Coinbase,google_play,"Great app, good security, learning opportunities"
5b2846f0debdeba4668cdbbc,Coinbase,google_play,It has very easy interface
caebbdb7a29fbc56bbc932b7,Coinbase,google_play,👍👍👍👍
4455dbdbedf25ecc2df31746,Coinbase,google_play,"Worst app. tried 3 bank statements, utility bills, nothing can cross the stupid POA. Like why is the address so important when the number and email match? It's like being stuck in a round robin hell. Shifting from binance was the biggest mistake."
8a946c58dbd869fd40fb7290,Coinbase,google_play,Very good and easy to use
e0b967190b2d0a4bc52b1220,Coinbase,google_play,great rading experience
c155ded880d88185b6949945,Coinbase,google_play,Love this app so helpful
f68e219cde7ce44a482ea45b,Coinbase,google_play,very user friendly
15462de3fdbac1c3afc84812,Coinbase,google_play,not compatible seriously?
e7aa812f9f017d9794c6c611,Coinbase,google_play,I love Coinbase. I'm a Coinbase One subscriber. One feature I would love to see implement it is automatic AI trading where you can set a certain amount of coins for AI to automatically trade by selling when it's high and buying when it's low for every individual coin that you own. would be a great feature. BTCC has something like that I would love to see it in coinbase.
765b1445355bfda9076a7b0a,Coinbase,google_play,"The app is slow, and they hold your transactions at times for up to a week if you go to move your crypto. Im over coinbase. It's given me way to may issues to want to keep using it. Use Joey Wallet instead 1000% better don't use coinbase."
c126061e9b9657832df13690,Coinbase,google_play,"This app is trash, they think your money no problem but withdrawing the money? Tremendously difficult, whomever recommends this app to you knows nothing of stocks. Highly don't recommend this app."
b6530791fdfa3f23cce45201,Coinbase,google_play,"1st time user, so far experience has been awesome. Have made several crypto purchases since posting about above initial purchase, amazing!!! Here it is several weeks later again since last comment & I am thoroughly please with Coinbase. So glad I took my friends advice to purchase crypto through Coinbase!"
8729600f9c5215d6f3911e0c,Coinbase,google_play,"I've been using, coin base, for a few years now. I'm completely satisfied. there is occasionally maintenance, but hasn't effected me in any way so far. keep up the good work."
312b11b7e93a1f24daa92658,Coinbase,google_play,smooth
1f28f4615eeefe2eebda773d,Coinbase,google_play,Great so far
58649b58ad6671fc863445fd,Coinbase,google_play,Amazing and easy to use App!!
e8aa72694742f22bc0a49327,Coinbase,google_play,recent update broke the app. after logging in I'm back to the window with promotion.
1a87bf3be56c9535362d1634,Coinbase,google_play,"It was great until I started trading. I could buy and transfer. And then I couldn't. I went through the process to verify myself, and still, I was restricted. So, I took my money elsewhere. Because apparently you are not a good company."
72e3691924a76d84196264e6,Coinbase,google_play,Advanced trading mode missing a lot of essential features. The update taking days is way to slow for the new orders.
77516a0d1551388ca2ef4c88,Coinbase,google_play,"Easy to trade coins, no issues."
c904ed60c311e6299cabbfb6,Coinbase,google_play,"I change my phone number When im log in after my user name and pass need my old number i dont have access to my old number anymore and i can not log in and i bought stucks already, I called counbase they didn't do anything"
7ec835c181165153e14ad2d8,Coinbase,google_play,Easy to use
423afeecd6e8067c208f5b72,Coinbase,google_play,"I have not been able to access my coinbase for over two years, from Nigeria. Do you have any thing against Nigerian? An app which segregate favours no one."
d84d672289ee71884d2615df,Coinbase,google_play,Great quick and easy love it
f0224815f649d4fa333a01a8,Coinbase,google_play,"Great stuff, thank you!"
65f397a8420a11b88e761424,Coinbase,google_play,"I like it very easy, first time. Late to the game. Platform seems easy to understand."
676d58651af5099dcfa563c9,Coinbase,google_play,So far it has been user friendly and very easy
bbc33b85de0ee69a69e57678,Coinbase,google_play,effective
c8412015a989ea2a16b8da6a,Coinbase,google_play,smooth app its the only exchange I use and trust
3af7ddb6009770fd56d1d0de,Coinbase,google_play,Good app for crypto and wallet
ddea8dafbfea25d1358efaf6,Coinbase,google_play,"I'm editing my review because Coinbase itself has been a great app. Their Prediction feature is what I have a problem with but they say its a 3rd party that handles that. I don't like how Noone takes responsibility for the errors it causes and differences in outcomes than what u agree to but Coinbase itself,supposedly, has never given me any issue. If they were to fix these issues and be more transparent I would have no problem giving them a 5 star review."
8854be02b2554a9cb1bc6fa4,Coinbase,app_store,Vico75
870141deef717ad8b9ecd2f1,Coinbase,google_play,"Expensive, but thank you for being secure"
93d2523888dd37deed9fae17,Coinbase,google_play,great app
b7f99e3a0104a91b87ec910e,Coinbase,google_play,Love it!
db6f0eec3eef8ffcd550eaeb,Coinbase,google_play,Far more intrusive than any other financial service I've ever used. Withdrew all my money and went elsewhere.
e6ced7fa6ecd6ad627f3e521,Coinbase,google_play,Very good.
691bb3e2d5939c878f0df644,Coinbase,google_play,Very intuitive and easy navigation
401c0620be02aab598fbce17,Coinbase,google_play,Would not let me enter my information. Not user friendly
cc4f7361d0152b3f06476c44,Coinbase,google_play,Right now everything from my Google app to Coinbase site is acting CRAZY
d6ece808ed3dad054d883e4f,Coinbase,app_store,Really recommend the app. Useful.
8c959dc1ba0fae3650535ed7,Coinbase,google_play,"Horrific! This is the worst company ever. Service is atrocious. Use ANY other company for your crypto needs. They are a joke and will bring nothing but frustration. I have had to get Better Business Bureau involved simply to access my account as they provide no service and take no responsibility for technical errors. Don't be fooled by the fact that they replied below...that help can only be accessed once you sign in so if you have a sign in issue, say goodbye to your coins."
1016256db95081106824defa,Coinbase,google_play,"They're a scam, I opened an account and bought crypto and as soon as my account started growing they needed to verify my identity. I humored them and jumped through the hoops and I still can't access my money and they don't have any human customer support."
0809e33ad6aa5b7b7e79f288,Coinbase,google_play,First fix your signup issue then operate in here
6db36a3d3509b54822690361,Coinbase,app_store,Stra
34e45ef7bb870c804641e62d,Coinbase,google_play,Hard setting uo
b8cad6571bdadd281943330a,Coinbase,google_play,Simple and secure!
1061841887ff00aba4ad4d48,Coinbase,google_play,quick and easy
6203b46af377b7ec15084d7a,Coinbase,google_play,Ever since I joined crypto I have been earning passive rewards everyone should try it
c11ce2cab1f01c57d3c20c9f,Coinbase,google_play,very good
047377dc23925d85cfbb6d01,Coinbase,app_store,Good trade platform
913a64c1d979cbaad75ba2f4,Coinbase,google_play,Like
8078085c86230027f9f87e63,Coinbase,google_play,Grrrrrrrrrrreat!
487800f2e72c5d30919bbe38,Coinbase,google_play,To the moon!!!!
77b522399d743c4d6c3149d2,Coinbase,google_play,"This is by far the worst app on the planet. The login fails, and the recovery to submit an ID does not work (tried 20 times so far) and the cherry on top: there is absolutely no customer support !!! I will highly NOT recommend it. P.s. I did follow the help page. The Coinbase help page is USELESS and does NOT address these issues. By the way, the link you posted below is broken (I tried with the actual link)"
2392ad18b9e4a0eb518ab94b,Coinbase,google_play,fast and furious
a6ca10ed97c3f30bf75bfef6,Coinbase,google_play,Really helps you understand alot of how to begin with all articles available and explained
bf29cec026c885cd3b7705bb,Coinbase,google_play,My initial reaction to Coinbase was negative. I had some questions and getting support was difficult. I have since been pleased with Coinbase and with the app as well.
2a0989ef80baf5e0a8d39a53,Coinbase,google_play,It started asking for too much of my info am not comfortable plus why is there not an explore the app button it has also refused with my account why does it log in at the website and have the app I don't understand
3ecb2eb24d48109a08d368c0,Coinbase,google_play,mandatory updates are gross
ece39da75434fa5c26b4faee,Coinbase,google_play,Slow. Sometimes go blank
eda279a6b34a78a38f00b86f,Coinbase,google_play,excellent
672877719c942af265530b12,Coinbase,google_play,Awesome
5de93fecaf74bcd7f3442053,Coinbase,google_play,really good app too use for Coinbase and earn money and learn about cryptocurrency.
ef76a739b2c44cdad09bd9fe,Coinbase,google_play,Great app
42dabb8694a16af089fd27a8,Coinbase,google_play,"Great app, super easy to use — everyone should use it!"
2775bc47b9b89424616ea021,Coinbase,google_play,"flawless, couldn't be any easier"
5c57cf183f5f3314621e2ae4,Coinbase,google_play,A1 service all around! why can't I open this app now?
35400e3608166ffeb90236c2,Coinbase,google_play,Coinbase has been extremely patient and helpful tonight trying to get all of the info they need for me to create an account only to find out my id is expired 😭 thank you for your further patience as I will have to get new id tomorrow 😕
2b321b489d3a76bc08ca5c07,Coinbase,google_play,why are you asking me again for identification? I already provided it! How many times do I need to identify! if you keep doing this I will move my assets to a different provider of Crypto!
15147c93a6b2feb6d46b8437,Coinbase,google_play,bad
a62d5858bb81e7ab571e011f,Coinbase,google_play,very smooth experience
9857a54d0d7dfbc4222a04b2,Coinbase,google_play,The best
5d0385425c0c629019bf946e,Coinbase,google_play,love it
ba5ea50b856c2aa54313e5d2,Coinbase,app_store,"Awful, fails most of my transactions unless on certain coins or certain cryptos, just asked me to verify id and then has locked the account for 24 hours… hasn’t told me why just told me will refresh automatically. Deleting and never using Coinbase ever again after having it downloaded for years and years!"
ff15e145a6b156673b5e4314,Coinbase,app_store,Application facile d’utilisation pour un débutant 👍
72f78da17bb5a3151acb25c2,Coinbase,google_play,great
727b47704b0ac00da2a2861d,Coinbase,app_store,Ça fais plus de 5 ans que je l’utilise rien à re dire
61a16a34282a77b752d8b66d,Coinbase,google_play,I like the whole platform in general and find it simple to use. Trades execute fairly fast and mobile app is solid. Ok
145ef42888d142badb4d4d48,Coinbase,google_play,"Having a 1% - 6% spread that the platform gets to keep in addition to fees, a spread that you have to work to review through timestamps because they don't itemize what amounts to a rather large hidden fee, means the platform profits more than the consumer at all times."
822a4bf9b4c68aa888f22727,Coinbase,google_play,Great app
bbf739f993a17ac2600c9635,Coinbase,google_play,Love it
ded379f70757d60ccf3c6ccf,Coinbase,google_play,Exelent
03869a00adfa2e5e14619d2f,Coinbase,google_play,Slow loading times impossible to upload docs pics closing services llike trading accounts
f9f17b2c4d9e66f0b6fa3cf1,Coinbase,google_play,app is good buy been getting alot of scam emails claiming to be from coinbase but have funny email adresses this all seems to be new my only complaint is i cant seem to figure out how to contact customer service
787bd41fa5a325d74179f0b9,Coinbase,google_play,Prefer using my browser not a forced app
8de99b71e33591f31d8cb90b,Coinbase,google_play,trusted app
084223794c3f29b44c34b9df,Coinbase,google_play,Wow Love this app.
a586cd94b5ffff20c2a8bcc2,Coinbase,google_play,2- step verification does not work in the app. Not accepts a pic of the back of the card. Your system is hacked.
4906ff58a87c9f39a194af5a,Coinbase,app_store,When I want to change my phone number to a new one to be able to cash out my funds I can’t cus it’s asking to verify with my old one
92704ba25b9b866ca5666669,Coinbase,google_play,Awesome experience also trustworthy
9bf1329ff8d6629350e1333b,Coinbase,google_play,easy to navigate and safe!
fa2744acf4b5af19aa894fd7,Coinbase,app_store,🙏
5b2074085dbc47d2199917af,Coinbase,google_play,"easy to use..safe, great way to get started in Crypto."
c8302c338ed80f471a55ab1e,Coinbase,google_play,Fast and low fees
9d1fcdb281b63a67829e70cf,Coinbase,google_play,so far so good.
ac448a0bcebda983bfd42029,Coinbase,google_play,Very nice thank you. Thanks for letting me be a part of your program.
470927d602149074c4109f02,Coinbase,google_play,OKAY 👌🏽
63adcefc6a9e9851736e80f8,Coinbase,google_play,Awesome 👌
716748894576f7b6cb409dce,Coinbase,google_play,It's a reliable platform to trade in bitcoin.
0419ae12eddf55f9543f6e16,Coinbase,google_play,I don't know what happened recently with the app but I can't see any money figures at all.... everything is blocked out with ’*******’ PLEASE HELPPPPPPP! I'M VERY FRUSTRATED I CAN'T EVEN SEE HOW MY ASSETS ARE DOING.... FOR ALL I KNOW THE CRYPTO IN MY PORTFOLIO WENT THRU THE ROOF AND THERES NOTHING I CAN DO BECAUSE I CANT SEE THE VALUES!!
1289fd881ae752dfccaffc94,Coinbase,google_play,Found this app to be pretty good so far. it's better to have the upgraded account as the fees can be high sometimes. overall user interface is good.
48a4d1760da10c190ccda5c2,Coinbase,google_play,Awesome in and out
e4308e7add2d1a005fcdc432,Coinbase,google_play,"no complaints, no issues"
87d77e1872a4643992eaa668,Coinbase,google_play,Need to get back to my phone number and start over
ade4fff03d5c7dd848472b36,Coinbase,google_play,"If you are trading trading the main hard hitters, don't use coinbase. The fees are outrageous. And they try to sell you the $299/month fee to ""save"" you the fees."
e2328dbe5991e7288f8aa211,Coinbase,google_play,Love it
dc36a8303db0c8a720add8fb,Coinbase,google_play,"good platform, with good information."
9b86d99180a0814378d0a2f2,Coinbase,google_play,"⚠️BTC CLOUD SCAM⚠️ DON'T USE THIS APP! AFTER NOT EVEN 10 MINUTES I CAN VERIFY THIS APP IS A COMPLETE SCAM!, DON'T INSTALL IT OR USE IT! THEIR ARE MUCH BETTER AND LEGIT BITCOIN APPS! READ THE 1 STAR REVIEWS AND YOU WILL SEE COINBASE IS A FRAUDULENT SCAM!"
6394d5a171fbc8c3adc69139,Coinbase,google_play,Nice
22787e06ee2023b0db7f83a2,Coinbase,app_store,I want to close my account and withdraw funds which is proving impossible!
f3d1e8f3899b138d8abbde7a,Coinbase,google_play,Very good
22bf8ca2c8184f79ad3f6e84,Coinbase,google_play,great app to start crypto trading.
ef4f72087b672acccb07c484,Coinbase,google_play,I've been using Coinbase for years and I love it. unfortunately I just lost all my numbers in the app and the latest update didn't help.
5fdd61d01767ecefda889d24,Coinbase,google_play,It's great. I can't complain.
c7dadf838717b0b446ed3bbc,Coinbase,google_play,my experience the most trusted
93f33b1f991fd3d44df219a3,Coinbase,google_play,It's great you can earn while u invest or take quizzes after reading about the block chains and how they work
47a8d1817a0538aba27125ae,Coinbase,google_play,"Very poor customer service, They have locked my account for 30 days and will not explain why. They said my only option was to cash everything in and move it to a different platform."
f3fa731da0c2a9a6c24905c3,Coinbase,google_play,"ITS A SCAM!!! Having been a coinbase member for over half a decade. I'm still thoroughly disappointed in the app s till. first account got hacked they did nothing about it except locked it down from me and never recovered it ...second account they won't let me buy anything, trade anything or move anything... you give it the 3 days you go to move money and they say your account is under review again! they call this an exchange. you can put money in you just can't take it out ..."
9debd77dea2d86f4a12f4211,Coinbase,google_play,great experience
14b72533edb2b6a30cbe7919,Coinbase,google_play,"Very good app, i love using this app!"
b1ebbd476da482ff8d998dfc,Coinbase,google_play,very easy to navigate.
c8102a0ec0eb6bddcccffe7a,Coinbase,google_play,Used to be my go to place when it comes to sending crypto but now they take forever to verify especially when you don't use your account as often. I will try and continue til I can't no more if nothing changes
0ce9ee16974526996ea9d718,Coinbase,google_play,Great platform for crypto
949eda9ee66612527de8060d,Coinbase,google_play,Fairy easy to use.
12ff1d6a52ded80c324d68b0,Coinbase,google_play,"I love that coinbase has so many options to earn while you learn. For newbies and beginners I'd say, go with coinbase."
66561b89fa8e6050abd5770b,Coinbase,google_play,looks promising
6887b12ac94d6bf04b4cb1ae,Coinbase,google_play,Most ever best exchangers
a5033ac6ade07239ae2e3ac9,Coinbase,google_play,"POS software, extreme glitchy, as well as on laptop platform. I dont know why it has such high rating? be prepare for this pos to ask you to relink bank account for 1000 times."
b45670aa657ce85806fd45da,Coinbase,google_play,amazing experience with coinbase
9473acaafe845c2dfc66e90c,Coinbase,google_play,Excellent
5d228f10b392c1e0645d33f3,Coinbase,google_play,Good app
5ae3ac8c9f26fcf248aa6647,Coinbase,google_play,Love the platform's simplicity !
f685164fa20f2f6f6ffc77cd,Coinbase,google_play,Works straightforward so far.
f2c310026221ee2d3823ea1d,Coinbase,google_play,Easiest to use by far. Very secure. Used for about a year and a half. I'm just doing here and there and have enjoyed 98%
406c1907ba0f3d28161f16a7,Coinbase,app_store,"As of the last update 2 Days ago , the App opens , but remains frozen showing just the initial Main screen without option to move or click on anything. I know, try to uninstall and reinstall etc etc,but no success, still stuck as well as that should not be a common solution for an app tied to that type off moneyflow."
74a9adec8ebfee7306cb29da,Coinbase,app_store,Thank you Coinbase
7ed6fe45333ae7d84d8bc914,Coinbase,google_play,great trading platform
0f4f8f09eeaca7c4049dadf5,Coinbase,google_play,Good old Canadian approved trustworthy crypto and fiat exchange
09df1209fdc4036836db24bd,Coinbase,google_play,Easy to get my feet wet
fb4ffbfcfabf2e3e6c56fc58,Coinbase,google_play,I feel comfortable that the update is progressing smoothing.
6e5c3eafb3a69d9ee1a9f557,Coinbase,google_play,"2022: Coinbase is not performing. The app is performing thru a browser on desktop mode w/constant lagging and crashing. It takes forever to load! They need to redesign a secured app for better results because it's really frustrating and annoying! Today is 10/24/2024, this is the worse app on the planet ‼️NO improvements, just a waist! Trouble updating and editing personal information. App kicks you out and you're logging in back and forth. Definitely looking elsewhere!"
354787ed4c47e7fc270b8c83,Coinbase,google_play,epic app
17ebf2e1bc1a72e342b83352,Coinbase,google_play,Very easy to use plus it has the crypto currency i was looking for and much more. Highly recommend and withdrawing money is not a hassle like other investment apps.
54bf8d50361c2519395b1e90,Coinbase,google_play,Coinbase makes it easy to use crypto and they also educate you about crypto. Great Company!
6dc6a36547c9ab84cd88931a,Coinbase,google_play,Help.
a1e2d04e6586413c9bbeab26,Coinbase,google_play,Very detailed and quick onetime quotes and paid benefits. They cost a bit in fees unless you pay subscription then they are cheaper to trade.
74b4e1a887fa810d1ff98c77,Coinbase,google_play,"so many problems. 😡 when called customer support, the audio told me wait time was 4 hours! not even half good service. i hope CoinBase dies. i switched to Kraken."
fd11eeba10b8b3b45ac4ea14,Coinbase,app_store,Easy to use
8b4230c5532014bd8b5ec4aa,Coinbase,google_play,Good
2618ecd98fa2f6310806d0ac,Coinbase,google_play,Easy to use and great analytics
2706f305972e47b7ec35258d,Coinbase,google_play,Great crypto app for beginners
e94d94809f0d6998486d30e6,Coinbase,google_play,"Terrible app, hardly any coins available in my region or to me for whatever reason."
ff6f0787907bfe448d1bd000,Coinbase,google_play,"I can't access my account on coinbase, it showing connection error while my Internet connection is working perfectly. Why I'm I having this issue? I hope I get a feedback to help solve the issue"
14910e4fbad6ba66dd8e8921,Coinbase,google_play,"I highly recommend Coinbase to everyone I can! It's by far the easiest and my favorite way to buy, sell, stake, and transfer crypto currency. It is easy to withdraw your money, and you can do it instantly with most banks or in 2 - 3 days. If you've staked money in certain currencies, then it could take up to 13 days to unstake. Once it's unstaked, you'll then be able to initiate the withdrawal or transfer."
7bb7e2b75bbc99c29349f81c,Coinbase,google_play,Class
f04e72f1adbd86851fdba7ef,Coinbase,google_play,"شنادی کارڈ ویریفکیشن اردو میں ایکسیپٹ نہیں کرتا یہ فضول ایپلیکیشن ہے This useless application does not even know how to read it This is .....(), only English understands This exchange does not accept the ID card to Josh Country, which is not in English, in another language, then remove the name of the country from your exchange"
84bc2e9aa0d21d5dbe9d39d5,Coinbase,google_play,really happy we can buy stocks now
cbd9484c08d764da91994273,Coinbase,google_play,Excellent App. Get some coins 🪙🪙🪙
f779d24ebca1d5988922ca7d,Coinbase,google_play,good app in investment just they charge too much when you by crypto when othe app you can buy crypto on charge a lot less
83844d1ded220fd4e1ae62e2,Coinbase,google_play,takes too long to make transactions. other Bitcoin apps are better.
6162529eedfc057116c073b1,Coinbase,google_play,This app is Great.. The learn an Earn is the Best Bar None!
eae297c9a0622673feba0b66,Coinbase,google_play,Very easy to use and maneuver around. Awesome app. I totally trust this app compared to others.
b693766250c068550a9dbcf4,Coinbase,google_play,so far so good
9cd054cd86270b8807b5d82c,Coinbase,google_play,"Coinbase has made it uber easy to transition from beginner to novice with its straightforward approach, easy to read, and understanding instructions. I give it a 5 star as I've never had issues! thanks!"
3d788896e6c4ffb9ef35beac,Coinbase,google_play,cool
f08e29015d0ca1bab9fd02ae,Coinbase,google_play,made it easy for me to get into crypto thank u
dc1b93c8673467a5ec920554,Coinbase,google_play,It's great so far
10dd9b8f9cef0d0043694fe1,Coinbase,google_play,Everything is good
e5dd1e621252be7ff03da7a4,Coinbase,google_play,"the login page is buggy. I set up a fingerprint passkey for convenience and now i can't get into the app. now, whenever i login it goes on a loop, sending me back onto the login screen."
a94f1d8354ebe44d3df4802c,Coinbase,google_play,Very bad app I wasted my data downloading it 😔
c7307672a6bac5524a8272ef,Coinbase,google_play,Very easy to use
36e1264980abeafd261d0657,Coinbase,app_store,Scam!!!! I’ve had a balance in my web3 wallet for over a year now! It’s taken this long (and still trying!) to withdraw this. I’ve spoken to the customer support to be told the same things to resolve my problem but it never happens. Coinbase have no right holding my money! I will not recommend them to anyone. People stay away!!!! You will loose your funds please don’t use these scam artists! I’ve contacted my solicitor for further advice on how to get them closed down! I will be see you in court!
1408ca0a72bf5e6c222ff9aa,Coinbase,google_play,pretty cool app. only prob is that after 10 seconds or so it works very slow.
a11ed22d7c84d8e38b1e285e,Coinbase,google_play,"Used this to buy $500 of usdc through PayPal so I could place a bet on polymarket. the transaction cleared in PayPal two days ago but they still won't let me use the funds other than to trade inside coinbase. customer service is a totally useless chat bot. I guess I'll just deposit it back once it clears and they will have stolen their service fee from me. edit: as already mentioned, i already reached out to support and they were completely useless / a bot. this is theft."
9945a6bc88fa0db95432ed25,Coinbase,google_play,Great experience
cd097849c3feaee80debe1c5,Coinbase,google_play,very well and organized app
05f19334d5ce31330df648a4,Coinbase,google_play,"scambase is holding $4.56 of my money and wont allow me to get it back, this should be illegal and currently taking legal action just to get my $4.56 back."
02f374fcea86d6ffc0f785fd,Coinbase,google_play,Safe place to buy crypto. The crypto earned from using the credit card is great!
6dbed241f5965001454661ba,Coinbase,google_play,"I think this app is very easy to use and a good place to invest your money, no disappointment for me this is can't complain."
55af982e2d08470d9e62a821,Coinbase,google_play,very hard to negotiate
5b87db095be1f86bb2284429,Coinbase,google_play,"Change in account function without notice after 2 years and zero issues. One week I'm able to purchase crypto and IMMEDIATELY move it or pay people. Now there's a one week hold on my money. As soon as I can withdraw my funds I'm closing my account and finding another service. I did not choose Coinbase for low fees or new member benefits, but for the ability to move my money quickly and without issue."
b26265c47533cd54abae9a3f,Coinbase,google_play,"Fast, Network fee was typical. Waited barely 2mins before transaction was completed. Overall happy, thanks 😃"
f69b42d54cf8debc9605c353,Coinbase,google_play,Thank you for the option this is the best it's like night and day it's the best 🙂😃🙏 thank you
e16485b3aaf354137f7abbd1,Coinbase,google_play,"Absolutely abysmal customer service - this applies to both the live chat as well as the communication through their e-mail contact form. The live chat is 4+ hours of waiting and after you tell them your issue they just copy the standard ""solutions"" from their help website and leave the chat (This happened to me twice). The help I got through the E-mail contact form was a little better but they also closed my ticket before the issue was resolved. I have been locked out of my account since 2021."
a3c66f7a260f191c0098090d,Coinbase,google_play,awesome app
c664218c5a5442fb3c3f2cf6,Coinbase,google_play,Takes forever to load anything in this app. Can't even trigger a sell order immediately.
9c43a63d0eb1ef1ed477410b,Coinbase,google_play,easy to invest. love the id tests. crypto feels safe locked away staked.
618030cbef2d11a16496d63f,Coinbase,google_play,Learnings are a great way to further understand this market.
7e284b77391fbdc259e18a49,Coinbase,google_play,bad
da99e999c7cb28623e891581,Coinbase,google_play,"I bought BCH with my EUR balance. The transaction got stuck as ""pending"" for almost 24 hours already and didn't get no crypto and no money. All the support you get is a stupid AI bot chat. You can't actually contact anybody. This is very frustrating. Avoid this app, get your assets somewhere else."
05a6797cbb086e9f429e97bb,Coinbase,google_play,"please what's going on, I can't open this app since morning, and I am afraid to lose my money 😢 😫 please do something on it"
24defa4548f114cf9ca1a2b1,Coinbase,google_play,It was EASY
45cd23725e51f188e24fd75c,Coinbase,google_play,Appreciated.
56fc079466554aea3bb99796,Coinbase,google_play,why the app is not compatible with android 14 😒😒
ba027fc65e6ebcd14d93032b,Coinbase,google_play,great
27c8712e6b008748ddeea4a6,Coinbase,google_play,I transferred sats from my coin base to my zbd account the coin base displayed pending for a long while I waited but the transaction never showed up to my zbd account will change this review when this issue is resolved
39d2fb4f9751640b40998378,Coinbase,google_play,"great for onboarding. I still worry they could halt trading like what happened with Gamestop, but as far as custodial wallets go, I haven't had any complaints or security issues."
dad7e8b5d48420eba668cf35,Coinbase,google_play,Easy to use.
639d983f5f6482c51d06d6e6,Coinbase,google_play,"Recommended to me by my son, who is very much into crypto, and he is a computer engineer."
204c8a44a1685ac9fead4912,Coinbase,google_play,"Alittle complicated, but finally got it set up"
928c0a0031a4c2ad528800fc,Coinbase,google_play,I'm a novice n it's worked out well so far
659fb2b0e1e3ed7e81b1edc9,Coinbase,google_play,been offline a while. cant get back into my account. keeps trying to send code to a dead phone number. used the email and it keeps repeating. sign in use email code and then it tells me to use code again. try multiple times.
2a1b3dfb5451c84fcb79f8c2,Coinbase,google_play,very safe
063a4a4913ef2f47c915171a,Coinbase,google_play,"I've had a few problems, they were takin care of , the app is good"
630899a9c63502cb5eace7f8,Coinbase,google_play,For some strange reason this app no longer works! The only way I can access my info is via the desktop site!
33cb043f43d727b522b57cfb,Coinbase,google_play,Very good 👍
b90c4289427268546b4f20f3,Coinbase,google_play,easy and simple to use. straight forward
51cb51ed15e5360c7ada081b,Coinbase,google_play,"Terrible. I signed up , took all my personal details and I haven't been able to log in since setting up!! No customer service, reinstalled app, updated. Nothing"
be28b859935bbf892fe5039c,Coinbase,google_play,I find Coinbase a very safe and secure exchange for trading.
c65cb823b5d23b2dcfd054be,Coinbase,google_play,The process rate is a little bit high.
4b0b848d082948ec96983706,Coinbase,google_play,I'm new at this but I really like it.
77686bacb74e760f21337c65,Coinbase,google_play,always fast always helpful
c1c83d250e2cf8c326159a31,Coinbase,google_play,Getting logged off for no reason is more than annpying
e061c20f0b361cb2f65fc71d,Coinbase,google_play,Do not use coinbase to trade crypto. They gatekeep your money and put holds on it for to long. I bought BTC to trade and then found out I have to wait a week. I've now lost $120 in value due to this clown of a app holding it still.
a4f4d6cb8cae4a67a923d78a,Coinbase,google_play,easy to do
f889ca5a2677758c284933d1,Coinbase,google_play,great!
120c29015a0665472dfe18ad,Coinbase,google_play,Great app to buy many crypto coins. Especially my favorite XRP.
2ccc22c7553c5677cd7d3caa,Coinbase,google_play,love coinbase works great. been using coinbase 1 for couple years and use the card to do most of my buying. the easy use of the app makes doing everything seamless
fd693f616e28758af801480b,Coinbase,google_play,Absolute worst possible app to use. Can't even process a transfer without going through about 9 steps and then watching it fail for an unspecified error. Call support? the automated system just drops your call.
22fca815e54e07ba629136c0,Coinbase,google_play,The Best.
d3377f90a50294631ce4730e,Coinbase,google_play,Ok
ed4b6abbd5bf4503a6c848b3,Coinbase,google_play,Dysfunctional KYC. Fails to recognizable legit documentation. I am tired of sending 8 million docs to companies and do their job. Plus it is publicly listed US C corp which makes it abusive by nature. 1 star and move on to a company which is functional (binance!)
4f0c7106dd94bfe069aca2f2,Coinbase,google_play,Lots of fees and coinbase makes doing taxes a nightmare
055e43a7855cd3003e192e03,Coinbase,google_play,"I've been with coinbase since 2020 ,it only keeps getting better !!!! great app! great company 👌 rarely have had issues !!!!"
1049d4f5246d0bddd4a7038f,Coinbase,google_play,everything was ok until a bad actor(thief) was allowed on your site.
0e1dd0dff3c9fb9184c098b4,Coinbase,google_play,"Works great, easy to understand and use."
070bbf2d38a3c1f9a7fb97f4,Coinbase,google_play,good
84eea78f28efdf5de5a4d7fd,Coinbase,google_play,"I hate EVERYTHING CRYPTO! I lost over $55,000.00 in scam in 2023. No one will or can help. Now it looks like I may have to pay taxes on transactions within the crypto world, but I HAVE NOT GAINED ONE CENT!"
b748df0f39967d81ea1dbad2,Coinbase,google_play,"Having used Coinbase for quite some time, I can confidently say it’s one of the most user-friendly and secure platforms for buying, selling, and storing cryptocurrency. Transactions are seamless, and the staking rewards offer an excellent way to earn passive income. Plus, the learning feature is a brilliant addition—it's an engaging way to expand your knowledge while earning rewards. I wholeheartedly recommend Coinbase to anyone looking to dive into cryptocurrency!"
0cc1c7d518c0504e9e788fce,Coinbase,google_play,Great
370f72796cf71a7fafcb9fd3,Coinbase,google_play,nice app bi
e10df3ceef433fd4af009e90,Coinbase,google_play,Please i dont know if coinbase app no longer support nigeria network
2a5cb61a08de4797a48513df,Coinbase,google_play,easy to use
d0165a5cde7d9e5f95542b3d,Coinbase,google_play,"been using COINBASE for years! it's great, especially for anyone just learning about crypto!!"
25423c9b642020ce93ae22b1,Coinbase,google_play,easy to navigate
571969f52d8ae77ce29ccc7e,Coinbase,google_play,Great app
f4b2432655a098374d5136d0,Coinbase,google_play,This app is fantastic but it's lame how yall not trying to let me buy any crypto right now :(
91b4208d647a6a4091079a0a,Coinbase,app_store,Super content
eeacf21eae1db966557ff747,Coinbase,google_play,awesome experience love the app
1930ccc2f1c8117dc7ca54af,Coinbase,google_play,love it
9ffb5985e7524633e2a5915a,Coinbase,google_play,Love how good it makes it all flow!
613057ab34df00a0883f3e4d,Coinbase,google_play,This damn app gets slower/ lagging with every update!! It almost seems intentional!
e4ee5f4e4edb1d9f286437d5,Coinbase,google_play,no support
41ff75f99e795f88bf038d60,Coinbase,google_play,fast and easy.
73fd6a46be503826f8d1a512,Coinbase,google_play,👌A plus super efficient and understandable interface great for a new investor like myself.
d0378080f0b76636892727f7,Coinbase,app_store,"This App must be retired and Coinbase should redesign a new app that works 100% with no glitches, even when the buying / selling is slow. Charts freeze when switching timeframes, price doesn’t update and app must be closed or tapped to home or other menu for it to refresh. 

With all the cash they collect from trading fees they should have enough to write an app like Kraken, with a trading ladder for example."
a47b28a88e36256572bea42f,Coinbase,google_play,Good
432bf4eb6175fa724bdc79a1,Coinbase,google_play,Works great!
3aa90a8f0a48496809bd6907,Coinbase,google_play,the app is poor design and slow. if your ever in a hurry. don't rely on this.
fab9c5b3ad72458b03bbf269,Coinbase,google_play,Works no problems. Security is great
0fe4a3354b6f23caf13005d8,Coinbase,google_play,"Easy to use and perfect for entry level traders, dyor there are always new projects and old ones that can change your life"
4beb254c60ae5a0d48558890,Coinbase,google_play,excellent app
429796cdeb3a35026bb097e0,Coinbase,google_play,Easiest way to buy crypto as a beginner. Best intro app to crypt although I always thought Digital Assets or something like that would be a better name.
f900ba30aa5785a8f4da82ee,Coinbase,google_play,easy peasy
c7934e9350e3d874ae1cb834,Coinbase,google_play,I was sent a code I couldn't find it so unable to join
4e680c0d54c1bf9b1156c6d6,Coinbase,google_play,"passkey completely ruined my experience. App used to work great , not now"
b8653971370aeba95c599009,Coinbase,google_play,Can no longer stake or unstake my assets. What is happening? Support says no longer available to GB customers. What's going to happen to my staked assets?
5ce0e13279387d2b4b453323,Coinbase,google_play,It is great and easy to use!!
62c6b3aebc2ec04bc02b1649,Coinbase,google_play,I love coinbase
542313c5da87ad55c95140de,Coinbase,google_play,"The app works great most of the time, but when I've had issues with some bug or other issue, support has been helpful."
2ed09b4afc6174affb3680fc,Coinbase,google_play,Coinbase is my favorite crypto only app. It's pleasure doing business with you.
3d18b1f29586ef9e99929c23,Coinbase,google_play,Keep up with emails and updates and it's an amazing app
f299e7dee9d2a8e315814d7b,Coinbase,google_play,A great app for trading Bitcoin for stages novice intermediate and advanced
3a82b49b8773ead44a414193,Coinbase,google_play,This app is absolutely atrocious from the hundreds of times that it advertises the app all the way until I get fed up with the fact that I will never play with intangible money so they are definitely wasting their time I will be uninstalling the app.
79e37e82626d2b28df4a8ddf,Coinbase,google_play,very easy to use
3769840c4d34f97be027a5fd,Coinbase,google_play,awesome
677381dd7c6059eaafd83900,Coinbase,google_play,smooth without delays or hiccups.
245153f736de94eaccfd8479,Coinbase,google_play,been good
674399d9deb03d67de5402b4,Coinbase,google_play,completed trade in 4 min effortlessly
0c71ae37dffafc1cd08e9016,Coinbase,google_play,Great 👍
03dddc775af035db64ffd339,Coinbase,google_play,Worst app ever
8dc039edaa5687d996602e36,Coinbase,google_play,"after updating, it is very difficult to get access to my account."
f203e00e240b2411c80187f8,Coinbase,google_play,Works good and fast!
427dde226a801f9837de453f,Coinbase,google_play,Wonderful crypto app.
8a6769085aa72b12be341daf,Coinbase,app_store,Benutze ich schon seit mehr Als 6 Jahren:)
b74809701bbc2137212542ad,Coinbase,google_play,fair and easy to read. made a bit of money before bit coin dropped in value but it will go back up it always does...
66a65c9d8c1d8c4aebdfa55f,Coinbase,google_play,why is it too hard to recover? already sent id photos plus selfie. I just don't have my phn no active right now* I can't get sms verification.
afc9a5410e247c2d7d074d8b,Coinbase,google_play,I am happy at how easy it is to use the app. I highly recommend it.
dc10ed6f7d88a325e2e7105a,Coinbase,google_play,Always has glitches and issues like right now it's saying a coin is available to buy buy won't let u buy it just stuck at amount
c86a1984b672f9889d0f451b,Coinbase,google_play,awesome
4e3079f1adafd74452df7e9b,Coinbase,google_play,"App is very glitcie, freezes when you're trying to trade and costs you. Issues with app and website again 8/19"
33049e9ebe11ae260992b68c,Coinbase,google_play,Great platform for beginners in crypto... Simple to understand!
20bb5a8060cd13ac48dc46ac,Coinbase,google_play,"Love the app, tons of info, and easy to use."
0dd9de7131ee7549f7bfeac4,Coinbase,google_play,I have a cash withdrawal on there for $36 that was supposed to be available at 4:00 today and still not available
377f3d53e654e47efef9f0c9,Coinbase,google_play,I love it
a633704967cd85b5f4ea31b0,Coinbase,google_play,not good can't open app
51be32883c925fea1538e8ec,Coinbase,app_store,I have just made my first crypto purchase woop woop  the process couldn’t be simpler  quick easy and straight forward
c0da5377f7182a7063d3b1f4,Coinbase,google_play,Good
01ac9767224939c4b2c791b6,Coinbase,google_play,"easy to use ,love it."
c7052f07a92e2b8a5383be6d,Coinbase,google_play,Very easy to use. And free coin as you learn
c7a74774c9fcdf13dc821e62,Coinbase,google_play,"app won't open. keeps crashing. was great when it worked, now I can't even see my account"
7e5ae77130baa90be8b48977,Coinbase,google_play,"It's easy to use, safe & reliable"
668ab60f7f11468bf5fba1dd,Coinbase,google_play,Is a wonderful useful app
afec0b2e8b7469c3889bbcec,Coinbase,google_play,Awesome for free
d95267057425261991689afe,Coinbase,google_play,They are useless. Their customer service is nonexistent. Their customer service line just loops back and forth with no operator. And their help chat system is bot so it'll go nowhere.
b98af1603d8a9683500b0f78,Coinbase,google_play,I am not getting any results please call with specific instructions this is ridiculous
a35e8d28b8b2692d23b9534e,Coinbase,google_play,"Lots of coins to trade, buy and sell! Biginner friendly, easy to use"
e2defe4a2795d2edb821feff,Coinbase,google_play,Used it to transfer money to Cuba. After first trasaction they disabled ability to transfer money. Apparenty to protect me. It was a false positive but one in support can lift the ban rendering application usless to me. Such case where AI makes decision and nobody can review and overwrite AI decision should be punished by Law. Beside theirs constant puzzles to validate i am human are next to impossible to solve. One of the puzzles was unsolvabe to me. Very hard to use application.
e98cb3a7bd20e5d3899d9bbe,Coinbase,app_store,This time next year
520adb6efa074905a084d7a9,Coinbase,app_store,gut good 좋아
faaa8635cf8aea7c1fe8d4f6,Coinbase,google_play,I was skeptical at first but it has proven trustworthy and easy to use.
732e9d2a17f72dbb7f162576,Coinbase,google_play,great
232427559eaa8810b38e69da,Coinbase,google_play,"love this easy to use app, plus great APY rewards!"
2a27dba8b4604f9e352aa065,Coinbase,google_play,Really fun stuff
d9619d5fd802fb5c6b14ecef,Coinbase,google_play,Very secure
1875496f5a5c91001e262665,Coinbase,google_play,"When everything works, it works fine but lately I'm finding it harder to navigate through the app without the pages/sections not loading. On WiFi or mobile network, in multiple locations, the problem is the same. Not sure what the problem is but I don't believe it's on my end. Hopefully someone can help figure this out soon."
0a145af0fd212e7ad9307708,Coinbase,google_play,"liking it so far base app is simple and user friendly and as I continue to learn about more I can swap to advanced. Don't think it's feasible not to get involved in crypto at this point a little annoyed I took so long, but I would suggest coinbase for any new comer to the space."
f96029f3efd02da5b8ed4d8c,Coinbase,google_play,"The app is straight forward ⏩. No complicated technical terms, no blablabla whatsoever. Just, straight forward. A great Fit for both beginners and experienced traders. Positive experience so far!"
f255f96dd4aefae031fb1d46,Coinbase,google_play,Excelente 👌
954cfa7c52a3897b20d17822,Coinbase,google_play,Invest anywhere else. Super high fees. Service has degraded significantly. Not to mention the apparent corruption that Binance and Coinbase seem to take part in.
4331f3826a943fd73dc81a0a,Coinbase,google_play,"awful support mechanics, awful functionality, absolute miserable app. I have never used a worse app and that blows my mind. I just want to use my crypto I need to use it. It's mine let me use it. isn't that what this app is for?"
01be4fab9b377360d58847e9,Coinbase,google_play,The best experience in cryptos...
4818e82f14f922455d5cdeca,Coinbase,google_play,This doesn't seem to be working I put money into it more then I took out
eb419a1a5098473e77bdb6a3,Coinbase,google_play,its getting better and better.
66405613c5c9a2303d3207d3,Coinbase,google_play,"Worst app, you can't complete the verification ID process. I live in UAE as resident but hold a different country passport. But they keep rejecting and only no matter what document you provide they won't accept it. Customer service is zero.they don't respond to your email. They phone line number does not work."
5982b94d8e3a9d074f975068,Coinbase,google_play,Dis app is one of the wost app ever I can't even create an account in dis app any time I open the app it get stuck in the loading section I wish I can give it 0 star
ab302f807bd2a5f87ef120e2,Coinbase,google_play,great
8a75a0df5c8eea1bfd7f9fb0,Coinbase,google_play,There's lots of ins and outs to figure out
222b5b30367703a1f85bcae2,Coinbase,google_play,Best app but the fees is to expensive
947d18f5a200ed873e218348,Coinbase,app_store,Coin base very good
5cf776dcedb2fbc3d28d31cf,Coinbase,google_play,"new to this, but coinbase makes it seem not too difficult. so far so good."
30a14a8cdaf49e1d6da1fad7,Coinbase,google_play,I personally think the app is awesome. It takes difficulty out of making transactions.
31a4c1d1f6f190bb3f432701,Coinbase,google_play,great
d4a2c983f644572a49c63a21,Coinbase,google_play,"App Experience SUCKS. The UI is trash. navigating is awful. Don't hit the back button you'll exit the app entirely and start over, infinite times. Searching? yeah good luck. horrendous experience. whoever is running this show needs replacing, cuz EW. Did you deposit funds?? ohh, good luck finding them AND buying the thing you came to buy tho! 0 outta 10 would NOT recommend.. which sucks bc i used to like this app."
72a6b684d7b8014afb05750e,Coinbase,google_play,"Great App, very user friendly. Its a great app for people who are looking to get into trading."
0d94424e2aec54d1e2aac4ef,Coinbase,google_play,Great interface for beginners
ab0d348e6deb91e975931583,Coinbase,google_play,simple to use
0d846025780a3229b800af4a,Coinbase,google_play,still learning how to do this app
f1c7f1f17361b46074785063,Coinbase,app_store,"Kryptos kaufen, verkaufen und versenden ist mit Coinbase super einfach. 
Besonders genial finde ich die Coinbase-Karte, mit der man seine Kryptowährungen ganz bequem im Alltag zum Bezahlen nutzen kann. Absolute Empfehlung!"
f540c62284a62103dc3f2e16,Coinbase,google_play,"Coinbase will let you do everything EXCEPT cash your money out. The same card and account information you're able to purchase with is always invalid to cash out to. No matter how many times you try, they will not let you cash out and I researched and found this is a common issue. I shouldn't have to fight back and forth with them to cash out."
f430895140e27f4aea18d76a,Coinbase,google_play,Good app
8587fd25b446810e982f2f4d,Coinbase,google_play,Easy and simple to use!
320187dcb65adfa23f6ec729,Coinbase,google_play,Pretty cool idea I believe for the Google play budget app in my opinion. I'll hopefully get to it so I'll even get out possibly by not needing to budget because I'm a 🏆 Winner!!!
f301b377985dd59cbfaa12c4,Coinbase,google_play,Love it
61701e7791e4305068fd2a60,Coinbase,google_play,"the app suddenly stopped loading, I thought it was a technical issue and was being worked out but after a few days the app still doesn't load. is there something I need to know?"
45ea452e65a7275efc6c1b3d,Coinbase,google_play,"Easy to use, fast, bank transfers are perfect"
00140a8dd4c8fbf553074b61,Coinbase,google_play,great app
6a781460daf367f445813484,Coinbase,google_play,When the uk went mad coinbase stayed strong 💪
ad7e83829712dfdf383dd8da,Coinbase,google_play,I am so pleased with Coinbase. This is a secure company and I am tickled to no end with how professional these employees are so kind. Very impressed.
177f2a96ceb3518148c0de2b,Coinbase,google_play,I wired $150 into my account. Did everything perfect. Paid the $10 wire fee . Haven't seen it in the coinbase for 3 days. No email or anything.
048577275ba1d868f78b167f,Coinbase,google_play,Good
67c812408868d218ff813d17,Coinbase,google_play,#1 on my speed dial! Great app
d7f885039c6f901276196fa0,Coinbase,google_play,always really fluid and low gas fees than ETH.
3658ee9829cc8e15fc62e611,Coinbase,google_play,Great
83fdeadbe29a4fb639618098,Coinbase,google_play,used for years feel secure
7c8439d8343b8a56860d047a,Coinbase,app_store,Btc
d8f28ead2bd184749a96bb0d,Coinbase,google_play,easy
ae29a4a7f23696e7ce0b7ce9,Coinbase,google_play,"Absolutely Brilliant 👏 👌, even if you're new like me to the crypto mania. It's self explanatory and gives you a proper insight into the different currencies and what is on the up . Top Drawer. Thank you."
53dd796b34e3d12f559ee7fd,Coinbase,google_play,"as a newbie to this, i find this app easy to use and learn about everything."
adaaa2a014997ce5c3139e7f,Coinbase,google_play,the best
9fb8a6959ca54a33c528f6a8,Coinbase,google_play,Easy to use.
83739b16bfb923fd3a8fe540,Coinbase,google_play,It is very challenging for me since I haven't been to this site for a long time. Please allow me to see how much I have accumulated with Coinbase?
477e2cb91be2b11abcd6ec40,Coinbase,google_play,Simple and easy to use when diving into crypto without feeling overwhelmed.
1f954a84ece926479555f239,Coinbase,google_play,Great App easy to navigate easy to buy and trade sign up now you won't regret it!!
82eae90a2d9a986c22ff1e90,Coinbase,google_play,Great
8a485486bd435ec05695b4eb,Coinbase,google_play,Just started using this recently and already I am shocked by a really stupid question. The app is asking my why I was born in Mozambique! Seriously?? As if I had any saying in the matter!
50897956397b9bcca6757e49,Coinbase,google_play,"They will put restrictions on how you buy and sell! I only invested close to 800 dollars, and they cut me off while my cryptos were in a massive dip I wanted to buy. I'm transferring every to my much bigger Roblinhood account very soon because of this restriction. I went through their verification process to try to fix it, and they denied me. Then, I tried to put in a customer service inquiry, but the website just took me in a circle and never allowed me to summit a complaint. What a joke! lol"
08e6d3e5d8573a5057469f4e,Coinbase,google_play,Very good !
527598380a1c0bf7be1b1160,Coinbase,google_play,Awesome.
369cfcf48723b43deeb88ac4,Coinbase,google_play,"Coinbase is trash ..they said I get a call back for support ..it was a scam that came from me contacting them .an I lost 6,500.00 ..there app is trash .don't use coinbase it's bad for you"
bf236a3b9d8fd4ce26e3cee9,Coinbase,google_play,Easy as all get out! People think this is difficult. Could not be further from the truth!
ebfc3aca9e778ca8ef3d8b24,Coinbase,google_play,Changed my name and they have locked me out of the account completely. I have tried uploading documents multiple times and i am still locked out.
e842607f08389269c4de762c,Coinbase,google_play,"it has been very lagged the past 3 weeks. even typing my passkey it takes a good 4 seconds to catch up and log in. once in its just as bad, on phone and tablets. it usually only does this when its time to buy and sell heavy flow it will also log you out."
b5def300d4953e3240b43c80,Coinbase,google_play,good
8cf11963c0686a240f505b1a,Coinbase,google_play,Awesome
6bdafcd8931669a19b60bc01,Coinbase,google_play,good business 👏
993a3d2dac723f6929fffd23,Coinbase,google_play,Super thumbs up
949f258ade1d9f26e971c015,Coinbase,google_play,Activated
66f88c87000d3b630f4e4538,Coinbase,google_play,App is so slow at loading charts. Much better and advanced platforms out there which is a surprise since coinbase is ment to be one of the best platforms to trade crypto. Disappointing
7262a448ca3b695fac450b35,Coinbase,google_play,so easy to use
47e787826d80d03f504b2b08,Coinbase,google_play,perfect
1324b516fe6a187cb924395d,Coinbase,google_play,Easy peasy
19c32c249746a1541915c9cd,Coinbase,google_play,Wow
eca5187f039cbc6b05241881,Coinbase,google_play,"I can't get through the verification process. I've tried scanning my ID and my passport multiple times, and it doesn't seem to be able to verify."
38ed86d69b9c48e6643615fe,Coinbase,google_play,Good app
b6e18e58ba36673d25787c86,Coinbase,google_play,great
233913abd8203d1c0b797ad8,Coinbase,google_play,won't let us transfer our own funds to our own bitcoin wallet want us to stay with them yet they have fees want us to buy bitcoins but won't let us transfer to our own bitcoin account scam update: app can't recognize app already downloaded what ever wallet can't recognize but coinbase has multiple wallets avoiding us to transfer to another wallet multiple wallets to transfer to but limited to transfer to another even though it's your own account
ec3f1a28a682f966a301a4de,Coinbase,google_play,"Works well, but has excessive delay on using purchased bitcoin"
2eb4cd96d963d67e1f4d7d96,Coinbase,google_play,Amazing and rewarding!
54e18d742cebc4c577a811ce,Coinbase,google_play,"a very good app, but i think a newcomer would have some difficulty. I assisted a friend to open an acct & he found it challenging. Evaluate it based on someone just learning about crypto trading, not a seasoned investor"
23998cf40b24cc837a82109e,Coinbase,google_play,Awesome
ec234920096e19155e0763d0,Coinbase,google_play,You don't support GrapheneOS.
4ec59ba6c8fa46b8723b5e4f,Coinbase,google_play,"your main app ""coinbase"" is great. but the wallet app ""base"" is trash."
0f41f96cdc7ddf6c880eacb9,Coinbase,google_play,Easy to use.
8b1ced7d129191820a31eaae,Coinbase,google_play,excelente muy facil para usarla
aa4d640de42ac3330d7b0a00,Coinbase,google_play,Thx for the opportunity to earn Crypto in the app by learning!
335822c960ec1064829e6e9f,Coinbase,google_play,"Every time I tried to use my debit card for withdrawal of funds, it gives me an ""invalid payment method"" message. Going through support articles was no help and there are no holds on my funds."
9c5b7704882d35e597a4f337,Coinbase,google_play,Great app thank you very much
554396cbcfda4ea8ce279943,Coinbase,google_play,I wanted to participate in ICO but wont be able to do so and they cannot help either.
5c22f84f83f7fa32e0fa6087,Coinbase,google_play,"The crosshairs in advance mode freeze up for several seconds at a time on my S24+. This had been going on as long as I can remember. I thought it would e been fixed by now. I came here in hopes the devs see this and fix it. Makes Coinbase almost unusable on my phone. Also, should add option to trade from charts and expand them to full screen. -Annoyed"
e27e16b474b81d4c0e6502ad,Coinbase,google_play,Good app
f334bf5f62b77da27319c4cd,Coinbase,app_store,"Messed up uk KYC refresh. Now you are locked into a id verification flow and you cannot login or check your funds without fully completing it.
Really INCONVENIENT & THOUGHTLESS.
Makes you worry about the quality of the the rest of the security"
234c1e175fd97a651a3290ad,Coinbase,google_play,so far so good. using 4 years now
54b9cea4cd4b86b1297a81e0,Coinbase,google_play,Thumbs up great app.
b412279784d1ba3e3966eeb3,Coinbase,app_store,Best support of any wallet there a so helpful and understanding 100% recommend Coinbase to anyone that does crypto
194a2874bc4c185db6ad7430,Coinbase,google_play,terrible I have to keep putting in security codes
59444e46c7d4642360060ef8,Coinbase,app_store,Bonne application sympa pour trader facilement
c5df806ae38bbd98a3d124a6,Coinbase,google_play,It keeps giving an error simply because I have a different phone than my original account creation I lost a big chunk of btc and there's no way to recover it by logging in with my original credentials. Also my crypto loan was approved for staking and I would have had a nice bankroll by now but it just doesn't matter
6b9020ea7bad23c6639e8866,Coinbase,google_play,Can withdraw whenever I want which is great!
9502cc3c4f2d7d4b0ef63fec,Coinbase,google_play,DO NOT USE THE DEBIT CARD. THEY WILL HOLD ALL PENDING CHARGES FROM YOU
1f0094023ced87629bad9c9b,Coinbase,google_play,On Of Worst Application😡😡😡😡😡😡😡
bd852f77f7bb19c257dc3d88,Coinbase,google_play,: )
7133a1288666b47aa57d2b12,Coinbase,google_play,"This company is a scam. Please just find other exchanges to use. Their customer support intentionally stalls responding to you so that you end the chat. I have tried 5 times to connect with a live agent, every time has taken over 7 hours. And none of those attempts resulted in talking to an agent. You will not be able to speak with a real person. And the very first time you have a messed up payment, they will use that as an excuse to steal your cryptos, even after you pay the negative balance."
48ea9155e56f07d0ce428240,Coinbase,google_play,"Easy to use, and very transparent."
aacac064b9e01c3733acc433,Coinbase,google_play,The hidden fees are outrageous. I have been charged a total of $30 directly from my bank account and not the money i put into my coinbase account. This fee is also beyond the fees for purchasing crypto stocks. Investors beware to give up over 30% of your investment to coinbase. This doesn't include taxes. Coinbase is making billions off of you using compound fees. I smell a class A lawsuit brewing.
ec350a713927cc4675e9816f,Coinbase,google_play,I like coinbase make me happy always
76f23027929e4cf86529d2cc,Coinbase,google_play,Love the lessons
47bf7cfa942c1f70f6a55666,Coinbase,google_play,"Have to say Coinbase is the best interface to use for beginners to advanced crypto enthusiasts. So whether you are just beginning your crypto journey or a seasoned pro, this exchange is highly recommended and with Coinbase earn they have truly set themselves above all other exchanges."
d9a402b7874e0511fe480c2a,Coinbase,google_play,Excellent
19f9a922f2d7e732e5b4e486,Coinbase,google_play,Great
93c907af2551163da2c6f471,Coinbase,google_play,Absolutely GREAT ap for learning crypto..GREAT REWARDS..easy platform to navigate..I recommend over ALL the other apps. They have been a excellent learning tool for me!!
f0a358e4b4ad59771653a478,Coinbase,google_play,great
51962db4cc475f3432cfd41c,Coinbase,google_play,"Akun bitcoin saya tidak bisa di akses padahal dulu aman, saya untuk akses progress bitcoin untuk cek sekarang ribet tidak seperti dulu harus memasukan dokumen tagihan 6 bulan terakhir padahal saya sudah masukan identitas saya di akun tersebut"
e6ec10d7b6537d3ffb24e11d,Coinbase,google_play,nice
1c811d2c5e8f818c0428e5f1,Coinbase,google_play,Always works great!
366b427cf81d7bbd9b526193,Coinbase,app_store,They are the Pinnacle of Digital Finance
43ad9085d783ccc65974e1b0,Coinbase,google_play,awesome easy
0c853060167d7c2dc5511b40,Coinbase,google_play,Coinbase is awesome!
59097a6b78590cc9e70becbd,Coinbase,google_play,Great app.
ca745796b1fd2de756b21d7a,Coinbase,google_play,Upward dawn.
c5e7977904c871ca2fce63c0,Coinbase,google_play,"this is what I call a fake app cuz it won't let you sign up as soon as you sign up and prove your credentials it automatically delete your account. my credentials are up-to-date and perfectly fine their legal credentials this app is a scam it's a fake app and half the time they steal your crypto, this is a scam use better off using Kracken"
09a1e2e15001487e2c3e4aed,Coinbase,google_play,"poor,just tried for first time was fine,but trying to do again and said reached limit??still can't change payt method won't let me very poor"
8a7e31ca3be4e0f1800930d8,Coinbase,google_play,I like it is simple to use and has advantages of learning fast and easy
0e83e56ccb93caef448a68cd,Coinbase,google_play,it does not work it's the worst app I ever had to deal with and I am in a loop and can't get out
0a3c11e195ae9948a30c026c,Coinbase,google_play,Should give dude his 55 million back.
36705c2f4b743b464d4c8b78,Coinbase,google_play,coinbase is still around?? still scamming people??? when can you stop scamming people ???
4eabdbdf778d04e311940539,Coinbase,google_play,This helped answer many of my questions about crypto. It's clear and straightforward to use.
893449903c14793e5f1cb100,Coinbase,google_play,"I bought 5 different crypto and I still can't spin the wheel for my first buy reward. I also opted into 2 different sweepstakes for a chance to win different cryptos like eth and I was never notified by email to confirm my entries for the 3 different buys I made for them. So I guess it's not processing my entries as well as not giving me my first buy spin the wheel reward. Getting pretty concerned about Coinbases ability to run things smoothly, especially when my money is involved. It would be 5"
f59b873b9b450caab6225c16,Coinbase,google_play,don't like the lengthy holds on money withdrawals and I canceled my membership and literally like an hour later they tried to charge me 29.99 bucks. good thing I had my bank locked. I removed my payments afterwards. otherwise the app itself is straight forward. fees are annoying hence 30 dollar membership. otherwise trading buying and selling crypto was a good experience. I just didn't like the money holds and their predatory attempt to charge me to force a month membership out of me
2480d38dc23f61cfb2399e58,Coinbase,google_play,"seamless, fast, and reliable"
ea9e809553782a68e812843a,Coinbase,google_play,super easy to use and easy to get intuition crypto.
4df48d201308b06cae24fae4,Coinbase,google_play,"it works, no problems atm"
102182bbe5706c753b9997c3,Coinbase,google_play,"2 much needed fixes, features Coinbase desperately needs to add to make it more usable: 1) Add Conditional. For example, if one limit order is executed, automatically place another order and cancel a third. 2) Show my past completed orders from most recent down based on the date and time of Execution, not when the order was originally placed. It is so confusing looking for an order that just executed because you listed them so annoyingly inconvenient. Pease fix Asap! Coinbase Advanced"
aefd7b58ca6355be80b597b2,Coinbase,app_store,Kein vorgeschlagenes Verfahren ermöglicht das Login.
f287273a8619ce6748280d83,Coinbase,google_play,I've learned a lot about blockchain technology and the fundamentals of cryptocurrency thanks to Coinbase and the best thing about is the rewards as an incentive to learn about cryptocurrency Thanks Coinbase
872bfd2743db2bcadb44b160,Coinbase,google_play,Great
fa7e144db85a19e8c74c6036,Coinbase,google_play,New app update is completely broken. Just gives a page not found once you use your passkey.
c0d3f84439a4f5a3cae6bf86,Coinbase,google_play,after setting up account I was only able to purchase a small amount ($50) reached the WEEKLY spending limit!! resets in seven days !!
8f15921c4d4244b8d77af968,Coinbase,google_play,Excellent and easy to understand
d2909fb79285b6cb1b6b1aee,Coinbase,google_play,can't get on to see my money!
fdf9c87e4b1cadc5e5017de9,Coinbase,google_play,Two hours and five minutes to find out that the app rip me off for ninety nine dollars.
59ba49ef5f6ed794305c9a46,Coinbase,google_play,"I have been trying to buy crypto now for almost a month,it's always telling me that my account is under review,what the h..l does it take that long"
4f200f131b0a5391b29c0f51,Coinbase,google_play,it's been interesting
b31373d4c2dba1ef56d1bd67,Coinbase,google_play,totally rubish. keeps on crushing. doesn't even deserve a single star
c985a451f1973985560965ec,Coinbase,google_play,I feel that coinbase is easy to operate especially for new investors. Also i love that it's also a learning platform for those who don't really understand the markets.
dffc0dfad2e8119aecfc38a0,Coinbase,google_play,Still don't understand it . But it seems like um doing something right....maybe
dcfc8e16f443956ecb91b601,Coinbase,google_play,great way to earn
183f4d1a153fcb39859af798,Coinbase,google_play,I have been waiting for the update maybe so that I'm able to log In from my country of residence. Where's KENYA in that list? Devs do sth ASAP.
ef19f728edf1256bb939bd9e,Coinbase,google_play,"Hackers are able to get into your account, and coinbase will not reimburse you and will still ask for you to pay outstanding balances that you did not cause. The nerve! Then they will tell you that the safety of your account is the customers responsibility! Stay away! I would not even give it a 1 star! It's not ""the most trusted place,"" as they say in their opening statement. It is not!"
34c32d5631553f83a7c18c57,Coinbase,google_play,Love it
2c4cddb595acb99ce0b235a6,Coinbase,google_play,"DUDE GET YOUR OPERATIONS RIGHT, VERIFY MY PHONE NUMBER BRO, WHY DON'T YOU VERIFY WITH FACE VERIFICATION WITH A ID CAR GOVERNMENT MAN YOU OPERATE WRONG"
c32ac632757189be0126427b,Coinbase,google_play,I don't see any numbers like where there should be dollar amount or digits there are Little Dot symbols. and it's for every asset that I have.
3951b0ee7aaee6eb1ad10213,Coinbase,google_play,awesome and well knowledgeable
978342b374d32e0a92577bda,Coinbase,app_store,Tellement simple d'utilisation
d976f528eabd6cba1ccd0237,Coinbase,google_play,I love people love Whatsapp great both Grest way yo conunivate Less funds very happy To participate movimento cultural e i formative to get tivketc
c6792dd457f44047b085cd22,Coinbase,google_play,"I can't Sign in...appears ""Something went wrong, There was a problem while launching Sign In. Please try again in a few minutes."""
63c0ce60af7a743148f6f5f1,Coinbase,google_play,great
91a4b83eae40f405f3b564b8,Coinbase,google_play,awesome app only one I use
84bd57d799d8d7180f3fd279,Coinbase,google_play,Great just great
ceb6227d35b0f6422b932071,Coinbase,google_play,"Transactions go through rapidly whether it be buying, transferring, or selling."
16535cde820ea9e0dd2da9c0,Coinbase,app_store,"This company isn’t honest and when it comes to investing your money through a platform, honesty is everything.

Be careful of the subscription they will hide from the users sight. Be careful to triple check that you actually cancelled that subscription.

Even if you have a customer service chat log showing you tried to cancel years ago, the best they will do is give you a 3 month refund. Scammers."
20e45a9b3fe7f960cee60269,Coinbase,google_play,ok app most of the time been trying to get $30 Dimo rewards for month now talked to customer service several times still haven't received
6beb3aa02d1bd32a80b71a1c,Coinbase,google_play,best app for trade!!!
51a25e50974d132c0c80a5bc,Coinbase,google_play,nown yet
755256a231bd95121340fd84,Coinbase,google_play,I just started tonight and the 30 dollars I deposited was 33 dollars in the time it took for the bank to post .
1fba3f81dc37815da556ba5f,Coinbase,google_play,"the app itself is fairly smooth. Unfortunately, it's also a scam hub for pump and dump services. if you see a video talking about a government crypto thing, take it from someone who just watched the app stop responding for 10 minutes, because the crypto I had seen advertised and went and put 50 bucks in, had 99.98% of its value get pulled out instantaneously and crash the app for me, a regular user."
91775f5a117e0ba107ab3d19,Coinbase,google_play,"not user friendly, confusing, aggravating, frustrating, grrrr"
b574476654faec8f37bc327f,Coinbase,google_play,Fees are way too high on this app I'll stick to buying options and stocks crypto is the biggest scam there is and not for me
611deb4eef7109fe7675f38c,Coinbase,google_play,"July 2025 NEW AND FINAL REVIEW. Literally donated Coinbase a total of 80 dollars in fees and Bitcoin keeps going down, never goes up (Never a profit at all. Not like in 2012 or older) So wasted over 60 dollars in Bitcoin added to the fees. I did some serious charity to Coinbase without intending it. Enjoy my losses and EXPENSIVE fees. Goodbye forever. This app is only for rich people who can afford to lose thousands of dollars or more."
124f3263d23390cfabdd04a0,Coinbase,google_play,Smooth and easy plus secure
0e231782d72d2836609380ad,Coinbase,app_store,Stay well away Coinbase is one big scam at every opportunity they will block your account. I’ve been laughed at my agent. I’ve been took the piss out by agents and gone round in circles. Could just stay and laughing in the voice when he was talking to me I lost one account with Coinbase and I just stopped all my payments going into Coinbase from now on I’m about to delete my account don’t expect any help for the problems they call you. They’re full intention is for you to lose access to your account. This should be illegal. Everyone stay well away.
4ec866df7c379f6083f3a7c8,Coinbase,google_play,Something different and ambitious.
bd2ed376ee67e1085aa0035f,Coinbase,google_play,"I've used a lot of digital wallets in the past and this wallet is Seriously , the best one I have ever experienced or come across in my life It is a great way for the beginners to earn crypto currency by doing simple little tasks and quizes And it's great for the experts on the trading platforms as well.This is a wallet that should not be Overlook"
12b3c507f9cf7a370bf7cb5b,Coinbase,google_play,They need to be prosecuted. They straight up robbed me. Companies like these destroy the credibility of crypto currency entirely.
7aaa5a69cf62ad0678745e08,Coinbase,google_play,Nic app😇
8355145f0a38ff8fbcd0248e,Coinbase,google_play,Good.
c1782fddfa29f81337666275,Coinbase,google_play,"It works now, thank you!"
d3e18c985d406b810939fe3f,Coinbase,google_play,"Many legitimate coins take ages to make it onto this app. Trump coin was made and overnight added to the current available coins. This is the beginning of the end for crypto, and as for me I won't watch it happen, uninstalled."
0965b76355bf362096617149,Coinbase,app_store,Stop with the popups. No one wants your credit card.
9087e871c6bd08d17f9056cd,Coinbase,app_store,The number verification is very bad for Bangladesh
8dbc7d23b8a0e58d4425fed7,Coinbase,google_play,Very easy to navigate.
a86097811ea598f32872e304,Coinbase,google_play,One of the best features was being able to sell and then instantly transfer but now they are holding funds after selling and screwed me over out of paying a bill on time because I needed the extra cash. Going back to robinhood unfortunately
41c52e9b7e343ea220b3dccf,Coinbase,google_play,I am new to crypto and find the education links useful
b65c0c18a5b1a2313512a071,Coinbase,app_store,"Meine Telefonnummer wird angeblich als virtuell erkannt und ich kann mich nicht registrieren.
Das Problem ist wohl schon bekannt aber eine Lösung findet Coinbase anscheinend nicht"
3ad4885f6d44b83f5d338c08,Coinbase,google_play,f this app. all time crashed and didnt load . idk why it's not compatible with s25 ultra.when I am working on it and tab to other app it be going to crashed and must be open it again.
9b3ade3211cc6d15bffa80fa,Coinbase,google_play,Good
6bfc48ba7a09df92b40206f9,Coinbase,google_play,very easy to use great site
2b12cdb7a7b86d00ec99f261,Coinbase,google_play,Great
5dc0dcd69f1de8a07e2bf21c,Coinbase,google_play,good
cdb2b36894928c0e1b92762f,Coinbase,google_play,"love it, 1 of the easiest to navigate through would give it a 5 ☆ but everything has room for updates"
2ec86ceddf6e1ad5352de1fc,Coinbase,google_play,"So far so good , still kind of New to me"
a5c0803470e3cf718c1e393f,Coinbase,google_play,My app is not working. Please help. minutes later..... resolved! thank you!
edd232870da4fcb424a94f63,Coinbase,google_play,Efficient
c49530d39a4ba289ebb6c5a7,Coinbase,google_play,Coinbase is awesome!! I don't know a whole lot about crypto but I want to learn and coinbase is a great teacher in many different ways. Check it out you'll be very glad you did!! 100% guaranteed you'll never Uninstall once installed!!!! Thank you Coinbase
993d73e4d34403e286d85232,Coinbase,google_play,I like it because you got to verify your identity but at the same time you got to do a million things to access your own funds
437093c8e671054709f24092,Coinbase,google_play,Works great but mind that you need to logout properly .don't leave it logged in all day. Use 2 fa to secure .
7f0d3b4bffe141f457a9cd95,Coinbase,google_play,they finally have onchain thank God
78e9da830d7b5d516072574c,Coinbase,google_play,Great site
8038eb0e9d265ac9d4fe6611,Coinbase,google_play,this app and the website are very easy to use and make it easy to link various payments to buy and sell crypto currencies.
84a83bc1ca81e342ccdf8b39,Coinbase,google_play,oooóooooooo
1f51c6ad65f9018894f2ddcf,Coinbase,google_play,❤️🎉🛜
cfe0b732afe93f1da2960eb1,Coinbase,google_play,"Never use this app, I just started using it yesterday because i thought it seemed trustable, Currently i have an issue where it says i cant buy or sell crypto until I make a payment but when i try to make the payment my bank account isnt listed as an option, and when i try to add it as an option it says Im not allowed to add another bank right now. Theyre threatening to take what bitcoin I have to kake the payment on my behalf, Its a scam, dont fall for it."
e6c6d9e9ae01fa142cbfdc64,Coinbase,google_play,"You can't use the app to update your address, but if I try to go to the website on my phone it throws me into the app. Can't use the website on my desktop because I don't have a camera attached to take a photo of my ID. That's some seriously poor UX/UI design"
1b06a9315524f7eeb46e1d79,Coinbase,google_play,Absolutely horrendous experience. Very poor business practices and unwarranted treatment of customers. Would not recommend
4527bae758a3981fd1738d4c,Coinbase,google_play,"Exceptional ui, low fees"
71202b18c62e312594a5f16e,Coinbase,google_play,excellent
743864a6994de5e4f3166cba,Coinbase,google_play,Best APP EVER. BENEFITS ARE AMAZING.
489dc8913c3c838790cd5b1f,Coinbase,google_play,love it
8cecc10bfce64fbf98f3f81a,Coinbase,google_play,I redownloaded the app today and I logged in to access my account but to no avail. Is coinbase not available in my region? Nigeria precisely. Thank you
1c4aec17b271ecddb43137db,Coinbase,google_play,I love it
e5bcf7741b1803288e32327d,Coinbase,google_play,"A little complicated at times and sometimes there's fee's depending how smart you are with moving crypto around but, all-in-all a pretty smooth running app, still recommend using the actual exchange itself for trading."
7a04ad9b6cbc45610cad278a,Coinbase,google_play,It took me 2 days to get my money off this app I wouldn't put money on there again
449d43a76e3c7fe6a071b61f,Coinbase,google_play,I cant log in.
b532a5138f6c829a22a7a28a,Coinbase,google_play,Love the learning rewards!
7771779e563f532f81dea366,Coinbase,google_play,i got robbed I bought some crypto but when I wanted to sell it says payment method not available in my region but why would it let me buy it terrible app they just care about getting your money without caring if you can pull your money back out honestly I just want a way to get some of my money back edit: I had to log in on a computer which is annoying but I got my money back
546a393d1e9403095ef1155b,Coinbase,google_play,If you new to investing and learning how it works. Great app to start to increase your portfolio.
41600c4e6126169d3fccc95b,Coinbase,google_play,Support is nightmare. There is only useless AI chatbot available.
cbf9921a08123004ee164528,Coinbase,google_play,Great I love the learn and earn
8c40072f17bb956ef2342097,Coinbase,google_play,"It was recommended by a friend, hope i have a nice time ,until then hold the four rating in place."
72302fc80e8704eda2553bef,Coinbase,google_play,Love it
bc19d5c2965426d25a532a1d,Coinbase,google_play,"[12/21/25] update: Went to check my portfolio and the app instantly logged me in. I always have had biometrics as well as a pin setup to login to my account, as well as transferring funds. To which all were gone and had to manually turn it all back on. Highly suspect. The only annoying thing about this app is I have to manually click on each notification for it clear...I dont recall it ever being this finicky, but other than that easily my favorite mobile wallet."
5b1d2932dfd9900965db9c2b,Coinbase,google_play,Lovin life!
3bfa1d78b709a35fa5b4d310,Coinbase,google_play,great app very easy to use very fast.
cd23559f867bdc6dcbc751d1,Coinbase,google_play,Good
0c3790b91a17b7f91df30efd,Coinbase,google_play,I have had the best experience i could possibly have I have earned a great deal of cryptocurrency which I have been able to convert into actual cash and that is always a plus
18c924a5099671079593fd10,Coinbase,google_play,GET RID OF THE SLIDER BAR
2281c80998ede59e1fd7706c,Coinbase,google_play,Easiest app for buying crypto.
d691f0a8e9182a866bf1e553,Coinbase,google_play,Makes buying and selling crypto very easy to use.I really appreciate this app
5e85fc2b7b10f9b3e45ec73b,Coinbase,google_play,haven't been on here long but all is good right now.
a26f5ef815108edf8263cb1c,Coinbase,google_play,"such a scam app, don't use this trash"
217c474f7756b2ec7a43ca5a,Coinbase,google_play,very good
65924d005d7d1aaa4b35348f,Coinbase,google_play,Seems like a good option so far... I'll update this if my experience changes as I learn more!
37095f8a45b21c13f53671ec,Coinbase,google_play,I love this app best coin wallet out.
2b1c3fe8fdc9bb6bd2f5081b,Coinbase,app_store,"Nicht schön, ich stehe seit Wochen auf der Warteliste und kann die App nicht nutzen, daher nur einen Stern."
00aa2c469cd563f373806adb,Coinbase,google_play,my favorite app to use for crypto
b15169ee6988ddfdd172d009,Coinbase,google_play,Whoever designed the new advanced trading interface should get fired.
5158c9687c398b96f4738e35,Coinbase,google_play,No customer service only by email not good
a27c24fde2d45d6f6526962b,Coinbase,google_play,i've had this app a few years and have made a good amount of crypto through learning rewards but unfortunately they stopped doing that now. so I lowered my rating to four
95b8bf1396c890afce51fe98,Coinbase,google_play,I'm still on the learning curve here! Ask me again in a few weeks or so ... Pain free on the job training is progressing smoothly. 😂
29cb27be13ce27c925faf55e,Coinbase,google_play,"It's a very peculiar experience, I am not so skilled with these processes, please bear with me"
83f7ff0f45e845fbde57f4cf,Coinbase,google_play,good and easy so far
f32cf61b7dca75d2218e86f4,Coinbase,app_store,"A little tricky to get used to initially, but after a while it really assists in your wealth generation skills, suitable for most medium to master techs in financial creation. 

Great product, may many more see the use."
d1494c10931aae1193b4c11b,Coinbase,app_store,Seamless
a30a2872402dd7810a65ce11,Coinbase,google_play,Cool as hell app. love it. didn't interstand it at first. but with a few clicks it and it guide me all the way through the withdrawal process and Bitcoin deposit process thanks Coinbase I do recommend this app 1000 percent
06e113b96bdace79201c25f1,Coinbase,google_play,I love this app. Easy to use.
736e16a3d09d57f78dd4b152,Coinbase,google_play,awesome
f9f0c13186251f03adbe34e9,Coinbase,google_play,very exciting
3939b8c4e572c934d5b4c3b4,Coinbase,google_play,Worst crypto app ever that has been created by humans
63aed78cde430ff9fc019690,Coinbase,google_play,crypto is dead
b6adfa2a6690e1fb8f688876,Coinbase,google_play,it's okay Wayne is here now.
997c9e36260f4729837a04ec,Coinbase,google_play,This App is wonderful
10ea62a7d002a7583f9f01fe,Coinbase,google_play,Awesome
975965fecc3857a55dcc2d30,Coinbase,google_play,I'm stíll learning
f9c26a2ca781c41af1924fae,Coinbase,app_store,Naw Coinbase is tuff I promise you once u get the hang of it you won’t be disappointed
bb4449458ab09aed00617f5e,Coinbase,google_play,First transaction i ever tried ended up being lost and I lost my money do not use this app.
4fa04e9f478c849dfcda61d2,Coinbase,google_play,Coinbase is an amazing app.
c4032860b173fdf68e27eda2,Coinbase,google_play,"They work with Scammers. Their top listing are scamcoins, and they don't bother to remove them. Then, after you get your money stolen, they can't help you because Blockchain transactions can't be reversed."
de2fd69894717b650a624666,Coinbase,google_play,Great app! This app provides a clear view of the important info needed to make an informed choice in this market.
bf15d75585522b0595638fc9,Coinbase,google_play,easy and quick to use
37f47fef22b8d8b82dc61584,Coinbase,google_play,quick and eady
4483e394deea76c4d062219e,Coinbase,google_play,"It's functional when it wants to be. Regularly lags to show values, graphs and notifications. Very frustrating when you are trying to buy or sell at times. It seems to get worse with more volatility."
60c9e206dff89e1881a99486,Coinbase,google_play,easy and fast. Verification was simple and bank set it up right away.
6c8e54027d4e719c777e0631,Coinbase,app_store,Appli simple et efficace
6e7f60b0115259006a5af7e8,Coinbase,google_play,Got scammed right away when adding payment method not worth investing using this app!
d22060c7d98eb675116efde7,Coinbase,google_play,Great customer service
b46790844b68c77ce7cae21f,Coinbase,google_play,What great guy.
d76f5d2212e8514d220920c1,Coinbase,google_play,Great. Easy .
fd5160189bfee2200077c7b7,Coinbase,google_play,"Really liked their modern design choices paired with fast chart loading features,hey did a stellar job balancing usability alongside aesthetic details here at CoinStore!!"
3e7d54a28f98999e894e91a3,Coinbase,google_play,Excellent hands down.
47c1adda74f36a9e35d2409e,Coinbase,google_play,"Easy and direct purchase is great, lately (in 2025 December) the app itself loads fast, but when I click on anything, credit card, assets, buy/sell etc. the app takes FOREVER to respond. so that has been a little annoying. However overall. its been excellent for all these years! cheers!"
a7bc4db4d97ba5cabf91d749,Coinbase,google_play,Needs better price alerts
12db220a1c225cf7f8942d21,Coinbase,google_play,very glitchy and freezes horid app for a banking institution
d6f8d58ec0fa0a18a77a8904,Coinbase,google_play,Best crypto platform hands down
b487c8e19477e7522850ecf5,Coinbase,google_play,"wont link my coinbase wallet after hitting authorize, just sits there."
5144e6e32f2cf0e94422b688,Coinbase,google_play,Easy to understand !
3fac5cc25bb657bb72e7e93c,Coinbase,google_play,it's the worst app/platform for anything the prices are ridiculous the staff are rude I have had money withdrawn from my coinbase via a debit card that I never had the process has been going on more than 5 weeks this is fraud on coinbase behalf they don't want to take accountability for my money loss 🚨AVOID AT ALL COST 🚨 I can't reply to the response they gave but I don't wish to proceed I am just going to expose publicly on social media what coinbase is
d46ffc36c4a479180cba3e6e,Coinbase,google_play,Easy to use
307c23fbbd07ec49bf0a2c23,Coinbase,google_play,"Coinbase advance keeps getting better, getting close to the legendary Coinbase pro app that we used to have."
1b05d9f1d492df7e66cd33ce,Coinbase,google_play,"Avoid! If I could rate it lower I would. The fees are garbage. The app and website are cluttered and complex. And to top all that off, when they want to shut things down they will. I changed my phone and was distant from my stuff for along time now, going thru divorce, life changes, etc. Just found out today my Web3 wallet was closed last month at a deadline I didn't know about. Go google search Web3 wallet decommissioned and read other peoples reviews and experiences. Avoid!"
043c07b302393af94a8269df,Coinbase,google_play,now working properly extremly slow stuck most of times
ed33e92850e2f9543f043aa1,Coinbase,google_play,excellent
d630b416eebb480f4a2f3ccc,Coinbase,google_play,"if you live in Asia, do not get this app. You can invest money into it, but will not be able to withdraw it. I will have to go to USA to withdraw my 3,000$. I don't know why Google play offers it outside the USA. It's almost a scam! I spent over two hours with a rep B4 writing this review"
b6bd352bf077615eba0c210c,Coinbase,google_play,Love it. From the tasks to earn different crypto to the many different assets available.
f3a1a40be79e5f90e0597595,Coinbase,google_play,Love Coinbase!
49a854c8132f0fae65176b27,Coinbase,google_play,Hrea
5e370bf4a3152bb37c5e3e87,Coinbase,google_play,Difficult to get some of the questions answered via email.
4897191ab3fbae6e31fca7ee,Coinbase,google_play,it's quite confusing compared to some other apps but I really enjoy it now that I know how to use it and it seems to work very well getting my fat stacks is easy
ed0140d11f46ad29a6f71c59,Coinbase,google_play,"Easy to use, easy to see trends and insights to guide my investments"
1158323b15d818c078b5e1a5,Coinbase,app_store,Au top
78d2f3e5460c3eb625d680e3,Coinbase,app_store,"Unübersichtlich, wenn man Geld einzahlt stent dort das man Geld eingezahlt hat und abgebucht wurde nicht! Wenn man fett im plus ist verschwindet plötzlich der Betrag spurlos! Kunden Betreuung sehr schlecht wenn es darum geht das wieder in Ordnung zu bringen.
Nie wieder"
27a79fd14fdcbf944ea5187b,Coinbase,google_play,"this app is awesome, easy to navigate. user friendly & if you do get stuck (which I did) their customer service people are amazing. really helpful, patient & kind. their fees are way fair. really great all around definitely 5 stars guys ya earned it."
b95e58aa6d481e4e616d6ac9,Coinbase,google_play,"62 and trying to start investing, but app freezes after ""getting started""! Asks to open through app or Browser, click on app (just once) and takes me back to a frozen screen. NOTHING IS HIGHLIGHTED or able to click on to go further! I'm tapping on EVERYTHING, WHY ISN'T IT WORKING?"
14fb402ecbccc496c7c68319,Coinbase,google_play,just ok
7513740f15f57409cb79a450,Coinbase,google_play,im new but its easy and pretty fun so far!!
16cee84f0fea5d4b6ef6cdc5,Coinbase,app_store,Very good
fd1cfd8930748e706735ea04,Coinbase,google_play,"Too many problems will drive you insane, just stay away."
da8e7970c64eabab005f188f,Coinbase,google_play,smooth and seamless
1f5d2ee7b0defb5b583a6a03,Coinbase,google_play,Coinbase rejected my ID card for no apparent reason. I couldn't get past the verification stage.
43b15a0e87ba770b279fb6e6,Coinbase,google_play,Great app easy to navigate
c942cb51dd0c6a2bac88300a,Coinbase,google_play,Cool app I love it
0c20cf362cd761a34fc5ded3,Coinbase,google_play,Coibase is giving crypto a bad name. They are ripping people off. I've lost £thousands. There is no way to get your money out. Don't use this company. They are as bad as it comes. They should be banned and closed down. No support? Don't listen to the claim and send you some web address. It's fake and you can't speak to anyone. I'm gutted!
a2e105631d27f0ec9e564704,Coinbase,google_play,Very good app
651fe8abcca458ba3e35a4a3,Coinbase,google_play,"fix the bugs please, it doesn't allows to lookup other coin"
8cb043fa3298de660668d5e7,Coinbase,google_play,App worked great up until now. Says my phone is no longer compatible and I don't understand why if it was just working fine? Took away a star just due to frustration
29e77b467ddcc3709cd63b2f,Coinbase,google_play,I love the incentive rewards 😀 the app itself is very user friendly and straightforward. Fees and cost for crypto transfers are basically non-existent. Great Job!
f51f7651b953fe3671cf3912,Coinbase,google_play,easy
7d481cd2eee30c9edec9acb3,Coinbase,app_store,"Je pensais être sur l’une des applications les plus fiables car les plus populaires, j’ai donc transféré plusieurs centaines d’euros et j’ai fini par réaliser des bénéfices. 
Hormis les frais dégoûtants qui s’accumulent à chaque petit mouvement (une fois l’appli m’a dit qu’elle ne me mettait aucun frais pour passer de Coinbase à Coinbase wallet et finalement elle m’a prit 5€ 🤣), et hormis le fait qu’il n’y ai pas d’option « virer le maximum » donc tu peux jamais vider une devise à 0,00€ il y a toujours des restes… J’AI ESSAYÉ DE VIRER L’ARGENT VERS MA BANQUE ET la devise EUR n’est pas prise en charge ??? Donc je peux pas récupérer mon argent. Quelle arnaque, je suis écœuré."
988da28759d0eb46f33fdea7,Coinbase,google_play,most trusted exchange!
b8289e7324d22d0ec0fa358e,Coinbase,google_play,all money lost in this app
2957d6353ad1d23d31905364,Coinbase,google_play,"The fees are horrible and forget about trading When the markets get hot, it will just freeze up and screw you the credit card is cool and the app freezes constantly."
5c54b4f7c113d729a90117e5,Coinbase,google_play,How I buy cryptocurrency
33fa2293935392fea262dcc8,Coinbase,google_play,Easy to use and informative.
70ca99a5722ed65b7aa7af73,Coinbase,app_store,Meilleur application crypto a mes yeux 👌🏼
1d6d832de060e52350d1cd44,Coinbase,google_play,"Fast,easy, and trouble-free"
c25bbbb66e5463023838114c,Coinbase,google_play,I have been with coinbase since 2015 and I love everything about there service.
8a80223abe9f9883d9ec189f,Coinbase,app_store,J aime facile d utilisation. Et net dans les achats vente et transfert
47ea96f647466e0d83dc8f9c,Coinbase,google_play,"I love the coin base app and have since it was first introduced. Thank you,......Developers, programers and code writers for the best Crypto App all around."
ee02ea9789c8bf172ea553cd,Coinbase,google_play,very good
cf965930712d8598d0321130,Coinbase,google_play,"Fast, easy and secure. Highly recommended using the coinbase exchange 👌"
3e77908f76e516f78f1ebfb3,Coinbase,google_play,great app
9aa1d1997ede9d02cdd31572,Coinbase,google_play,"Thank you. Great customer service my app is working fine now , thank you so much."
58c8863dcd72150ff8ec989e,Coinbase,google_play,Awe
f63fcb4d08d28246558451fa,Coinbase,google_play,Quick easy and helpful insights
7568f56f4d882488dbaa0a66,Coinbase,google_play,"pushed the wallet app to buy a coin ""offered on coin base wallet."" downloaded and created a profile, searched the coin and it's only ""on Solano."" what a scam and I can't delete my profile/info. won't be using either app again."
3e21031d0aca402ee858f6f9,Coinbase,google_play,well rounded
b6f46719255a518ef2a91715,Coinbase,google_play,No explanations of certain procedures that are involved with registering this application to my phone or my computer.
19ee4436d1c60bdf6fe47299,Coinbase,google_play,They need to simplify it
340dc76e7fbc47841a9f452e,Coinbase,google_play,Won't download
1334034758fd4ebb367e41ed,Coinbase,google_play,"Scams you. When you have your investments, all they show is ..... dots. Absolutely abhorrent scam. And they're not even trying. Every other review gets addressed except mine."
e32120997b259328585e437c,Coinbase,google_play,Nothing but problems.
c90922e027c4ebd0692f1403,Coinbase,google_play,App keeps getting better
d40f9d4f4fb6c116a28659d7,Coinbase,google_play,"They still charge fees, man they most have some funny kiddos running this company lolz"
2bc64ec86d83afbf48f1a22a,Coinbase,google_play,It's an experience!
d5ae7e4eae63052fdfdd3b69,Coinbase,google_play,Improved security features.
d60c6d9876fac601b21ba47d,Coinbase,google_play,good platform
fb8c80e07384108406d7566e,Coinbase,google_play,my first review was about crypto being bad... stock exchange is way worst.. stay away.. they live on their own rules.. trash company
2618b2c12e36fbb1ec808c5a,Coinbase,google_play,"Extremely frustrating app, sent money in good faith, can't send crypto, can't withdraw money, or do anything on this pitiful app, going to find a way to get my money back out of the app then plan to uninstall it from my phone, a complete waste of time, everything ""fails """
ae11caa6e4ca546680d318c3,Coinbase,google_play,"Easy to use app with sky-high fees and charges. I held cca. 800USDC. To get the money, first I had to sell USDC for euro, it took a fee of 20USD for the transaction, then to use instant withdrawal would have cost further 16 Euros... (One-day withdrawal though PayPal is free) That's all together more than a 5% fee. I wanted to get some return, that's why I bought USDC, for the ~5% APY rate, but it turned out I lost quite some money on my intended saving.. it's a ripoff.. :( Avoid it.."
ad8ee112dcdb48a47a245dc9,Coinbase,google_play,"Your tutorial is very helpful unlike other experiences I had,I need much more experience here before I can fully give you more reviews ,the start up seems easier than others."
a0098c8405ece728a7334010,Coinbase,google_play,Was fine until my card expired. I registered my new card and now it will not let me withdraw my money and I've tried customer support and everything for MONTHS!!
c18fffeb2a4278e258896624,Coinbase,google_play,"Just learning and need cash and experience. Been so broke lately really hope there is something that will pull me out gotta do something it ain't easy,"
1dd1ec5363860fdc62a6b460,Coinbase,google_play,The best crypto app in the US.
ecc2ac8d2ba21017227c5c09,Coinbase,google_play,"IF ' NEW TO CRYPTO, DON'T USE THIS APP TO BUY ANYTHING! It is a good app for checking what the prices of certain assets are, but otherwise use something else like bifrost, trust or dcent wallet... not coinbase.. Coinbase charge high fees, for buying and selling but don't let you sell to make any money... REPEAT YOU CANNOT SELL ANY OF YOUR CURRENCY FOR PROFIT IN REAL LIFE... ITS A RIP OFF.."
034512c97dcdd73375d58fca,Coinbase,google_play,amazing platform for purchasing g crypto.
3a438b802047933a86cc94f3,Coinbase,google_play,please fix the add collateral failure bug. 🙏
11e7578c5b88f4fe987e89d1,Coinbase,google_play,good
96ead53fa6aed207ce1c53a6,Coinbase,google_play,awesome experience
bda9971e042a94cb7c59cb7d,Coinbase,google_play,undecided.
d08332bc8b46106a809966ed,Coinbase,google_play,Pepe !!!!
02ae712343c5d72ca22bc0ea,Coinbase,app_store,"Obwohl ich bei Coinbase 24,99 Euro pro Monat für eine Mitgliedschaft zahle, sind die Gebühren bei Binance insgesamt niedriger."
43474e869a37e6cc3015fc37,Coinbase,google_play,Great so far.
e840e5c5aec3d09664e9e6fa,Coinbase,google_play,"This app is useless. It's refusing to allow me to withdraw my money, and they don't have a single human customer service representative working for them from what I can see. Don't go with them. Furthermore, I tried their chatbot earlier today. It is useless and unhelpful. I need to speak to an actual human representative. It is the only way my issue will be resolved. Furthermore, the chatbot is useless. The only possible way to resolve my issue is if a human representative helps me."
6337cabd0885a335c9c0a246,Coinbase,google_play,"Useless app, can't buy or sell crypto, you just get errors"
b2bb2aae8d59ec8289dbbec4,Coinbase,app_store,Stehe seit Wochen auf einer Warteliste wo man weder einen Status noch irgendwelche Aufforderungen erhält! Jetzt hat die Video ID stattgefunden und nun passiert wieder seit mittlerweile fast 48 std nichts und eine Meldung bezüglich Status bleibt wieder aus…
2f21f64ddf77cb0e03218390,Coinbase,app_store,Seit dem letzten Update funktioniert der Login nicht mehr
c709978f0f699b243f0693e4,Coinbase,google_play,"I love Coinbase. Kraken used to be my favorite crypto app but now it's definitely Coinbase. easy to use and it comes with a physical debit card you can use too. only thing I don't like is you can't send crypto immediately after you deposit. other than that, great app."
c27d92cf6b850cb9bff0dfaa,Coinbase,google_play,exceptional!
589b7e801e9ce86f92336cb9,Coinbase,app_store,Great work
1146ad0d9e3b8930450ecf0f,Coinbase,google_play,Works
e58f48469fc1384c827f44e6,Coinbase,google_play,moved back to Australia from taiwan and now i can't log in and have tried so many times to reset my password and nothing.
2743711c5a661a3dede3fd8c,Coinbase,google_play,Buy coins
80a8948b0403706c47506e08,Coinbase,google_play,Good bade for trading
4a81366ee8317d58e3755f7c,Coinbase,app_store,I don’t know why I got to answer a bunch of questions just to spend my own money I’m getting sick of this test I’m going to get kraken instead it wasn’t like this before but I geuss good things always come to an end
1a96c15021934f84cebbd0d1,Coinbase,google_play,Haven't been able to get in. What I wanted to buy has doubled. It keeps sending me in circles
16799b47c07b04c9904c4fa9,Coinbase,google_play,For the past several months half the time screens won't load and you have to keep closing and reopening the app. Very Frustrating!
e24bb83258b023cbbfca07ff,Coinbase,google_play,"Great App, I like how simple this app is to use & figure out.. Imo, it's the best Crypto wallet there is available for download in google playstore.. You can buy, Sell, trade, send/recieve any type of Crypto or Currency to/from anyone.."
fe55a22abf9c2089524fba2d,Coinbase,google_play,Great
5ce1e70164c606d7c1cd3f4a,Coinbase,google_play,"Glitchy, nothing ever loads. I'm on 5G, using a Samsung s24 and prices never load. very frustrating"
ae6ec79a4d7d31393a248254,Coinbase,google_play,"I hadn't used the ledger flex since I upgraded from the nano, I transferred BTC without a hitch. They even checked to make sure it was me, making me feel very secure about this process."
63c2c9dfca57366ca6124792,Coinbase,google_play,Very easy to use.
f17b58e46f108d0331c3d153,Coinbase,google_play,"Safe and secure. So safe, that you better not lose or forget your login information. It'll take you some time to get verified again."
dc7d4660f8cad76a125522f8,Coinbase,google_play,easy to use
9e7693653dde1a294a991812,Coinbase,google_play,coin base one card. Great!
b7537319c399407178514545,Coinbase,app_store,Très simple d’utilisation
09145f5e09e9a5453342dbde,Coinbase,app_store,"The worst exchange in UK. Compliance team and support are extremely difficult to use. Stopped me selling my Crypto randomly when I needed to sell, even after using them succesfully for years. Gave up after numerous email exchanges and joined other exchange. Coinbase were quite good before this Summer but now absolutely dreadful."
22aaf9fd979c82cc5105e5ac,Coinbase,google_play,Good
7c889905f33087629afda392,Coinbase,google_play,"The app keeps crashing, cant open"
321fa85d30ec8ae850844331,Coinbase,app_store,À tester !
ffe77833ec4c065836415afb,Coinbase,google_play,Very engaging and informative
b37a7c2603401f11fcb767a1,Coinbase,google_play,Easy fo invrst and make money with coinbase.
2d0c37495477ba1fd201be9e,Coinbase,google_play,would give 5 stars if customer service was better.
d2f1a3bb91549bae8449a4ad,Coinbase,google_play,This app for me Buying bit coins made easy
359b732f9704e21ecf5a39b9,Coinbase,google_play,Great investment app for crypto love it.
e3bcffb8742e3021d5c81751,Coinbase,google_play,easy to use. efficient and easy to navigate. it would highly recommend Coinbase for crypto transactions. it gives you the price change of currencies by the second. great for buying low and selling high. I was recommend to use Coinbase and I'm very happy with it.
a0af4aec63e6f409cea2c669,Coinbase,google_play,great way to start out is with coinbase
61aeecdb7d8b34ba4416d945,Coinbase,google_play,cool experience
55febf4404428b389d06826a,Coinbase,google_play,I absolutely love this app!!!
8c538fce229c9e2158375dc0,Coinbase,google_play,"unable to sign in almost a year on my coinbase account,keeps showing check your Internet connection and check status while my Internet connection was full.pls i need a quick response I can't wait to get back to my coinbase app."
115258fdd3527d87266de868,Coinbase,google_play,The app is very easy to use
962feed198bdcb0582cff041,Coinbase,google_play,Good money maker
a5883fdfca8350b4d329d073,Coinbase,app_store,Blockt eingezahltes Geld
5bed56cf98cde0d937b12a11,Coinbase,google_play,I have earned and learned so much through Coinbase. It is a great way to get introduced into the world of crypto currency. I still have A LOT to learn but it's potential is exciting. This app is very practical and explicative to the newcomer and expert alike. I'm very thankful to have been using this app for a few years now and have high hopes and aspirations to watch my finances grow and explore all of what crypto can offer the world.
836f2511dacfd6a6d9e9a0b3,Coinbase,google_play,Instant and seamless account funding...lovin' it.
43b067ec1abcb34db652cc83,Coinbase,google_play,"i love coinbase, they make learning about crypto and other forms of currency fun to do!"
1ef379a307a82f4961056206,Coinbase,google_play,Ease of use.
b6158037d7ccf3f966730c62,Coinbase,google_play,coinbased are scammed exchanges. they are very strict to verify your identity but very easy to steal your money. coinbase are 100 percent unsafe exchanges. they require you passport in order to approve but their site are scammed. dont waste your time to trade here. 🙂 😌
1ab6456f6c521b98706f2742,Coinbase,app_store,"Wenn alles läuft, ist es ja toll, aber wehe, Du brauchst Hilfe. Bei coinbase gibt es keinen Support! Keine Telefonnummer, keine Email-Adresse, kein Kontakt-Formular, nichts! Man ist einfach aufgeschmissen und muss seine Investition wohl abschreiben. 
Der virtuelle Assistent ist ein Witz, sobald die Fragen komplexer werden. Was kann man also noch tun?"
8bda2a8f25481c94782dfd91,Coinbase,google_play,Horrible interface
45c6760c1f4e4f37e754ef0b,Coinbase,google_play,"I left robinhood after seeing how much better coinbase was. Now, a cherry on top would be if I won the 2 bitcoin... god knows thats life changing.. perhaps lifesaving."
f8f61cb103fe1dbc3a192a35,Coinbase,google_play,kyc and they dont have option to get interest from bitcoin that you hold on this exchange
2c272a92e8009761d837f65b,Coinbase,google_play,The app is very great 👍
34944a7e1bf9f8151078767f,Coinbase,app_store,Très intéressant et intuitif
dcedeeecf670ced13255f738,Coinbase,google_play,"As a newbie it can be confusing, but they're the most informative site I've seen."
4ccc88b458a1fa27844c32be,Coinbase,google_play,I really like the way the app is now. It has really gotten better since I downloaded back in 2021.
bec85ab2d5818f26e38457e4,Coinbase,google_play,"won't log me in after choosing email, stuck loading."
035d33dd36a94c71264ddc8f,Coinbase,google_play,"Crashes every time I try to buy in advanced mode -- annoying! All I can use this fir is checking the price of bitcoin, my holdings and adding cash to my account. To trade, I have to switch to my desktop. Please fix this! 12/9/24: It got slightly better for awhile but was still painfully slow. Now it's totally unusable again for trading. Very concerning. I need to find a better way to buy btc."
67e3de4fd02cb1cd75329889,Coinbase,google_play,Thieves short and simple
35123eb0f4b372e7d41c4893,Coinbase,google_play,Love it
802e379bdc2a154bd57276b6,Coinbase,google_play,worst ui I've ever used i spent over an hour trying to login just for it to make me restart and do the exact thing again when I got in they wouldn't let me change my number everytime I attempted I got redirected to the home page
4341037bac653b5dc8d4ba74,Coinbase,google_play,it was easy to get started now if I can get startled I would like to make a purchase and what is my daily limit
b620eb09c2ec21121768d886,Coinbase,google_play,It making a noob like me learn about crypto
9a923e9267c52352c84eaa42,Coinbase,google_play,Says update but can't find update button anywhere. Won't let me in.
94c1f48c6f1f7c35f3d94e5b,Coinbase,google_play,Login is not possible anymore. Deleted the app.
3ff6720b351c42070cbae9b6,Coinbase,google_play,Good baami
61d710f1785e89e897dd007a,Coinbase,google_play,"Creating the account is easy and quick, so far the app is working good, we'll see later how the correlation it will be."
570b6d4064c519d300d54769,Coinbase,app_store,Top
3ef3f74a1efca2dcc30bbc1b,Coinbase,google_play,"They are simply a scam, offering terrible customer service and stealing money"
7b8fe4c5e90e1ed54b00599f,Coinbase,google_play,good
b532e460d06438cb4f117b93,Coinbase,google_play,Solid Crypto Platform. Easy to trade and hold Crypto currency. Get in while you can!
d47242150dcfeb9b0c680d7f,Coinbase,google_play,Beneficial
62e699c0f0e17a1766d4e88b,Coinbase,google_play,"Coinbase has been one of the easiest platforms I’ve used for buying, learning about, and managing crypto. The app is beginner-friendly, secure, and makes sending or receiving crypto simple. I also like how easy it is to track prices and explore new coins all in one place. Great experience overall and definitely a platform I’d recommend to anyone getting started with crypto!"
801c2d8d76d0c4b59afad227,Coinbase,google_play,transactions are user-friendly!
6d2dd8f46b8623a77e53a17d,Coinbase,google_play,the best app and easy to use 👌 recommend..
c73636a31515f2bcc637f9d7,Coinbase,google_play,A great app to hold on to your future!
d38ecd7abd033ca2d315571f,Coinbase,google_play,Great easy to use app
823a85050491a7d63cea33d6,Coinbase,google_play,Hassle free (as anything so secure can be)
40af4b262b89e4c132bbea13,Coinbase,google_play,Just a newbie but already making few bucks Edmonton Canada here😍😍😍
74a402bf917fd8c16ad862f6,Coinbase,google_play,After several aggravating days attempting to use several other apps coinbase made it easy. Wish I had tried coinbase first.
e32b45adce5357ffe15349af,Coinbase,google_play,"I have only been using this app since February this year, but the experience has been mostly good. Why is coinbase doing maintenance during a period where XRP spot ETF announcements may be released? This could block access during an important time. Now I feel the need to find a good alternative platform to use as a standby."
f3389b84fab9b42ba55dc65e,Coinbase,app_store,Génial
a071b8809ea837309998d874,Coinbase,google_play,Tried alot of different exchanges.. coinbase is the best in my opinion.. April 2024 update end of 2025: still the number 1
21c3d0d0ca7ce67adc15171b,Coinbase,google_play,"After the last update, it started to work slowly. It takes a long time to search, buy, etc."
74b1f95e68f9953771f6c939,Coinbase,google_play,It's dope
40de4f8fd5737b372461f140,Coinbase,google_play,Doesn't let me log in or create a new account
6bac369998cc93b0ebc58baa,Coinbase,app_store,"Seid Wochen warte ich auf die Verifizierung meiner Daten, keine Antwort vom Support."
57db9a546c5d66fea8c9f631,Coinbase,google_play,My account has been locked for 2 weeks. Can't buy or sell crypto. Can't deposit or withdraw cash and l don't know why. Nobody will tell me. Not happy. They don't don't care. I am just one small new invester.
3bede89ca2e1f1713a84337b,Coinbase,google_play,"Coinbase has always been there for me,,,in the early XRP Army dayz,,, evin before Covid."
c828f0b613b62503c7216962,Coinbase,google_play,Very easy to use. Rapid transactions - deposits and withdrawals are almost instant.
c78c354b20796f553a01a92f,Coinbase,google_play,I've learned so much from coinbase
57f714de4e80c2f15850a295,Coinbase,app_store,"Amazing app, realible and fast"
bdf6cff0d1f168b38551bbe9,Coinbase,google_play,Terrible and they double charge. They have a spread fee whey they charge you more to buy and then you sell for less. This is on top of their already ridiculous trading fees. You cant regularly trade on this platform and make a profit. Has in part destroyed the crypto industry as binance global was 1000x better to users in every possible way. Coinbase rips you off blind.
5ee8db75ace917ce0a690fb1,Coinbase,google_play,Beast
ec4f2d52622a56bc27337c24,Coinbase,google_play,very easy to use when you have the handle on it and find your way through the onboarding process 💪 🙌 👌
136b8153774038feb8a55cb2,Coinbase,google_play,good
4a15da301e97933058548fd8,Coinbase,google_play,neat UI
b7abb656b4b2d6061621dce3,Coinbase,google_play,Am trying to download the app but it says is not compatable with this version i don't how u will help me but i want to download the app
841d32af2a4d362849e7a3fa,Coinbase,google_play,Excellent service and helpful.
baafbdc5be70e65f865b51c2,Coinbase,google_play,works great
98635ccd194f6831770e1c14,Coinbase,google_play,great
610b89dea402f2e7b5d77c92,Coinbase,google_play,constantly telling me I have insufficient funds even though I know I have the money. don't know if it's connection issues or what? but it's frustrating and annoying.
17f0a249db04bb8df562ea16,Coinbase,google_play,SCAM WARNING!! Literally steals money from your account. edit: I have verified and yes indeed Coinbase platform STOLE 90% of my assets. Thanks a lot scummy thieves.
52ec8baa58434562f33123b3,Coinbase,google_play,awesome
e450607f8e58869aea1f4a4f,Coinbase,google_play,I'm learning but so far I'm liking it!!
152e1b9a75ea599858edc12b,Coinbase,google_play,All good
df72bef715b1600d178b14bb,Coinbase,app_store,Verifizierung mehrfach gemacht - Computer und App - kann ich einfach nicht verstehen das es heute noch so kompliziert ist einfach ein Konto anzulegen - 3 mal Ausweis hochgeladen  - 60 Minuten Lebenszeit verschwendet und ich kann immer noch nicht trauen 👌
19a37d0dd71793b3ae9b7ca8,Coinbase,google_play,They made me give them all my 2fa and address info and didn't approve my account the app feels cheaply put together I think it's a scam
8706ebba3042757c1f79ac19,Coinbase,google_play,So far so good
a3be8e9a0a0cde33d4d5c7cd,Coinbase,google_play,Hodl
cd05cb790098b8d4fbf06a4d,Coinbase,google_play,Best service
c1a6d0f4a10fab727cd3daf2,Coinbase,google_play,I'm learning more about this investment I have a couple different investments going on this is new to me but I like it
910d1c4f2863e52f22f93b6b,Coinbase,google_play,Priceless
19145b28fc2b3d8cf4c77591,Coinbase,google_play,Pls stop restricting my account. I worked honest jobs to put in money in that.
e44a01585475a3012e36e366,Coinbase,app_store,"Coinbase is an excellent app for buying, selling, and holding cryptocurrencies like Bitcoin and Ethereum. Its user-friendly interface makes it perfect for beginners, while features like recurring buys and price tracking appeal to advanced users. The security measures and regulatory compliance add an extra layer of trust. A must-have app for anyone entering the crypto world!"
2fcb5d248da914d1c324ede1,Coinbase,google_play,"Crypto isnt a scam however this is. I purchased a coin at 3.09 and states I bought it at 3.15 another thing is they take out 20 to 30 bucks every transaction. I sell the same coin 3.30 and says I sold at 3.20. America needs kucoin back. oop update cant your phone number either, quite sad knowing make billions a year and doesnt have a support phone number with actual employees. 😂😂 cant believed we banned kucoin for this garbage app."
d701aa7d4681e79ee920e612,Coinbase,google_play,The update had made the app slower to completely unusable on Android 12. When is this going to get fixed?
e2fa1e948efff34e03e62474,Coinbase,google_play,Very intuitive to use
3919dc9cf0645f6069f9a1a1,Coinbase,google_play,"Coinbase is EXTREMELY OUTRAGEOUS. They charge irrationally so much money for every transaction, which makes you feel like all you do is lose money to this horrible app, unfortunately."
4c1d87fa078e28ec2b01b9d3,Coinbase,google_play,very disappointed in being lie to and then money being stolen from my account and there definitely no customer service on this app please stay away unless you like being scammed and money just take from your account. keep away unless you love having your money stolen!
5ab51dc15e210798d801ebae,Coinbase,google_play,Very user friendly.
f05619db21ee4afe7366a16e,Coinbase,google_play,Simple and easy to use.
1406aed094b679d6d7d7e870,Coinbase,google_play,"I spent money and due to financial reasons, I wanted to withdraw the money I spent on a stock into my debit card. And it says that the payment method supposedly isn't supported for withdrawals, but I'm allowed to spend money with my debit card? I would like the money I spent back please."
202b4af493aef967e9133e09,Coinbase,google_play,Great app. very easy to use.
a95ef05b0c851309134dff76,Coinbase,google_play,it's really easy to use for casuals like me
db0049ec4b00f407e98fc770,Coinbase,google_play,I love Coinbase. great Service. easy to use. and keeps my Crypto secure
f04c6449486344dab2dd179c,Coinbase,google_play,trying to withdraw funds is difficult Questions asked never a reply sent very unsatisfactory suport@coinbase. DOES NOT EXIST
349dce21415e11b8db3244f4,Coinbase,google_play,corrupt. I noticed that they just did the predictions where you can predict they just added that recently I don't know how recent I haven't really gotten on the app in a while and I decided to bet low I would have gotten about $80 back on a five to $10 bet but you know it didn't quite drop low enough but then I go look at the chart on Google for Bitcoin and then I went and looked at a chart on PayPal for Bitcoin and table said it had not gone higher than the number
4a2c5e9db21e155d66fec9d2,Coinbase,google_play,I enjoy this so much! It teaches you everything you need to know. And it pays you to learn! Brilliant!
a2582acaa19da117012368ea,Coinbase,google_play,Very professional and easy to use.
663c1f626812499ea8318f91,Coinbase,google_play,very good
ad618aee5bb63885ffc5b96c,Coinbase,app_store,I don’t know much but it’s user friendly
709cbbb42f1f0a9f1549f508,Coinbase,google_play,Fun!
a0c43548de0f2eae62771fde,Coinbase,google_play,"I have downloaded the app but I didn't get a wallet number how do you have access to the account,ty"
940340a3b0223f9d5e256b1a,Coinbase,google_play,Cannot login on my Android device. Rejects my email and password based login. Apparently not compatible with my DuckDuckGo browser. Icons and buttons are broken. This is the first exchange app that is totally dysfunctional. 👎
e81a5f520e003ab9882e1471,Coinbase,google_play,"Easy interface, helpful app for learning about the different currencies."
7d59beb04477497f3a1cc356,Coinbase,google_play,This app is a scam...been trying for 3 days to make a trade with no luck. works until there is market movement. are you up big? well u can't sell the system isn't working...market plummeting? well u can't buy the system isn't working.
17b2da7e33dab0bd2d2ecdbd,Coinbase,google_play,Help is abysmal. Can't even get to chat with a live body. Thete is no option that tells me why my account is still restricted after more than a year.
c5575db45f3e36367cff1374,Coinbase,google_play,Fast Accurate Convenient Trades!
7bbfc8c95a0ccf3509c66c57,Coinbase,google_play,Simple to use but cost $0.99 per purchase and 0.05 to convert crypto
a4d3af5706d298f1b44d5d90,Coinbase,google_play,"Straight garbage app, can't sync up to PayPal, keeps crashing, makes buying crypto impossible. I'd give it zero stars after reaching out to their customer service and they have no clue how to resolve or figure out the issue."
1708c618588875ca47706121,Coinbase,google_play,Exceptional
77e8b732c69e8e0ca9501692,Coinbase,google_play,all this app does is delay everything that you try to do has delay or hold it's just poor service very disappointed
f9bf0dedd81942d4d1b80485,Coinbase,google_play,Coinbase allow hackers from Serbia and China access my accounts. DO Not Trust Coinbase!
928553ee28c87f3a3c0fa4fc,Coinbase,google_play,Great app
d2e540874c9b1127e7a51194,Coinbase,google_play,good
ff64a06843e587979e72401c,Coinbase,google_play,Stop signing me out retards
aa49940f5cb1acd50d86a886,Coinbase,google_play,"Decent exchange but you do not own your crypto if you hold on exchange. Also them pushing the coinbase one membership to everyone to try for 7 days then if you forget $30 month. After using it most traders wouldnt even need a one membership. Slow and unusable even when the markets move, I'm changing exchanges"
4d2821e00bb0f4aa9cb604c3,Coinbase,google_play,I have used coinbase on two ocassions so far. My experience is phenomenal
060957a70c7a7edf55ec5e64,Coinbase,google_play,so far so good evening works the way it should and ive been happy I love my coin base card FYI super worth it
8165866a9e03a3090be45f42,Coinbase,google_play,Best
c5b25fe290a75a043efd64a8,Coinbase,google_play,"Ever since latest update, constant issues of ""no Internet connection"" yet Internet is required to simply get into the app... MAKES NO SENSE! Have to close app, then reopen to simply view status, let alone perform any trades or other actions."
a233853593fb21e999274273,Coinbase,google_play,Great app a must try...
48e682528ecea68971a53d1a,Coinbase,google_play,easy to understand
ae9dba9ea94c4202472e2047,Coinbase,google_play,I earned my money fast on here
00a0c8b0117e44249290d9be,Coinbase,google_play,perfect
c4921a71d02f8593c914b38f,Coinbase,google_play,App worked fine last week and now my phone isnt supported. Major L
aa23bd95d19a3ab518d04095,Coinbase,google_play,Best app good for investing
87f7f84353a3e8d1fe0c2b12,Coinbase,google_play,eazy
4393ac9d0b3164a328c98e12,Coinbase,google_play,I just want to buy with cash at s machine and not use a band card. and where's my Bitcoin icon
8e4b1c392bb91c763e969045,Coinbase,google_play,cannot log into my account for the past 3 days. wasted 45 minutes yesterday 20 with AI silly answers. No help. Then texting with a human ( i was told)Absolutely no help. Then amassing i got cut off. Trying again today not working. It is Trying to set up a another account. ask for my DL photo. I did now its asking for me to fund my account. Did that years ago.
4ba0fb442c3f8eda81aff5dc,Coinbase,google_play,I have not been on my acc. In a time. Trying to log in .it said my phone is not compatible with new app. I have a new ph. New number & new email address.how do I fix this?
34dfc59b0bf0e429a64d5474,Coinbase,google_play,fees are a little too high but i find it to be one of the best exchanges to use.
136d0889d048c75c623f380b,Coinbase,google_play,can't sign up
17cbe0ac56982a477119894b,Coinbase,app_store,Use the website as the app doesn’t let you sign in
4ccccc99f4480d327d978cad,Coinbase,google_play,The worst
2f17c536d72fcb1c7b0e6750,Coinbase,google_play,"I've been using Coinbase for years, easy interface, everything explained in simple to understand terms. I honestly haven't had an issue and had to contact support once. 5 stars guys."
8c572b49bbf8c76ae3a87154,Coinbase,google_play,"It is a scam! Whenever my account goes in plus, they block my account! When it goes to minus, I am able to sell with loss! Verified already 3 x times! It is built just to scam and make you lose! Stay away from those thiefs! Today it happened one more time! It is clear who owns this fraudulent system! No regulatory, where you can really fill a complaint! STAY AWAY from this fraud!"
e76966ec34c94895c807461f,Coinbase,google_play,Why can't I download this app on my phone
a79a565844546589967dfff6,Coinbase,google_play,Very good App
8639d2bdc3a7adca12323b31,Coinbase,google_play,It says my device is not compatible with this version of the app. My phone is not old so it should be compatible..
e5ef211458b0dc8a30735add,Coinbase,google_play,Staking is something I want to try. Coinbase allows it. I was going to uninstall until I heard this can give me passive income.
8f797955a0a0a801aa730d22,Coinbase,google_play,Amazing app for beginners
7be9354975a20c04a12d515d,Coinbase,google_play,waste of time
acc0e94960c87978eb204812,Coinbase,google_play,pretty good so far I just got started
cabb4d267867e43c5e6c613a,Coinbase,google_play,I experience difficulties in opening an account very terrible experience with app
a34cd4bfbfc793452561d9c6,Coinbase,google_play,the best its simple and fun
ab9e8e9274be113edf5e3d45,Coinbase,google_play,This app is a scam. Purchased the trump official. Got robbed. It's not even possible to cash it out. I'm disputing it with the bank now. It can't even be traded to another coin to cash out. Total dead scamming end.
d940f8640a4bf452e59d2943,Coinbase,app_store,The most  rubbish exchange is Coinbase  my account  has been restricted for 8 months now asking me same stupid questions again and again  plus trading fees very high. Best one is REVOLUT bank itself and crypto exchange and low fees
4e33a050caf80f4c862e15d6,Coinbase,google_play,"The worst exchange out there. I would rate 0 stars if I could. Most recent withdrawal never showed up and even when you wait on the phone for 5 hours to try and get some technical support, the just pick up the phone and instantly hang up on you. UPDATE AFTER REPLY So now you wanna help just cause I left a bad review... But no help was offered after wasting days of my life trying to contact you...... Obviously rating matter more than customer support, makes no sense. 😔"
14868d4273cbbf48a81e86c2,Coinbase,google_play,Tried to join but it will not accept my phone number. Says it does not accept digital phone numbers. Kind of Ironic really when we are dealing with digital currency. EDIT: So here's the deal. I have a cell number and it keeps telling me you do not accept virtual numbers. How do I make this work?
677fc3aef87342b1a9779ce3,Coinbase,google_play,Horrible Customer Service!!!!!!! Glitch with sending coins to base wallet still not fixed. Base Holding tokens. Didn't fix. Just use Robinhood. Too many headaches. Outdated app needs a lot of work. Maybe more servers? How does the base wallet accept flare tokens from coinbase but you can't send them back???? Glitch in system. STAY AWAY!
56e63d1deb1db4fde68562dc,Coinbase,google_play,Great
bbb33db6a38c884b3ea152e3,Coinbase,google_play,Great experience 👍
fb5c7be4d3061f9f7f9fd6d6,Coinbase,google_play,easy
10459099e72498b1d755bbb6,Coinbase,app_store,"Seit 3 Monaten steht bei mir „Sie stehen auf der Warteliste“ wenn ich mich verifizieren möchte!
Also unterm Strich : es geht leider nicht!
Da muss ich mich wohl nach anderen Anbietern umsehen, sehr schade"
b3b72123240bc4987d03f867,Coinbase,google_play,Easy transactions and am highly satisfied.
74ad11392e2dfdd7dfa1b75a,Coinbase,google_play,play endless games with your time and money doesn't regester right imformation goes back And forth after it's been registered playing games
cdff62e875508bcb08a411af,Coinbase,google_play,"Coinbase has broken the cardinal rule, they now make you watch their stupid ads before giving you access to your own money. I can understand ads on the same page as your money, but a mandatory ad between my money and me is over the line."
2038deb370416f1f972cb748,Coinbase,google_play,it could be easier to understand
e4d5d2d6be7096971e37f1d7,Coinbase,google_play,of the many platforms I have tried this one has the best protocols for transferring money from one to another account with the lowest charged fees of any and all the platforms. I rather dislike the security features that keep a owner from accessing their own accounts but it's easy enough to unlock it so long as you have the physical card.... Imagine friends you are enjoying a membership to coinbase one that cost you nearly 300 dollars for the entire year and all the sudden you go to log in and
32af7021f3506f40224ed8c3,Coinbase,google_play,"complete joke. customer support is useless. put your money elsewhere, wouldn't trust this company to was the clouds go by."
1e907eb5952025c3ed3ffecf,Coinbase,google_play,easy of use its gotten better over the years
7b9c9b5702744bbe1daaf39e,Coinbase,google_play,is there any way to recover my wallet? I had a breach in my Google account and I believe there may be fraudulent activity within my Google wallet.
81d2078889bcb0a79d2cbb86,Coinbase,google_play,This app is very good for trading
c2baef227ef73f56f26285a8,Coinbase,google_play,Simple and easy.
73bcea8598365e0bd3ce2106,Coinbase,google_play,"I tried verifying my id severa times and it does not work. Therefore the app is useless. After several tries, it finally worked. I saw the following motto in the app ""coinbase makes cryprocurrecy easy"". Best joke I heard în a while."
fa043c9aeaefed01fb8169c4,Coinbase,google_play,After installing and opening the app I went around in circles for about an hr with new codes and confirmations.. still didn't get in finally deleted the app. I have robinhood and Charles swabb had to ameritrade in the past was fine with all those and every other app so I'm not retarded.
79974769b7039c5d0201ec80,Coinbase,google_play,"It was good for a year or so. Then the spam calls, theft of assets etc. I've locked my account, and somehow it gets unlocked, and more assets are gone. Every attempt to contact goes unanswered. I've gotten better customer service from Comcast."
33c9a5176e3145faeef2d12a,Coinbase,google_play,Loving the experience and happy I finally jumped into the crypto pool
b6f36bd88ea2a453805cc7c1,Coinbase,google_play,Don't want it. I hate Bitcoins!!!
241149d56191e4cfaa7c7b53,Coinbase,google_play,Quick and easy...
b511478ef8c5d55000458202,Coinbase,google_play,Excellent
4b42b6fac85d3572f62111bf,Coinbase,google_play,"Horrible would never use or recomend again,no customer service, you will never get your staked money on time, will have to wait for days, lost plenty of money because of them, oh and i had coinbase one 30 dollars a month what a joke, all done, uphold and binance for me update, still havent recieve my money, no customer service, have live chated with over 5 ppl and they wash their hand and refer you to ( EMAIL SUPPORT TEAM) so nothing gets done i pretty much got my money stolen by coinbase"
eabda4c868f789c92e30108c,Coinbase,google_play,The best
1fe83c6138c3fa6ff154e722,Coinbase,google_play,Recent change rly stinks. They adjusted interest rates for USDC from 4 to 2 percent. You can still get 4 percent but now coinbase wants to pass that risk onto their users. It's slimey and unnecessary ESPECIALLY in a volatile market that is in a downward trend. Your liquidity is valuable and you should not give it to coinbase.
881fbee48bd17476a76d7b9e,Coinbase,google_play,Not user friendly. Difficult to set up passkey!!!
2d22da835063b4f54482d2db,Coinbase,google_play,Fees are too high
a23a3bc1d10e034cd665adde,Coinbase,google_play,awesomeness
f68a8203278189ab8af19644,Coinbase,google_play,very easy to use but a little expensive
9a54535aa655930f7713bb3c,Coinbase,google_play,"works well enough, simple to search, find and buy coins."
bc93978116f6fbb3b841d328,Coinbase,google_play,Great
0020a1dc46cefa3fca0077d5,Coinbase,google_play,the payment set up process is a complete nightmare. a few years later after quitting trying the first time and it's still a problem. I tried typing in the 2 small amounts from coimbase and it won't let me enter anything past the decimal point. unbelievable. it only lets me enter 1. on one and 1. on the other.
6efb184c6c77b66fbc291cbb,Coinbase,google_play,"Horrible app. used to be ok, now it sucks, fails a lot and you miss trades and also sometimes charges you without you wanting it to. terrible experience i suggest people us a different trading app like kraken or something.. Do not buy the coinbase one feature, its handy but when coinbase isn't working at times or trading you just loose money and keep getting charged, over all this app isn't worth it and you will miss trades for sure, and sometimes you won't be able to withdraw money for weeks"
c20d415aa35fb3669b71b697,Coinbase,google_play,Confusing and Laggy UI
5abf6afc02cf6ff44df71846,Coinbase,google_play,Good
4bef6ca2eeed5505348fa545,Coinbase,google_play,Great app works great
58c69f1740bf7c8c4433245c,Coinbase,google_play,I'm just getting started
7f845f7c82ba17befefb2335,Coinbase,google_play,Money!
31274fc5fc75ba0c3cc2360e,Coinbase,google_play,Love the app and I'm learning alot about the different options for investment stratigies
bf8150409c6fe341e6718fc8,Coinbase,google_play,Great Experience!
f81a008a93c9a4acc15fdddf,Coinbase,google_play,very easy to use and great information
4ec9395ba97f472005faa880,Coinbase,google_play,"really good fast trading, clear analytics"
dc1b69a7e343b1a721de5438,Coinbase,google_play,"this app has so many bugs... I haven't been able to quickly trade my crypto half of the time resulting in market loss. the only reason I gave 2 stars and not 1 is because Coinbase itself is pretty good but whoever is in charge of their app needs to be fired... Edit:(thanks for the generated response but if I need to restart the app or my phone constantly to make the app work again, then the problem is in your app.)"
b6731381d600ec068d6e73a3,Coinbase,google_play,"Horrible, trash company. DO NOT TRUST WITH YOUR MONEY."
733e4ede8c3a7ade21c242e7,Coinbase,google_play,"Only issue is I have to log in twice, most of the time. Otherwise I love it."
2567c3cf51c4d12999f595be,Coinbase,google_play,"Love Coinbase for crypto transactions. Easy to buy, sell, and trade, convert crypto to other crypto, and a high-yield savings account. The weekly auto-buy feature makes it easy to build your account."
959517302aa8c17216cb0a75,Coinbase,google_play,it's great!
e104844d53960927ae4f24ad,Coinbase,google_play,the only exchange I really trust. nfa but ive had good experiences here over the last few years.
61e522974b352f259c8a9a59,Coinbase,google_play,"Like the app in general. Has an easy to use UI. However, the graph consistently has issues appearing when viewing the spot market, along with the app just being slow sometimes with its data updates. A reliable app until it's not."
ea0f19393da746d6dfc9d5dc,Coinbase,google_play,Your app sucks I am trying to send Bitcoin to my Husband and my account is unavailable seriously can you fix this if not I will uninstall it
055f603f0c3d8c80e01b45d0,Coinbase,google_play,It's very good for beginners
b67110a4e0afd120d326c33e,Coinbase,google_play,Configured security settings get disabled randomly.
74b18de3f60fb8f0f722ce03,Coinbase,google_play,so far so good
9bfd74bdedf8ef265783b36b,Coinbase,google_play,Da best app y'all ☝🏾👀🕵🏾🤑🌠
bd1ede529f18860ff62a0291,Coinbase,google_play,Turboprop Turboprop Yurwq90
79845a1ab94b353e5a80159f,Coinbase,google_play,Tou suck on andriod
754410215b9ffcb9c42b67f2,Coinbase,google_play,"Doesn't work properly, can't add funds or withdraw funds, I did manage to add a tiny amount using PayPal but that option has now disappeared despite me linking the 2 accounts. I regret waisting my time and wish I had not bothered, if it's this much bother adding funds then I can only imagine the huge pain in withdrawing. Edit. So paypal never appeared again as an option to deposit so finally gave up and withdrew the money back to my paypal account. I will find a different app to use"
5bd0a8dc320473acefc84224,Coinbase,google_play,"they don't allow you to withdraw funds, basically they steal your money"
62538255386aa7420390f31a,Coinbase,google_play,this app does it all
b60c1e1ac5e429080ca1dc56,Coinbase,google_play,I give this app a 2 after having it only a few hours. they lured me in with some promotion of spend $50 on crypto and win 4 random coins. so I signed up. and then the promotion vanished and AI help has no idea what I am referring to. Seemed pretty shady. don't be fooled by the promotional adds.
5573a250966e69bd28f072aa,Coinbase,google_play,very easy-to-use
3cd9624c1f4730c8c32abc21,Coinbase,google_play,"Avoid. Made a payment using their service and for some reason it took too long on the block chain and they canceled the payment, then kept $40 bucks out of the $139 payment. Ripoff"
a3955d7b234912e4c8567c34,Coinbase,google_play,"I have been trying to sign in since yesterday, but telling me that I am not connected, that I should try again. it's so frustrating. please do sth about it ."
ae5956ffe79c5a9f67e9aa32,Coinbase,google_play,very easy to use.
2273c18ed8061288725561f2,Coinbase,google_play,"Gotta give Coinbase a 5-Star on their easy to use crypto trading app. When in doubt, try Coinbase out! Well Done, Well Done!!!"
88a08b8deacb5952a0905493,Coinbase,google_play,great
e15eccbfb16206c2bde1f3af,Coinbase,app_store,Good to make money fast
1d8430c542b9ad0187a83c82,Coinbase,google_play,worst app ever..can't even sign up.
beb80cc8ab1221af8dcc4403,Coinbase,google_play,Easy to use for new buyers.
bfdca43f01f1eb07199bd667,Coinbase,google_play,"Easy to use, reliable"
8de220f518914efc6bdc287a,Coinbase,google_play,Great experience made a little money
b86b439414b9dfd64366bbc0,Coinbase,google_play,Very Crypto buying friendly app. Fees are too expensive though to make this my main app for purchasing and holding Crypto.
d7dae143fbf2652176fed2f1,Coinbase,google_play,It's a fairly easy app to use
157c917c648616b89adae4f7,Coinbase,google_play,whos idea was it to gatekeep the support eamil ? i cannot log into my account and i cannot talk to support i deffently would never keep any money on here again
f4081662ec2efb80f743ed8a,Coinbase,google_play,need option to change phone number
c77f348b23bea4ac3f3db4a0,Coinbase,google_play,awesome app I never have no problems with it and when I do it cause it's something I didn't know how to do
d97dd4f61b7b9795a5ff23f3,Coinbase,google_play,👍
66279b2221ef55784e885948,Coinbase,google_play,trying to withdraw 6500
ea52a6f84feedfc655c1b4b5,Coinbase,google_play,excellent app.
83db76f770cba9a27c7a511c,Coinbase,google_play,good
078a865d5346df2eff523b89,Coinbase,google_play,Excellent app
e124e53c5c87c86d6e2d915a,Coinbase,google_play,Can you earn money real money doing this or wat
4053f837d4e8379c25f67b3d,Coinbase,google_play,Learning & Investing 🧠❤️💰
72f4964c7d5a420c4c14d019,Coinbase,google_play,The only crypto application that is not able to load charts regularly via Wifi or cell data. Be prepared to close and reset the app multiple times before a chart will load. I've used the app for years but performance has continuously gone down hill. I'll be taking my trading to a more reliable platform.
2db5e78c6f0d05fa77d8c179,Coinbase,google_play,Very easy to use! Good customer service!
19d7b7ae57526fde25b73ff8,Coinbase,google_play,"This app shorts your sells. Every sell I have made has been posted at a lower coin price than the price really is when you sell. They are scammers and rip you off, it's no wonder they are being sued. They don't tell you that you have to set up a deposit account when you start. Deposits take up to five days. They double charged me for my purchases and over drew my bank account. They slack on validating staked assets. Support sucks. 9.29% on 530 paid 0 cents."
48c4252ee678e4b044a09296,Coinbase,google_play,Nice
8a9e0fb0c93b98560b6c88a3,Coinbase,google_play,"very fine, very finess 😇"
380e6610fe697bc71ad8d4ec,Coinbase,google_play,"So far so goid. Easy to use, great interface. Love the additional drops."
9e6b1875e68e373d9a62dbb9,Coinbase,google_play,easy to use interface
d7a9ead33f3b91e3e099a81b,Coinbase,google_play,figuring this out
d021bcadcf5eb69789bf04bb,Coinbase,google_play,App is not user friendly. There is not a good user dashboard to show crypto that you own. It has gone downhill in the last few years constantly just wanting you to buy more.
4945d5e0b6262c49a84bd904,Coinbase,google_play,Good app
a6763e3f40ff6c3f6d00c990,Coinbase,app_store,Génial
2228c9d5dd2609c7234db45f,Coinbase,google_play,"Intuitive... Edit....Coinbase you are restricting me from transferring MY XRP, Why??? Where is your customer service??? I will leave your platform. I want answers asap."
ca39abc13ab16fde4f07934e,Coinbase,google_play,Cool
165d009c98959438542c4d15,Coinbase,google_play,Trash they mess with your account and lie.
7befa385d69c9d55edaf8983,Coinbase,google_play,Excellent experience and easy to navigate the app.
d65b9d7d041a9a58162d9571,Coinbase,google_play,Cool app and free crypto for learning.
bb82acbd369dd62758f2e832,Coinbase,google_play,"I have used coinbase since 2019 and that randomly restricted my account. I then asked for the reason to which they said they are not obligated to give a reason to close an account. I have now been trying to get my money off the platform for a month. Each time I ask they say someone will reach out. please do not use this platform, but try uphold instead."
7ee8e69ddc33a218fc6646ea,Coinbase,google_play,If there us an option of no star I would pick that. I have done and provided all my KYC requirements. Yet coinbase refused to open my account. I am really not happy with this app.. Even the website isn't opening. Can I use VPN to access Coinbase?
57af47f0ff819f80b05939a4,Coinbase,google_play,I am using standard options at coinbase. Would not recommend staking your coins. Total scam takes forever to unstake it and you're not guaranteed to be paid. Cosmos and polka dot are not a good staking option. You will not be paid as advertised!
34ad7534d57ba38dc31e18f4,Coinbase,google_play,Hell I dead then stole my platinum and gold
83371c580b33b59afb0af698,Coinbase,google_play,"First fasT track in web3 I ever know, I am confident in web3&me."
f278b3a906c10708ca2dc3d6,Coinbase,google_play,Great for beginners. Love it
2055db24ba0be87394fd4096,Coinbase,google_play,"It was very easy to sign up, yet it felt secure."
ca87712b045a4c8900d8b267,Coinbase,google_play,Glitch with camera. Trying to send and alerts me is this my sends. I click on yes to take a pic of id so I can send. When I open the camera is black. Done this with Samsung galaxy fold 4 and z flip 5.
14aa8de2dba11814f0f7a53c,Coinbase,google_play,easy!
8df9a352d0bd810af1b03910,Coinbase,google_play,smooth like butta
40ebcd64d8435583b09e9fa4,Coinbase,google_play,Excellent security system
fd9bd6c4b68872f6b90ea46d,Coinbase,google_play,the app is solid. and cb has lower fees than some other well-known options.
b81bd4ba084f5cefacd9403e,Coinbase,google_play,Excellent platform. Easy to use..
5db38f38de31ee688572c72c,Coinbase,google_play,Easy to use and has great insight tools.
5bfd7c5d4e0f15010e43f073,Coinbase,google_play,DO NOT USE THIS APP. THEY WILL STEAL YOUR MONEY AS THEY ARE TRYING TO STEAL MINE. I DEPOSITED CASH BUT THEY WILL NOT LET ME WITHDRAWL MY CASH. SO I REPEAT DO NOT USE THIS APP THEY ARE THIEVES
d8341e54ecfb29809ac007ed,Coinbase,app_store,"Die ap und die Plattform sind supe, jeder vollidiot kann da kaufen und verkaufen , die ap macht seit paar Wochen Probleme genau gesagt seit dem letzten Crash  , Mann kann das Zeit /protfolio Diagramm nicht mehr sehen alles hängt bei Anfang Februar bei mir zumindest , diese rumgeheule das alles ein Scan ist , das kann Mann nicht so sehen bin seit 4 Jahren dabei und nie Probleme mit Einzahlung Auszahlung gehabt , ich glaube momentan sind einfach viel zu viele  die endlich aufwachen und in krypto noch einsteigen wollen deswegen die Warte Zeiten.
Abwarten und genießen .
Gute App, Support muss noch was dran gedreht werden ."
b717ef8461f82045b6372464,Coinbase,google_play,Great app
02876c74189fd3955cb75411,Coinbase,google_play,Training and working on bitcoin couldn't be easier and fun .
094be61b92abab94a5310203,Coinbase,google_play,The best!
c9860cef52a807c3ee5224e8,Coinbase,google_play,Demands an update for my revvl tab 5g but doesn't have it...access denied:(
7c8a407717168d1df8b10cf4,Coinbase,google_play,"As of the latest update, scrolling and trying to view the graphs has become nearly impossible. I'll be transferring my assets to a different platform very soon."
3de45cfc47557440f22b3bc5,Coinbase,google_play,Not supported in Morocco I am very upset
cec9cc3400d16352163c5df9,Coinbase,google_play,super intuitive and easy to navigate
618fcda972b994b5e6429a63,Coinbase,google_play,im not getting this clear to verify my wallet yet
c62d047cee4417abb1d0c9f2,Coinbase,google_play,👍
059d513c54a8685eb4138ada,Coinbase,google_play,Very user-friendly
68dd011ccde649ea828ce508,Coinbase,app_store,"J’ai déjà crée un compte sur coinbase en 2018, d’après changer mon numéro de téléphone j’ai perdu mon compte. Aujourd’hui je recommence pour investir et selon moi, vous êtes toujours le meilleur!!!"
b40b2e35e293fb73ed2f4ca8,Coinbase,google_play,Account shows nothing but dots. can't access.
c86a5ec758a9e625b8df6dfa,Coinbase,google_play,2 years on now. it's easy and the debt card is nice. would be 5 stars but I miss the old UI.
e5ec582f9484faaada467496,Coinbase,google_play,"Coinbase is fairly easy to use. It's a bit complicated, but only because Bitcoin is a bit complicated with so many changing coins."
dd19899366a9db36b3840328,Coinbase,google_play,"Excellent experience. Top notch support staff. Innovative ideas implemented by extraordinary people. 2025 Update : still the best 2026: learning derivatives, how to hedge, utilizing p/l set n forget. lots of ways to earn."
474d4622a9688be6821dc30f,Coinbase,google_play,"Great app but why does it mute my music when I open it and browse? It makes no sense why it would mute my music... Shows it's still playing but no audio until I close out of the app. Only reason it has 1 star, that's something a virus would do. Since this ONLY happens in coinbase there is no way it's a device issue. It occurs on LG V50, Galaxy S22, galaxy S23, and my galaxy S24."
d8d05849010f3427f798d11b,Coinbase,google_play,Not able to login anymore
32b21a3bd1cd8831a2e4eeb0,Coinbase,google_play,very nice app
0cf9cbed9ab03733a95c831e,Coinbase,google_play,I trust this site since I use it a lot
c770d099db9706cbfde11031,Coinbase,google_play,excellent
9561174b428367f2b470ad2e,Coinbase,google_play,"Great user interface. Most trusted exchange. Fdic insured up to $250,000. Makes me feel safe about buying crypto."
257e61cbc99bd1654b00a508,Coinbase,google_play,it's ok
5fce93170ff866c1c1343398,Coinbase,google_play,easy to use
07a1c1c68eb4f937fb047b51,Coinbase,google_play,Very easy to use and well laid out
eb4f2d6d1e43242b8ee338c1,Coinbase,app_store,Bellini avocat est un escroc
95474fd3a0b7c1200043624b,Coinbase,google_play,Blocks all access to your account as soon as you try to take money out. Scam.
5141222eaf12234fec1f12e9,Coinbase,google_play,"I can sometimes use this app. Often I can opening it & view one crypto just fine, but if I go back to view another crypto, or try to do anything noteworthy, pages just don't load. Sometimes just opening the app leads to the loading screen, and nothing else. It's not my device, and I tried reinstalling. The only solution I've found is to continue force closing and reopening the app each time it locks up, which is every few screens I try and view. THAT IS NOT OK!"
1292ea714a8687a88f0a9238,Coinbase,google_play,Refuses to let me withdraw my funds. This app is a legit scam.
2dd40de2410f81bdf9a71e06,Coinbase,google_play,Coinbase is the worst cryptocurrency exchange in the world. They ghost people and takes weeks to solve a 5 minute problem. Never get a new phone number because those aholes will make sure to steal weeks from your lifespan.
418d697f19ed24b0d006ed6f,Coinbase,google_play,Reoccurring verification checks and an inability to delete my account made this not a fun experience.
690b9d098ef79e1cfd300c69,Coinbase,google_play,Site is downloaded and won't open to log in screen
2eba3b8841c0382e9c7d7618,Coinbase,google_play,they make you pay a premium. the fees are insane. they're not solvent. wont let you move your money when you need to move it. just stay away
ffeffa8dc3b77e61ca0bd9a2,Coinbase,google_play,The Coinbase app makes it easier to do crypto on the go. The crypto space is still the wild wild west and we're the fisrt generation to use it and have it integrated into the fabric of our lives. It's still kind of nerve wracking anytime I have to do anything crypto related.
575d84af9b5d997c12321d7f,Coinbase,google_play,The best crypto app ever
355c53b154c812cb975fc9a1,Coinbase,google_play,UPDATE TO THE RESPONSE BELOW FROM THEM. THATS A VIRTUAL ASSISTANT THAT GETS YOU NOWHEREI have used the app for about a year. the only HUGE issue with it is that certain things are a learning curve for people as I am learning as I go I made a mistake on a incoming transaction and they helped me fix it I was thankfull a little later I messed up a tag on a transaction by a number or something and was told they already helped me as a courtesy 1 time and won't even help you for a fee
b6f8f9e2d17e4bd2bf069586,Coinbase,app_store,"Customer service none existent , they will lock your account without reason and almost impossible to contact the company"
d92e55e95352412f6df15aa0,Coinbase,google_play,Safe and easy.
13de0f8975c900c1023dc5eb,Coinbase,google_play,👎👎👎👎👎
708b2e2c9cfed25b6014a4d7,Coinbase,app_store,I got scammed of 430 pounds on this nonsense app. And i talked to different costumer services assitants more than 25 for more than a months. They jus covering the app fault and blaming me. I strongly advise to app store to remove this app from app store and also to people to dont install it. Very useless app and useless help center
abf1f7521626dbc6be2234c2,Coinbase,google_play,Receiving funds is very laggy. Takes some time to update on app itself.
cb3b1166a1d492ad5b63c932,Coinbase,google_play,confusing app with no ability to payout
b578da16a8e368ce26d1d09b,Coinbase,google_play,"they say this is the easiest for beginners but its hard to sign up to, it loads forever even when uinstalling and reinstalling"
c998fd064e08cf77c6c38274,Coinbase,google_play,easy to use for me i am inexperienced and I give me enough information so I can make a decision
08d07065a3a856002156b581,Coinbase,google_play,all of my wallets. have been missing for months I would like them back on my coinapp so when I open it up I see my return
ecb364907314aa6d550456ab,Coinbase,google_play,I love it
9cf10120d7156097c8d8cfcd,Coinbase,google_play,And excellent app to help you dive in feet first
745b4deb9a62b2e0099a0b7c,Coinbase,google_play,Truly the best crypto app out there. You ACTUALLY GET MONEY you can control and withdraw.
f44875ea4583a8fb5410256e,Coinbase,google_play,awesome easy to use so far I will be back in 3 weeks to update if I have made a profit or if I have lost money but no complaints yet
58012443be8a407a1c43b438,Coinbase,google_play,had it on an iPhone learned abit on it had profits but sent currency to a wallet that disappeared haven't downloaded it on android yet
948c32055472e72601ea8680,Coinbase,google_play,"Update 3 Don't share my data with anyone I don't care. Not my name,social,ss,email,any, and everything that could be listed as will as arbitrary. I deny. 8th time trying to put my id in nothing. I have money on this account. 8 24 So. Tried confirming my account several times no way to contact them. I'm sure I'd never get my account back. I'm on my 5 time before I give up. Lost money."
53f0458cd346118d8c20f00a,Coinbase,app_store,"The app keeps freezing up on me , what is this thing. 😐"
86e80efa243aee7fc23c8cf1,Coinbase,google_play,I can't load the new two step verification method and whatever fsa or security key they talk about so I've stopped using the phone app. If I try again it knocks out home computer settings. There's no customer service available even a chat would be better then constant circle perk using click options.
38c5393068d40b61a2541204,Coinbase,app_store,fee 😡
d2032749d54e83262ba20e99,Coinbase,google_play,transactionion fail to deposit into my paypal account it didn't successfully. fix it 🛠
51988cc2eb7753791fa25014,Coinbase,google_play,No good it called me a robot
7f76d18bd8e120e8c2ac28ca,Coinbase,google_play,"They don't take government provided numbers like SMS. So I couldn't get an account for Coinbase. I feel a little slighted, and discriminated. Crypto is for all, rich and poor. Just because I can't afford a phone plan doesn't mean I should be disbarred from buying and selling crypto."
b3e5474068ffc2108ede1444,Coinbase,google_play,Easy to use
7d9559d645a237ca16ce7976,Coinbase,google_play,"Fun fact! The account setup doesn't work properly, stopping you from getting any promotion deal they told you about! Even more fun is their app support, which is so worthless that you can, and will have to find more help on reddit. The actual trading is fine. But you won't get proper support if something goes wrong and the app can and will malfunction without saying anything. And if it does that while you're trying to invest. Good luck. (I see support $#%@ you. Please go to our support page.)lol"
4593780f6643e3b2f2e14ac3,Coinbase,google_play,very bad and slow app no good customer service no one answer me i deposit money 1000$ CA dollers on 19/12/2024 after that i cancle my deposit on 27/12/2024 now look 25/01/2025 my refound is not recived yet all time say wait wait for what wait
3a17fed50ca979c954f0a8c9,Coinbase,google_play,Love Coinbase
c06d5ebfa0ef68606cffb420,Coinbase,google_play,"I love Coinbase. The platform is clean, clear, and simple to use. They provide great security features and they have been fully vetted by the SEC."
ea33fa3e922b8f3be81222b9,Coinbase,google_play,Coinbase is a great app for beginners to start buying and selling crypto! It's also the easiest way I've found to buy and sell crypto and cash out...
eac84556d89bc764018717ce,Coinbase,google_play,not opening 😕
54d9308515b35653ab966a47,Coinbase,google_play,every time I try to send btc I have to call support and then blah blah blah theres never anything restrictions or thing wrong with my account but somehow it goes through when im on the phone except this time now I lost $45 just on this transaction have to wait 2 whole days for my money to go back to my bank account because I chose the free option because they want $25 to take the same amount of time to wire it back to my bank account trash app I wouldn't recommend it to my worst enemy.
1d37874e71a287dcc5fe897c,Coinbase,google_play,gotta pay and upload your id. Schwab doesn't make me pay or upload my id.
b36195b6834f80e864ea24c1,Coinbase,google_play,"app is great..But Live support Sucks, 😞"
add7c3bf1761b0fa90ac4181,Coinbase,google_play,"Another rubbish update, you realy want me to move to diferent wallet. Every year you making app worse."
c8dff89046e203d97f9cf019,Coinbase,google_play,very responsive and prompt!
e2a25d492bf373bbaac5f23a,Coinbase,google_play,How can I create a new account using the same email and I'm unable to find my original account
d0f0ea3ea3101b8f860cb883,Coinbase,google_play,Easy to use and explains things well.
8427dcd104c897715aac6f0b,Coinbase,google_play,good
970c471f7b42367b8fc3aef0,Coinbase,google_play,"cant update 2FA phone number, so I submitted my ID. got verified. now I have to type 6 digits I received by email. I type the 6 digits. still refuses me to update the phone number for 2FA, asks me to type 6 digits I received by email. I type the 6 digits. still refuses me to update the phone number. Rince and repeat, useless app. uninstalled"
50f9bdec9b9547211df38e9f,Coinbase,google_play,app won't let me sell
77944db297bb31d24f630e18,Coinbase,google_play,excelent
8fb9d19047d56d8457ed7545,Coinbase,google_play,Awesome
022fc646174e07450ae5fdbf,Coinbase,google_play,Galwayguy1 Recent Transaction Log The provided text displays a chronological list of recent blockchain-related transactions. Each entry includes a block or sequence number followed by a unique hexadecimal transaction hash and the time elapsed since the event occurred.
b7f0685da1b4c5084dd72b42,Coinbase,google_play,Coinbase go brrrrrt
4204f478d20cc4689a0f3d2a,Coinbase,google_play,"Great app, does exactly what I need!"
d7fadeb56f6b648d390b7feb,Coinbase,google_play,"rip off, the fees are ridiculous, when I even try taking my money out it said it wouldn't be ready to take because I have to wait for my bank to clear when I first did deposit. so there goes another $15. then I am losing money because cash stock is going down. not worth it. only if your investing a big amount. little guys don't even bother yourself."
393632489b04c817106fd444,Coinbase,google_play,Don't believe in this long term but the quality of the app is superb. Prove me wrong Coinbase!
8304ea555912c32f9eca1b4b,Coinbase,google_play,"So far it seems legit, check back in a few!!!"
0175d60d2e582056e481111e,Coinbase,app_store,Sehr einfach und schnell
91ce65a06a242b4563c3db58,Coinbase,google_play,"App CRASHING when I open it and even uninstall, clear cache and reinstall didn't not work and we do not see Coinbase had notification on any update on issue or any commitment to fix the issue."
f8226c237d8f29932fbec4b4,Coinbase,google_play,Great.
3a4dac9783d4995942c9dc55,Coinbase,google_play,YUM YUM GET YOU SUM
223a1a1b2f1e2bb0290cbc37,Coinbase,google_play,"Very bad experience with this company poor customer service, app 2FA stopped working after recent updates 😤"
2e6b03bb24c47a3df5ee2c44,Coinbase,google_play,Works as it should
706d3841fcd286110febc7a3,Coinbase,google_play,You simply can't beat the ease of use of the Coinbase app!
b2d2b4eb9b2c189089037845,Coinbase,google_play,new user
2e25241ee13878c9c31e773c,Coinbase,google_play,safe and easy to use
f7653db810f2d825f3faf8bf,Coinbase,google_play,Fast secure transaction
99e46215306877da52c54495,Coinbase,google_play,"Never able to purchase when I want. Seems rigged, only when price goes up can I purchase."
c8dcaa952c056d64f39b2398,Coinbase,app_store,Yes
80b2967d26039cc20f6bb663,Coinbase,google_play,I'm getting emails saying I sent someone a sum.. I'm not sure even if I have an account.. I marked it spam anyway. js
d285383d340763929175b323,Coinbase,google_play,"Coinbase is a complete rip off they allow you to put your money in there and then they start putting stops on it you can't send it out you can't transfer it, especially large amount of money they just love it. so you end up having to convert back to Cash and of course they charge you a fee for that, in order to get your money out. All the time saying they're doing it to protect your money every move you make they charge you a fee. Nickel on diming you THUMBS DOWN RIP OFF"
1ed202e4fd5132305d9f88e4,Coinbase,google_play,I love coinbase. So smooth and easy to understand
70b47f0a5595e92ae084adad,Coinbase,google_play,Much improved since 2020
f5381b829d2c4f15dd16b067,Coinbase,google_play,"I had a great experience using Coinbase, the platform is user friendly and very efficient."
f981836e1ef0fa9cd865478f,Coinbase,google_play,amazing
d993c85a9b27a33c7a1b6b73,Coinbase,google_play,"overall good when it works, cant get pricing of investments now. have to go through a web browser not the app"
bde3aca01f9c0cfe8e79d45e,Coinbase,google_play,I do not recomend this app as it constantly advertises for other apps.
40f950d19d1a3f5656561222,Coinbase,google_play,the app is very friendly to use it
4726505e036bb68e46552d04,Coinbase,google_play,"It said it needed an update, I went to update, it's now saying ""no eligible devices"" and says it's already installed on my device, bur when I click on the app it takes me back to Google play! This is unacceptable and infuriating. How am I supposed to access my account. Unacceptable!!"
7d71bcd9048774bf2209bc32,Coinbase,google_play,Good learning app. The learn and earn is great.
dd837be15fb71c0e9591d6b4,Coinbase,google_play,Invest
e94b994ffe1daca4f5504571,Coinbase,google_play,Great app for beginners
e6b5038b7ae6b28d1ba7120e,Coinbase,google_play,Coinbase is in general border lining Looking like a scam. On some phones they show what your profits are and other phones you can't ever find it - The information is not available. I have tried chatting with them two times today. Actually have spent 2 hours total trying to get a hold of somebody in customer service. I held on the phone for 45 minutes one time and a half an hour one time and they hung up on me after that length of time it just hung up the phone. And NO CALL BACK! Unacceptable!!!
3f43d1a0babdea0aa510ee54,Coinbase,google_play,Super easy to use! Awesome app for beginners or experienced traders!
13d975789ac84cc273b2afea,Coinbase,google_play,Can't log into my coin base now when I click sign in it goes to a new page an just status white can't sign in or nothing I'm just locked out so this app kinda sucks an lost my stuff I did have going so do what y'all will with that info
d3f50d2098f466bdb3453702,Coinbase,app_store,That was easy to make Account
2d03f01ef92431317199cee4,Coinbase,google_play,"I put $38 in this app to exchange real money into crypto.. you know, cause its a crypto exchange app. I was immediately going go feed that money into one of my ai bots but to my surprise that $38 is just so risky that they had to freeze my accojnt for a month and customer service couldn't do anything about it. what a great app!"
4488b0307980271c553f1562,Coinbase,google_play,App is broken can't sign in with yahoo email it just keep taking me back to sign in page after I enter verification code and confirm trust device in email.
e9f8f34bd8b436ce724dec8f,Coinbase,google_play,"Coinbase stole my social security money in a instant. Over $,1400.00 I will file a police report for this fraud! Coinbase should be investigated by the federal government asap. I will never ever recommend these thieves on coinbase. I will warn everyone on Facebook what coinbase did to my bank account I want my money back asap. You took my disability check and I didn't know that's what you do. Your fraud is being investigated as I speak. That's what I am talking about"
3d733080207fdff03c0825cc,Coinbase,google_play,Good
eddada7842489c165c074972,Coinbase,google_play,Im happy with this app 🚀
9a3bac6b450f92f20b127685,Coinbase,google_play,Better than ROBINHOOD!
6ae75bc78cf07bf293e1c00a,Coinbase,app_store,I cannot login from phone. Safari cannot open the page because the address is invalid.
ae19d47c60bd854e288bca3e,Coinbase,google_play,"Bad Experience,impossible to remove an old phone number and inexistent help desk."
f624c91b3a27ffa81af0240e,Coinbase,google_play,I am liking use the app is very good and easy
ea1dc8acae2d5035f42461f4,Coinbase,google_play,"automatically limited me to 250 p/week when rang up they told me i had to wait a month to up my limit. absolute garbage. EDIT - Replying to customer care. I rang you for 3 HOURS for you to limit my account even more (£5), what am I supposed to do with 5 measly pounds in my crypto account? I then asked for my limit increase to be told i had to wait another month. STILL ABSOLUTE GARBAGE."
9f6454ffe01662e92c6ea6a9,Coinbase,google_play,always quick and easy to navigate
be5b233ab18dd1bb728ff97a,Coinbase,google_play,"not open yet, every time asking update after that again sign... repeatedly but not open."
e5329872d8defe5e7a63a051,Coinbase,google_play,This App helped me get serious for the first time about investing. not just crypto but in general. (but especially crypto) #zora
1428b94459fea271439fd562,Coinbase,google_play,"This is the worst crypto app to buy from, they gut you on fees and randomly hold your money, giving some BS excuse. Terrible management and their days are numbered before they are out of business...if you actually want to have access to your crypto DONT USE THIS APP EVER. I would rate this 0 out of 5 stars if I could."
7ce21a75bac1f18ad2f85772,Coinbase,google_play,Great app
4e9977afa1181b6825b4fbef,Coinbase,google_play,"fake app, pretending to be legit only lies about you not being authentic and then sells your information."
4c52903c8511598ae72fd391,Coinbase,google_play,Been on here for years....the free money as you learn is awesome
c31eeede43c411671448fa57,Coinbase,google_play,easy set up
c6b15ffa2aeb3e052eb95c2e,Coinbase,google_play,easy to use
c2a13b578398c227713b5c53,Coinbase,google_play,this is the worst app ever. I advise no one to use this app this was my first an last time ever trying literally discouraged me from ever even try to trade another day in my life you can deposit money but can't take with the exact same card I made my deposit I'm warning you do not use this app
c13193060124eceded40e900,Coinbase,google_play,Easy to download and set up. Ready to use
76246f3555eb4cd1cec98894,Coinbase,google_play,Investing in crypto has changed my life in a good way and coinbase has been my go to source to facilitate that positive change in my life.
c05018fc53e4524d21be0b8d,Coinbase,google_play,"the absolutely easiest way tu buy, sell and trade crypto"
ad5ff147fa48b0118c7d4bdb,Coinbase,google_play,Good app
8e942431fe7968c705f0c2a1,Coinbase,google_play,"Its contact support is simple, just deflect and divert. and now when i have raised my complaint they haven't replied.#25483954 come and reply"
a0c825a44ffdbf5d27ac7e0d,Coinbase,google_play,Good
a9aacfb34a059ddc95a2d064,Coinbase,google_play,requires updates
4b61d268536fd5cb1f9f1505,Coinbase,google_play,"Não consigo comprar, está reembolsando instantaneamente, me ajude."
0288789b2920f2d04a4f1d55,Coinbase,google_play,I give Coinbase 5 stars but you have to realize you need to pay for a subscription with whoever you chose for a market or the fees will eat any profit margins you may attain. But this market app is very easy to use. Has many tools to teach you about Crypto and does have a rather well structured format to it all. Also the customer service and help members have been great as well. Would definitely recommend for someone wanting to start up in Crypto trade. The spread could be tighter though. lol
4ea2e2a1ff53c70902493e0c,Coinbase,google_play,*25/11/09 why new login and kyc initiated with same email and mobile number assets are gone missing */5 **21/03/16 Done Too much of network utilization Takes ample time on older version of android 7
36fd4fb1d7f113596f9fe8ab,Coinbase,google_play,Ripping you off left right and center. Purchase fees. The cost of everything increases when you come to purchase it. Selling fees. Membership fees.
14b5a6668f235e0c6f8014d8,Coinbase,google_play,Perfect trading app.
dd6dcf4fe66f0fa6ba41665a,Coinbase,google_play,Love it
3426a3f541fed77f2799867f,Coinbase,google_play,great service
a3f7ee6d823da987e990f448,Coinbase,google_play,excellent
e086fce4028c6ace06142e20,Coinbase,google_play,straightforward and enjoyable
222ad2613602b07debb84f5b,Coinbase,google_play,the app isn't opening keeps saying check connection
1c11cb99dee59d8403c02d18,Coinbase,google_play,I love coinbase because it goes well with currency's!
c95e48539cae14177239b5ba,Coinbase,google_play,Great and easy to use
68bbae0370494e95f3ec32a7,Coinbase,google_play,excellent
7f6e6ddd56754cee1607d0f5,Coinbase,google_play,I have tried several times to unlock the withdrawal function but have been denied w no explanation. I am stuck
5f9a98e6473dbc8c4890e719,Coinbase,google_play,hardwork
48dbb3ed3c1a2bdbbc063955,Coinbase,google_play,wow awesome words can't describe
5b3242007a3ca547bcd12719,Coinbase,google_play,😭😭😭 coinbase is not verifying my address from last week till know they said bank statement or ID I have used it still doesn't want verify me I will stop using it I want buy Bitcoin is just wasting my time 😭😭😭 still on sign up process so annoying
54c718001cdf8224d422dc67,Coinbase,google_play,Love the ease of coinbase
e562db4b676616a35b224320,Coinbase,app_store,"Very quick and simple to use, instructions are clear and easy, easy to buy easy to sell"
2dd7d653ce7289c1b2ed8ca7,Coinbase,google_play,good so far
c9b9c0f431fb37aa276c0705,Coinbase,google_play,very helpful . t.y
0cece88381a64d0181952231,Coinbase,google_play,It's all new to me but it is so easy to learn with how they explain everything
4a2034946a0182f680c79d89,Coinbase,google_play,"This has got to be the worst crypto app ever, nothing but technical issues since joining. They put your money on hold after verification and constant fraud holds and the cash out never works. Stay far away from this app I have withdrawal all my money out of this worst App ever to exist and after 100 attempts to cash out u might get lucky, nothing but aggravation."
813fbaba9de0a0673f5b1e37,Coinbase,google_play,Clown services! They closed my account with funds and deleted account within 5 months i was in hospital that time. Total FRAUD
b3d944a632942d77fdca626e,Coinbase,google_play,easy easy easy to use...
07e57f586438c35c5f1ca3fd,Coinbase,google_play,Great. Easy. But advanced at the same time .
0fdcebd1388a14e58b6b6046,Coinbase,google_play,So I have an online casino game I like to play and they only accept Crypto deposits. I downloaded the Coinbase App specifically to buy Bitcoin to send to the game. The first transaction I actually did on the app was a Bitcoin deposit from my game for $400. Once it was deposited on Coinbase I converted it to USD and wanted to deposit it to my bank or debit card and coinbase would not let me transfer it because my phone number had been changed and it took me almost 11 hrs to fix it.
116a92155a173dcb69065743,Coinbase,app_store,Can no longer login. Get the error message ‘Safari cannot open the page because the address is invalid’ when trying to log in.
8d7656b26a75bc3b57d69653,Coinbase,google_play,Easy and user friendly. Taxes are very simple to file.
f2145eff9597dd2ca8912fb9,Coinbase,google_play,I love it so far easy to understand
3ccb5d5c3c2936dd642e856c,Coinbase,google_play,it won't let me sign in or do anything for that matter im fixing to uninstall and try one more time need help ASAP please
6802bcc360a64b9e61f92f10,Coinbase,google_play,An absolute scam. I've been trading for 3 months. Unless you're a millionaire find another platform. Am limited by their system to only $50 of debit purchases PER WEEK. ACH transfers as little as $10 take 7 BUSINESS DAYS. No transaction is EVER instantaneous. I cannot describe how much I hate this platform. I'm sure if I preloaded a million plus on here I could trade or transfer as much as I want. But these waits for funds to be available make trading impossible.
a4671186a629aee72b1f12f2,Coinbase,google_play,My experience with this app has been horrible to put it lightly. I've been trying to transfer Bitcoin to my own wallet for 7 days now. All I have to show for it is hours of wasted time with customer service. From ID verification several times to BS surveys and still nothing. They locked me out of sending currency for 2 days and when I got the ability to send again it's a 72 hour review period. if they had a zero star rating I would've given it that. I have contacted support 5 separate times
b24c9c135a60abda585ff4d6,Coinbase,google_play,Great service!
c3feafe68a5874f5911d32dc,Coinbase,google_play,Coinbase is the place to be
e6d8c544451737adaa447d73,Coinbase,app_store,"Das ist ja gerade nicht lustig, ich warte jetzt schon seit einer Woche für die Verifizierung
Bei einem anderen Anbieter hat es nur 24 Stunden gedauert. 

Wo ist das Problem?"
57dcc676fdd15c3516d87b93,Coinbase,google_play,exhausting needs customer service
bc5415f6d65f3fef81c7a74c,Coinbase,google_play,fast execution. good confirmation.
04d2860989a6b50b116f4d32,Coinbase,google_play,Horrible trying to get it set up. Instructions are ridiculous and hard to follow. Cannot get any help from a real person. Just get standard info which does not help
90afc0ef281fce3722c48c38,Coinbase,google_play,"Latest update June 2025 is broken, mobile app won't open at all."
e8d6611de9529a10e4488522,Coinbase,google_play,Great!
fb7617e615170f71dd1eea7f,Coinbase,google_play,"This app is easy to use and understand. I love the lessons provided to learn about everything Bitcoin and blockchain and earning free tokens as you learn. Thanks a million for this one, great job & keep up the great work devs!!"
2510e8f5030e78d136202ddf,Coinbase,google_play,Great app for crypto trading
9175a007fe22dabe2cf767f9,Coinbase,google_play,To whom it may concern. Why can't I see anything with number involved all I can see is dots instead of numbers.
5357ef67bae7a3cea5a5cbb0,Coinbase,google_play,Amazing experience using the app
c13e249cfc57f930ddc445ea,Coinbase,google_play,"Why can't I deposit funds on my account and start trading, from Uganda"
fdb03464c70646ae7daebac3,Coinbase,google_play,cool
5c95d3f8e6687cf23f24aba7,Coinbase,google_play,"Their self custody wallet smacks waaaaay harder than this version.... 😳 Suggestion: See what coins on base you allow in your wallet and allow trading them actively on this app for users on the advanced option. It leaves certain coins on your base wallet, extra coins in advanced option, and the scarcity of whatever you have going on in this regular part of the app and I bet yall would get waaaaaaay more revenue....and bring back the enticing ""do this for a few dollars of this coin"" you had going"
12ecf520271fca86cae2f8fa,Coinbase,google_play,sucks
e731b8d6bb63899b579eb6e1,Coinbase,google_play,First time doing crypto 😛
b392213f91d4d13664e257c3,Coinbase,google_play,Great easy interface. The rewards are easy to get and it's upward of 50$ at a time
5e378ce45da44485e5015db8,Coinbase,google_play,Been using Coinbase since 2020 and it's only gotten better since then.
f6abc7e9df6074fceda417c3,Coinbase,google_play,Trying for 6 days.how to use this app no ​​one download it.it is very bad bad app this app is not working properly i am giving photocopy of NID card again and again then its failing to take i will not use this app again
8b82d011f792b6f256b16e64,Coinbase,google_play,smooth
698c2a8c20e9a8858cc2547d,Coinbase,google_play,Easy nuff said
8f8561063b9ab3238a2173fc,Coinbase,google_play,Amazing
4b226afc004119bdf72f60eb,Coinbase,google_play,Everything you need for crypto
10166293cfd2f6bf17b128a9,Coinbase,google_play,If I could give a 0 in stars I would. They want me to wait seven days for my money to be released so I can withdraw from their platform. My bank has released the funds to them and they still want to hold my money for another 8 days!! What they are doing is using my money to invest and profit for themselves. Absolutely absurd and wasting my time waiting to get my money back. I would not recommend this place to anyone!!!! Dont let this company get rich of your money!! Go somewhere else. I hope
59a9810741b27b40ba08007e,Coinbase,google_play,This platform is very interesting. I'm beginning to like it a lot. The tasks needed to send and earn coins are pretty easy to learn.
0e0fea556883d653e6e08d40,Coinbase,google_play,good
8dadf75ba39080a9bc742e3e,Coinbase,google_play,Easy to use
8328ac893e4db8ddda1f8536,Coinbase,google_play,Easy for a dumby!
afd9aa6bb8b57750d763a6a5,Coinbase,google_play,Coinbase keeps rejecting my valid proof of address and now has blocked me from reuploading for 24 hours ? My Luno account accepts my proof of address but not coinbase ?
7acb820df0ed6d98640b483d,Coinbase,google_play,Coin use
8de8d61f91b46d63e94e0704,Coinbase,google_play,Excellent
4abcf83bd1102a121e19fee0,Coinbase,google_play,"I've had a transaction pending for over 2 weeks now and I've called support several times with absolutely zero new information regarding the matter. I pay $29.99 a month, I expect better support than ""we don't know"" after 2 weeks of the matter being ""escalated"" I feel like I'm being lied to and they haven't even looked at my case yet. very disappointing. you're probably better off getting an exchange with prominent and capable customer support."
167e6c7d23ddadb5c275f4fb,Coinbase,google_play,Love it
b723031e6ce568973b46b437,Coinbase,google_play,my account got hacked and I lost hundreds of dollars. I wouldn't do it again without a better set up. I don't expect to be reimbursed lol although it would be nice.
5a2d25f2c19fb9df828c5d41,Coinbase,google_play,I can't even log in every time I try to it asks me to set up 2fa which I have already done twice
6bb884c5fe2a93962ce88a30,Coinbase,google_play,Awesome
87df77031449d9d3b8a327cf,Coinbase,google_play,a world plagued by endless scams scammers and generation meme coin RuGs to RiChEs in full control of all crypto. Coinbase is safe so why no degen's like it?
a8ddcbc7b499ccf680e1b61c,Coinbase,google_play,Why do you have 2 applications?
0c635d3fbd7b8ed26dbba957,Coinbase,google_play,"advertise 200$ wheel spin on a purchase, to purchase 100$ in bitcoin, then it wants me to buy more, scammers."
4482b2972670c464c0302ca0,Coinbase,google_play,No problems thus far.
215af044e548c36650475f76,Coinbase,google_play,Recommendable
ea720743b2f421a6885d6854,Coinbase,google_play,good
34af0a90455ffccb5239fdac,Coinbase,google_play,Very good
b376cd6ccfa4b0b004d94c77,Coinbase,google_play,"Easy to use, maybe apy on some coins should be bigger"
c1b1c14c00b58efb3925f11c,Coinbase,google_play,Reasonable fee and more.
62aa25e2002a5e667e389a77,Coinbase,google_play,I love it.
baf1ef87054be29e1de0caca,Coinbase,google_play,Worst crypto exchange. you can deposit but No option for withdrawal. waste of time and M....
f7c06d18c759c0e19502fb68,Coinbase,google_play,easy to use
a60a466e001b6a381741abf6,Coinbase,google_play,You don't give any body a chance to write the code letter in the same page we have to go look for it some place else and by the time we come back the code you have sent is no good
88cae747425eeed94762610a,Coinbase,google_play,Need my account statement for recover my fund from state Wyoming unclaimed so please provide my account statement and details to submit.
5f773c59881e90a04ac90642,Coinbase,google_play,this app is a joke if I don't call it a scarm
1f3c24f50468051b319d7c8b,Coinbase,google_play,love it
71d344ab6cdd635d32b66c65,Coinbase,app_store,"Seit 6 Wochen auf der Warteliste und kein Ende in Sicht! Support hilft nicht weiter, mein Geld kann ich mir abschreiben! Danke für nichts"
7f4fa83e9f8cd3d6d061098e,Coinbase,app_store,Bien
8f735a4e2f892730b4cc27ff,Coinbase,google_play,amazing
ae41beba0c43bea04f54e55e,Coinbase,google_play,Good
8ecfd40f0bc7222fc5921dfe,Coinbase,google_play,I am having trouble signing in and adding Debit card as payment method linking it to my PayPal
647dc9459dd62b98c322b7c5,Coinbase,google_play,Easy interface. Great insights. Very helpful
026eb23ab264a36eb90d5ae1,Coinbase,google_play,"Enrolled in counbase one but still getting charged fees for buying and selling coins. Plus, when buying they add a cent over value and, when selling they lower a cent under market value. Crooks!"
1877ff459d4a0c833a9933af,Coinbase,google_play,"App has many bugs. Even the support team faces it. And saddest part that nobody cares about it. All they can advice is ""reinstall app, clear cache, clean cookies"". I am 100% they don't use this app themselves, otherwise they would see how bad the app is. Reply: no, you won't help. I contacted you many times. You just don't care. You won't tell me anything better than you already did. That's why I am writing this review."
f584d0b98515d5114a655589,Coinbase,google_play,I recommend it to other won't disappoint
2b94f3bb4684b73edc94bedc,Coinbase,google_play,It's something to consider how to start in bitcoin and it's options
d95e82e0464d8ba2fe837bbb,Coinbase,google_play,I'm learning and understanding more.....
9e91659bdc1cfb11a7c982b4,Coinbase,google_play,"why is my device no longer compatible? It's still getting updates for another year, I'm on the latest Android."
f842e07d334318dd40c82fca,Coinbase,google_play,"When I am working with a manager to get the app to work. We finally get it working after far too many steps. They then contact me again after telling me that it is now working and unlocked and that I should not need to do anything else to use it only to get another call to verify my ID again. Once again, I did this numerous times because on my cell phone your app is not recognizing the camera on my phone. How do you expect me to verify my ID on your app if it will not allow me to take a picture?"
25a801136ab0fd2ac4bfd68c,Coinbase,google_play,The is very friendly
837bf127b88d6cbb3d59451a,Coinbase,google_play,I transfered to a new phone. I can't get the app to open. I also have a transaction on my bank statement that looks very suspicious.
000cf55bda76706d5a071191,Coinbase,google_play,Amazing
5099332a85387999ffddd798,Coinbase,google_play,Learning
f87aa7eceefdf2095c8c41db,Coinbase,google_play,"charts are useless, dont represent the numbers. also rwandom restrictions pop up and missed the massive run from trumps election as trying to figure out how to fix the issue, difficult to find a support service rep to help on phone, they make it almost impossible to find them, they dont have a team to escalate to if they cant solve anything. a lot of improvements needed."
3865892fb3bb557856971a7b,Coinbase,google_play,"Spending 50 $ for begging, check out my account balance is zero if fake stay away they're scammers"
84c2eef0d42cae0b03f29b4e,Coinbase,google_play,amazing
b0018f46599a4ecb8fb6a799,Coinbase,google_play,So far the app looks nice but will I attain the wealth like them and more.?
17bc1025edad1d9996b1be4d,Coinbase,google_play,"I am a beginner and this platform was very confusing at first bc it has alot going on. And if you have ADD/ADHD then i was easily distracted by all the different things this platform allows me to do. But like with amy platform., familiarizing myself helped tremendously before making trades or transfers. I really like this platform more than before"
6d51914f8469476379bce794,Coinbase,google_play,"Crammed full of special officers and spam. App is bloated. Crypto is, was and will forever be a con for morons."
2149531f843c80556dc73fa3,Coinbase,google_play,Great app 4 stars for now.coinbase advanced on Android mobile keeps freezing.ive updated app no change 5 stars if they fix the advanced feature
9b55065e8c0b4d03e1ac3d65,Coinbase,google_play,An app that could change your future...
efd2a8f83d0cb093fe01ff42,Coinbase,google_play,Life changing.
e39a096fa6141e93110edb14,Coinbase,app_store,I did ask to sort my account out and it took 6 months to even find out that there was problem. Still not fixed and I ended up delete my account so advise doing same don’t waste time with Coinbase once you have issue you are frozen and there is nobody to help if you call support they can’t do nothing only wait for their KYC department who probably only have one employee. Multi million company is greedy and selfish so don’t waste time with Coinbase
ae2cd1006d5f4fdb1f49f01b,Coinbase,google_play,(2019) The app has gotten better. It still needs functionality that allows you to see your combined portfolio in a single chart... Update 01/2025: Coinbase has a really good app up until today. This latest update now took away a bunch of options like seeing how much individual assets they I own gain or lost today. I can no longer see my total profir or loss for each asset. You guys messed up a really good thing. Why? You had it down then you took away options. Stop messing with the app!
c9ebd7b535fce24a2ccae291,Coinbase,google_play,"All of a sudden, I am unable to sign in after having this account a long time. Customer service is hard to find, I'm still trying to find help"
d7bcceacf6d4d2514958b6eb,Coinbase,google_play,I'm still learning. It is right. I'm gonna save the world
3cdeaaf50c9d4046817ccd94,Coinbase,google_play,Very easy to use
9b4367ef8c270f296e161ea4,Coinbase,google_play,this is a scam I think cause to verify my card it took 2 different dollar transactions for me to verify that was supposed to be refused but they refunded zero dollars
9d8eb7af2ad1eda32625e876,Coinbase,google_play,been really good and easy to use
b9f0d9ec8bf641f7062536bb,Coinbase,google_play,"Very helpful and informative You can learn how to trade, right through the app"
41d3d7cf54cc5b11c17683b3,Coinbase,google_play,almost live and what about world coin.
e6ccf87930e9704a85506644,Coinbase,google_play,Frozen funds!! I have transferred a small amount of USD to my wallet and bought USDC after a week still is not available for withdrawal!! this really sucks!!!
c28685dc3da477c60a94e6ac,Coinbase,google_play,"What's wrong with your app? The email password doesn't match and even if you use forgot password option, the message doesn't come to the email or phone number. I haven't been able to access my Bitcoin account for a long time. what should I do?"
bcd47dd7d982207118a245b4,Coinbase,google_play,need more options to short all these coins
b65aba1c62b1c6e9e9c58195,Coinbase,google_play,Awesome security measures my # 1 reason I stay with you.
c19358b4a198645d178058c2,Coinbase,app_store,Impeccable
f4f24fe3eff63a655eb40b0c,Coinbase,google_play,Coinbase is very user friendly offer endless opportunities and possibilities for growth. -K.G.
8289cdbec50b74a7bacc4276,Coinbase,google_play,Nice app
d05275067161ce4bc135be12,Coinbase,google_play,"out of no way, I find it hard to log into my account. What is going on with the app all of a sudden??"
065e089526d9ec154ae00f36,Coinbase,google_play,Apps Unusable Its Seriously Way Passed Time To Hire New App Developers! This App is Almost Unusable on Android 16 & For Months now It freezes after initially opening & Trying to navigate elsewhere in app Nothing Loads after initial opening have to close the app and try again even with purchases... 6/08/25 update still the same on 6/19/25
8450d387aef928c3171b2c2c,Coinbase,google_play,does not work properly on Samsung tablets. support said i was SOL it's not designed for tablets. None of the support links below apply. I have discovered the hard way that their support is criminally non-existent for any serious problem. Do not trust them with your money.
9ff229c057c4465f5785d5b3,Coinbase,google_play,difficult
f76e63ed6218f81696df666b,Coinbase,google_play,Love this app
5f5171273f5291ca8785e573,Coinbase,google_play,i can't get this app to work and cannot find a phone # to coinbase. i would like to do a transaction.
c0e481f835cba48dbdb13d14,Coinbase,google_play,"Useless app, does not allow any verification, just keeps telling you're on the waitlist for months without any progress. Better find a more user-friendly trading platform."
19aa9399cca7795804d4b216,Coinbase,app_store,"I’ve never written a bad review in my life, but my recent experience with Coinbase has left me no choice. Over the past two days, I’ve spent a total of four hours on the phone with their customer support, and their incompetence and inflexible processes left me in tears.

Here is what happened:

	1.	Account inaccessible: I recently could not login to my Coinbase account because my two-step verification was linked to an old phone number I no longer have access to. Since I hadn’t updated my number, I couldn’t log in.
	2.	Failed ID Verification: To recover my account, I was asked to verify my ID. I followed the instructions, but the verification failed. The issue? I created my account 17 years ago with a French address, but my current passport shows my UK address. This mismatch caused the system to reject my verification.
	3.	First Call to Support (1.5 Hours): I called customer support to explain the situation. They told me to redo the ID verification. However, when it came time to record the video during the verification process, I couldn’t proceed because I was still on the phone with them. They advised me to hang up, complete the process, and assured me they would call me back to validate my ID manually. They never called me back.
	4.	Second Call to Support (2 Hours): The next day, I called again and had to explain everything all over to a new representative. After another two hours on the phone, my ID was finally validated by an “expert.” But then, the representative forgot the reason I had called in the first place—to update my phone number. She told me the only solution was to create a new account and transfer my funds.
	5.	New Account Creation Issues: I followed their instructions to create a new account, but I encountered yet another issue. My phone app kept switching between the browser and app in a continuous loop, making it impossible to complete the setup. The representative said she couldn’t see the new account on her end, so I had to delete it and try again from my computer.

After four hours of back-and-forth with no resolution, I felt completely defeated. I broke down in tears, overwhelmed by the sheer frustration and the lack of support. Coinbase’s processes are rigid and unforgiving, their system is plagued with technical issues, and their customer support—while polite—is not equipped to handle complex cases.

Coinbase, this experience was unacceptable. For a company that handles people’s money and sensitive information, your processes need to be efficient and customer-centric. You have deeply disappointed me, and I hope no one else has to endure what I’ve been through."
11e808d232a1edd69a59a85c,Coinbase,google_play,please help me find my Investment!!
021f23de6a40b8bfbe3e4cf6,Coinbase,google_play,"""this app isn't compatible with your device any more"""
fc01b465e7ba643f3e35e3c9,Coinbase,google_play,good morning good stuff
427e5a8f336bd6cfcab05bdb,Coinbase,google_play,coinbase is the best crypto platform when it comes to ease of use and conveince
a15bdbc9c65c581cedadb7ac,Coinbase,google_play,It doesn't allow to send crypto to different exchanges wallet but yes you can receive because then you trapped and you have to withdraw your money and pay expensive fee to do it and the 2 star because if you ok with what it is its not bad app overall Why would i go to your social media channel and waste my time to bunch of excuses???!!! Its simple you wanna do the business and make money thats the reason you don't have the option to send crypto to the other exchanges
6578da593c2f8ffaee413e29,Coinbase,google_play,best Bitcoin app
06641077889bd5501e145734,Coinbase,google_play,So far no complaints
9f5a09145d6b9c919874d87b,Coinbase,google_play,still learning all the functions and features great place to buy sell transfer crypto and USD
a82e193d9320d42030a65f44,Coinbase,google_play,"I've used coin base pro in the past it was brilliant, two years ago they have moved us to this app and it's going down from here. The fees went sky high and the best features of coinbase pro like automatic sale when your assets reach your expected goal, is gone. I am looking forward to just sell what I've got and move my money elsewhere. Edit: The prices aren't even accurate to live time prices if you're planning on investing with this app be prepared to be losing about £0.1 of the market price"
994a9032562a8f5744aff2a8,Coinbase,google_play,support don't want to help even tho i lost money cause of it
c7d6fc7bdc66ee0eba424303,Coinbase,google_play,Coin base seems to walk you through everything. The interaction is simple and finding what you are looking for easy.
e2c0191067975400016a795e,Coinbase,google_play,A waiting time of 4 hours to get assistance... This is ridiculous.
12e8504cecb41344dfced96d,Coinbase,google_play,preventing customers from selling cryptocurrency is not legal you know. I doubled my investment and I keep being prevented from selling after I choose to sell. Stop illegally doing that
9cfa2259935194d520bf001a,Coinbase,google_play,Great app!
76e638cd0a97f3be7b60fce5,Coinbase,google_play,"When I finished signing in, it would take me back to the new sign in page. when I tried to take a picture of my ID, there was no button to capture the photo, so you sit there awkwardly holding the phone for 5 minutes while a green box jumps around and tells you to move forward and backward until you get tired of holding the phone. Over an hour of talking on chat to support for them to tell me they can't do anything. 0/10 would not recommend even trying."
ccc809347ceae421f0bb7bed,Coinbase,google_play,I heard people complained about the coinbase app and I didn't wanna believe them but now since I started really using the app I did realize how stressful the coinbase app is.
bfa68eb76c3e8fdfadc1b68b,Coinbase,google_play,Easy to use for beginners and never have had any issues in the 2 yrs I've used it.
1a22bdca9e25627cfba99d86,Coinbase,google_play,"unreliable, not for live trading. I've been trying to sell my xrp all day. the sale won't go through. No real-time help. I can see why people are still skeptical about crypto in 2025."
1be06deb7a52d88f45827412,Coinbase,google_play,"good experience, they fix bugs all work normal again"
a01c937adde2fc041945e441,Coinbase,google_play,I locked my account but somehow it says someone changed my phone number and I can't get in and I can't get to support without getting in to my account so I'm not getting blamed for nothing it was locked I never unlocked it My phone numbers changed and it won't let me back in and yes I let my family and friends know This isn't right I'm not getting blamed for nothing because my account better stay locked it says somebody changed my number I don't know how but I'm not responsible it's locked 🔐
c8fc310d7edd55a574304652,Coinbase,google_play,"I'm really feelin the whole CBase concept. through my eyes, CBase can do NO wrong!!"
1f71258416c49d6676059315,Coinbase,google_play,"i'm an indonesian, but when i'm logged into this app, it ask me to verify with singpass. how can i get singpass when i'm not singaporean. i cannot log in to my account"
d68ed18676a2aecf15d88264,Coinbase,google_play,difficulties login into my account
7fa62bfc15e28091447e78b0,Coinbase,google_play,Coinbase is the secure way to go when buying Crypto. The whole platform is easy to understand & top-flight.
c165d28098b1014f1e52438a,Coinbase,google_play,can't access my account
c5b86021026bfee6a62b21c0,Coinbase,google_play,"Fastest app I've ever used, plus it's very user friendly 😊"
61a17384f6b4ff060df37d39,Coinbase,google_play,It works. The surveys are a nice way to get a small amount of crypto currencies.
83849d7669e60abb4e640504,Coinbase,google_play,will restrict and hold your funds
bd4f194d7e0cec2c55de194e,Coinbase,google_play,good 😊
a71b7f66c7f44aeb6ad29a4d,Coinbase,google_play,User friendly
3e6d5149fc8382fd7f8a3096,Coinbase,google_play,easy and fast. lets go xrp!! 8
9db414c6bb5679f010e40ff5,Coinbase,app_store,100%
59ca20e751ded7f0ce1df18b,Coinbase,google_play,amazing
640acf65801591d6e150a376,Coinbase,google_play,Good
4271457c6105743515373fd6,Coinbase,google_play,amazing and fast
30cbdb2c0801c4174e334264,Coinbase,google_play,Amazing for Crypto
429a4fe7d78e974227d27296,Coinbase,google_play,if you're still using coin base please and I repeat please! withdraw your money as soon as yesterday coz tell me why they literally closed my account for no absolute reason and funny enough I can't get access to my money despite them sending me emails notifying me that they would shut down my account trust you me I'm going to file a law suit on your coinbase team and I'm willing to take you all down with all means necessary you'll have no choice but to give me back my hard earned money back 😡😡
57f28daa554eb22e93ccb49d,Coinbase,google_play,Good
7063d3eef9cea64a03afcf09,Coinbase,google_play,Best app ever very easy and fast for everyone beginners to pro level.
e4e0f26af5d9051027927966,Coinbase,google_play,Good
bff24542f78c97688ceb308d,Coinbase,google_play,"OK. I initially had difficulty setting things up because it was not explained why my id verification was failing. After figuring it out my only annoyances have been the low debit card limits per week and the fact that the app does not tell you when an update is available/needed! App functions stop when an update is needed. This caused me to miss several buy/sell timings! Dear Coinbase, informing users upon opening the app that an update is needed is important. Please implement this."
c94bc270f16617b9b7cd07b2,Coinbase,google_play,"STOP CHANGING THE USER INTERFACE OF THE APP. ITS NOT ""BETTER"" ✋️"
f2c066bea8927b0b859ef087,Coinbase,google_play,love the app it makes buying and selling simple
9f9d4828f8c66819ba14f14e,Coinbase,google_play,Seamless app to gain maximum potential.
fddb78fba0afcafb699e2d2d,Coinbase,google_play,"I just completed the update and my watch list is gone. Who is making these decisions to update the app. Your not going in thr right direction. Just leave the app alone, it's doing fine before this last update. I can put bitcoin or ethereum or solona in my watch list. who's messing everything up down there. Just stop with the ridiculous updates."
0960df7d9a4773217669e667,Coinbase,google_play,Great way to teach
c75eae6137610c827952eb05,Coinbase,google_play,Nice application
f3123e10a537dfdad8d5b65a,Coinbase,google_play,"easy to use app, transactions are navigated in simple steps."
58228e9a676e8e8dbaa524bb,Coinbase,app_store,So much easier to use Coinbase than Binance fast and reliable
17ae0873adcacab069b15505,Coinbase,google_play,I love the learn an earn feature.
2c457322d3322f9d9cbed71e,Coinbase,app_store,Never returned any of my money and the fees are outrageous its impossible to make any profit on this app unless you have a large capital
152ef9408136b523ca1ef92a,Coinbase,google_play,"Been a client for many years. Had bank account unlinked, given the runaround, impossible to get legit aid. Even the feedback below was misleading and proved unhelpful. Easiest solution proved to be opening an account with a competitor. Took minutes and already purchasing btc with greater convenience and lower fees. I'll keep Coinbase open as a last resort, but the grass is much greener elsewhere for now. Had they not unlinked my bank I'd have never thought to consider alternatives. Grateful!"
c6a92058f2d5d7be7cf32ce5,Coinbase,google_play,"Don't put your money into this app, when you sell your money and attempt to withdraw, they will lock your account, blind you out of everything and will make every attempt to prevent you to pull out money, even with the verification step, DO NOT DOWNLOAD."
c50adb82bb0b3b628188aa27,Coinbase,google_play,Really bad 👎
14cf3b299a7f7b6d4fb39275,Coinbase,google_play,"They take crazy fees from you. When you buy, sell or take your money back to your bank. You need to make at least 10% profit otherwise it's not worth it. Which ofcourse is impossible to know you will make as coins are a total gamble."
2eeeaf0fc3c52300154ffd31,Coinbase,google_play,"U don't want me to describe MY EXPERIENCE with this app, trust me. It'll hurt your company MORE than it'll help it."
e5b6159e58c0b50f881265af,Coinbase,google_play,"Two years later and still love the app, if they had 6 stars I would check that box"
69eeac3d8c379c87e75ac994,Coinbase,google_play,"seems to get worse , sometimes converting fails or it just won't let you buy or sell"
ef02887c7111a38323a03fe5,Coinbase,google_play,Coinbase loading in Bangladesh
49a14e6cac771e533988a313,Coinbase,google_play,what has changed in the last 2 days? I have been unable to access my acct. it's asking me to sign into Samsung wallet to access my acct. I cannot log in
47dad45051f516013e254d10,Coinbase,google_play,Coinbase sucks. The fees are ridiculous. They hold your money after you sell. The restrictive limits on putting money in or taking money out are a joke. I'm taking my $50k in holdings and going elsewhere. Also selling my $75k in Coinbase stock because their competitors are going to kick their teeth in.
f721a4b404e5a0c077302a2a,Coinbase,google_play,easy to purchase
7c86038a1f36eca4fc509ac8,Coinbase,google_play,Virtually no customer support. High fees.
7492eb12bd5dbb8f0d4fc4d0,Coinbase,google_play,Does not support listing of Pi Network.
37a3a89f0dadfd1f3fb26de8,Coinbase,google_play,Stay based on coins. Simple as is.
09a4cd8a7c851b7814b2ab60,Coinbase,google_play,good
5096daf69ef563e25ab3d2e0,Coinbase,google_play,Awesome
0e5264790a781e36927ea985,Coinbase,google_play,"60% of the time, it works every time."
9cf2ba549c47102e2778a8bc,Coinbase,google_play,"professional, quick , easy"
ec249575dd31d41ed1ef307e,Coinbase,google_play,"Please this Coinbase can't be open in my phone, what can I do open it please answer me this question..?"
180b38aa7f307b9001823e88,Coinbase,google_play,"Can't sign in to account, 20 min wasted."
b5550fb1449d3a491e4b728c,Coinbase,google_play,the platform to buy crypto on
283915dd7e90f7630b48023b,Coinbase,google_play,First time buying crypto
237f2399d157d980b62e3b64,Coinbase,google_play,"Tried to open an account. Never received an emailed code. Tried a few times until it told me I had tried too many times. Yes, I checked Spam."
07838ea25ba9f7c1b47f690d,Coinbase,google_play,"I hate this app, I hate coinbase 😡😡"
9e3bf9ec66b85015c6c1aca5,Coinbase,google_play,The first not the last (grin)
a5f9afeea2665694135c7ce2,Coinbase,google_play,their indian customer service hacked my account and sold all my cryptos...he transfered money to prepaid account...coinbase did not do anything...I called their customer service many times but nothing changed
08cada62e7d40f236d734903,Coinbase,google_play,"after your first buy, there's no waiting to use your crypto. another plus is it's easy to navigate."
27d952bd17ceefbd60870286,Coinbase,google_play,This app is putting limits on my deposit by debit cards. By $50 a day. And some of the my limits are as low as $5 a day How can Anyone do business with this app like this. I will never use this app again
031fe2e4eb6a50a5ce015eff,Coinbase,google_play,wrong app for finding coin values.
20da0ba2cca640289bc2121c,Coinbase,google_play,"I like the latest updates, but I couldn't find the wallet address for any crypto currency, so why would I give you 5 stars?, I saw another update which I get it but you guys never fix what I requested because I don't see a way to receive or send crypto currency?"
94a45b5adbc7c4466823965f,Coinbase,google_play,Great experience and easy to use!
6c8be472542b4cc7d2f86b04,Coinbase,google_play,"Easy to use. As a new investor, I fibd it easy to trade with Coinbase. I have referred my friends who are about to start investing but are afraid of it, to use Coinbase."
771a665d3418a71454e0d458,Coinbase,google_play,app won't open. uninstalled and reinstalled still the app won't open
4a546ee4f938a1c791b457a5,Coinbase,google_play,quick and easy trading platform
246c9a2e59f7c742848772f5,Coinbase,google_play,Kings of Crypto!
0e20af0f203c0f314f4f6548,Coinbase,google_play,easy to buy and sell
306290c24dc27eb970f47b4f,Coinbase,google_play,"im unable to withdraw my funds. I follow ALL of the instructions and the system ALWAYS says it doesn't recognize (computer or phone) that were verified by Coinbase. I try to contact customer service, of course no way to CALL. Every time I use the chat system.....it doesn't work. is this a scam??? if so, I'm going to the District Attorneys Office if I don't get my money withdrawn"
88b15498698ef5a6ab285c18,Coinbase,google_play,Easy to learn and start trading right away. I like the multiple pay options to buy crypto.
d2c78006aa7304a468654c8f,Coinbase,google_play,Your yearly charts are broken
693e4cde585d98659b9654f9,Coinbase,google_play,Very easy to use.
ed36c6c17efc7c7bb4367bdd,Coinbase,google_play,xyo
feb578225fd4d0641331c9d4,Coinbase,google_play,"Very easy to use, make trades and cash out"
15cae8f6d905ad339c8a68c0,Coinbase,google_play,"Good experience, easy to use app."
b22dcdc7fc21ad3592aa7d2c,Coinbase,google_play,Sounds great code and moving that number or validating became difficult and not given bonus for joining APP create a way build this Platform for user that joins
13a3786aa0c2e629f2cdf7dd,Coinbase,google_play,The app is not working again
c174836c47882a74618ee64f,Coinbase,google_play,"Na parte do KYC, o app não reconhece meu código postal"
4bdf036327ac79fefb42f2f4,Coinbase,google_play,it's the worst trying to withdraw your cash to your bank account. it deleted my debit card account from file when entered debit card info it was declined cause of insufficient funds. maybe that's why I was trying to withdraw from coinbase to my debit card account cause I didn't have enough funds duh
59354bc44cb7a2f57f3fe4e9,Coinbase,google_play,"Legal way to steal money from good people, fees are ridiculous bought $750 worth of trump and bitcoin crypto two days ago. Sold it for 571.13 after fees recieved 547.33 total loss from this scam 202.67 don't buy it!!!"
8a38051fe84bb97d0d768986,Coinbase,google_play,"Had to change to 1 star from 2 due to thos simple issue still not being fixed. constantly freezes and needs shut down and opened back up anytime you want to look at or search something different. they will also boost your abg buy price A LOT if you ""Insta buy"" make sure to set your buy price..."
bc79714fd33a8ff616f148cc,Coinbase,google_play,good
6d0fb75475f1ce703004c2d8,Coinbase,google_play,yay
34841e992c336195d5271587,Coinbase,app_store,Parfait
6f63223adfb6e9c4c1dcb026,Coinbase,google_play,Easy to use. I started my crypto journey in 2024 and this app was essential from the beginning training to the coinbase one dedicated concierge that was there to answer questions. I recommend this app for all those willing to give crypto investing a shot.
586ca0bb79e2a58ebff87477,Coinbase,google_play,I created my account with no problems
b802b6de7695412c5bec3e32,Coinbase,google_play,Excellent for investment and taking money out of the platform. Thanks
626ae943c5bd189888699830,Coinbase,google_play,Never signed up for a membership with them and now im being charged monthly for whatever reason. Had to contact my bank to get my money back.
9f626d349c6d3c481d133151,Coinbase,google_play,"if zero was a genuine option, as almost anyone would, this is one of those as well, setup an account 5 years ago, forgot it was even a thing, comes to show that this app isn't all it could've been, reddit posts and such aside, personally I've concluded that this app/company in general, is nothing but a con/scam as probably mentioned by multiple users, for those who are giving this company anything of 5 star reviews, either paid or you just haven't had the incident happen to you, have fun."
cd1bd731bf95f481f695dcbb,Coinbase,google_play,It's a vital is a homily financial assistance it gives great advice and you also get to take lessons with some type of incentives
18c60a65899424c66af3be01,Coinbase,google_play,"Honestly, you guys go out of your way to make it hard to use this app and to even try and get your money of it back to PayPal you can just pull out your heir cause yeah it ain't going to happen"
db8761a039c6ebb56ffc726c,Coinbase,google_play,"Its a great app easy to use. Easy to put money in, easy to take money out."
ff264f1f93714eb67e21a39b,Coinbase,google_play,great app.
ca9f74bc153699f5bf3df26c,Coinbase,google_play,"Today I had about 60$ worth of assets, 40 something$ worth in my cash asset so I can withdraw to my bank, and 20$ in crypto assets. Now I only have 11$ something in my cash asset. Definitely don't feal safe with money on this app after a live chat with a agent and didn't help one bit"
91a1e3977a6d769823453a44,Coinbase,app_store,Die Kontoeröffnung klappt sehr gut. Alles sehr transparent.
ebd58215b486bff3b04c7537,Coinbase,google_play,awesome experience
cd2ba24d90b624cad8a03996,Coinbase,google_play,Best app
fb2eab6aa172205814ee75da,Coinbase,google_play,I am starting to use Kraken+ it's cheaper than the Coinbase one. The new basic plan is so stupid 500$ trade-in. Kraken+ 20k trade in and 4.99. That's a big difference
caeded17bcda9683c581e480,Coinbase,app_store,"I won’t recommend this application to anyone unless you wanna be logged out of your own account someday, maybe while trying to make a transaction or just out of the blue. Before using this platform, beware that any money you put in there isn’t fully yours."
c8e4410a705dccadf02101ff,Coinbase,google_play,Easy. Also a learning tool. Lots of options. Fast transactions
db12fabdd1ae2f4d33156d32,Coinbase,google_play,"Quite quick, considering, and easy to sign up and make my first trade. Now let's see what happens. 😀"
ebef15f3250c87da364a27a3,Coinbase,google_play,"Problem with registering. After the verification process , I can't seem to receive the confirmation text to finish registering on my phone number."
d642e3561249ca8a4272979a,Coinbase,google_play,Great
1031de5aee533ceb2df80cc8,Coinbase,google_play,Very informative easy to use
cdf990b8c480e9ffc1a96264,Coinbase,google_play,It's really cool to learn and earn a decent amount of reward to start investing
2623e2229c3a86b172dd5a96,Coinbase,google_play,I like the system. it's easy to understand and I would like to trade more and more. Now I know my friend was right when he recommended this App.
eae9ccc5b4b6f678723adc25,Coinbase,google_play,"The platform's chopped and surviving on name alone. Another forced update kicked me out, and I can't just get back in because I changed browsers. So, I have to hunt down my credentials. Very hostile towards neuro-atypical people like epileptics ✋ What a messy, inconsiderate, and illogical way of doing things. Classic example of branding carrying dumb elites who have no business participating in markets they hardly understand but think they should control. Get out of our space!"
bc4afbc525eeeadfd50c69fd,Coinbase,google_play,Love it very easy
25982551af72c17b14ae3339,Coinbase,google_play,can't use it can't verify my payment method won't let me add another can't get help from support. I can't file a complaint
9afb054fa905d4d3594f1d62,Coinbase,google_play,Coinbase is highly recommended for trading and buy and sell crypto and investment.
89ad65892f405e0a4e04c4a0,Coinbase,google_play,"I had dollars in my account, why is it zero now? There is no crypto."
6daa45be8a6233ff54f61a34,Coinbase,google_play,Very good wonderful
c7a118e4a32f59d16a0f0932,Coinbase,google_play,"Just Terrible. I can't find anything. Navigating this app is a nightmare. A lot of things are missing, including most of the settings. Impossible to use. For example, to send crypto one has to set it up on the desktop version first because it can't be done on a mobile!"
2de9fd33b800f9dea705de30,Coinbase,google_play,I've tried a few crypto apps and Coinbase is my fav for sure. Good technical support and always easy to understand!
062426ba25b8862ce8606483,Coinbase,google_play,So many fees
5dea76bf133335b709f3d801,Coinbase,google_play,"The registration process is horrible, and I'm already ready to uninstall this app from my phone before I'm even allowed on it. It's basically telling me it's not a platform I want to be bothered with when the registration process sucks. It's glitching at the registration process it's probably going to be hell using it."
cbc790afcd0f9988f868e181,Coinbase,google_play,excellent 👌👍
63d5292737e6b1eae04a5216,Coinbase,google_play,Awesome 😎
dba1f11c38067c40fcbf5d2a,Coinbase,google_play,Awesome! Fast and simple.
6b9e9b4c3733a8478089b2fc,Coinbase,google_play,👍
d5b03da8b1f1aa75adfee43f,Coinbase,google_play,top notch easy for beginners to coins
4919fa10330aa317b68af107,Coinbase,google_play,Coinbase mobil app provides an experience I can trust w/o that spammy feel. Comfortable and confidence when trading in the wild wild Digital frontier. This is a great app that behaves just like the desktop website. Solid. Coinbase rocks my financial world. 😎
7755da6c3be1783b43c48f84,Coinbase,google_play,It's great
5e015c4d5a5b70b6df79798e,Coinbase,google_play,"The people of the earth bank in crypto because it is the future of money and the future is now. Invest, don't wait."
73df1f30cb7c3350de547677,Coinbase,google_play,They randomly lock you out and have absolutely no customer service to get ahold of. I sent my drivers license with a video of me personally and me speaking and they said it was not me basically and locked my account out completely. You call the numbers and it says to find help online thru there website. No help at all. I have an old number on there from a long time ago which I had no idea seeing they allowed me to log in and deposit funds and buy crypto without having to update now locked out
b13244a6eeee063a38890b49,Coinbase,google_play,good.
5b1c8910326b78f8b162821b,Coinbase,google_play,Stuck in support chat waiting for hours.
8f4c579449e548d8afaf0e66,Coinbase,google_play,I've submitted picture over 10 times and always get error country code (I am in US) and now unable to access anything. need assistance
2dc85f4a9bc2e1141284565f,Coinbase,google_play,its very nice
0faf469f4b051a5d1b1adb9a,Coinbase,google_play,"It's the smoothest, most manageable crypto app"
b517e8b78f7a5adad5d82eb2,Coinbase,google_play,fair
89aab5d9fb00604d4639e681,Coinbase,google_play,Easy to use
d3e90cc181ea1b8b039b648d,Coinbase,google_play,One of main technologies on crypto.
8237aa83efbbf45cef0a8d08,Coinbase,google_play,Great trading platform 👏 👍
52685cc4a7e4e507a256acd1,Coinbase,google_play,The app is very difficult to use. The charts are basically useless in the latest update
1ba40554c99c6ad5d006455c,Coinbase,google_play,"hack due to app security issues lost 1700 us dollars blaming it on user vs their failure in protecting their customers. saying phone was hacked and all checked and protected already by high end security and no other app been hacked except theirs. unacceptable customer relationship blaming customer vs what they are supposed to do, I.e. protect their customers investments. all our team is now prohibited from using this app."
11829cb275fae51b161febaf,Coinbase,google_play,Nice
ebbbede170f368eb33867143,Coinbase,app_store,"Constant log in loop since January, cleared my cache, deleted and reinstalled etc. Yet the problem persists, I lost out because of this.
When it works, it works great however, but beware."
0269044dda313229279cb185,Coinbase,google_play,Great app
eb8c86daa58989263a998f3d,Coinbase,google_play,Very easy to use the platform.
9c10601a7cc70972190b4b8c,Coinbase,google_play,app always goes down during any volatility. notorious for insider trading. get a cold wallet instead of coinbase if you want to truly own your keys and crypto.
934484e1d9511ac0a4032896,Coinbase,google_play,I have been unable to take a photo of my driver's license because the button is not shown in my phone screen.
d0821b5c088d7bcacd08cc13,Coinbase,google_play,"Good luck making any money here. they jack the act crypto price up by a few 100. just bought BYC at 107,328 and their transaction says BTC was 108,499. so I won't make a dime until BCT gets passed 108,499. thanks crooks 👍"
6f9b6a2cfefbb970eb61088a,Coinbase,app_store,Not able to use on my iPhone 6 anymore. Worked before? Despite me still analog times...
e7d475b800aa08be7a6db751,Coinbase,google_play,I'm really enjoying learning about the new crypto and also the learning tools coinbase has to make it easier.
5ee03c105e295c28ccbec454,Coinbase,google_play,Coinbase Advanced is unbearably laggy when trying to input an order
895931c1c5a035414800fe5f,Coinbase,google_play,why does the app completely logs me out each time i try to set up a pin code for the app.
b9e9dec91fd2bd4737405075,Coinbase,google_play,"Not much experience in these things, but i have never had a problem with it.."
d6ca07ead4e7fbd5efa106e3,Coinbase,google_play,"Simple to use for anyone. No hassles with a purchase because it's done on same app, not ""farmed out"". I appreciate that. Customers will return because Coinbase appreciates their customers."
139e70d6b227adc1e84de92d,Coinbase,google_play,"'Don’t invest unless you’re prepared to lose all the money you invest. This is a high-risk investment and you should not expect to be protected if something goes wrong.' The message that is always there so ok, i'm not investing, through you."
0666eba97e69d5f1e09a3bbe,Coinbase,google_play,Easy to use
1c03407c9b776e05e67d30ae,Coinbase,google_play,"You told me that I would get a spin to win some BTC. Followed all of the necessary steps to create my account with you guys for the first time ever. Then, after I make a trade to finish up the 4 steps to redeem it. Yall just said I don't qualify and took it away. This was false advertising to bring me here and I will be telling others now not to deal with you."
ddda5deb2d890c90d373037d,Coinbase,google_play,perfect for everything
b73ccdeadc48a8e15323ebb8,Coinbase,google_play,very quick easy and absolutely no hassel . and no fees to transfer from checking into coinbase.
ddf163c18aa2bf306dd22ad5,Coinbase,google_play,Restricts your account for months on end for no Reason!! Trash! 3 years later and still cannot get it resolved! Trash Again!!
729ac4d1a8ceebaf1c06e579,Coinbase,google_play,Why this app not open on my device
f1f63082d672106616df1693,Coinbase,google_play,"I've been trying g to use this app exclusively to trade derivatives. The intermittent chart failures, failed delivery of custom price alerts and black screens make this impossible to use! Coinbase shoukd be ashamed of themselves. The enormous fees should at least pay for a stable app environment."
410681c5adbcef5055b865e1,Coinbase,google_play,Safe and secure transactions at my fingertips. The app makes trading simple and seamless
0a5a6c7c5705e8be9af560a4,Coinbase,google_play,Easy app to buy crypto currency and easy to understand
9cf1d7f0fdb0470879f986ad,Coinbase,google_play,The best
c4fb73a95e3e8281e6af4fc7,Coinbase,google_play,easy to navigate
8e73587e209f6a2a8786f5aa,Coinbase,google_play,very good
b99a3907bf1a2556c2374b0e,Coinbase,google_play,Hard to close acct
c4a37b9e6a8c411993037fec,Coinbase,app_store,keeps telling me to verify even when i send bank statements and when i want to check my balance or do anything on the app it goes to a loading screen which never loads.
0a880294c198a6d19422ee89,Coinbase,google_play,easy to use safe and secure.
26a226c561f5259ab65cc093,Coinbase,google_play,easy to use
628183595c4b6a7acfd027b8,Coinbase,google_play,"Coinbase has taken $19 i had in their wallet withou my permission by using the words like "" we are closing the service at 25th september"" Now I can't sign in my account"
e62ca866767a4bd4951a7abb,Coinbase,google_play,Good tool for buying and selling crypto. Been using for 5 years now.
0e18337fe3e906f399afebe6,Coinbase,google_play,easy to use and excellent app
4140af7dfdf737dfb457a735,Coinbase,google_play,Transferred $500 but instead takes $1000. Without anything and showing it into my account. Just money taken away from my bank another 1 star review. crypto is the biggest scam. only the rich gain money
3669109051f45d0666c536f3,Coinbase,google_play,very reliable and fast
12b63b75a1e0368906efd462,Coinbase,google_play,very good
73983c1bb4a2051d10c410d3,Coinbase,google_play,app is trash. if I try to buy ETH to swap it's on hold forever. total bs and has cost me missing multiple rallies
d2bf1bf53d900790da6ab3f6,Coinbase,google_play,easy fast crypto trading
5dfaf53f95bd5d90c9f249a5,Coinbase,google_play,great
8035ec4790bfba877a590020,Coinbase,app_store,"J’ai 280€ en solde , impossible de placer , déplacer ou récupérer, tout est bloqué"
5311ef8ed1e66450f95cc6c9,Coinbase,google_play,Quick and easy to transfer funds.
df5ea0ae0e98f0913adf79ff,Coinbase,google_play,The app started out fine. It slowly starts having issues when you're making gains. After today I will no longer using Coinbase. I made some really great profits in predictions and all of the sudden my charts would update because message appeared that I needed to read the rules and pricing of cf branchments. I also could cash out on large gains and ended up losing lots of money. spoke to support and the issues and the gave me some bs answer that didnt answer anything I asked.
311ca4dd90951abb67217b52,Coinbase,google_play,A wonderful experience
613f908db2f7f04b872a298c,Coinbase,google_play,excellent
759ac244a5927126ad24b328,Coinbase,app_store,You should definitely avoid using Coinbase. They just want you to loose every penny you have.
458bec7c5f954a1c6d348b38,Coinbase,google_play,I love that you get to learn and earn.
3f2a9574a96cc14446cbf338,Coinbase,google_play,I like this app especially bc it works in New York. The problem is like 3 out of 4 times I go in the charts don't load...
8e6261d183b4f3332c2e5eb1,Coinbase,google_play,"Good so far, we will see how it goes."
0ff97daa696886132c2cd810,Coinbase,google_play,"Stop trying to make these apps shiney and ""easier"" to use. youre breaking it and making it worse. i cant even scroll down without it going apeshit and scrolling sideways. its almost unusable to me now."
51338c6afac61bf41c68a3ce,Coinbase,google_play,limit reached very very annyoing... but the app is good. clear UI and perfect for beginners/experts too! I actually like it but I cant use it bc limit
ec6ad5f30b5768155fa68646,Coinbase,google_play,"The app is extremely slow, constantly having to force close, or clear cache just to get I to work. will change payment methods on you when making purchases, then make you wait 5 business days before they will even try and fix it. If coinbase said 1-5 business days, they mean 5 there is no 1,2,3 or 4. Just use a browser to access, don't install this."
1bf2c523c2bf67654c57556a,Coinbase,google_play,"I love Coinbase. Base chain and Basescan are great. Gas costs are consistently low. Whether you're a developer or not, experience with crypto or just starting, Coinbase provides a well rounded user friendly experience."
c40a7ae7760eda934290d831,Coinbase,google_play,"Thank you for your response, the issues I mentioned before have been addressed. The wallet is very stable buying/selling is very easy to do."
0d79df0c1f6c975c4a5e512a,Coinbase,google_play,good
e7a9c5cf2f5e2b89a6e4df52,Coinbase,google_play,An easy app to use for beginning crypto users.
aa96c6f9a3ddebd675e5baf9,Coinbase,google_play,Very good experi ence.
7ac2661f163f104f478787e0,Coinbase,google_play,Fast.
b3a7be1417291022574e684f,Coinbase,google_play,great has never missed a lick
9ecc3841887d7c0c1ad9a1b1,Coinbase,google_play,ok
8dbaa112f7d22f234cf87370,Coinbase,google_play,I continue to get a invalid payment method when I try to with draw my money and now have funds on the app I can not get off or get help
1fdea61119178319732d8933,Coinbase,google_play,Good experience with coinbase everyone downloaded it and use it.
ba02dc0f85dd338af683f0c2,Coinbase,google_play,simple and easy to to use!
d526ad4e986be80c3a999d35,Coinbase,google_play,"Do not do business with Coinbase. Went to open an account, got an error message, and then an email saying they believed I violated TOS and I am no longer allowed to use their service. I sent a message to customer support and they gave me the run around saying they couldn't tell me why because security policy blah blah blah. No help at all. What horrible service and business practices! I would give 0 stars if I could. Do not do business with these scammers! Look at the negative reviews."
c39a87c518e735a8b1300af8,Coinbase,google_play,"mittlerweile unbedienbar geworden. traden kaum möglich, da die Masken einfach nicht laden. technisch eine Katastrophe"
a273650764741373b22b3330,Coinbase,google_play,Easy To Navigate
9079cc37cb7f36706601be55,Coinbase,google_play,I love it here
b338b65f42f89a6d00f83df9,Coinbase,google_play,"Your latest android update has completely messed up your app! The following issues are what I have experienced while trying to place limit post only sales of T-USD Crypto. If you can get the chart to load; you cannot touch, drag, adjust, stretch, or change the range for all historical data. Constantly goes to blue screen while using the trade function. Have to close and reopen the app to get out of the blue screen. I deleted and reloaded ap and went through all the contact steps, Zero Fixes."
798e1fc81a9b2f999be12dfb,Coinbase,google_play,"Very easy to work and helps you learn about cryptocurrency at a slow risk, and at your rate. For future security."
a9b4a086d7ca5a6dc9c7c2e9,Coinbase,google_play,"This is the future of finance, like everything else, the future is now. Learn now at a time before everyone has to. Besides that, now would be the perfect time to invest. The value will only go up from here. Think about it, because it will be our future currency, before the year is over."
b5c2294f4d64bd0dfffb74f8,Coinbase,google_play,good over all
e427d79037ff14bee05029bd,Coinbase,google_play,Fast and easy
fb5c56aa5df485ae1e269023,Coinbase,google_play,Slow
481e77513c8e9ad5bdff4e33,Coinbase,app_store,"Ich war Jahre lang Kunde und habe diverse trades durchgeführt. Nach Jahren hat sich mein Handy und tablet geändert und nun habe ich keine Möglichkeit mich anzumelden obwohl ich via Mail, Fingerabdruck, Gesichtsausdruck und googleabfrage alles habe. Wird noch meine Blutgruppe und der Stuhlgang benötigt um mich anmelden zu können? Werde zu bitpanda wechseln und verzichte auf den Rest der auf dieser Plattform ist! 

Wer langfristig investieren möchte sollte sich von diesem Anbieter fern halten, da euer Geld dann weg sobald sich das Handy ändert."
b254f3359e022487553a0a7a,Coinbase,google_play,"For over a week I've been trying to verify my details on the app and on the website. I've managed to have my address and identity verified, but can't progress further. It says I'm on step 2/4. Every time I try to complete steps 3 and 4 it takes me right back to verify address, says address is successfully verified (I've had this verified about 10 times now). But I can't go further. It's a loop. What can I do? Besides trying a different exchange..."
773df13e870c932bfe0126f8,Coinbase,google_play,User friendly and uncomplicated.
2eaef8f8e252beb1165cfc3b,Coinbase,app_store,Geil
440cbe06926c771666dc4f4a,Coinbase,google_play,🙌
8ee2ac13ae5a980b09fa9aff,Coinbase,google_play,easy and fast
2a6ddb9983a5241052609d82,Coinbase,google_play,"easy, peezy,"
5356d8d9f34cd11fd134287e,Coinbase,google_play,Does not work it send number they do not work.. then it is not working tried to get it to work . Used 25 numbers. It want reset pass word. . Impossible to yluse this app
9895f074c0361d34a99e527e,Coinbase,google_play,"I have reopened my coinbase account and my asset turned to zero, why? I kept bitcoin on my wallet since 2017"
3d7a08e340e5533b3e7b2c37,Coinbase,google_play,"finally after setting up my account I saw this fun looking prediction bet which was a prediction on if the government was going to shut down on jan 31st. even though i clicked on NO. it said i invested 20$ on yes. I had to sell my prediction which taxed my bet and did NO again. and it still said I invested in YES again. idk about coin investing yet but if coinbase cant do basic coding right for predictions telling you you pressed a button you didnt, then you shouldn't trust coinbase at all"
da762609d869976342cace0f,Coinbase,google_play,Great
95cfbebe3592c1dd3e6e47fb,Coinbase,google_play,Easy to use. Clear and simple.
780ccc3000e9471e66b2a9be,Coinbase,google_play,Great place
a5124d2275b8f956b23131d9,Coinbase,app_store,Not recommended
d2eba663e7aeac21bf3bb1ae,Coinbase,google_play,App used to work great. Now it's complete trash after the update.
55cd5f196ca0d287e452bb17,Coinbase,google_play,It's good so far but I'm hoping I can log in as it has been an issue.
215b89ec9d15dfcddfc1ef32,Coinbase,google_play,easy to use
37291d6905c262e7fabf4f3c,Coinbase,google_play,good information guality product.
1f0b24bda8269a770113484a,Coinbase,google_play,easy to use and very helpful for crypto transactions
f1088a378e501c94859f611f,Coinbase,google_play,Great experience!
664b98266a1074edf0bddce6,Coinbase,google_play,"worst app that I have ever seen, I downloaded the app, but the app did not even open at all, keep rolling and rolling until it says try again."
634032373ae4f4d4e187b8ae,Coinbase,google_play,It's not the same layout as most but gets the job done
3943da43c8cf60bf83b83975,Coinbase,google_play,Very plus on my end very nice
08298e55d7764713152c8f6e,Coinbase,google_play,dose nice 👍
a0a27ddf379b6daf7126402b,Coinbase,google_play,Very hard to understand and participate in
4ab679d3eebe4f2c8b5d1e0a,Coinbase,google_play,nice app
7767b9bc26a402a366a0292a,Coinbase,google_play,fast and easy ..like my ex 😁
c540204dc59217f802594479,Coinbase,google_play,"App is okay but they charge a fee for purchasing and selling, which you would expect; however, they also show one price for the trading value of the coins then charge more than the value shown. I can only assume this is a double commission that they charge people and hope they won't notice."
b7973339ff0833e1ec4c1561,Coinbase,google_play,Pretty user friendly 😜 Check out the tutorials and the rewards programs.
53cf5dd382e0848b3097c3ff,Coinbase,google_play,easy to navigate
57c90c1d65bd20cf9161e75a,Coinbase,google_play,I liked the way it was set up. Started out with alittle bit of money in doge and wanted to withdraw after awhile and it doesnt let you do that. Numerous other people have the same problem with this. You can only buy not sell and withdrawl.
20dfcfb47f9dc1ab721731e1,Coinbase,google_play,"I am a paying coinbase one member, I have alot of my money in coinbase. it asked me for extra information which I have filled it in 3 times and it won't take what I write for some reason, now I have had all my funds frozen for more than a week because it can't receive my information. I have called support 3 times about this and each time I have been on hold for on and off for 20 minutes only for them to say they will send an email. I STILL HAVENT GOT AN EMAIL! I STILL CANT TRADE OR GET OUT MY $"
209651b4dd65411695ac1898,Coinbase,google_play,Good
02d9c7492508bbebfc855723,Coinbase,google_play,Learning
72673bb0372038ec5eaaface,Coinbase,google_play,Easy to use learning method for cryptocurrency
8f2ffcfe46e915bfc467b311,Coinbase,google_play,I love coinbase been with them since 2018 and I never had a problem with them.the app is a little bit iffy but your funds are safe with them them they even offer a wallet.i give them five because I can't give them ten..good job coinbase.and you can actually invest into coin base as a stock on the stocks exchange..thumbs up
e1184d14e7d5192d57dfccca,Coinbase,google_play,i can't access the account because the app has only one verification method which is driver's licence😭😭😭😭😭😭
75718a02a5add6fcf023964e,Coinbase,google_play,Best app for crypto
f4f640695ea4e8827e3ff420,Coinbase,google_play,"The app functionality is horrible. It glitches and is slow. I'm just trying to log in and every time I enter my email and password, it wants me to enter a verification code they texted to me. So I do. Then it takes me right back to the sign in menu. This is how you lose people. I'm considering going to Kraken."
d41fa62acf73a72e80b1b509,Coinbase,google_play,Very poor not loading and my money it's stacked in it. So not download
7057a0207b048ef0e69ec7b6,Coinbase,google_play,great
9fea099de384c3402afa7de3,Coinbase,google_play,Love it. Very easy to use.
a29256df893d1100bd4240ae,Coinbase,google_play,"Would not allow me to sign up. Insisted that my phone number is a virtual phone number; not so. If they get something as simple as this wrong I can only imagine what else they've gotten wrong. I need to be assured that any application that's going to be dealing with large sums of my money is better built than this. Again, what other hidden falls does this app have???"
80ae79d4664129d7b7cbe32b,Coinbase,google_play,Awesome
bad7712324e51e082aeb2576,Coinbase,google_play,Not able to sign up many times after downloading the app because it kept saying I don't have internet connection meanwhile I'm connected to an internet
2af0877c523cd3f5969aef83,Coinbase,google_play,Good stuff
a33e506ac83365c26ab04fec,Coinbase,google_play,best cryptocurrency app I really did earn $200 dollars
a829705fc69df5cd34850878,Coinbase,google_play,Amazing
1264eaac67f11a25c90c6c35,Coinbase,google_play,The best crypto site there is
383fa337e32488adf358b26a,Coinbase,google_play,"It's literally the worst crypto wallet/management tool I have used. Then they told me that I had a purchase which didn't clear. How? I have no idea. So I deposited crypto into my account the 2nd, now the 14th, and they took payment directly from the ETH deposited 12 days ago. Still can't access anything, can't access the excess ETH in my account, and can't get any help. Keeps saying pending, but it was not an ACH payment, and almost 2 weeks now. 4 hour expected wait for live chat. Ridiculous"
1604986d2347472ff5fef361,Coinbase,google_play,I love coinbase and trust them very much I'm glad to earn passive money and do quizes to earn a lil extra.
5e919e911541b19a7052e307,Coinbase,google_play,"I Love Coinbase! Easy To Use, Perfect Layout, Plus You Earn Crypto Rewards!"
011765ab688b5152f2bb18e0,Coinbase,google_play,It's good
dd6b558b68a07c8fd03b51ec,Coinbase,google_play,What good is the app if you can't get logged in to your account? Absolute GARBAGE.
e37b52efa7280d4e44e8ccea,Coinbase,google_play,"I can't withdraw my money ! My 3 accounts cannot be accepted to receive my coinbas e money. But to transfer from my bank TO coinbas e, no problem. Where's my money? Be aware! This could be a scam app."
8b0a41dc51542c29f9ab62e0,Coinbase,google_play,Easy to use and the teach about crypto
afd3b15ff17298f6f0903cd5,Coinbase,google_play,"No scams or thefts experienced, such as deleted accounts in foreign-run or foreign-based cryptocurrency wallets, cryptocurrency exchanges, or currency exchanges."
a194510603bd79b3bf8cb3ee,Coinbase,google_play,Works as advertised. No issues so far
18493d8472e6daab6d880ad0,Coinbase,google_play,"Great app for trading mainstream crypto. Easy to use, fund account and trade."
ed66d0f22d8dd15e5ce7487b,Coinbase,google_play,I love it
8fc19c7823622dbaaaef44fe,Coinbase,google_play,Good interface
594cedfffbd30ccc23d44c3e,Coinbase,google_play,"I rated this app 5 stars back in the day and have recommended the app to many new investors, but now I had to come back to edit my review since the app is terrible nowadays. The application used to run very smooth and consistent but nowadays I can't tell you how many times I have to force quit the app or restart my phone to get anything in the app to load. considering moving all my cash to another account if these issues aren't resolved within the next couple of months."
7cd4fc0644febd4c256120d2,Coinbase,google_play,"I understand the distress such situations can cause losing $40,000 worth of bitcoin to scammers, they are still some steps you can take to recover your lost funds, the best to get in touch with scottbestdollz @ outlook com they also help me out to recover my stolen Bitcoin back from scammer successfully, scott lucky group is the best when it comes to cryptocurrency recovery or any type of recovery services. They're the best you can also find them on IG as Trust_cyber_brain Thanks you"
e7ecbab4f205fb2040e1a0d4,Coinbase,google_play,Nice 🙂 app
189b3ed55416cc227bf077a2,Coinbase,google_play,Customer support hasn't gotten back to me for days it very unprofessional.
aa10facf23c470d3e822c497,Coinbase,google_play,great app
fc5e5bb1c0e05f93accf2aa4,Coinbase,google_play,"""We're verifying your information"". been stuck on this page for over a month now."
01d96685ed0b2773e3bc02cc,Coinbase,google_play,Fast and for the most part Easy
68d808f7a5ca314aadfe9a31,Coinbase,google_play,phenomenal thank you
7b17249f2fdf22755961d49f,Coinbase,google_play,"coinbase has been nothing but amazing! honestly, everything i was looking for in an app that had to do with crypto, coinbase has and more. very appreciative that I've found this app. 6 stars of it was an option. ☆☆☆☆☆☆"
6bc5b5268337bf9eed0a44fc,Coinbase,google_play,"The best app, works as a piggy bank one of the best yet"
e3f07a9f559c6eb437c11d95,Coinbase,google_play,Ive made alot of free money with this app I love and trust it!!!
200f3460557df5ce4fe5dad5,Coinbase,google_play,"safe, comprehensive, easy"
3f73c55fc149fc378f17dc83,Coinbase,google_play,I'm trying to get logged on but can't. I also can't get my balances from my older account.
0b09088246a0bb0f8c8b6fb9,Coinbase,google_play,it is bad and has. vad secirity i hate it i want my franklins back
817323783b3a95dbbe45f223,Coinbase,google_play,Great
9cfe1f269a367ddb752a8b9d,Coinbase,google_play,Easy to use and keeps you informed.
16f2f5458d0ba9a2e9a4c190,Coinbase,app_store,"Bin sehr enttäuscht über den unverbindlichen Service. 3,5 Tage von 8:00 bus 22:00 warte ich nun darauf über eine echte Person die Identifikation durchzuführen.Coinbase wortwörtlich”wahrscheinlich sind Sie in unserer Warteliste”."
2dbd6e4bf8978c7db75d36b5,Coinbase,google_play,"Easy, Fast, and Efficient"
f78116d455342ce2472a4daf,Coinbase,google_play,Very smooth process and easy to learn and setup
f62cac09c1d5565aaea6a4cb,Coinbase,google_play,Strait forward.
160c98dbc5bee8342e870674,Coinbase,google_play,This is by far 100% the best crypto purchasing app you can get you can hold your money transfer your money it's just the best no point in going any further just download it and be done with it
6ff96e0c4157ba3cdaa309c3,Coinbase,google_play,brilliant addition to the wireless device I have makes life much easier.
4ef0ad9a6b4cf581afb55883,Coinbase,google_play,took about 30 seconds to sell and recieve my cash
7f910178f4b94b7e923ea6af,Coinbase,google_play,"I can't log in, get a popup that I need to install a browser?? Why?? And by the way, I already have several, why none of those are good enough? I don't understand... So, it's been half a year, bug still not fixed. I would put zero stars if I could."
5a2d7242a5e1ebe972d4fe5d,Coinbase,google_play,"Cool app, easy to use"
aa558ea8468a49c44acc621c,Coinbase,google_play,The app is not letting me sign in. I got a letter in the mail about my crypto so I know it's there. It keeps wanting me to make a new account and then won't let me get past the phone number. it is also not sending me recovery emails. it keeps freezing and telling me my accounts deleted and my funds are safe. I've been dealing with this for a week.
2e02e67b49a6b1212eaf6721,Coinbase,google_play,This app has been lagging and taking forever to login lately. and thats after I cleared my cache too! Fix it!!!
aa664793fd576b783737409d,Coinbase,google_play,perfect
c0054ac35750eb66ac215b45,Coinbase,google_play,very third class app. Gate.io is much much better. uninstalling
ba1a89a4f8c252f43c318491,Coinbase,google_play,somebody has been using it and I do not and they're using my name and my phone number I would love to have them blocked
a8990729184791791c5a895e,Coinbase,google_play,Have been using since 2021. Their Coinbase 1 sub cuts virtually all trading fees so it's worth it if you're trading frequently. I love the sleekness and ease of use of the app. Couldn't be more pleased with it.
ff93d88d29913f6c9e410fe2,Coinbase,google_play,"Even though I am new to this app, I have found it very easy to use and also very good tutorials to learn from to get more experience in the crypto markets"
ac9e1059ea0d1ee365e4421b,Coinbase,google_play,Coinbase has no consumer protection whatsoever. they will let you purchase fake token and proven thieving tokens so they can take their fees and cut out of you getting completely ripped off. highly scam filled options everywhere. this should be an illegal operation but I'm sure at the rate they are stealing money they can pay off the right people. do not put any money in this app. they are working with the scammers.
1b474e53edafeb4f151568cd,Coinbase,google_play,very good
a7d74fc49ee38aad842ddce9,Coinbase,app_store,I feel that my crypto is safe there and the app UI is simple and good
ee66f1cc6d07f33af4885c94,Coinbase,google_play,Nice for a phone app
818174c1149db5a7f4d925fa,Coinbase,google_play,They charge you a fee for transfer between Crypto 😡
b3c462d49498cca3f841d45a,Coinbase,google_play,Good experience and easy to use.
e2c6b39720a2e57d80b17e9e,Coinbase,google_play,"App won't open. I uninstalled and then reinstalled it and it still won't open. Please fix this issue instead of telling everyone to update the app on their device. There's obviously something wrong on YOUR end, not the user's."
e2fe8a5b5d6233f522789121,Coinbase,google_play,Love the platform
1f5b66ed01c399e5517c41b3,Coinbase,google_play,I like the coin base help me invest
bdc26231ad192452df7a62fb,Coinbase,google_play,Super user friendly.
2f33828a6f8f1d2f2b0470dd,Coinbase,google_play,"The app just asked for an update, after updated now the function for viewing 5 days, 1 month, 1 yr, etc ...that tab totally gone !!! ???"
3cb63b84f35f92c54fe1ae1c,Coinbase,google_play,way do i have to keep going to this site to get to my account
6f84ea5b97b22ce64ac8864a,Coinbase,google_play,"amazing product, trustworthy and easy to use."
32bc50ac7a5b37946832a1c5,Coinbase,google_play,poor
6ad024e16e98a6ef01c1123a,Coinbase,google_play,All of the sudden app is not compatible with Google pixel phones????? Fix it please!!!
446b36a903c7461f2434bf9e,Coinbase,google_play,This is a great app it rocks
9a3a1fa0961cc1f323e3bc00,Coinbase,google_play,Nice APY to hold your coins + good rewards every now and then that gives you free money by doing some tasks. Love it
c768ce48abab8ff3ccfe2ea8,Coinbase,google_play,It's easy to put your money in but you want to take your money out. They will make it as difficult as possible.
68ae686116f05f997f66b70f,Coinbase,google_play,"Absolutely worst trading platform, lost my phone number was unable to acess my account with my ID and email adressed tied to account. Lost hundreds of dollars. Coinbase steals your money , not to mention ultra costly fees. Better luck gambling on the lottery than using this app."
8be34b0e051e58f1d6cdb21b,Coinbase,google_play,Best app ever
6e87c5fd12ec6eac5537e411,Coinbase,google_play,I made some money. Thanks.
95c2e8aac19ec2a46b54426f,Coinbase,google_play,easy to use
87b4025936ef2ec30d16fdb5,Coinbase,google_play,App won't open. Useless. Can't access account.
f525c099f08f4af8cd1f6ead,Coinbase,google_play,Why are the main graphs stuck on a bear market?
77effbd60d49563ee29bd259,Coinbase,google_play,Just a waste of time.
70846835b6e9f5a4dedb58ce,Coinbase,google_play,cool don't know much about or use but heard it's the best and quickest way to invest in crypto.
dfc61bbb14fc8e957e4adcb4,Coinbase,google_play,It's coinbase....duh!
adeb50a17f34c8ffc7769713,Coinbase,google_play,Been using for years.Easy to understand and navigate.
e2ea9137a8363e1126bdf8a6,Coinbase,google_play,"if I could give zero stars I would, the service I have recieved in the last 12 months is absolutely shocking, I strongly advise anyone to second guess using coinbase as their customer service is shocking, they do not listening or act. or even send me email when they say they will. I have reported them to austrac and afca. I suggest anyone who has they same issues to do the same. coinbase has lied, misled me, not demonstrated integrity, no transparency or full disclosure- untrustworthy!!!"
2201f6371677e6fa384b8836,Coinbase,google_play,Don't bet on coinbase. they won't pay you out right. The help told me they paid me out at 8:20 pm on today's date. It was 930 am when she told me that.
ad51d3916a3f65c603eec7de,Coinbase,google_play,"Way to many glitches. Orders not filled at limits. Charts blacking out. Fees on top of fees. Limited coins. Every update it seems to get worst. . User interface is annoying. Having to switch from advance to standard just to research a coin. Tried Coinbase, but Unfortunately it's kinda is slow and clunky. Tata...."
8d56ee7a82ea7f69d50f73f7,Coinbase,google_play,exceptional app!!
361634e14b6b9e58b635a608,Coinbase,google_play,Prior problems now appear to be resolved. Thanks for the timely response!
f015a1d5e2b5f03786aa8d3f,Coinbase,google_play,Great app
b583eb635dbd584f83194b78,Coinbase,google_play,Nice need more please
5b079f5faf809413d117c2ec,Coinbase,google_play,The app is not even launching on my phone it is giving me a lot of problems
79b04f62c859d8c713dad176,Coinbase,google_play,Noob friendly!
442de9dbd45415448c611a93,Coinbase,google_play,"I love Coinbase! Ease of use, conversions, deposits, withdrawals, and transfers are really easy to do here!"
166dbadf30ed571cff72233a,Coinbase,google_play,Coinbase is great it's very easy to navigate very user-friendly.
5cb0624755d951b18226e1f1,Coinbase,google_play,Honestly I don't know how to rate the app bc it will not let me sign up using my phone number it keeps saying that it's a virtual number and it's not
69c8151db047f1b87ff3deef,Coinbase,google_play,Coinbase is the best!!!
ed34966ea549609c4ee6bff7,Coinbase,google_play,"Here's a 500-word review of Bybit, a popular cryptocurrency exchange: *Title:* Bybit Review: A Comprehensive Look at the Cryptocurrency Exchange *Introduction:* Bybit, a Singapore-based cryptocurrency exchange, has gained significant attention since its launch in 2018. With its robust features, user-friendly interface, and competitive fees, Bybit has become a favorite among traders. This review will delve into Bybit's key features, pros, and cons. *Key Features:* 1. *Spot and Derivatives"
602a2189e6b0bcee20f27da6,Coinbase,google_play,Coinbase is best crypto 😁
3db6f55c670f873096cd835b,Coinbase,google_play,easy to used and secured
539882963f19728c9de5a0e1,Coinbase,google_play,Easy to use.
8699ffd2b747efce9564c4dc,Coinbase,google_play,bunch of scammers who made a lot of money promoting altcoins in early 2020's which then sunk a lot and still are down
34ad91b035f627e5c09b6451,Coinbase,google_play,"I really enjoy coinbase, great Crypto company to trade on."
5b83320242f00d1149363917,Coinbase,google_play,It's not letting me do anything trade by or no I said something I was verified on my I.D. Something's not right.It's just not working right
a5d8d5502fb82f072b37e6eb,Coinbase,google_play,"garbage platform. Puts long holds on your transfers regardless of your long history and consistent use with the account. Even just 5 bucks can be held for a week. If you need a fast platform to use Solana or anything, find another company to use. Even live support is mostly automated it seems robotic and useless. I'll find something better."
e0189f2b6e41ef9c9be7b9b2,Coinbase,google_play,Easy and fun to use
a754c8ee19604063ed388907,Coinbase,app_store,The best one easy to use
0601b344712a4295d4cf103f,Coinbase,google_play,"I personally don't consider this app user-friendly because they take you through the ringers before they answer requests, and I've made clear to close the account and refund all monies back to my account. Almost 8 days later, there is still no acknowledgment or response from this support people."
bdbeccacc0f78f4472272328,Coinbase,google_play,hey it was good
cbb19e454341a61e526d4a03,Coinbase,google_play,Munyun funyun
8155556a16f4696c470c41db,Coinbase,google_play,I trust
2fdf6365e05397f87589c619,Coinbase,google_play,super interface
a4631f4932e40ef0dbbc6512,Coinbase,google_play,"Google's fast and secure browser Google Chrome is a fast, easy to use, and secure web browser. Designed for Android, Chrome brings you personalized news articles, quick links to your favorite sites, downloads, and Google Search and Google Translate built-in. Download now to enjoy the same Chrome web browser experience you love across all your devices. Browse fast and type less. Choose from personalized search results that instantly appear as you type and quickly browse previously visited web p"
5970441fc87f3e8a2f8b1d3d,Coinbase,google_play,"I guess it's ok... it probably has the potential to do great, but lack of instructions for user's to use the correct tools is a bummer, and lack of access to funds on the account is just shameful in itself....period...."
04fd995e392a1259db18d813,Coinbase,google_play,Works randomly. Doesn't show option to transfer.
0ac3f7e79a6e5646cd150f83,Coinbase,google_play,too expensive
0e72b376c4eaa2543d6e76d1,Coinbase,app_store,Great and love it was easy to get done
7ab3dddf56d761f89a5a01aa,Coinbase,google_play,simple to use I'm a beginner.
43c2c87fcffec9aa49557da1,Coinbase,google_play,So far so good.
898f31b350d9d2b064b99415,Coinbase,google_play,Simple to use and quick access to funds - what more could you want?
c1f72d9d467b085b20020086,Coinbase,google_play,Great app
bdf41726affc2ed6355af1c3,Coinbase,google_play,UNFRIENDLY TO INSTALL AND EVENTHOUGH I HAVE ACCT WITH COINBASE PRO.
699fb88d2e10da114ae054d8,Coinbase,google_play,"I purchased some BTC and waited a week for it to clear, but then every time I try to send it, it tells me that I can't send anything less than 1 BTC or the USD equivalent which is like 90k."
4fb841d5d0f1eb078c6b9efa,Coinbase,google_play,good app..havent had a problem
6432ae7640730dd61f89ceea,Coinbase,google_play,coinbase has a lot of my money but it no longer recognizes me and won't let me access my money it is a fraud
9547cb490357eda6a2d13741,Coinbase,google_play,Love this app it's great and useful
3c1c4f3fbd48f8faffc65111,Coinbase,google_play,All the smarts in the world and they can't figure out how to update there software without alienating older phone users.
c494ade9d0dd4ed2b4534622,Coinbase,google_play,This platform is expensive. There are other platforms that are safer and more affordable.
2c7af617aa102558d761df21,Coinbase,google_play,Bad. Used to work fine. I had built up a little money on there. Now suddenly login issues. Worried I lost what I have in there.
d2ee362d2dfc2ea9a7757527,Coinbase,google_play,Very knowledgeable
c38560312663fb43942ad77d,Coinbase,google_play,Don't waste your time with coinbase! Does not honor reward-based signups. I registered for coinboys with an incentive They sign up through the Golden State Warriors where I will receive $5 in Bitcoin. Never received it. Customer service is terrible. I've tried to contact them the wait time for phone calls. 4 hours the wait time for chat 4 hours. No one ever gets back to you. There's no email to reach out to to wait for a respond. The one email they have they deactivated. Go with Robinhood!
8baf5073cbfa61c0d1dad6d2,Coinbase,app_store,Since the update. I cant even open the app. I did all the id checks and all but when i was checking it again i am just stock at the loading screen. Kindly fixed the app please.
9b4b32fe20966d3a8b9a717f,Coinbase,google_play,Like this for my Bitcoin system but my investments have been problematic...
032b79496fd652b032bae33f,Coinbase,google_play,"It was great when I first started using coinbase. Now it's been a year and things have been kind'da weird. But hopefully we've ironed out the issues and we can go back to helping each other become monetarily secure. Thank you Marcus I read wrong, every deposit goes pending. I deposit more funds just to have them become pending and a hold will be placed on my account."
58d8c424932befa9f343d33d,Coinbase,google_play,Great for beginner. It's been a very good comfortable experience so far
deef4439f833a13dfb328349,Coinbase,google_play,useful app!
214a4431b6da06db4c329a9e,Coinbase,google_play,easy to use
075f70ff4a1415d33b5a7e58,Coinbase,google_play,"was a good platform for trading fees bit high . But when was scammed out of $10,000 attitude was sucks to be you ."
d95a5c4a324bc5c5958d6596,Coinbase,google_play,great so far
77af6adb7db7a3f2b94d0119,Coinbase,google_play,im new and no one can help me verify my bank card.
9fc819ad1a97580fd74cd7e7,Coinbase,google_play,"I have only had the app for a little bit over a week, but so far, experience has been all-around Prestige. I recommend it to anyone who doesn't want to get robbed."
0a5a414a690c3b7a144b3e72,Coinbase,google_play,Doesn't let me trade for the past month
6e11f2ce20c1ddeab5a6fad8,Coinbase,google_play,Good
24c0133fa415ff7162cb06bf,Coinbase,google_play,"I'm not an investor of any kind, but to be able to learn about it and earn at the same time is amazing."
8cf20e1e1af18e1c9d4221c3,Coinbase,google_play,won't let you update phone number without sending text to the original number I don't have anymore
bb9dc68f37d2c002402c5a73,Coinbase,google_play,Horrid app. I need to do transactions but coinbase keeps holding my funds even though my bank processed this days ago. HORRID app.
8621891255cd4f33cb4b718b,Coinbase,google_play,Good learning experience
71a431272099b73e4b5ed3c1,Coinbase,google_play,Will not let you withdraw after many weeks of trying its stuck in there... Also it's so frustratingly slow
e4e9bd0eb470a15c63a1a180,Coinbase,google_play,Locked my account for now reason whatsoever.
f32a131280526208591368e9,Coinbase,google_play,this company sucks for customer service there is absolutely nobody to talk to it's all faq on their website. scam app and company
06d5a75174a42b8f353904e1,Coinbase,google_play,"My only real issue is spending half an hour closing and reopening the app several times a day because it seems to think I'm on a computer so the entire right side is unviewable because it stretches off the screen, meaning I am unable to see my balance or anything useful..."
1f8e54f956698ba3ab4685cb,Coinbase,google_play,Using counbase is easy for me as a first time user.
a3ca1fc62742a05cdbfeb1af,Coinbase,app_store,Je recommande
ef8c10633cdf4580c549b78e,Coinbase,google_play,golden
0400444f24909caa2f577716,Coinbase,google_play,"Non existent support so if you cant access your account for some reason you never will again. Call the number and get told to go to the site which is also useless, absolutely brilliant work super thrilled about the loss of my $1000 👍"
ca774c04c02af6f21ecf2d47,Coinbase,google_play,"Don't subscribe it's a scam, continues to withdraw money after canceling account and won't process a refund. Awful customer service."
797fd1cf2fa1a00ccdab79bf,Coinbase,google_play,Great way to make easy money
8a616b1414ca9c94adb9d778,Coinbase,google_play,Awesome
f613dd88ab6ddc55cbb1dcd3,Coinbase,google_play,Sucks
ff0b7609a4fe22567cbfdd49,Coinbase,google_play,"Easy, user-friendly app."
2691e1b79a591fb31c709b0e,Coinbase,google_play,fake
7d81672318c63d6c96034327,Coinbase,google_play,Coinbase was my best option in Crypto currency from learning rewards to establish an account and financial security.
d234c5f41e13fec1f1d69981,Coinbase,google_play,They stole my money and they have maleare in the app and I have proof I will be filing a police report and a civil suit
1c9f31d8bfcdd566f8b20932,Coinbase,google_play,best app ever gotten
06b2cdce0798abf056d75241,Coinbase,google_play,Easy to use and purchase btc
5c5f348e4f0d9c387f62b33f,Coinbase,google_play,"decent when it wants to work, would be great to have the ability to trouble shoot without having to try and find a way through all the preset troubles to choose from, would be even better if I had the ability to trouble shoot with a human and not a bot that doesn't understand nor is it able to understand anything other than the pre programmed problems"
4569f8b743ba7deaf2f6606c,Coinbase,google_play,fantastic
19ef30cd0ace4bde4cb1a373,Coinbase,google_play,Good apps
3dbb97b98c3b89f441177ca7,Coinbase,google_play,only passport id are allowed for verifying account ..so sad .but there is an arrow button to choose Type of id but after you click the arrow. it will direct you to camera for verifying passport id .. . ..you cant choose your type id...
0226ddd045ee7a1fe042a8b6,Coinbase,google_play,Great
fa2601801945fe85a11dfbcd,Coinbase,google_play,Excellent application for cex trading
3fd4c6f07bdf3a4699b7f857,Coinbase,google_play,Fairly easy to use.
b69a783dea47a95b017afadf,Coinbase,google_play,"Make life easier for sure, with easy use app. thanks coinbase."
6556e4a77a1b8996e4999596,Coinbase,google_play,"Coinbase #1 🥳 Leading cryptocurrency centralized exchange (CEX) platform. Great option for beginner investors before going to a decentralized exchange (DEX). Incredibly user-friendly, easy to buy, sell and manage crypto. Furthermore, you can store your digital assets from Coinbase (CEX) into a Coinbase Wallet (DEX). It's a self-custody platform (download from Playstore) and users retain complete control over thier private keys and digital assets. Trade & Swap available. Paid to Learn too!"
a2900f6bc6e1faa2dbd9d180,Coinbase,google_play,Straightforward app. Esthetically pleasing 😍
dd4570119fadb38cab07deea,Coinbase,google_play,Great for when your max out you can go Google pay
c6affc5a2482a34d7da58c17,Coinbase,google_play,SSO breaks because it's not embedded in the app. Really steep fees compared to every other crypto trading app.
ca9516244365ef9d35ac66bd,Coinbase,google_play,Coinbase gat to do better. They delist a crypto and they won't at least leave option for customer to withdraw thier asset. Reach out to customer service still no solution.
5205be7bebb0d7135bcb4265,Coinbase,google_play,Is the best toto
ac2034c1e3833b7e47c4ba90,Coinbase,google_play,No support
5a71b75a27fca2b387998edf,Coinbase,google_play,secure quick and complete offerings
e2287c31d197ec667417a0d4,Coinbase,google_play,I this app and I recommend this to everyone who needs sum extra money
b37b75ccda6c9a7c4c2d0290,Coinbase,google_play,No longer compatible with android devices is the message I get with the recent update.
45e8b7317dc76eb17b8863b8,Coinbase,google_play,Trash. The app hardly ever opens. Android 14.
d015b14a3c0c632bddbd3138,Coinbase,google_play,"Love it, learning all the time"
528f3cd15583feb8fbcbb5e0,Coinbase,google_play,"Not one to trust. I had the account for about 2 years. Recently I saw one of my coins was transferred. I notified Coinbase and had a conversation that basically informed me that I had made the transfer, during our conversation additional coins were transferred and Coinbase continued to tell me that I was transferring the money. I was unable to regain that money. Not a large amount, but still. My money. I would never recommend or trust this platform ever again."
c7b758bff8771ee507f5d946,Coinbase,google_play,Scamsbase
b3c4624279ec0c9e3700b5cc,Coinbase,google_play,Awesome
91caff577419069a3e847151,Coinbase,google_play,Bad. The app feels scammy and it has no problem taking money from my account but when I went to cash out it was big problems and I had to link an alternative method to get the funds back out from the app. There only solution to me (I swear) was to go open a new bank account that allows for both withdrawals and deposits with coin base. Said this was a common problem even and that's there solution to it. Beware!
bea1d1d793fe37dc9c677227,Coinbase,google_play,"I read your reviews. Not encouraging at all. If you ever wonder if people bail after reading that stuff? Well, going to Robin Hood."
e3143e381be8c60e4bd38120,Coinbase,google_play,"Excellent very fast, easy to work with."
ed0cdf89e8b0514d37696f57,Coinbase,google_play,Works very well
3a8cab964739132f0c4efe24,Coinbase,google_play,Convenient.
df4c615a37600c35243f447b,Coinbase,google_play,Can't open the app since I downloaded it.
1655f1f76d12dd332e5ab3c8,Coinbase,app_store,Magnifique
9825eb0477aac4bc1ef59e18,Coinbase,google_play,Great experience and having fun on this app.
cb6186837eb9e249b16533d2,Coinbase,google_play,Coinbase is amazing an the best crypto and stock platform on the market.
2da4b26b98bd29550ef2fc3f,Coinbase,google_play,ez to setup and use.. update.. now i cant even log in refuses to accept my email and PW.. blackrock is taking everyones inactive accounts and wiping them.. they must be short
57baa813d5589cc70b20e9b4,Coinbase,google_play,my go to for all crypto and stock needs
0b051c5060f1901f80799883,Coinbase,google_play,good 👍
b0d16be718334947c2c3f912,Coinbase,google_play,being a newb i just need a card to buy crypto whereby I can purchase stuff only available through crypto.? like a wallet that allows me to purchase anything crypto related? is this suffice? regards Eray Morehouse
b787d3614e413f42735f723b,Coinbase,google_play,coinbase is the best man!
6634bb72ddb8179b1b419957,Coinbase,google_play,It's convenient and easy to use.
0bf372e1f45cd4d473287326,Coinbase,google_play,very good
fcea2827810df6526f9d00a1,Coinbase,google_play,Great wallet fast app
26cd967adf22ca39f692d1e8,Coinbase,google_play,insane fees
b54cc04f09029094e79d66a8,Coinbase,google_play,Coinbase I am not able to login or KYC
5d631c50a4a7b94974c2ef43,Coinbase,app_store,Deposited money now want to take it out tried 3 times and it said it was successful check back and the money is still on my Coinbase I'm trying one more time if it doesn't work then I'm getting a solicitor and suing you for scamming
792bdcc4c45f6382f97a8a21,Coinbase,google_play,Two thumbs
c4f8904186b2e13760eb3d32,Coinbase,google_play,"Having supported the Trading Floor back in the days with multiple equipment from different service provider to Apps on traders' screens, I'm quite impressed with the ease & speed of the signing up process & being able to purchase all within X minutes! 👍"
842c57b43af1cdeee6671a43,Coinbase,google_play,Easy to manage my crypto. Easy to trade and sell even if there is a little learning curve involved with cashing out of a coin but whatever. It's fine.
6250498f2d355ef0a94dbd53,Coinbase,google_play,Very easy to use. Thank you.
7d4862f2a2864a7362803393,Coinbase,google_play,Ah bit early just getting started but ill be back in near future
a64ef771887df22df03bb87d,Coinbase,google_play,I remember now why I quit buying Bitcoin years ago. Companies like Coinbase have made it impossible.
5d2b86f7451205074736edd8,Coinbase,app_store,I’ve had my account blocked for 4 months and have tried every root. This after having my account for 4 years.  Customer support is useless. If you have an issue you are stuffed…
18c3939acdfb6f41e0931740,Coinbase,google_play,it's pretty awesome so far
4aabf62f82c19dd56e7021ef,Coinbase,google_play,Pain to recover
e72046a8646f64a4eb69f94e,Coinbase,google_play,Unbelievable
0002edfbdf356c03b00e1921,Coinbase,google_play,"it's a rubbish wallet, I can't login my wallet since year more , whenever I would like to log in asked for verification, when I upload my passport, asked another document, in this wallet I lost my 7800 USD first day when I create wallet, till that I can't login"
af7af04f1bbcd8f4d572f600,Coinbase,google_play,quick and easy to use this platform
f658600dcaa9dd2de1442964,Coinbase,google_play,Great platform easy to use
4ec1f89efcd56487edbb45b2,Coinbase,google_play,"They don't tell you about the spread. I converted about $2,000 to USD. I have a paid plan and was told it would be free. They took over $30 after the transaction. I'm done with Coinbase."
2ed61283ea576046ae49140d,Coinbase,google_play,Work great
ee8755106ce24dc7abac98a0,Coinbase,google_play,I really love using Coinbase it's a must have app very easy to use and understand and I recommend that everyone gets the app and enjoy buying and selling in the Big world from the comfort of your own home Coinbase
53178a09887ddb632da87410,Coinbase,google_play,Superb
9081082018f66375e1a8678f,Coinbase,google_play,uju
0c8c63daab082912fd742eae,Coinbase,google_play,One of the hardest crypto trading apps there is. I honestly have no idea why anyone would use an app with so many policy's that are surely there only to slow your trading down and lock you away from your own money. So you are unable to withdrawal transfer trade buy bridge swap or whatever else if your like me and you don't check your bank balances like you should and a small 10 dollar deposit gets returned NSF. You will be waiting until they deem your account worthy to be able to access your $
c757db81ce44c430820803ac,Coinbase,google_play,How long does a failed reoccurring purchase keep me from buying??
00ddf17cc8f83d48fe67013b,Coinbase,google_play,Excellent
795101755c7b96fc165b84e4,Coinbase,google_play,Painless
62efb0fb8688b158cc1f6ae8,Coinbase,google_play,Not interested
4ae8e154c9f26411f3f8c137,Coinbase,app_store,I love using Coinbase because it’s the easiest exchange to manage your account/s and it’s very user friendly.
6818fc28c842552965942856,Coinbase,app_store,"A nice app, to start your cryptocurrency journey. Do try and make the most use of all the offers and services available."
a8e0ff157a4eddea6a90ba05,Coinbase,app_store,Auch sehr zuverlässig
c2be05ef7414536961efc735,Coinbase,google_play,Seamless service
e4c37c642fb7ad51d78d578b,Coinbase,google_play,"worst app ever with high fees and not enough networks, i use binance currently and Kraken, replacement for Binance"
f36b11a4c35447baa5a0473e,Coinbase,google_play,👍
8515da8ce446dd64ae70bf5d,Coinbase,google_play,Close my account for no reason
11705f320a2563c2fd33151a,Coinbase,google_play,good
7dd2dbce99a1b3418d3efc9d,Coinbase,google_play,"Don't have double checked for purchases. Be careful for every click you make if you have a plan to use. Then, don't have any responsibility"
7973c340ba1d11b44a78d221,Coinbase,google_play,Easy to use
ea4da6b2c740a7e55c434f86,Coinbase,google_play,Really easy to use format. 2asnt confusing at all to set up
f33b057a7e4b663f9fcd20fa,Coinbase,google_play,Very easy
3392b4b744393ed3ef7892d4,Coinbase,google_play,"I've noticed fees increasing over the past four years on this exchange 📈. It's something I'm keeping an eye on 🤔. Thankfully, they're still pretty reasonable overall 👍. Hopefully, they stay that way! 🙏 Managing trading costs is always important 💰. What are your thoughts on exchange fees? #fees #exchange #trading #crypto #finance"
fb1355732c81162b5a0ac6e3,Coinbase,google_play,much love
c3a8f6698c6425d75c6cd2ab,Coinbase,google_play,Won't let me use debit card keeps saying my limit is 0 when I go to verify it says it will take 10 min but no notification or indication of processing of my card.
f8588cd34b7bcba0486378bf,Coinbase,google_play,"no good customer Sercive, you cant talk to any one in person .poor"
e8ce25bf26b33f0227a54537,Coinbase,google_play,quick and easy
84a23bc2c7ba3d1be1e87ba1,Coinbase,google_play,I love how Coinbase has educational materials. It's like crypto for everyone
3e77e96d2acb8cf56d72fd59,Coinbase,app_store,Secure stable and trustworthy
27f716bd6b69be2c7fafe5ac,Coinbase,google_play,Been good so far
865e15f0fefa73166a7b0ef4,Coinbase,google_play,In Pakistan not verify every time when uploading CNIC National Identity card Number every time the error address is missing Address Wrote in Urdu language...?
e7c9ecf92af2ff023a3b3a06,Coinbase,google_play,The best Exchange and Wallet... Period!
3c75d88f8b2e90020df48625,Coinbase,google_play,Great
77a8dec2b5d6ff50effbb376,Coinbase,google_play,Not available for Android 15
0cac9b9e1e5fff27449e5a3d,Coinbase,google_play,"charged my account before the free trial was over. then, after talking to them, it was finally refunded. However, the refund was ""not able to be put back into the account."" they took it from. they could only refund to the coinbase account and ONLY in bit coin. which is subject to selling fees and then transfer fees to replace it where they took it from. I'm more upset with the fact they hit me with the subscription fee way before the free trial was over. if I could give zero stars, I would."
6010e3d7c1703fe915cfaacc,Coinbase,google_play,Likely the best app for buying and sharing crypto very informative and very transparent personally my favorite
6431c948a71b7e72a1f59ec5,Coinbase,google_play,Easy set up .
cd079fe3bed69465f8f30bed,Coinbase,google_play,An awesome app to have
95dec12b08b7a991decaf965,Coinbase,google_play,"It is a really easy crypto app to use, probably the best one there is"
9aac098f01364a5b8307b567,Coinbase,app_store,"Fees to turn cash into Bitcoin, Fees to turn that same Bitcoin into Cash 
Fees to withdraw your cash 
Not allowed to withdraw pence only pounds. 

Nasty app designed to milk you at every turn"
a29e9e9500be2278a281bfd1,Coinbase,google_play,Everything about this app was good until they stopped offering rewards
3762e745dbd77dfa52cd8043,Coinbase,google_play,If I could give 0 stars i would. I have tried for 3 days to get verified and it will not work no matter what I try. What would you suggest. The AI assistant cannot help anymore. I am sick of this. Please help
ad2b0a8e640b8ebe5682ae6e,Coinbase,google_play,"Hell to get it set up, very easy to use."
fa6fee1fecc3b2ee9920549a,Coinbase,google_play,It won't allow me to update or isn't compatible with my Samsung note9 anymore. Please fix it.
53347899e4ab3e803f9ddd7b,Coinbase,google_play,Very well
619c2b23db856313169586e0,Coinbase,google_play,Always very fast and easy.
e7a98457cf85d7305b96baed,Coinbase,google_play,Excellent
f3f23ffe72588ed7eade2baf,Coinbase,google_play,good
c2fc8447e9a84614266a8084,Coinbase,google_play,"30 minutes to set up...for it to tell you there is a mandatory 24 hour ""cooling off period"" and you CANNOT BUY ANYTHING FOR 24 HOURS...What a waste of time"
1a6b002edc746b2d286b952f,Coinbase,google_play,Easy to use
9ce59def111d8e3f5f19ada2,Coinbase,google_play,excellent trading platform for coin
47947afc6746b2d43d3243a4,Coinbase,google_play,Excellent Exchange probably the best in the United States and getting better all the time!
b5b30e2590fb778086346aa0,Coinbase,google_play,"Great app easy to use even my grandma, elderly can operate this app"
0302ff5825d6a7649cdb9ccf,Coinbase,google_play,people using this app to rip-off
baa725d7af0c28b15015feab,Coinbase,google_play,"Functional, easy UI. Sometimes has connection issues but closing the app and reopening tends to fix it. updating this review as I left it in 2022... this app runs like trash. the connection issues are worse. I can barely get it to load a page for a currency. I'm 100% moving my funds to a different exchange strictly because I'm unable to buy/sell when I want. it normally takes several days of trying before I can get an order in. 0/10 no one should bother with Coinbase."
592cc0794f4ee9ce3d30daae,Coinbase,google_play,Splendidly Spendiddly Splendalisious!!!!
19d0b770a2899be4160caafb,Coinbase,google_play,The app stopped working on my Pixel 6a
d6c2a155320a8d909dbe6dc1,Coinbase,google_play,"I love it,flawless execution!"
3586c70b7bedeb39c72d2a25,Coinbase,google_play,"Coinbase is the best choice for investors who prioritize regulatory safety and simplicity over bottom-dollar trading fees. It’s the ""boring"" choice in a volatile market—and in crypto, boring is often a luxury."
9f56933c7d105b3b6ce7e680,Coinbase,google_play,Safe and fast. Very easy to use.
47c25c3893146adcfb9c79b8,Coinbase,google_play,"Really love Coinbase, nice and easy to use and opportunities to learn and earn. Thank you for keeping it simple."
2e52e4dba6b4df6e5b30d449,Coinbase,google_play,Coinbase app is a good way to learn how to use the market. it breaks down to a simple way to understand how crypto currency can make you money.
fe9f7259f6ffcec44015b3c3,Coinbase,app_store,"I’m so glad I joined Coinbase.  It has been a wonderful experience.   Learning about cryptocurrencies, blockchain technology, and future of money"
a64a7e5b82e0be4cbcad60a7,Coinbase,google_play,Great
e4cf9bca9fe419b5a3e4a6f4,Coinbase,google_play,"Simple platform, easy to learn and navigate!"
650a5945ab252e7b5a88c0a7,Coinbase,google_play,Great app
a58628a7dc4a2132c9bf1df5,Coinbase,google_play,I've been a long time user over 4 years. I am currently unable to open the app. is there maintenance or something going on I don't know about.
e2f9463a6673ed3d0d89cd7f,Coinbase,app_store,Eine sehr sehr gute einsteiger app wenn man mit crypto anfangen möchte.
97cc29ebc00b21cd8f0c2dc8,Coinbase,google_play,Learning everyday
59b4451f42fbeb88b9100f00,Coinbase,google_play,"After fighting for a month with this app to get my money back, finally I terminated my account. Mainly reason: Too much fees, second reason, the app is not safe and everything is slow and crash when you decide to withdraw your mone y. Huge red flag."
ab95daf84299f9c0e32ea071,Coinbase,google_play,It's too bad you refuse to tell me how to invest because I'm about to get a sizeable settlement and wanted to invest in coinbase but will have to invest somewhere else.
9ca6a137e63f8c917f5da899,Coinbase,google_play,Coinbase rates are criminal. Pay 29 a month for a membership just to get screwed on the spread. On top of the spread they still hammer you with ridiculous fees. Monthly fee plus horrible spread in and out. Then almost 2% transaction fee. Crypto will never be wide spread as long as companies treat their customers like prey.
8fe88ed6f3d9075a36ced4a0,Coinbase,google_play,"Everything runs smoothly and understandable, quick response in everything that you touched no delayed with loading up using of the assembly groups of activities on the site,so far so good 👍😊 keep up the amazing good works."
1b565927ca22a1e11b984e8b,Coinbase,google_play,Tremendously facilitated digital wallet platform. Clean interface with optimal organization of options. The variety of cryptocurrency choices is enough to win over the enthusiastically speculative investor. It's just odd how Bitcoin's value tends to vary by at least ~$1K between platforms like this and CashApp. 🤔
0d3f981bde2400be2a2113fe,Coinbase,google_play,great for basic trading
472843535ec48d7b5cc21d7c,Coinbase,google_play,Excellent app
0356892ba50aee3dda14e5a4,Coinbase,google_play,I can't get any one to help me. my account was hacked and My e mail and password was changed and now someone is trying to transfer what I have there. I can't get any help to yakking care of this matter and I can't sign in because someone hacked in and changed all my e mail and password. I don't know how they can with out my verification. that's what I thought all that stuff was for too prove it was me doing anything. I'm irrate about it and now might lose the money I put in there. 😡😡😡😡
1a88a1ebd01df0c09f38f0ae,Coinbase,app_store,They don’t let u trade and they unfair and unprofessional and it’s a scam
c0443b153b28c10e3fac0aa2,Coinbase,google_play,Price Not showing and converting correctly
f0cca1dd095a03bb22f0597f,Coinbase,google_play,amazing wallet.. best out there
9721161f37158d22e3b0cb95,Coinbase,google_play,Easy to use and secure.
ceb31fb4538ea987e5b5ed3f,Coinbase,google_play,Very good
85db52d6dcffd51855e04964,Coinbase,google_play,"Scammers!!!! They will suffocate you and suck you dry thanks to the website/team cliqrecoup. org ,that helped me unblock my account and recover my funds"
62daa4307d414488870128c1,Coinbase,google_play,"Extremely Frustrated 😤 — App Outage & Poor Support The Coinbase mobile app has been down for hours, with key features like staking and account pages not loading. I rely fully on the app and have no laptop. I tried all troubleshooting steps (restart, cache clear, re-login, mobile browser), but it still fails and repeatedly forces 2FA 😡. Support agent refused to escalate. This is unacceptable—Coinbase should fix the app and provide compensation 🤕."
82a471b94b48ebb7f10d7b72,Coinbase,google_play,It's great....not much more to say
6afffcba95902f0ef7a6a64c,Coinbase,google_play,Chat bot is trash and the chat itself just randomly disconnects and makes you start the customer support session all over
7e6ab92b77025c7df927e983,Coinbase,google_play,"Coinbase is an absolute SCAM! Their fees are ridiculous and you lose on every move you make. Whether you're buying, selling, withdrawing, just absolutely these people should be sued. This type of robbery of your own money should be illegal."
a6dda66395f11c9afc5d6736,Coinbase,google_play,"I've been trying to withdraw my money from Coinbase for over 4 months. Support keeps making promises but never delivers. I've contacted them many times, submitted everything they asked for, and still can't access my funds. It's unacceptable and has caused me serious frustration. I trusted them with my money, but now I feel stuck and ignored. I do not recommend Coinbase to anyone. Be careful—they don’t keep their word."
757fed39d86187ae2f06f57c,Coinbase,google_play,okay.
52cfc9f939b5bf109d83c305,Coinbase,google_play,Helpful to move money. Also very above board..I asked a question and they were ready to go to bat for me.
40540cee71b51a1f8392108f,Coinbase,google_play,Great crypto currency opportunity
1970342c45239cfba6620efe,Coinbase,google_play,easy to use. im a beginner for sure. thank you
f818089dac535e7dd61f6216,Coinbase,google_play,Most Excellent
325255a53ed17d2600dda6ed,Coinbase,google_play,So far so good
1121c07e9a58d0ea6c0a7881,Coinbase,google_play,"Coinbase is doing my transactions accurately, on time, and secured. I love ❤️ using Coinbase"
54e24150e7ca0d1bf8a670c7,Coinbase,google_play,Buying was fast.
e14f7151ee32f67e5ffdef44,Coinbase,google_play,"In a field that's been known for being complicated and full of scams, Coinbase has been both simple and safe, so much so that I tell my family members to use it. Even after many many years it has remained absolutely trustworthy. Really that's the only thing you should need to know about a financial institution, the rest is up to you."
40d4ce87d55a914178504580,Coinbase,google_play,"I want to close my account but cant seem to figure out how. I rarely used this app and didnt keep up with updates. (my fault) but your in app ""help"" is useless. reply: you must have missed the part where I said in app help was useless. you can keep suggesting the same useless tips all you want, it doesn't fix my problem. at this point, keep it. I dont care."
1cd9c46ac58c333bb0dbc244,Coinbase,google_play,"your balance is under 5 USD and not withdrawn by 25 September 2023, it will be treated as unclaimed and will therefore be forfeited when we close your account on that date."
36c1dccce4920f404137b155,Coinbase,google_play,Its simple 😌 👌
1458f7112a60b031b4f44998,Coinbase,google_play,coinbase has recently DENIED me access to re link my Credit Union they have effectively stolen all of my assets as I can no longer purchase or sell coins.. I get an error along the lines my credit union is longer supported at Coinbase even though I can link my bank with other services via Plaid......FIX IT
2e56a468a753e2d18cc04f1d,Coinbase,google_play,Great for people wanting to invest and learn about crypto!
7357f26e629e98dd5d360c2b,Coinbase,google_play,Notifications won't stop. Even after selecting pause and deselecting a ll push options. Seriously annoying
2a2866f303d89721137b6130,Coinbase,google_play,"why only passport on id verification thers no others option there, i have no passport"
9f30c4811dd8678200d2cf26,Coinbase,google_play,Great platform to buy crypto
d3caff5c729c87c54c00034e,Coinbase,google_play,Great app
5974d6c5f690f611a50eb2c2,Coinbase,google_play,best crypto trading app
99eb260665096e6fd26fc0df,Coinbase,google_play,Easy to buy and sell crypto.
c0c0f5152764af19dea43011,Coinbase,google_play,works very well.
f97f88e9fd25ee6993bb8861,Coinbase,google_play,great app
f585ae316065c4c9f6dd5dcb,Coinbase,google_play,"Moved money into my account and bought crypto, but then everything went downhill. Tried sending my crypto to my wallet, but it was greater than the limit imposed on the account so I needed 2 factor auth, only the 2fa wasn't working. Tried to change my 2fa, but to do that it required... 2fa. Confirming my ID didn't help. Tried using the support but it was just a chatbot that didn't understand my issue. Finally got 2fa working... and coinbase held and then blocked the transfer. Fees are high too."
f56ec090a631c524d1ee1dcf,Coinbase,google_play,Great
b9c5f01361529413a354bef7,Coinbase,google_play,Great
2218402e23aaa81c2a1d8518,Coinbase,google_play,Absolutely awful I have money in won't let me have been called up threatened shouted st and told to put more money in. First it was £1000 then it went down to £500. I wish I'd never got into these trading platforms not only can't I access my funds it as made me ill and I'm now on medication because of this.DONT GET INVOLVED IN THESE TRADIG PLATFORMS AND ASSOCIATED COMPANIES. ILOST MONEY I NEED FOR BILLS WASN'T TOLD IT WOULD BE HARD TO GET YOUR MONEY OUT. BEWARE UNPROFESSIONAL PEOPLE.
58a7756dbf0330a5fc420540,Coinbase,google_play,Coinbase is continuing to make withdrawals after unlinking bank account. it's impossible to get in contact with them. unable to recover my account because it texts an old number I do not have. can't use any recovering feature on the app because nothing works. use at your own risk.
1b7be0860628254a97185b60,Coinbase,google_play,Smooth
7c7f87003d3f90151d24f802,Coinbase,app_store,"My funds are put on hold for over a week.  The app says it’s no longer supported and must update to continue.  You must backwards support all you previous versions. Back support should be a commandment in the bible you evil sinners. Every time you update, you change something.  I have to figure out where the card buttons are again. Updated costs me data."
d4b845d91ce6b09b56435369,Coinbase,google_play,"easy, secure, no confusion"
e801129464e363f73f0afee0,Coinbase,google_play,I love the app it's simple to use
dfbfbf0a2febfe14f9271635,Coinbase,google_play,dope
86a63ec77d76cd72437b3daa,Coinbase,google_play,I have a account from 2022 and you keep asking for my picture I'd and more you keep sending me emails saying I have a account i know I do with my money in there what is the problem with you people. J̌
437a43f737a1a86de6245e7f,Coinbase,google_play,Good app. The security guardrails during crypto transfer are excellent in making sure we are not getting scammed.
5021d139316246eb7f21e398,Coinbase,google_play,Best App for crypto
a343819691daf295b1f1c03d,Coinbase,google_play,"Your ID verification is not user friendly, there's a lot of wallet. Why use your wallet. Bad experienced. UnInstalled succesfully!"
bdede9f1a372971ee2e82c21,Coinbase,google_play,"Slick interface. This app makes it very easy to get into cryptocurrency trading! The trades have been reliable for me, but sometimes slow to finalize (a few days). But, it's also a minefield for scams with little in the way of support."
56212f2408f3495fd9b60670,Coinbase,google_play,All around great for those new and wanting to learn
53e9ea19a1cb040bbf861ac5,Coinbase,google_play,reward is awesome
e447904817dc7ff3fe5f9e9a,Coinbase,google_play,Very Dependable.
4e5e134891721102887e6597,Coinbase,google_play,This newest update of course sucks.. gotta click thru multiple screens just to see your watchlist that used to be front page. now when you look at your holdings it defaults to today's gains and I have to continually click thru to see the info I want that used to be up front and stayed how you set it is say you set it at unrealized gains..
09a11fa7e9a83f078e267fee,Coinbase,google_play,Think is a really good idea...it's the future
e0bd98d5b60502f2eca7230c,Coinbase,google_play,I like
448c27ee93004874eb207e11,Coinbase,google_play,Easy
90ef7dca959fc771b023f992,Coinbase,google_play,"I've had multiple issues with waiting for the money to clear (direct debit from my bank). The money sits in holding for several days before being available and even then it's not all available, just some of it. This makes the usability of it pretty minimal and often I'm losing money because crypto goes down before I can actually use it to pay for things. The layout of the app is okay but overall this is not a great wallet. And there's apparently no way to receive any form of customer service."
3c767b73034c1804b54d6bb1,Coinbase,google_play,horrible experience. stay away from here or you'll regret it.
7ce8d8a14090c3844be2054c,Coinbase,google_play,Love it
4fa4bf5fe4b664c90d938675,Coinbase,google_play,"Coinbase has been instrumental in my learning process of trading crypto. it's so easy, I absolutely love this App!"
70564c57cf6bb49561ee019f,Coinbase,app_store,"Great app, easy to use and no headaches.."
03ca8bd777bf9a35546f28f0,Coinbase,google_play,awesome app
2e2c4a10a4a53a987248eff5,Coinbase,google_play,They're worst. They charged high fee. If you buy their security by paying even they don't provide security to your account. Your stocks Totally on high risk. They don't accept if someone breach in their security and put it on you. Worst app. Stay away. Lost 2200$ to them. They're scamer. Or with the scamer
490cd758f39cae93b66e9e44,Coinbase,google_play,Why is the app unresponsive the last couple days. Intentional?
36a6928ce9ba968222b3ddbf,Coinbase,google_play,"I got a new phone number and now can't log onto my account. You can't contact anyone for help, only an AI support and the methods of trying to verify that its you is impossible."
27ee79b62e22f6b729a7056c,Coinbase,google_play,easy to use
bd4dcb6dccffabb08856ee64,Coinbase,google_play,Very easy to make money very easy to make money
616cf97888483b55730a4169,Coinbase,google_play,great app
025631cc7429d5d280f153d1,Coinbase,app_store,"Tried several times to provide required ID. Photos of driving license accepted and uploaded, ID photo uploaded. Then app crashes and back to start - gave up"
9cdde9be25378d4a71fabd7c,Coinbase,google_play,"The app itself is good, Coinbase sucks; extortionate fees (£2.99!?!) and slow AF transfer."
7dd87ea706d9dae1f6049e19,Coinbase,google_play,Great app easy to use and secure
e1283029afbd7f9dfa5facb6,Coinbase,google_play,"Over a decade of use but the last year the app has been downhill. I've been locked out of my account twice and the mobile app fails to let me withdraw for the past couple months. To be clear- I can withdraw via the website but the app just hangs every time, and I'm using a good phone (Pixel 9 Pro). Other issues are how unintuitive and busy the app is. Overall continued decline in quality and stability and I'm moving my business elsewhere."
e764454e69fa2a4d0a0daff0,Coinbase,google_play,Give me the stock!
2a43a52539d228357c48e05e,Coinbase,google_play,"easy ,fast transactions. not the cheapest exchange, but transactions complete at a high rate."
f8a539d5052e60c88623b402,Coinbase,google_play,"I went to sign in to coinbase and all I get is application needs to update, so I tell coinbase to update and it does nothing, I have money in coinbase and I can't sign into the app, why does coinbase make things so difficult and I have money in coinbase and I can no longer sign in"
43e5d5ac939331323b522737,Coinbase,google_play,Fast and easy.
44ed0bcde87fc355b5212c69,Coinbase,google_play,"I have had a wonderful experience, using the app, I wish to ask is Coinbase supported in Argentina."
9f6bfdab2838c6255c785ae5,Coinbase,google_play,love my cpinbase
ce8571b597c1c28cc3efafe0,Coinbase,google_play,horrible app it tells me to update a real professional app would update itself.
5bbd2d9af6edd37dcfc704e8,Coinbase,google_play,"love it!, first Gen user and recommend b it. #xrp"
fad04d442083de92464fd5cd,Coinbase,google_play,"I just downloaded today, and am already so frustrated with this app. Having tried multiple times to add a payment method and just being sent in an endless loop of verification is absolutely sending me. I'm not willing to add my bank account information, but am instead going through the PayPal option, and the app seems to be seriously discouraging it. For those wanting that extra layer of financial security measures, this may not be the way to go."
053728fcf252c87d77abf1b7,Coinbase,google_play,"Won't allow me to create an account. I put my email address in & hit continue, I immediately get a notification that it is too many attempts & try again later. It doesn't matter what email address I use or what device, I get the same exact response. Also support is only available via web/app AFTER you log in which I obviously can't do."
f75c3f3a5d97b233f76cc39d,Coinbase,app_store,Ich kenne wirklich fast nichts vergleichbares dass einem beim crypto trading so einschränkt und begrenzt. Absolute Anfänger App für Leute die keine Ahnung von trading haben.
6f02e9c9008de7e78e9ed378,Coinbase,google_play,still try to get my money back...there crooks
fc83ed28e6d2c2b53dc3582b,Coinbase,google_play,"Warning! You may lose access to your money. Don't bother with this trash. It doesnt work. You cannot sign in, it simply takes you to the website, if it loads at all. Your better off using a toally different service."
3cfaec788b5607d1c743bf98,Coinbase,google_play,"lt is very easy to use for any transaction!!! this is the money for the future use, better be in the role of learning it."
69d4faa7e6f3e233ebb019d0,Coinbase,google_play,I am excited to start learning more about investing. Coinbase is very informative.
16835664c5e0e93a0b420e76,Coinbase,google_play,Clearing app cache does help with charts not loading and such
9fcbcc153eb587dd6492823e,Coinbase,google_play,love this App
c2fc7ada434d96d461b56ea0,Coinbase,google_play,Coinbase is easy to use and very dependable.
14f0acff4a0854822fe04e6b,Coinbase,google_play,This app keeps attempting to take a payment from my PayPal and cards on file. I don't have a visible subscription when checking on plastered and accessing the website won't let me navigate the site because they are requesting license verification but the upload file box is greyed out. I don't want a paid account nor know why I'm being billed
3ef9d8330a09b29274b6bd6d,Coinbase,google_play,Waste of time Update 11/26/24 I highly recommend avoiding this app and this company I got set up with them and started buying crypto everything was going well Then I decided to use their wallet. So I made a transaction I transferred from coinbase to my coinbase wallet my crypto disappeared. So upon contacting them and giving the hash number they asked for which was on the receipt directly from them they said it was invalid. So if that's the case then their system is not very secure
109a334d183a0b8fec9c5056,Coinbase,google_play,awesome
574de15912af24e49af9a274,Coinbase,google_play,Very safe
d3381aa6b2f014b548f66ad1,Coinbase,google_play,"never been able to login after I deposited and bought some crypto last year till date, several attempts to reach Support has been futile \edit: reach out to who?... SCAMMERS!!!"
8565214b7da126d4149a2606,Coinbase,google_play,"It was great at first, but coinbase keeps changing how much my purchasing limits are every week, from $750 to $100 and so on. And frequently changes where the fees happen. A trash exchange. There are way better exchanges out there, If your serious about your crypto I don't recommend Coinbase."
c62721d0c26b66e078745d85,Coinbase,google_play,user friendly
81932c2ffaaf293759d9e618,Coinbase,google_play,quick and easy
701ce9b55cafbda2a50e82ac,Coinbase,google_play,Good place to start trading
ddabb58665900ec219a4e775,Coinbase,google_play,"Have no issues with the app, other than they constantly keep moving menus around. Checking APY used to be so easy. Now you have to jump through menus to find the info you need."
f90c24b584c1dd558b982b40,Coinbase,google_play,"Easy, with a little knowledge."
c9366f1d071391675b27dade,Coinbase,google_play,Awesome
4d35ce92b6e55719d7803be4,Coinbase,google_play,trash biggest waste of money
95f019b017ddab1ae1ad2a84,Coinbase,google_play,I'm learning and I like it
616f38c11294c04f18778afe,Coinbase,google_play,"Scammers they have stolen my money, Coinbase did it not any external scam. I've raised a dispute but I'm shure will end in dust, basically I have nearly 4000 jupiter coins wit a value at the moment around £2000 but on my account balance is showing £2 for 4000 Jupiter coin Updates, Coinbase has answered to my review I want to be contacted by phone to solve the issue by a British person just to be understand and to understand what the operator is speaking, repeat, customer support is a loop holle"
0011cceed678468fbdb06599,Coinbase,google_play,2 different accounts I can't access it says enter the code we just emailed you it doesn't email me a code when I press send email again it emails me saying you already have an account please sign in. If I go back and start again it does it again.
9c969f679d6a8bcdcf06b6b8,Coinbase,google_play,Bustard app
b8153a88a6494adc247b722a,Coinbase,google_play,Good luck to you if you want to withdraw cash from this app. They will do everything to keep you from it.
bbb5265664ffb7aced4bf974,Coinbase,google_play,awesome alp
b9d925dd7fe637f594cc119a,Coinbase,google_play,"Will not launch. Have installed, uninstalled, reinstalled, verified device, but all to no avail. Just sits there with the blue C screen. Even tried to launch from web browser, same result, blue C screen until I close it"
533c859744daec9188b8f015,Coinbase,google_play,very easy to use
33b55cf2eb83955c7bb61d8d,Coinbase,google_play,"company stole 1500 dollars from me after being a customer for over 5 years. claimed I signed up for 300 a month plan which is insane. was a coinbase one member for a long time, was insanely busy with work which is why I didnt notice for 5 months. they returned 300 and then after long investigation stated their user agreement as the reason. its irrelevant because I did not sign up for this. they did not care about the evidence proving I never signed up for it. they are thieves. im suing."
33f2b5176d998cfe6c14c970,Coinbase,app_store,"No problems so far, easy to make purchases and I’m enjoying using the staking feature for rewards."
f0636d6b5fd5b4fa9f641f90,Coinbase,google_play,"As a newbie, Coinbase has been really user friendly with a pleasant user interface."
4abe246999a288f200c8b0b6,Coinbase,google_play,"I have this app in a chain of sorts. first i downloaded a game, transfer the points to another app, that app transfers it to crypto, lastly it transfers it to this app. idk anything about crypto but I've made like 1.50 from the games and bought 2 different stakes in coins. it was pretty easy and im able to do it with no bank card hooked up. so far so good as a total noob learning all this and it's only been 3 days I've had this so far (6/27/25)"
8829d9b549861a458ae780a5,Coinbase,google_play,"Making money hasn't been this easy, ever"
96011e0ee639b11f10330219,Coinbase,google_play,"Gambling? I'm not putting any more money into a platform that doesn't actually hold the crypto they sell when that same platform is also being used for sports gambling. Might as well rename it ""Bookie"""
69a039a3e794ce365a6b47bc,Coinbase,google_play,Good app
4737018b682ea13b642330aa,Coinbase,google_play,Super kewl
29aa00b108138a37b9e09b57,Coinbase,google_play,"don't use coinbase you will lose everything, and mostly because if a phone company goes belly up and you lose your phone number, there is no way to change your phone number, and there is no support phone number to talk or text some one to help you, everything is done by computer instructions. and believe me you will go crazy trying to figure it out. so it's better not to ever invest in crypto and if you do just don't put it in coinbase."
66454963ac5c40adc48032f5,Coinbase,google_play,awesome!!
361a2e8262deabce63469ee4,Coinbase,google_play,Gets better with Time
5505020f76ebab1d9961c8c3,Coinbase,google_play,"it's barely functional and difficult to use. whenever you want to trade it doesn't work (any time the market gets busy). it's been this way from day one (I've used it since 2017) and never improves. it's useful yes or I wouldn't be here writing this but it is bad and an embarrassment. Robinhood might be better, maybe binance, but gemini is also something to avoid. the amex card does work though.. so that is a plus."
db47d818314b839e5f4c7631,Coinbase,google_play,Great experience
fa33375af94d6afe5c966da0,Coinbase,google_play,it's so slow and laggy you cannot trade with this...otherwise it's a good app the charts are user friendly
5c51e3e1bb0c83ca8e9c561d,Coinbase,google_play,Coinbase makes it easy to buy crypto.
d321575d7bdedb6e59ad733b,Coinbase,google_play,YOU GUYS SHOULD TELL PEOPLE YOU WILL LOCK THEIR MONEY UP.I REALLY REGRET THIS APP HORRIBLE DON'T DO IT I CAN'T MOVE ANY MONEY FROM ETH
b7e3367af04b512bc9583e86,Coinbase,google_play,the best
b6790bc2f38b53c99972f9c8,Coinbase,google_play,Money.
e2a8c3cad02eb882e69cabba,Coinbase,google_play,Get Coinbase One. 5. Stars- worth it.
28ad4645d045767bf6ef8f40,Coinbase,app_store,"meine 50 (mittlerweile nur noch 45) euro ETH werden festgehalten. Wenn ich nicht in der nächsten halben stunde meine coins sicher suf der selbst verwalteten wallet habe, zieh ich geld zurück. was ein saftladen 7 (!!) tage ist der kauf her, es gibt keinen grund geld einzubehalten."
a4e133bf04f32d37e718b920,Coinbase,app_store,"Einfach super – in allem top! Schnell, unkompliziert und rundum empfehlenswert"
365fc725ccbbd3ea3ca2bd69,Coinbase,google_play,This app is saying that my phone is not able to support the updated version.
96b1ead7a8dd9c48ceae407a,Coinbase,google_play,Great
5d17a5a7706551f2cff82155,Coinbase,google_play,Stop unrecognizing my device. This is getting tedious to register again my device and payment method. Also can we not have to verify particulars so frequently.
57d646de7acb11194f5127d7,Coinbase,google_play,"Your customers, from whom you're making a lot of money on with fees, are getting quite frustrated with not being able to buy and sell during peak hours. On strong WiFi signal ✅ Most current version of app ✅ Mobile device is new ✅ Please let us know what efforts are being made to meet your obligation of providing us a quality experience before we are forced to move elsewhere. (Made after the dev response) Yes, I'm ""experiencing issues"" - that the app is unusable at peak trading times . . . !"
2a0b9b58f03037bcb54bc381,Coinbase,app_store,Nur zu entfehlen
d779e8a4021dbb4b2e72cc0c,Coinbase,google_play,Mint
2e9905946db926f0749bad2c,Coinbase,google_play,"Accepted a deposit from my debit card with no problem, but says I need to contact support to withdraw. Very scummy"
7660ea9fcc005a584393d670,Coinbase,google_play,abysmal customer service experiences
008dd383536c1f75722ed0c0,Coinbase,google_play,The exchange work like a Lighting effect . I like it.
78748f3cee6a43c83c9b8266,Coinbase,google_play,Good job
f408393da6f9f460f59d8587,Coinbase,google_play,"I'm really disappointed w. coinbase! I paid over 200$ for Coinbase ONE with ""premium support"". Oh, it's not available in Germany... Support is completely incompetent. Coinbase locked my account 7 after notifying me they need documents to comply with regulations. Without givi.g me a possibility to comply. Contacted support three times, they said they will contact me so I can comply. NOTHING happened. Used the ""free"" (A C One feature) swap & paid 2% in occult fees. Generally high Fees. NEVER AGAIN"
2ffb1fe4c4d033042e01434b,Coinbase,google_play,when installed and started verification. It read year as date on document and puts example my dob year is 2001 it puts 01 as my date instead of putting this in year place and mismatches the data we input to verify our document such as aadhar. Thank you please verify and detect and clear this issue. Have a great day ahead!
b73387a5e2a110aca6a35c5c,Coinbase,google_play,"Need to give more free crypto. Also my bank account got unlinked, having issues linking it back, and customer service is horrible. So I'm going to transfer my coinbase crypto to Robinhood their platform doesn't give me any issues and customer service is great because I've never had an issue with them. Y'all took too long to fix my problem or give me a call back. Y'all that's on this platform might consider looking for a different one, like oh Robinhood!!! Thank you Coinbase. My issue fixed."
efe3d58afa460e1c8297e461,Coinbase,google_play,easiest way to buy and trade crypto
640106e069a100630fd7ee4a,Coinbase,google_play,Awesome
5d4117c0087c95ec31baffe4,Coinbase,google_play,Why they not send varepekation cod??? Why 😡😡
d034c1d08faa6978e75fa3a1,Coinbase,google_play,excellent
d540937b46f2f67fa179cfa8,Coinbase,google_play,I updated the app now I can't get on there. it goes to blue screen then goes all the way out
ba1de8840aa7ef8a43e9d6d2,Coinbase,google_play,I spent over and hour just trying to create an account it wouldn't take a picture of my ID worst app ever.
9518732712934d843cfa4af0,Coinbase,google_play,This was good apps
6e86fcd9880ee5193662bd5c,Coinbase,google_play,Best app in play store
1395e3fb1380b8d4fed49d7f,Coinbase,google_play,what outhere
dd941f69cea435db9bcd08a6,Coinbase,google_play,Nonsense I have used for years and NOW the app is not compatible both my phone..so now what do not do??
1958ece7462a527c57cc85a7,Coinbase,google_play,Love coinbase xrp is going to make me rich
213a431641f5a46d7a9e4272,Coinbase,google_play,"Charts never work on mobile. Can't open trades. Doesn't matter what my service is like. I assume they need to expand their servers. Right now I can see balances, but trading is out of question."
82d7f9e7e230923999a0d11d,Coinbase,google_play,"amazing, ease of use."
6baf6f268d0a4ca13fcae202,Coinbase,google_play,ok so far
e6b814e5a621ee706d6cf868,Coinbase,google_play,"Update: Coinbase remains the best, simple, reliable, and easy to use. I’ve been using it for years without a single issue. The tax tools are a huge benefit, automatically calculating and generating forms right in the app. I also love Coinbase One if you buy crypto at least 4 times a month the savings on fees make it a no brainer since trading is free. Now I’m eagerly waiting for Coinbase to add tokenized stocks. Can’t wait!"
19c277c305b8e369a7284784,Coinbase,google_play,Try it! Your will like it! Hurry while the prices are low.
70c2dd77b19d6f812a12664c,Coinbase,google_play,"After MFA it will be stuck and will not see my account and can't use the app as a login user. Apparently, you need to log in with a browser to accept new terms and conditions and your account will start working on the app 🫩"
211d39ae918257daa14ddae7,Coinbase,google_play,very easy to use. you don't need to be a rocket scientist to conduct your transaction
173c0df25b36caf78d95ad65,Coinbase,google_play,Top
315545a9d0455ec2f702ae9c,Coinbase,google_play,definitely in the arsenal
e6035255f09b0001daa4b618,Coinbase,app_store,"Bei den Gebühren die beim Kauf und Verkauf von Kryptowährung entstehen, verwundert es mich sehr, dass für eine gescheite iPad App das Geld nicht reicht und nur die iPhone App auf dem iPad ganz klein angezeigt wird. Das können andere besser."
6150ebb7e85f661464e1da6b,Coinbase,google_play,App works as it should
61ec4861e3392d6001ef547e,Coinbase,google_play,good
432a5518e2426b08817f00be,Coinbase,google_play,can't verify
23bc09ca15e97d7a097a1f8c,Coinbase,google_play,Old school American inconveniece
ed3e3d1af5a97216fee90d7d,Coinbase,google_play,Best app by far
60b8987044ea627b6eaaca3f,Coinbase,google_play,Good
de75c00caa2ba57a96d041b8,Coinbase,google_play,I deposited $30000.00 only to find out on March 1st that my funds are missing. These criminals stole my money
b6742270a4c2cadadcde0432,Coinbase,google_play,Awesome service! Thank you.
4ab612652b8f3548e8c4855c,Coinbase,google_play,It's a great start to getting ready to know about crypo and other things along the way
14a40816a20f9a53a7909068,Coinbase,google_play,"fast trades, relevant information, white papers. what more do you need to make a decision on the next big thing."
0c154f2351855b96afe7e17e,Coinbase,google_play,One of the worst services and company practices I've ever experienced. Shady and greedy and would avoid this company at all cost and find any other ones that can't possibly be worse than this
9df48c2c319982ff5d7569b1,Coinbase,google_play,super easy to transfer funds.
0886cc6aaaa1cb7c4508e9c6,Coinbase,google_play,awesome :)
0f2c854c85245b6941b90c3c,Coinbase,google_play,"Being new to Crypto, Coinbase is a great platform for beginners."
abea79c17edbea533a5db93c,Coinbase,google_play,Freezing up doesn't let me sign in and I still can't find two of my crypto that I had running now that I finally got to sign in my two main ones are gone
b32147cd36ad377a3ec2cea2,Coinbase,google_play,never used
bb4e38bc008698aca807b18d,Coinbase,google_play,three times I tried to sign in it doesn't work. cannot sign in to my own account
e859ecd23e58fc25c1c412d6,Coinbase,google_play,don't trust these people they take advantage of less educated people that can't navigate there apps and keep there money. I've had almost $70 dollars with them for a long time and can't seem to get my money back. I will be filling claims with my state against them. use them but beware there's a very slim chance you'll be stuck like I am!! shame on you guys
dc6db1e678897e70676f99de,Coinbase,google_play,"Terrible. Slow loading, can't find key information, and the fees are astronomical. Looking for an alternative"
dc2189ca24cd298e3d783500,Coinbase,google_play,good cyrpto wallet
2b760204ff6824df81281517,Coinbase,google_play,great app love it
6aea5a4e046d5ecd0d964051,Coinbase,google_play,this is the best app to use
0997991d4028a2bd6ceacb9a,Coinbase,google_play,Have signed in With ID&PW but cannot create an account as my bank does not accept the PLAID system. What do I do now?
705f1daff06f729a9a4e5617,Coinbase,google_play,does not read IDs well
f9dcfb225ff1ad2aae3e69a3,Coinbase,google_play,"first time user and it ws easy ,no stress kr drama"
9568b9e4917e794f8a6f1c4e,Coinbase,google_play,Very secure but still user friendly app. Add in a lot of information/ education all in one place makes this a winner
5913de46495a6e735f7a6fc5,Coinbase,google_play,Been waiting more than 10 days and account isn't verified. Tried to add a card and coinbase charged me and failed to add card. Support keeps disconnecting me. They wait till in busy pretending t9 work and disconnect me. I screenshot the conversations. Horrible service...support still useless save yourself the stress find a other app
263a32c5edef5d43d8916d99,Coinbase,google_play,"Since now I have gotten my place, running with money. is safer not live with people, depending on who they are. And learning to watch the numbers jump up and down, my very first account is gone starting better on this one, time and money if you know where to look."
7a44aec42872bb46ece537ca,Coinbase,google_play,"I got in contact with support, no solutions to my pending orders not being fulfilled. I cannot even cancel them. I have requested from support for them to be cancelled and nothing has happened. Support says this is happening to many people. This is costing me money. I hope there is a class action lawsuit so I can get the money you owe me. Do Not use coinbase, find another app."
f4c52e0a9f0aa4b79a39201b,Coinbase,google_play,They won'tmake an update for Chromebook so pretty worthless. Defiantly a 0 star if I could give it one for Chromebooks.
41e36c7fbae982a0c62d3407,Coinbase,google_play,Good to trade
69054632ad840b8c3347fe0d,Coinbase,google_play,"This application is free to buy currencies but not free to sell. The fee is 5 percent or more. Sometimes the value doesn't match the price you are trying to sell for. For example, the value says 43 cents per share, then you sell and it's only 40 cents. Makes no sense. Trying to build up a small account is pointless on here. Don't trust the description."
a9805d4484942c4161819e68,Coinbase,google_play,easy to use. available and cover my needs.
5098638c099517d602632bfc,Coinbase,google_play,The Best 👌 👍 😍
191e61881c574c58cf517239,Coinbase,google_play,great
94e4d2f266096e8074987e02,Coinbase,app_store,Novice et ravis de ma première utilisation de l’App
6fb34636f59bfe6d78238be3,Coinbase,google_play,"I downloaded the app since two weeks now, trying to sign up but the app didn't display anything and it was just turning"
34e97706caea43280cb9f4e4,Coinbase,google_play,All of a sudden not compatible with Pixel 4???
a48e02b533705e6543f5472d,Coinbase,google_play,"the new update is horrible. what has been changed or taken away is the ability to see the price of the coin as soon as the app is open and you see the list of your coins, it shows how many you have and amount total but not the price the token us currently at. I need to be able to open the app and immediately see the price of each coin, what it's going for and that doesn't exist anymore. I have to search the coin to find that out, it's an added step. Can you return this function back?"
fb1edc4d749ad291357634b4,Coinbase,google_play,im good
7d2b6e479c4fa973f4f01313,Coinbase,google_play,wish I had started years ago 🤣
c18c8070e5abb01ceded7e33,Coinbase,google_play,👍🏿
432aa3b464ad5f54aea1e915,Coinbase,app_store,Coinbase is well aware of an issue taking place for months now; the average price of a crypto is changing on their platform without the purchase of any more coins. I refuse to believe a large company like that can’t fix the so called “display issue”.
bc5e91cae07633314d211e40,Coinbase,google_play,very good
8c5b823023ba991260cdadc8,Coinbase,google_play,Please don't try this application it is charging cost is High than high
3caacf74ee045a69f57ecf44,Coinbase,google_play,Very easy
442b56ae08fe36c4da19da87,Coinbase,google_play,Love it
1f73a7c3afb1545585cb8c93,Coinbase,google_play,Very easy to use with great customer service
93a3ddff61bdf8ff95928cfe,Coinbase,google_play,satisfied
e64d3d7a3654f65299ba0081,Coinbase,google_play,"I never write reviews but this has pissed me off , I can't search for any coins , the app is stupidly slow no other app on my phone is slow , this is ridiculous 💩"
f892de68f357a259d630ee87,Coinbase,google_play,easy and clear
4d7bbc43cc9ca3e6c2c754c0,Coinbase,google_play,I never give a review but I had such an unbelievable bad experience with this app that I felt I needed to warn others. Couldn't transfer my Eth to another wallet because it gave me a prompt to verify it on the Coinbase wallet app but then that app never gave me the prompt to do so. Contacted support but they were absolutely no help at all. Do not buy cryptos on with this app if you have the choice
0001b68bee55fa3a5acfe1e9,Coinbase,google_play,Easy yo use! Love the app.
e6bcee74dc34ba59da6b45f2,Coinbase,google_play,"Great, easy to use and easy to deposit/withdraw in aus."
88ece7d240dd1906580a739f,Coinbase,google_play,Okay I'm in the learning process but it's been good so far.
41e6aa51409c7bda214b5aa7,Coinbase,google_play,Always fast and fair
a19247318ce887d84b9679c5,Coinbase,google_play,"I really enjoy this. You may earn crypto, sell, trade & buy. I feel empowered by reading, learning about different aspects & categories. I am grateful for the simplicity of app. I don't feel stupid, I feel knowledgeable. I choose. I learn, loss or profit. Also, watching trends. Empowered by my observation of crypto. For these reasons, I thank you"
36446df76c3bd2919078a56d,Coinbase,google_play,The best in the business!
e846b57c0a38cf3008d6eead,Coinbase,google_play,Great 👍
582162775458572c6d5673ab,Coinbase,google_play,Amazing app for crypto trading and learning
386902bb5db052cace950276,Coinbase,google_play,"app is crashing for 3 days. it signed me out and i cant log back in, because app when opened just freezes"
da10753c7b4aab081345ea54,Coinbase,google_play,great . easy
bdb3c8df38be457b9833f9b1,Coinbase,google_play,I feel totally ripped off
2832564dee4690f5f966d431,Coinbase,google_play,Taught me somthing I never learned in school
5e4f58788764c1a0af0edc7e,Coinbase,google_play,"App keeps trying to force me to sign into my Samsung wallet without any prior authorization. I can't even use the app anymore unless i sign into my Samsung wallet, which makes no sense because all im trying to do is open the app."
a1bd12a7e13c3fb476164b1c,Coinbase,google_play,"I already downloaded the app twice now When I first downloaded it, it refused to work so I deleted it and download it again but the problem still persist (it won't just load on my device) Please do something Cause play store said ""this app is compatible with your device"""
47709986e0ff1d75a0abcaa9,Coinbase,google_play,"I Love This Platform easy trading, great insights"
715f42336dee62265f40625f,Coinbase,google_play,"lost access to old phone number and I email support that's on here because I obviously can't sign in and get instant reply from support that email no longer enabled and given a new link for support. the link takes me to sign in. ridiculous, I have no words other than I don't recommend anyone this app if u already have one do urself a favor clear funds and get rid of app. and this comment will have some agent saying ur sorry, please don't.forcing me to give u a star or can't post comment"
de2351473dff254aa59deca1,Coinbase,google_play,It's the best place to buy crypto currency
b2e9573a766248fce3c5b373,Coinbase,google_play,Very big scamers I lost R500000 can't withdraw the people that are there to help you scam you even more
506a63003ab071bb749e0673,Coinbase,google_play,best btc service
2e8a8c1960e685fcaeb26c12,Coinbase,google_play,Bout bitcoin through this when I was 18. Best investment I've made so far
233665f817fac48c21e8d0b0,Coinbase,google_play,"Cant order a physical card thru the app it has been having trouble connecting to what ever it needs to connect to, I go to use the website the website doesn't allow me to order a new card either the support team hasn't been very helpful at all telling me to reinstall the app an try using the web page neither of which work. If the company couldn't help me whats to say social media accounts will help. I had an employee help me order on a week ago well see if I get it mailed if not I'm parting ways"
b033d51bddaba6da180b74d0,Coinbase,google_play,easy to use
b4c8a426036ee678d24b8328,Coinbase,app_store,Efficace
337ae6b6cc2b1e345d3099c6,Coinbase,google_play,"Great, it needs better customer service"
31daf9ee2f0faf631e9b33bb,Coinbase,google_play,"Dont do it! I can't trust putting my money into something that glitches on the regular. can't access the account or open it at all. this has been going on for weeks. I have no idea what could be happening right now. They can tell me that my money is ""safe"" but won't let me access my own shyt. yeah ok...."
a2fd9baf72f5dc2cd6d418bc,Coinbase,app_store,"They removed my ability to move bitcoin out. No transfers and no withdrawals to external wallets. Finally I sold everything and sent USD to my bank account.
  See that? A two sentence review. What more do you need to know?"
706fc283ad22ee763637e75d,Coinbase,google_play,So far great experience
d7cdbafbe2d817f3086fcaec,Coinbase,google_play,The transaction was great
25835e7fd5423ef1ed43634a,Coinbase,google_play,"easy to navigate, great features."
6dca40b000b7668c263c8823,Coinbase,google_play,Super easy to use. Looking forward to higher limits and using the debit card.
6f449486e23cb435f3b46bdf,Coinbase,google_play,Update: Checked my emails and Coinbase is definitely lying. My first purchase received no hold and was unrestricted the day of purchase. My third purchase also triggered an email that claimed I was unrestricted from transferring the assets. Days later my second and third purchases continue to alternate at times showing $0.01 up to $1.06 available for transfer.😒
751198f6504aab9878d0ddef,Coinbase,google_play,Easy to follow
6a95f616e61374a0093df434,Coinbase,google_play,I enjoy using coinbase!!
f891d430b3f959726583bb00,Coinbase,google_play,Manageable and very easy to use
2805ab6bdb66dbc2081a62fc,Coinbase,google_play,Awesome
a271f129ca82201255db2b77,Coinbase,google_play,"Very easy to use , Best crypto Exchange."
f6c810230064d256c8a55e5d,Coinbase,google_play,I'm having extreme difficulties trying to operate my account. There's no way to change my phone number and I can do nothing with my money.It will certainly let me buy but it won't even let me transfer to my other wallet 😒. Please help.
50f78064ac50e38afec14a38,Coinbase,google_play,wasted an hour trying to stop coinbase from opening up when I wanted to open up Opera mini browser to view a video.
a6e91beff6f725dabf6ecdf8,Coinbase,google_play,Difficult
97d47de112cb81eb8c084d56,Coinbase,google_play,"WARNING ⚠️ WARNING .. 8/21/24 Coinbase is NOT listening to Customers. Im Looking at comments of people CONSTANTLY saying about Difficulty of signing back into your account. when your number, or email changes.Its happening to me. Even after SEVERAL TALKS with IT. UPDATE: 9/21/24 FINALLY BACK INTO MY ACCOUT. But it took me mentioning the IRS wow a miracle. All of sudden what hasn't worked for several months now Coinbase knows how to let me access my account again. 🤔"
3958cd4c74963cc6a9ae9d6d,Coinbase,google_play,Recent update seems to have corrected the problem. App loads and runs now.
c84611b7dcc4f297212006a6,Coinbase,google_play,"otp code for registration not sending, please send through WhatsApp or email"
b4593d05f5387ac788ccf91b,Coinbase,google_play,Very good and fast
9931e0f8f05d9deab014f454,Coinbase,google_play,Safe and easy to use for beginners.
cf2016619587621a413e81c9,Coinbase,google_play,Awesome
4b2ac2fe53606ab89f61d6d8,Coinbase,google_play,Freezes all the time.
5210621013576a567c0b2cae,Coinbase,google_play,awesome learning experience
b213ec5f7f581932ce740020,Coinbase,google_play,terrible
9e9266ca703842bfa0fe81e3,Coinbase,google_play,Learning & Earning
205f9d477b09c8d48ea7a38c,Coinbase,google_play,good exchanger
cb37054b66773f88fd0ac8cd,Coinbase,google_play,Satisfied with
0b963dba8243ceab9ac9128c,Coinbase,app_store,Au top
66fa9945be8de57e8965cdc0,Coinbase,google_play,Easy to use. Especially for crypto beginners.
12bfcd7fb6a72c06eed5bdfc,Coinbase,google_play,So far love the app
fd8f95563dfd38548b993d07,Coinbase,google_play,Ace zz
9b52b53830010756be0a33ee,Coinbase,google_play,takes forever
28c2d0e678bcf03a98ff1b98,Coinbase,google_play,app looks nice and clean
b4260962061d86bc0c4c6726,Coinbase,google_play,Love it
54aab33b5b434a3a2faaff95,Coinbase,google_play,"From last one year they I am suffering from this app, can not withdraw my money always asking address proof and documents that I have been uploaded millions of time same as I uploaded in starting always reject my documents even not accepting my legal name , I think it's a scam"
0e6bb961e456acadaa88909c,Coinbase,google_play,Great
7b4419c39845117643c32657,Coinbase,google_play,The app is very helpful for crypto beginners
4a6f97986c7c5011d12889d1,Coinbase,google_play,Imagine putting a new customer on hold for an hour and thinking that's appropriate. App is a complete joke. Staying with Kraken.
866a0d6f473be2d7b8109cbd,Coinbase,google_play,it's been really great the only problem I have is where I connected my original social good app and somehow I cannot retrieve it
08e24f19cfe6e9144329aaf9,Coinbase,google_play,this app was just fine until recently. it crashes constantly now. unusable. edit: it is updated to the current version and I've uninstalled and reinstalled. still crashes.
b85ab05d9d4117af202cabf4,Coinbase,google_play,i am here for security.
abb2aef2abe3274f39923d18,Coinbase,google_play,Let go Coinbase!!!
1bd44848a52811d3a329a8e5,Coinbase,google_play,Learning all the ins and outs of crypto can be challenging and tough. This experience through coinbase is unique and well monitored.
c97e37e0f3dc0c79a2a0bcab,Coinbase,google_play,very slow
0acb59ca44c4238bd29664df,Coinbase,google_play,easy to use great tracking and trading
0860feadc85540bd27d0d5fe,Coinbase,google_play,good
6ca4fb7841b9cd286505a1dc,Coinbase,google_play,love this app. struggling to update address tho 😩
ec9e19429ba4fe164cb9f16a,Coinbase,google_play,I don't know why developers change app before it was good so U don't have control on app your answers prove that if any thing happen how responsible are U?
ca9e1cc3dfbafff9c0501d3f,Coinbase,google_play,So far so good 👍🏽
f66692a68d8cf37ab1833c52,Coinbase,google_play,it so easy to add money and impossible to take it out. can't link any account can't anything...
a3cde4af831bc8e63b533240,Coinbase,google_play,I took the time to just read and follow instructions from this app and not on my way to learn about tokenimic. Easy to understand and rewards availability.... aii
a5be7b62d2a5de4c383aec90,Coinbase,app_store,"Einfache Einrichtung, gute Konditionen"
9cb05235c258c9d90866ddfd,Coinbase,google_play,No NANO (XNO)
5a821f1e3870f5296c734d5e,Coinbase,google_play,Easy to use
bc7f0d4c956c64f7cd8fb91a,Coinbase,google_play,🪙 Invest 🪙 -Everyone doing it!
6bc7c73deae18fe7adae893b,Coinbase,google_play,the transaction was great
f1e9f171575f5fb109b508f2,Coinbase,google_play,"Good so far, the platform is easy to use."
589ea195d6168c4160ee73c1,Coinbase,google_play,Great so far gotta learn how to use it now
41213edc7e98f499b3e511c6,Coinbase,google_play,"It's cool if you're not taking a lot of profit. I lost about 10000 in profits to their arbitrary justice clause. Where I had to pay back coins not dollars, they stole all the money I made. except 1000. thanks, but no thanks. Pretty cleaver trick with all those receipts. Not! Nevermind.. three stars"
4117e64cb825a9ac240abe53,Coinbase,google_play,Easy to use and multi faceted with multiple ways to earn Bitcoin and dollars
f9418a1416accefda57ad00f,Coinbase,google_play,"don't do no more business with coinbase guys they are stealing crypto from you or they are compromised ( not your keys ,not your crypto)"
982e3cb6902500a8303215dc,Coinbase,google_play,Good app
27fa649fcdfe3775d12f5385,Coinbase,google_play,"easy to download and use , but very convenient."
b2a6248a5a145071d1e50f6c,Coinbase,google_play,"It's really the only option... Great UI, fair fees with them automatically lowering them for volume, and outspoken advocates for legitimate Crypto use cases."
fe8eaf71f9ccb933ec93bb88,Coinbase,google_play,"Having problem to reset password, even in browser"
6009c4565d9a2d826c9fd5eb,Coinbase,google_play,easy to verify and trade
3f91fc959655a76fbcb069e1,Coinbase,google_play,"I'm new to crypto it gives insight to a whole new world of away to pay ,get paid, and much more"
5073820c63d8f812e7b11f47,Coinbase,google_play,its great
cb613ee050106f0be14c85cd,Coinbase,google_play,"This app is trash after the most recent updates, charts don't show, must clear the cache every single time I open the app. If you want to do anything during high volatility forget about it, you will be waiting 15-20 seconds for each new page to load, meanwhile the price you may have wanted is long gone. I have used it in the past and it has never been so slow and frustrating, thank God binance is allowing Usd again."
3a240afc6e161bed2ae16dc8,Coinbase,google_play,I can't even make an account Sorry correction this app says I have an account even tho I don't HELP ME
9d08b547310870848815576c,Coinbase,google_play,"Very easy to navigate this app. Helpful charts, notifications and news articles."
1ea8d628a90926b50f83888f,Coinbase,google_play,Could not be easier.
efcc886db447c400c95a1106,Coinbase,google_play,My experience has and always will be out of this world because coinbase will except me as a contestant!$ 1 bitcoin
f91ebb36db43b039b219cb5a,Coinbase,google_play,Nice app for good deal
15259ac531669380d04e6ff2,Coinbase,google_play,"I’ve really enjoyed the new updates on Coinbase. The platform feels smoother, more modern, and a lot more intuitive to use. Navigation is cleaner, charts load faster, and the trading tools have improved noticeably. I especially like the way the new features make it easier to track performance and manage my portfolio."
8f926446700c221047071848,Coinbase,google_play,"I can't withdraw my money from coinbase since almost two years ago.and all my efforts to contact coinbase are abortive. To my greatest surprise, coinbase closed my account, which i has money in the account"
967e12ac47dcda3ee34984f1,Coinbase,google_play,"coinbase is not safe to use! there was fraudulent activity with my account, when I called to try and stop it they locked me out and allowed my account to be withdrawn by someone else, when I reversed the charges with my bank, coinbase stole most of the crypto that I had. I've called and nobody will help, they lie and take no accountability. please beware and don't use coinbase!"
c042a7289a50e581d5f8da73,Coinbase,google_play,fast and easy
3958e5f12e4b1edfb1474bea,Coinbase,google_play,"Customer support experience is probably the worst I've ever had, 80% of what the unknowledgeable call center drone sent me were meaningless platitudes after I contacted them because my account was locked for no discernable reason. I still even now can not verify my account information, and I don't know if I will be able to remove the bitcoin from my account. Complete lack of transparency in policy and worthless support staff do not instill confidence in the security of this service."
da3ca8ca4d418a273b500ff9,Coinbase,google_play,Awesome app
e9d774d7d29aad574d39c611,Coinbase,app_store,"Einfach zu bedienen, super Support, gutes Staking"
743898516a670a67ee396624,Coinbase,google_play,Great place to learn about crypto.
98fed3ac4004bda148002643,Coinbase,google_play,edited review - current update fixed all issues I had with the app. ty for listening and implementing the changes
7ab735f466f79a13aebed08c,Coinbase,google_play,Great App!!!!!
1d7cf38263ba118840e2bc1c,Coinbase,google_play,Good security..
051c8b6078ee4a8818620a16,Coinbase,google_play,Can't log into the app. It'll take me to log in thru browser then I'm just logged in in browser. Then I click back to go back to app and I'm still not logged in. I'm switching ll my crypto to PayPal. Eff this
7d6fdd3f531cd868019d503c,Coinbase,google_play,easy to buy and sell crypto
98ddd0b6b7d08e6aa4b08625,Coinbase,google_play,They are easy to understand and great to work with
c637d8da3ecddae61275e006,Coinbase,google_play,Awesome 👌
21f510a21bcdfd6d1f82fd84,Coinbase,google_play,Love it
d7e85f997a69a18ead09b0ca,Coinbase,google_play,My experience was really smooth like the smoothest smoothie😀.
5054e689a33a664c58ede940,Coinbase,google_play,Really bad mechanics. Extremely slow/lag while navigating.
661fa1a13ae12953bfbe1fd6,Coinbase,google_play,"There's so many bugs around the graph and loading of data. Often I find myself stuck on a loading screen when I try to go to a specific coin. Then it just keeps loading. Other times, when I do reach the coin page, the data on the graph is incorrect. Sliding up and down the graph might be skipping the past 2 days or something. These kinds of bugs have been there ever since I can remember, and I've used this app for over 3 years now."
017a06147a866e5159f106a9,Coinbase,google_play,this company will let you deposit and buy crypto. I bought 1k worth of Solana and have not been able to touch it because they have had it on hold for almost a week. it has gone down in value over $50 and is stuck on coin base. as soon as I can move my coin to a cold wallet I am deleting this app.
a16abde4993554c1537da38c,Coinbase,google_play,Reasonably easy to use.
5cf69cf013b6ae10ae9e0650,Coinbase,google_play,Seems pretty legit
7d342faf4a035ab899d3f664,Coinbase,google_play,Your app is rubbish...it not even opening If I could put zero star I would
50742026a05edcd5cd8e8f03,Coinbase,google_play,The most recent update crashes like crazy on the trading tab. The zooming and sliding features of the graphing tab do not work most of the time. All of these were fine before the update in early Jan 2026.
0690e5c53f1ec4e2b6f7b0ed,Coinbase,google_play,The worse of the worse stay away from these people my account has been blocked for 2 years even after several emails and many 🆔 verification not one person helped me get back trading. All this because I have traded from overseas I did showed them proof that was me trading . Coinbase is a joke I had to move to Binance all my investments and I couldn't be happy.
65cb14c8047c3de2905b3f73,Coinbase,google_play,Excellent for a beginner or pro
246d1331576b734213a53825,Coinbase,google_play,Great
f8417f1de1f6ec0145029aef,Coinbase,app_store,👍🏽
24c6e963d869919799fc352e,Coinbase,google_play,ok
5f884ef5c728afc1fadda427,Coinbase,google_play,It's reliable to use and I love the way transactions are safe
82e75adcc84d24288b05931d,Coinbase,google_play,"great app,easy to trade and lots of opportunities. No 1 in the world 👍🏻"
8640acc405d7fd45b2408023,Coinbase,google_play,Not to bad
a12aee82b08285d904d91314,Coinbase,google_play,I'm new to all of this but this app is helping me navigate easily.
7ff40407174b85cea80044fa,Coinbase,google_play,"Love it, especially the he learning that rewards you with crypto."
d4abe738c1f2acc9d68051e2,Coinbase,google_play,"I have always used Coinbase and I believe I always will! The app simply is the best platform out there for retail investors, and it's been getting better and better year after year. I TRUST Coinbase and that's saying something for me"
283fbc6346a0871addd1976c,Coinbase,google_play,Seems legit I know people that have made money off of this app
e3a5c806549e7a75edf5104e,Coinbase,google_play,"So far, this is the worst app. Binance is no longer able to operate in my state (due to anti-capitalist policies), so I used this app to transfer my crypto to sell and cash out with. I have verified my bank and debit cards and my ID. Everything is good to go. I was able to sell my crypto. Now, the app will not allow me to withdrawal my cash. Which is a huge issue. On top of that, they have no customer service options. No phone, or email. No tech support whatsoever."
020d938874ca67a27779dbca,Coinbase,google_play,awesome experience
c722f209083505beae97856b,Coinbase,google_play,the app can't launch on my Samsung tablet S7 anymore
70d00269f382789fd214505b,Coinbase,google_play,"I like this app because I can buy, sale, and get notifications on the cryptos I want to get notification on"
6eabb89ba24a1ef0b002b7ac,Coinbase,google_play,This app is no good
291fab6cc8dd90d6c4f5bceb,Coinbase,google_play,Just getting started
b5a0d3dc340aa62992a097ab,Coinbase,google_play,easy to trade and purchase
7aa639b8427c5dcde6635d01,Coinbase,google_play,Coinbase is a great way to invest!
50a1d35493ca23be7daade25,Coinbase,google_play,love
1aeff3a3dc26ea449ffa18ed,Coinbase,google_play,Help was not helpful
fa54716a17c671cc4533a0d9,Coinbase,google_play,good
1743a1c1843ac671b73c0a6c,Coinbase,google_play,First ecoin app I've used. It's user friendly and simple to use.
c69ed39fe8b4b40f87364b4f,Coinbase,google_play,excellent app. I'm new like very new at this and Coinbase makes it easy to understand
29a29e49017e82af8651e7eb,Coinbase,google_play,requires a phone number confirmation and does not work with canadian phone numbers. keeps telling me the phone number I've had my whole life is virtual
9543db6e4f068318d7a3afe9,Coinbase,google_play,perfect App
6b5cb9ee5288de50b5dc961b,Coinbase,google_play,the app crashes whenever I open it can't even log in
548357a87ea1c93b02b976f4,Coinbase,google_play,"Still leaning, may 5*"
9ec971844bf6b0743b72a714,Coinbase,google_play,"The worst support system ever. It asked me to verify my address, so I uploaded a document with all the requested information and they didn't accept it several times. I tried contacting them via their support email (cancelled) and multiple times through their stupid chat bot. I asked to speak to a person and the wait time is over 5 hours. At this point I'll just close my account and trade elsewhere as soon as I manage to verify the address. It's not worth the headache, there are much better apps"
fee1bea82a723cb3a345727e,Coinbase,google_play,Love this app. Especially when I'm making money 🤑
b7186d938d866a43aa59ba06,Coinbase,google_play,it appears that COINBASE is getting Worst and Worst every day. Why are Customer being charged a fee to purchase USDC Now? After all these years USDC purchase on coinbase was ADVERTISED with no fee purchase. Why the he'll would people spend 1 dollar to get .75 cents. The Math is not Mathing. Stop forcing the consumer to purchase COINBASE ONE. It seems like regulation make this crypo business just like The stupid BANKS; always trying to get over on the innocence public.
0e5946100093072742f9af61,Coinbase,google_play,"excellent app, just got the new metal credit card earning btc when I spend. pretty sweet"
b3c1a172db104706829c9ed0,Coinbase,google_play,"simple, and easy to understand."
cb2e56884a92e3e88280a020,Coinbase,google_play,Glitchy. Tells me my phone number is electronic when it's not. No way to contact support. Good thing I didn't give you my money lol
cec125f58f660ff8a1e1c68b,Coinbase,google_play,"Cant swap, cash out or do anything cant get my money back to my bank account. Terrible app"
75ac902e78f4b89fec48269a,Coinbase,google_play,Not totally trustable. I won a collective sue against them for hiding fees.
5409bde10ac4695e9cc8be13,Coinbase,google_play,Wrost app wrost Captcha
06a205474db5f5903d0b68b2,Coinbase,google_play,works great!
2d6a026fa46f5ff10d135eae,Coinbase,google_play,Good service
517a7fe1838e2fe61cb32d5f,Coinbase,google_play,The lessons and free coins they hand out is great!
8ac0c4349827c304d3a75505,Coinbase,google_play,needs better quality when it comes to making transactions for buyer patience levels.
118ad9cf3192f50c4fff1209,Coinbase,google_play,The best!
e82c35b986c955bb0a403d82,Coinbase,google_play,Sucks
7df2ff6f1164a27970657579,Coinbase,google_play,love Coinbase and Coinbase pro; still my fav 4 yrs going
a775a586cb485dfb65a726e9,Coinbase,google_play,easy to use and user frendly
6946034ee11c62af3e28f33a,Coinbase,google_play,"Trying to sell and all greyed out, won't sell and won't say why. Imagine that eh, you've hit the jackpot but you can't sell when you need to, absolutely trashy, laggy, freezing app."
ca00ce029e09f972b0065766,Coinbase,google_play,"NEVER seen an app this broken! Asked me to verify my tax status over and over again in an infinite 2FA loop, threatening to take 25% of my assets if I couldn't verify by the end of the year. I had to delete the app and do it all in the browser. I am now verified, but cannot log in to the app anymore, because of guess what... another infinite 2FA loop on the sign in page. WHAT IS GOING ON HERE??? Completely unacceptable."
dfdf2017a90cd544042515a3,Coinbase,google_play,ive been with coinbase for years now. they by far are #1. they have always taken care of me and my tokens. I would never go anywhere else. ty coinbase.
47ae0df71e098d2ec52ed686,Coinbase,google_play,5 🌟 🤩
8127c4e468697ce8a879ab6e,Coinbase,google_play,Great service
06ce9c936d3761e152d2945c,Coinbase,google_play,Excellent experience so far alot easier to use than kraken
30175db6b7e5ea7b3638135e,Coinbase,google_play,"Can't sell ,covert can't do anything this app has taken me money and I can't git it back I can only look at it go up and down what a wast"
690675529c74ad09214a230f,Coinbase,google_play,Love it
2f3c8d696c6630fc6e3cbbea,Coinbase,google_play,"I have had a coinbase acct for about 5 years. they have always accurately maintained a small account for me, always providing what I need, when I need it. I wish they would not have joined the gambling racket. otherwise, great."
75fb818dc3d4222dd82e7395,Coinbase,google_play,Big dog in the game
d9da7e0428492cd12c857b5f,Coinbase,google_play,"if you know how to trade crypto, coinbase makes it easy."
8d81a361ddf4b4059b4cbedc,Coinbase,google_play,excellent
ad8f7cd36015d48968dcfe31,Coinbase,google_play,"I tried to get my old account back but they were giving me a hard time because my number on there is old and I have a brand new number. So instead of sending the code to me through my email they sent it to my old number and I don't even have that phone no more. Instead I went to go and try to make a new account and it keeps saying that I did it too many times, even though that's the first time to make a new account. It was just a handful. It's giving me a hard time. This needs to do better! 😡😠"
9cdc842d235da7a947417c52,Coinbase,google_play,"The best crypto exchange out there 💯 If you are in Canada, it would be silly of you to use something else 🤔 No guarantees of investing success = enjoy the ultimate app experience but if you lose all your money, that is on you 😐"
f08eadcb33aa06a314b618d2,Coinbase,google_play,"Slow, buggy, forces a coinbase one advert on launch, why do charts have no axes?!"
dbd858f65aaac91b88f2ab57,Coinbase,google_play,love it
c8c46ca585fba901e8d7ebc0,Coinbase,google_play,Constantly freezes and can't see anything behind the whitewash.
dbb38c2c7189f647f5369a67,Coinbase,google_play,"If you're new to crypto, this is a fabulous opportunity to LEARN as you go instead of blindly taking other advice or googling everything like I was prior to Coinbase!"
99a127b4ddc74fee52d5ac84,Coinbase,google_play,Amazing goals and lessons giving free crypto to start the ballrolling
f2549c71e443077235e611f4,Coinbase,google_play,Great
c600cac4bc0f8bbe921a6131,Coinbase,google_play,Easy to use helpful tips
ca49c900e67adcc292450b23,Trading 212,google_play,"Great platform, very user friendly. Would definitely recommend."
2061b666b641e9037e6d3979,Trading 212,google_play,I have an account with Invest Engine and I find this provider easier to use and navigate. Zero commission and fees. If you are new to investing then I would recommend this provider as your first dip into the myriad providers out there.
4f3093ed96b8a2e74664439d,Trading 212,google_play,very good. Easy to use and beginner friendly
4fea7e8082dd617a71f13277,Trading 212,google_play,"its a good app, easy to use and reasonably straight forward. would be nice to have a dividend calendar included."
f488b08f4197559a351afe91,Trading 212,google_play,"the AI review of your stocks has vanished. I've deleted the app and reinstalled, no luck. good platform"
e4a5bffb7f224270dc4208e3,Trading 212,app_store,"J'ai remarqué que le prix d'achat augmente d'un centime une fois que je clique pour acheter, mais revient ensuite au prix d'origine une fois que j'achète et quand je vais vendre, je remarque que le prix baisse d'un centime puis remonte une fois que je vends, oui, je connais les mouvements de prix à la hausse et à la baisse, j'ai essayé de faux achats et ventes et j'ai remarqué la même chose, je trouve ça bizarre"
c53c687ac2f17e43a9280ec9,Trading 212,google_play,"Very bad customer service. They have just the chat and email service which mostly of time is useless. Why you don't give the possibility also to call? Additionally you have just few investment instruments. Why on T212Invest account you don't put Bonds, Fixed Deposits, FX, Index Funds etc.? As even on CFD you don't have all of instruments. But is not right to not put more instruments on T212Invest account, this shows you care more to profit from customers and don't care to customer investments"
1bddd47853bba33707d8171c,Trading 212,google_play,"simple, easy to use. being able to invest regularly within my own budget with minimum fees has completely changed my outlook on investing and saving."
7043edbfea846317f1bd723a,Trading 212,google_play,the broker is great the only annoying thing is that the app is very slow so not really suitable for trading
6fdc48d6d15ceea85e20027e,Trading 212,google_play,very good site. easy to use and clear for a novice
a9f565c9e11ce4eed4f1103c,Trading 212,google_play,"App crashes when trying to apply a promo code, and a few other areas in the hamburger menu. You also can only apply promo codes within 10 days of opening your account, and never again, because it's tied to your ID. 10 days in your entire life and then you're locked out. I'll trade elsewhere. Also generally feedback on the graphs not showing days/months/years until you scroll, Google do a better job with their graphs. The 'feed' is just full of AI. And overall the UI is cluttered."
39ca2e1b12a3f0c52fe98115,Trading 212,google_play,"I really like this app, everything seems to work well, look good and the pies are great. However it has one big drawback for me in that I can't set up a monthly direct debit or standing order to fund my account. If I could, I would move my ISA from ii. As I can't, Trading 212 just gets used to play with pocket money occasionally. EDIT: Still can't fund Stocks and Shares ISA by DD or standing order. Can use recurring card payment up to £2000 for free, 0.7% after that amount. Funding choices 👎👎"
60e14c5c422696ff8f8acd9c,Trading 212,google_play,make stock easier to search
de52f3e048b62be3f751f4a2,Trading 212,google_play,App is easy to use and good interest rate! Not had it long but loving it so far!
4f92e4f13800e110b397e739,Trading 212,google_play,"Trading 121 is very easy to use, and the interest is clear and daily. I was sceptical, as it's not a bank, but if I can do it, anyone can."
34976403b8b20d1a4b1322e6,Trading 212,google_play,Had this account for almost a year now. Interest rates are up and down but the App is so simple to use and any transactions are reported instantly and daily. Very satisfying!
3dcd93e59c2fc879d95d2139,Trading 212,app_store,"I have tried and tested mostly all trading & investing platform available in UK and I can say trading212 is a clear winner in all aspects, the ease of use, the app, the features, the list of etf’s, stocks that you can buy.
It is the absolute best!!!"
efea0aa5f36ed1b1a15e7dc7,Trading 212,google_play,"Superb application. However, it requires enhancements that I have previously requested and numerous users have lamented: equities do not display buy limits (a feature I asked for a year back), and there's no option to conceal or archive companies/shares that have gone defunct. Furthermore, withdrawals now take considerably more time than when I initially established my account with them.Additionally notifications seems not work as they did previously."
1f485879ecdf7ddc8628f881,Trading 212,google_play,"When trying to withdraw my money, they request a Bank Statement with an IBAN. I had to explain they have Bank, AcctNo and SortCode already. This for the same bank I have been using to withdraw for the past 4 years, verify takes about 1-2 days then explaining 1 day then they take 2+ days to deposit the money The New Conversion feature is amazing though, those were great rates Referral promises 100£ for you and your referred, they gave us 10£ each. It sucks"
57145c185999ebcbf6b96a9c,Trading 212,google_play,"One of the best UK trading apps, highly recommended."
4a646974f5575a2b11cc1b4d,Trading 212,google_play,The app was working great untill this facelift. The app now looks heavy and takes more time time to load as well as not responsive some of the times.
7557f8a8fa6a7b0b6bc891a6,Trading 212,google_play,makes me feel like Gordon Gecko
f5b313885a9ef5b4f8ca5198,Trading 212,google_play,informative and easy to use
187fb5019579397efce4cb25,Trading 212,google_play,Easy to use
29d7659259b2c8df73b54b9c,Trading 212,google_play,easy to use - funds go in and out quickly
2923538a59b2166c39c3271e,Trading 212,app_store,"The app's ""social trading"" feed is full of bots spamming fake ""can't-miss"" investment opportunities. The platform does nothing to remove them. It feels like they are encouraging this scammy environment."
75c77a076341b8054592be66,Trading 212,google_play,very good app easy to use you get daily interest on your cash isa aswell was recommended to me buy friend off mine
61521a7d19432307ba8be8ff,Trading 212,google_play,"Great, easy to use"
37060e71d90acfc28566305d,Trading 212,google_play,good app
ce65ac025fda7f5c2d001ae3,Trading 212,app_store,"I am very impressed with Trading 212, I just wish I knew more about Stock Market trading."
7240619cc33d8b8053bb2ded,Trading 212,google_play,It doesn't look that they have good real support service. Only one of those silly AIs.
ecdd8549d7ba5522364bbc69,Trading 212,google_play,If you live in the US it dosnt work
051635f928d3e6a0d6dd6c73,Trading 212,google_play,I was not informed before downloading the app that it doesn't support United States of America accounts.
d426db37ee01c37cf831081a,Trading 212,google_play,"fantastic, easy to use app. minimal fees, no headache, super competitive rates with the ISA interest rates on uninvested funds. we have already recommended it to all our friends and shall keep using for a very long time."
3c1a11845eed541bc1b3c808,Trading 212,google_play,"easy to use, would recommend"
e468238ed86c92a8339e1bf5,Trading 212,google_play,love it. hope if I ever loose my phone I don't have issues reconnecting.
528223a9ac9cbeee4d060d7d,Trading 212,app_store,"App is good, albeit the ‘pies’ function can be a bit clunky as individual holdings can’t be controlled. 

However, biggest bugbear is the AI assistant, it seems to lack access to key details within my portfolio (couldn’t even list all my stocks). When I asked it how I could view the £ change per stock in my portfolio that day, it lied and offered a solution which it then lacked the capability to follow through on. No trust whatsoever in that function"
af63f4d08de0d546fb8e22b2,Trading 212,google_play,a little slow to load at times but works well otherwise
6644eed035c7861ee0cad637,Trading 212,google_play,Easy
ce14da19c8eafd0fbdadce29,Trading 212,app_store,Simple to use does not over complicate.  Could do with following Robinhood’s lead and allow for AI agents to interstate for semi autonomous transactions.
e5d683d84492d70831db586d,Trading 212,google_play,"No issues, good app, simple experience on first look, but has decent depth"
e76484c72385af42eac3cf74,Trading 212,google_play,learning from a friend 🧡
7f69c6bbf51ddbdc850cc935,Trading 212,google_play,not good for beginners.
1f5d4cd0e3cd481a7f1e8b0d,Trading 212,google_play,"Great app, easy to use"
397bb675aca164bc4d72d1da,Trading 212,google_play,ok upto now
a42bb2e0814565775901b328,Trading 212,google_play,"new layout is awful and now freezes a lot. very difficult to find your portfolio, the most important thing on the app. not user friendly"
08b6dcddffeddaa12e67b949,Trading 212,google_play,"Good interface, easy to use."
d23cf3bc8bba8c7c4f15082c,Trading 212,google_play,love this app
9b7ea8e0319fa3fe76160755,Trading 212,google_play,"the changes were made , but it would be better if we could move graph around more easily and find the price of stocks at a given point"
0435887f6e2fbfb4ff78bcc8,Trading 212,google_play,Very straightforward and intuitive
b24d89db9d47156c28ca25be,Trading 212,google_play,Awful update
df0366d8ed49c023d9625501,Trading 212,google_play,Sadly there is no 0 star. Stay away from this platform unless you want to get robbed. I have been using it for more than 4 years.
448366e21d563a4ee48a7500,Trading 212,app_store,"Comme beaucoup d’entre nous, j’ai migré mon ISA existant vers Trading 212, ce qui s’est bien passé. La progression des mises à jour de l'application et une fois terminée (la semaine dernière), vous recevez une notification instantanée.  D'une manière ou d'une autre, Trading 212 a réussi à effectuer un autre transfert depuis l'autre compte ISA sans mon autorisation, ce qui est « hors service » et pour aggraver les choses, il n'y a personne à qui vous pouvez parler à l'exception du chatbot et si vous êtes chanceux, un humain discutera après une longue attente et vous dira que vous devez attendre 48 heures pour que l'équipe de transfert examine !  Il s'agit d'un manque évident de contrôles/vérifications dans Trading 212. Heureusement, j'ai tout de suite compris cela car il n'y a aucun signe de ces fonds apparaissant dans l'ISA Trading 212, il semble donc qu'ils aient disparu dans les airs ou qu'ils n'aient pas encore bénéficié du bénéfice du doute !"
299ae249b9439c11260b6e90,Trading 212,google_play,So many pointless notifications really spoils this app.
c1136e0e2ae3083ae36a10cd,Trading 212,google_play,Easy to use once you get the hang of it. Secure and low cost way to manage your ISA
1fdc7e74bcd723f64edb3a80,Trading 212,google_play,New redesign is awful. It's hard to get information and it sometimes completely refuses to scroll or accept touch commands
52d983e89a38316b7e25d5eb,Trading 212,google_play,The best of its kind.
618c130eccaaa3b9e402652f,Trading 212,google_play,"Quick, intuitive, easy to use"
1c6f781457ad83623e7a911b,Trading 212,google_play,"Just downloaded the app and I cannot even make an account in the United States, it tells me country not support so I cannot even rate the app!!!"
217e0a0e13ead54096260651,Trading 212,google_play,Easy to navigate & understand for a beginner
1475cacee4603548db0acdf7,Trading 212,google_play,"I got the app for the Cash ISA as it has one of the best interest rates. Transferring the money across was easy from another ISA. However, one thing that's been really frustrating why it isn't 5 stars. It has been 3 weeks since my money was deposited but my account is in a ""reserved"" state waiting for confirmation from my other broker how much of my allowance I have used. I contacted support and they didn't give me any timelines or say they would chase this up for me"
2eafd016de393621fa5b0bdc,Trading 212,google_play,great platform... very happy I moved form HL to 212.
90f2b63a689b5d397b0b6d79,Trading 212,google_play,Very understandable and simple to use even though you're a newbie.
8dc4da7582394fd09e90012c,Trading 212,google_play,brilliant
c9d06647f8c337f18da22ce0,Trading 212,google_play,Great app. Flickers and won't open. Doesn't accept biometric even though it's set up. Flickering and useless. Good job I don't have to close any positions.
6fe79f6f5dfebb2cd6f50272,Trading 212,google_play,most user-friendly app easily
ce1a73f6a2a6baee5d97da69,Trading 212,google_play,good connection and app is good 👍🏻
3fd5ba5c826285354afa3cff,Trading 212,google_play,"New update is rubbish, please change the interface back to how it was. I can't see the amount I have in my account without pressing the top.🤦🏽‍♂️ Worst update."
79b33b639f447be3a2b21f8d,Trading 212,google_play,fantastic app easy to use
4bb9a7d569a67d3a38e9af7b,Trading 212,google_play,"Just loving this App. Easy to use, trust-worthy. Definitely recommended for beginners."
724bcaacd1de636cc180f8bb,Trading 212,app_store,I started investing for the first time with this app. What a blessing! Thank you!
a80d75416508d8a869adb8d4,Trading 212,google_play,"fantastic. So easy, plus the site is easy to understand and navigate around"
e49603c13e2300af8568ed92,Trading 212,google_play,"Cannot find all stocks. In my case i was looking for HHH but it shows me that it is ""non-tradable""."
ae9d48086c94d50a69aac280,Trading 212,google_play,have tried to reset my password 20 times
25e6f10d5ab7f15657134fc9,Trading 212,google_play,"very easy to use, I wish I had it earlier to start investing"
6fa15b93b292ee5224e123bf,Trading 212,google_play,"Super app. It is like using a ""luxury car"" in comparison to an ordinary one. Well done, Trading 212. Keep up the good work!"
8756960e36affab99b8a8240,Trading 212,google_play,Only just started using the app and I'm already glued to it... Looking for something better than a bank account to invest in.... This ticks more boxes than I'd hoped for.... 👍👍
4f7f48b742329cba9f338ece,Trading 212,google_play,Latest update has downgraded experience.
a54aeafe3ed13cb4c509f50e,Trading 212,google_play,easy and simple to use. As always if new just be careful
35704884fbbe732e569a29b1,Trading 212,google_play,love it
3ddf8e30f1c8da81f5852261,Trading 212,google_play,"Beware of bug: Pie is stuck at ""Cancelling"" status for almost 48 hours, because a holding is stuck at ""pending"" following attempt to cancel a rebalance. Can't in my heart give a high rate when such design flaw locks me out of my money. Neither invest, neither edit, neither export or withdraw my money, just because one of the Holdings in the pie is stuck at ""Pending"" following a cancellation of rebalancing. Been almost 48 hours and support is still investigating... this is not good."
d2ed306863ff4e273433362c,Trading 212,app_store,"Seit Trading 212 in Deutschland Steuereinfach ist, bin ich komplett umgestiegen. Super App!"
adf97e1e3e1bf3a7a9b7a597,Trading 212,google_play,easy to use but not as competitive as it should be. Existing customers don't get the best deals as offers are made to attract new business only!
dec0532cddbcc32b4864af0a,Trading 212,google_play,Video recognition is horrible to use
f66d1bd120a5ab0f90b8c43b,Trading 212,google_play,super easy to set up and transfer money. competitive interest rates. would recommend
cb3d9b235d29f867e347f236,Trading 212,google_play,seamlessly interactive
ad9195d66f38e0d82066a6c8,Trading 212,google_play,"A flexible cash ISA with no fees, and a stocks and shares ISA which only has currency exchange fees. So long as that continues, I will keep recommending this platform to my peers."
e382d78e1825788e9712a195,Trading 212,google_play,Does not have any news for your stock investments. important dates like earnings dates should be highlighted on the stock's page
b66c9a7ec8bcd10aa81091b0,Trading 212,google_play,Excellent!
bcf55d610e3be659139ad231,Trading 212,google_play,"Never received a code, now I can't login. And I have to login to talk to the team, how genius, definitely leaving once I get back my account."
567b3c1f7a9256d083a5a062,Trading 212,google_play,"mostly good. One annoying thing: when there's an update to a pie, it shows you the new pie and offers to update, but it doesn't show you the old pie side-by-side or do any work to actually highlight what the change is."
52f88f9cc7ffa9cd0e8e7e42,Trading 212,google_play,Clear and Simple System Love it !
93a32586ef179fc466feb3e7,Trading 212,google_play,Best stocks and shares ISA platform in the UK 🇬🇧 full stop.
dd4acfe94d65c40e2b6c7a05,Trading 212,google_play,my app has been offline the entire day. I can't buy or sell on the day of tarrifs. how are you running a business like this?!
1241023d1b370ade169296a3,Trading 212,google_play,Great way to purchase a stocks ISA and monitor your money. Very easy to use site.
de7266bb96c13a91a29e2101,Trading 212,google_play,Trading 212 is a fantastic easy to use envitonment for stocks shares ETFs and investment tools
4d8531d6fce435e7bf24db64,Trading 212,google_play,login hassle since update. login process is extremely slow and unreliable
e8ac0d962ff101287e157d5d,Trading 212,google_play,OK 👌
362a34d6094cc1daf50dcbd5,Trading 212,google_play,Taking three working days to transfer funds in my cash ISA to another provider - scandalous business practice Trading 212.
081dd704a1a7f574724a154c,Trading 212,google_play,"I've been using it for many years and never had any issues with it. Great investment platform overall, positive reviews speak for themselves."
695df68b0b4b9711e405934d,Trading 212,google_play,created pies and invested in them and no idea how to view those pies since latest changes
92d010d0dbe89120f694eb7d,Trading 212,google_play,"asks for video i.d verification after downloading then logging into app despite already having submitted all this information when setting up desktop/browser,,,then keeps showing up error message "" something went wrong"" before i even get a chance to look at the camera and have to go back to the beginning still not been able to log in on phone....absolutely useless app,, developers should be utterly ashamed ..."
06c3b107d222e40f48806b50,Trading 212,google_play,"So far , excellent"
dc911994c8d602ef80f3c32f,Trading 212,google_play,best of all best
6de88d3a65ec480c4bcaed01,Trading 212,google_play,I did a trade and got in 1 month 3k
9dd46adbea66fe29fc0a196b,Trading 212,google_play,Loving it so far.
4253e8ed67800384997b965b,Trading 212,google_play,"only just opened the account, all good so far."
15c0aaa8de917eeadf260fc1,Trading 212,google_play,trading 212 is an excellent finance platform unlike no other.
e5b4f2612741ba5cdc81021f,Trading 212,google_play,Brilliant so easy to set up and very safe 👍🏽 😀
c049d06fa73bb9ddbd5c3c03,Trading 212,app_store,"Fürs Handeln von Wertpapieren im Grunde nicht nutzbar.
Also eigentlich ist die App ganz gut und man bekommt gute Tageszinsen und beim Handeln mit Wertpapieren fallen keine Gebühren an. Was aber überhaupt gar nicht geht ist, dass man limitiert wird, heißt du kannst noch so viel Geld in deinem Guthabentopf haben, und du kannst trotzdem nicht so viele Aktien eines Unternehmens ordern wie du willst. Trading 212 bevormundet sozusagen den Nutzer.
Beispiel: du willst 20 Aktien ordern, geht aber nicht, weil Trading 212 dich so limitiert, dass du nur 12 Stück besitzen darfst. Heißt Trading 212 gibt für jedes Unternehmen vor, wieviele Aktien du max. von einem Unternehmen ordern kannst. Diese Limitierung ist oft so niedrig, dass das ambitioniertes Handeln bei Trading 212 überhaupt keinen Sinn macht, weil man ggf. von seinen schon gekauften Aktien nicht nachordern kann. Also ist die App eher eine Spielwiese für Menschen, die hier und da mal eine Aktie kaufen wollen. Für ambitionierte Trader ist diese Plattform in meinen Augen durch diese Bevormundung nicht nutzbar.
Wenn man wissen will, wieviele Aktien man von einem Unternehmen bei Trading 212 ordern kann, muss schon wissen, wo dies geschrieben ist. Leicht ist diese Einschränkung nicht zu finden, zumindest ist mir dies in der App bis heute nicht gelungen. Durch den Support wurde mir ein Link zugesandt, wo ich dann diese Einschränkungen einsehen kann.
trading-instruments/invest
Was mir auch nicht gefällt ist, dass fast alle Nachrichten und Beschreibungen zu Unternehmen in englischer Sprache angezeigt werden, selbst wenn man in den Einstellungen ""Deutsch"" als Sprache ausgewählt hat.
Ein weitere Punkt ist, dass bei noch nicht ausgeführte Limit-Orders der Wert des Haupttopfes um den Wert der Limit-Order gleich reduziert dargestellt wird. 
Heisst: Ich habe vor der Limit-Order einen Wert von 1000€ im Haupttopf und eine noch nicht ausgeführte Limit-Order von 600€, so wird nach Auftragseingang sofort der Wert des Haupttopfes um 600€ reduziert. Dies suggeriert dass man quasi die 600€ schon ausgegeben hat, obwohl der Limit-Order Auftrag ggf. niemals ausgeführt wird.
In meinen Augen müsste die Anzeige in meinen Beispiel wie folgt aussehen:
Haupttopf: 1000€
Reservierter Betrag: 600€
Verfügbarer Betrag: 400€
Als nächsten Punkt warum bei mir Trading 212 nur 1 Stern bekommt ist, dass man sein Depot bei einer anderen Bank nicht zu Trading 212 übertragen kann, der Grund dafür könnte die Limitierung der Aktienbestände für jedes Unternehmen sein. 
Beispiel: Man hat bei einer anderen Bank 20 Anteile eine Unternehmens, aber Trading 212 lässt ja nur 12 Anteile als Orderbestand zu.
Da mich die Beschränkung des Ordervolumens so einschränkt, kann ich Trading 212 nicht wirklich nutzen. Sollte diese Bevormundung des Nutzer einmal aufgehoben werden, werde ich meine Bewertung natürlich ändern, denn wenn man sich intensive mit der App beschäftigt, hat sich im Vergleich zu anderen Tradingplattformen echt viele Funktionen."
93f63ef0541b916d8ebaf886,Trading 212,app_store,"Be careful when trading bigger amounts. I experienced a serious mismatch between the values I entered and what the app actually processed. Something glitched, and I lost money. Use at your own risk."
6a850d124567475b84b1516f,Trading 212,google_play,So easy to use
76bdffa76f144a3f2541c8c3,Trading 212,google_play,very confused this rating is asked for before I can find what I am looking for I just want to deal with my cash ISA.
048063713b8c5a71bca8f19e,Trading 212,google_play,Very easy way to invest for the future
f8c9a0665c557cfb7686a30c,Trading 212,google_play,"(ETA: issue has been fixed. One star off still for releasing updates without any testing.) Great platform, was a great app until recently. Latest update has some weird thing where parts of the app ignore your theme settings, applying random bits of dark mode the interface whether or not you want (and can use) dark mode, rendering the entire app unreadable and unusable."
e886380f0923dbc9df24251b,Trading 212,google_play,great app. easy to use
8df2e75c3eeb0c72fcad12ed,Trading 212,google_play,Very easy to navigate the app. Seems like ite the best interest on an easy access ISA at the moment.
f555b1f9103991fbbb5fc974,Trading 212,google_play,it's not the easiest to navigate
1e4a916aa2b159c040d401d0,Trading 212,google_play,The BEST trading app available!
f59180506196ee64318d0ccb,Trading 212,google_play,The platform seems fine but what a god awful UI. Too much AI guff and social media type nonsense and everything takes a thousand clicks to access.
3f37b87c400b061857d20c09,Trading 212,google_play,Easy to use.
cbd260ebce052307203991b2,Trading 212,google_play,trading 212 is very good platform for investing best thing is they offer you Isa free of charge
84fd037c0bfcfd63d82682a2,Trading 212,google_play,its aight
d9888f2f644a01db824c0a6d,Trading 212,google_play,the good think is that selling or buying the right time always earn money
3f72a71ceb9bb1585c5db05e,Trading 212,google_play,It would be great if they offer access to ASX
1ce95326c2da8cfdbe55a082,Trading 212,google_play,"can't access, says I need to allow permissions on Google Play but all allowed so now I can't see or access my funds"
51d10c964185f1c4c93a5c14,Trading 212,google_play,"Just using this for the cash ISA. It's brilliant, it was daily interest but now changed to monthly in terms of recieving it, flexible in that you can remove money and repaying it back in without affecting your 20,000 limit."
a797da66cea2424395cf28be,Trading 212,google_play,It would be nice to see realised return shown as when a stock is sold it removes in from the 'return' calculation. Otherwise a great app
f1ac2e2c1538382afc8073bc,Trading 212,google_play,Easy to use. My only gripe is i t momentarily flashes your balance screen before it jumps to the passcode/ security sign in
c7074fd59aef1b623d0efa74,Trading 212,google_play,brilliant app
e58bd78ccd1938434f06327c,Trading 212,google_play,ok 👍💯
76eaceaaf5cc5518a1b384c7,Trading 212,google_play,Easy to use. Very low fees. Plenty of buying options.
a6bff7fb3836874cbccd1118,Trading 212,google_play,best
bae4758fbca9beceed977ed3,Trading 212,google_play,"Fantastic App - I've been using it for the last 6 months, and the user-face is amazing. You can easily move between different financial products, all within a few clicks."
910caaa2f6127877351ceb81,Trading 212,google_play,Great app and easy to use
a6743830e6637f5554c7b573,Trading 212,app_store,Easy to access
4c5299063a0c014146ba5f12,Trading 212,google_play,"Nice, easy to understand and use trading app."
60c9143ae592b3a1e52b1051,Trading 212,app_store,Easy to navigate and no bugs that I’ve experienced.
028082c1373cd7a80b821fda,Trading 212,google_play,easy to use.
89ab07afe1e336985bac1fce,Trading 212,google_play,"User-friendly interface, low fx fee, no commission on investments, decent interest rate, attractive cash back on a card, great platform for beginners. They also keep improving it all the time so it gets even more convenient to use."
e70b0b1fef0ca89608588edb,Trading 212,google_play,"Bad 👎 Such a nightmare to get hold of ur own basic account details. Its not glaringly visible. Plus, the sort code required for Isa transfer out isn't found anywhere. No live chat or telephone number to seek help :( Email them they just give you lengthy instructions with no "" sort code "" Deterrent to stop you from moving funds away from them, but their interest rates keep dropping constantly though :("
f6f794828d4a13e136355b88,Trading 212,google_play,I love it
37e149ac66aa911a11ef1144,Trading 212,google_play,"login process is not user friendly, not text or one time pass code or authentication app."
4b4cdcc6563a6e2988f9ab7a,Trading 212,google_play,"Good rate to start with a lot better rates available now for cash isa,s now will probably transfer into a more favourable one"
fc2946d4b3644a8ae87249b7,Trading 212,google_play,Excellent trading app.
aeb91375ab23bf6469dc97a1,Trading 212,google_play,"Can someone tell me how to turn off the passcode lock? The app is wonderful, just this passcode lock is extremely annoying and I can't find a way to remove it."
8e788c88515425bafa201284,Trading 212,google_play,democratic pay to play trading on the stock market. a great way to loose ones money. I love it
67ccfc956a69329dfaaabbba,Trading 212,google_play,Just love the way you can see your interest accrue on a daily basis. Great rate of interest on the ISA.. Thoroughly recommend 👌
4c88cbaf0a0e1dc83f1dd729,Trading 212,google_play,good
83f5d5ce700450628620ccaf,Trading 212,google_play,Awful Service - Ignore their claims of an easy portfolio transfer. I've been trying to transfer my portfolio from another provider to Trading 212 for over a month and it's been an utter nightmare. I received absolutely no updates for weeks then after over a month of waiting they suddenly cancel my portfolio transfer with only half of my assets moved over. I've lost out on so much money because I'm unable to trade whilst this transfer is ongoing. Avoid at all costs.
18068a4c64eec07dc6563c1d,Trading 212,google_play,Superb app.
94b8513afd4a3ca643e5de03,Trading 212,google_play,Was great but recent update made charting progress very difficult. So unintuitive now
d91b76213864af1cbb3ff542,Trading 212,google_play,"Once gotten used to, it is very user friendly"
87ef3946342956354d993df8,Trading 212,google_play,please bring back the previous UI! The new version with individual investments hidden behind search is worse. can I have them back on top please. Happy to speak to your product team about it too.
0372854de57607383f758b1e,Trading 212,google_play,it's easy to use
5979ff049d5484aa98f0a019,Trading 212,google_play,Absolutely the best!!! Love you guys! ❤️🙏😊The best support! The app is very simple to use! I'm enjoying being with you! Thank you Trading 212! You are the best! 👍👍👍😎
3bd2e1b26bf73e5253e7a72f,Trading 212,google_play,"easy to use, to set up and to get it running"
c90b0744360653d999ba5e64,Trading 212,google_play,"As a newbie, It's very easy to understand."
78bcaf9fa4c5e6ca5fa981af,Trading 212,app_store,Manual verification says after 2hr but even after 10hr not approved or rejected. Time wasting!!! And international misestimate. LIE
b06b2ee2ddb86ca7b9b46fb2,Trading 212,google_play,Great and versatile platform.
e1131171083086b941632b01,Trading 212,google_play,They asked me to use another bank account because it does not work with DKB.
3c32e09a29fe3eec13acfdc3,Trading 212,google_play,easy and useful.
6ac5b3a8d5e96d1e805748f9,Trading 212,google_play,This is very very good.
426fca84773c3ae1d8364edc,Trading 212,google_play,very easy to use trading APP
159829ac455c0183cd84a786,Trading 212,google_play,"Great service , good rates of interest. App works well."
ba9d51d8d5c7cc8c17dac310,Trading 212,app_store,Great app
2a89f16afd5f3caac805c12f,Trading 212,google_play,good app easy to understand and get started
2bb4c21c6b194c67d0ea8360,Trading 212,app_store,Guarantees money loss
0ecc62e2a2b8099562d1b73e,Trading 212,google_play,"Great platform but the latest UI update is terrible, it's showing inflated gains. There should be an option to select stats you want to track about your investments."
5533e07fc2c4fd67a3eb9765,Trading 212,google_play,"Bad experience on Referrals. After the link is shared, users are being rejected or delayed for no reason, and approved only after the time period to be eligible for the promotional shares has passed. ****Edit: After contacting Customer support, we were able to somehow resolve the issue. I do want to say that it is not about the small promo reward, it's about your integrity. So we can actually trust you to invest money with you."
7c9b51af9c0d0ea6eac852ee,Trading 212,google_play,Great app. Easy to navigate. Keep up the great work.
75261cc2629df63407936310,Trading 212,google_play,"The app looks professional, but a few key issues need fixing. Price alerts should include sound—currently, I must reinstall the app weekly to restore notifications, which stop working after a few days. Also, I’ve seen stop positions close without the price reaching the set level on the chart, raising concerns about accuracy. If these are resolved, I’ll gladly give a 5-star rating."
8540479fcbba2777c7862cdd,Trading 212,google_play,Super so far!
c75362bf589b1c0f8aefd9ee,Trading 212,google_play,Records your face to allow you to log in
ed1e8aa706787928b382670e,Trading 212,google_play,"Works well, informative, clear, simple & well laid out. One star deducted for the annoying T212 credit card ads which cannot be turned off."
03729d6a8b31ae5fe1a870c4,Trading 212,google_play,"I like the overall app, but the spread, it's too high on this app."
21e189db55b82e9bca90e8f7,Trading 212,google_play,brillant percantage apr
246e43e74c932f4b0715e7ac,Trading 212,google_play,Fantastic app makes ordinary people trade like gurus
680a20e7b92987b19de6f0cd,Trading 212,google_play,a very useful platform. however as a blind person it has significant barriers. it is barely functional with Samsung TalkBack. it will often read the text beneath a menu item rather than the menu item and the buttons are on labelled so talk back doesn't know what to do with them. realistically it's only usable with a sighted person helping you
58ec733bb2a006a68c6451d2,Trading 212,google_play,"Great, easy to get started, plenty of detail if you want to delve deeper later"
8a61f2429ee533c6f4442839,Trading 212,google_play,"It's becoming clunkier with every update. More indirection to get to the useful page. Who thought that a BottomSheet with a nested scroll is a good idea? It always gets stuck in the home page. I have to change tabs back and forth to scroll to the top again. Also, in the portfolio tab, I'd like to see my portfolio, not all the redundant information I have in the home page like ISA allowance or deposit button. Just my investments please, as it was before!"
668371d1989076e5b8f3dd11,Trading 212,google_play,"Whose idea was the latest update pushed out. It is a rather annoying view. If it ain't broke, leave it the hell alone. 😡😡😡"
1eb410b4f26fd48043e8f7f4,Trading 212,google_play,great app easy to understand
675b38c967d1da39d2351105,Trading 212,google_play,Very easy to use. Excellent info and learning tools
a016b203c9ab5fa662a5a11a,Trading 212,google_play,very easy to use really love the app
8bb0918f24112a994b5dcdeb,Trading 212,google_play,Easy to use and hassle free
d4444941f95e4286e6e0ca77,Trading 212,google_play,"intuitive app, huge amount of data and information."
0244df1ec7f0492b3308ff08,Trading 212,google_play,my investment stuck with a non tradable stock . don't know how I can get my money back.
28ee03b51c4bcca4fc2e0c69,Trading 212,google_play,good
5bea640b7c49dabba1227fa3,Trading 212,google_play,easy to use and great customer service 👌
29937b9105c97af7200bc9e5,Trading 212,google_play,"great interface, low fees"
75b39816c649b96392a299e7,Trading 212,google_play,brilliant app.
f2af56c15e0ddcfc3c194ff3,Trading 212,google_play,Great app. Ok kind of user interface. Appreciate the almost 24 hours trading on weekdays.. But interface needs to be improved on watchlist. Cannot give 5 star because it is nor perfect in my opinion. But still pretty good.
016aa84200cc55c3fc3f2cbf,Trading 212,google_play,excellent
b6faef7e47b2f9a828c46b24,Trading 212,google_play,Very easy to operate and daily interest.
9370ebde33391577efe7fc21,Trading 212,google_play,perfect user interface and fair transaction fees
6e1dee993639ccf82d3a4cdd,Trading 212,google_play,Highly recommend!
9f75deb478fd0c6becb7e703,Trading 212,google_play,"Do not use this app! I use this app from the Netherlands. I withdrew money and transferred it to my bank account. But I didn't get the money. When I contacted customer service, they didn't help me. They asked me to contact my bank. But my bank says that they can't track money sent to another party and that they didn't receive it. It has been more than two months but still I couldn't get my money back although I contacted to trading212 costumer service several times."
3c2c534dd19d386bbf849b4c,Trading 212,google_play,"Possibly the worst interface possible for a trading app, specifically the incredibly clunky portfolio view. Big squares instead of a list and then hiding the list behind more buttons. It's bad UX and a lot of wasted screen space. Lacking customisation options"
286cbf1e87eaf2189d92a383,Trading 212,google_play,Very easy to use and good interest rates.
c9e3310322c2c173c1e152d4,Trading 212,google_play,"The 'show net deposits line' is too faint esp on the 1y view. A simple thing I'd love to be added is a 6M option for our portfolio timeline. It would fit easily between 3M and 1Y which is too wide a range. Edit: I now have even less options on my cash ISA: 1m, 1yr, 5yrs and max 🤦‍♂️"
ad73bceddfa37105687b6806,Trading 212,google_play,Brilliant investment platform that is great for beginners.
3e0b27d4f1fd67893bac7dc9,Trading 212,google_play,"Good investment app, especially for beginners"
f8044fd73232d1e5c7e3e3ed,Trading 212,app_store,"Invested in pennpetro energy, but I am unable to get my money back… not sure how many people are in this situation 
The money still shows there but there is some sort of investigation going on for a long time now and we are unable to withdraw to reinvested mmmmmm
Disappointed"
ed3940cff93e553ba18a1c88,Trading 212,google_play,decent app and then they destroyed the UI. it's just awful now. don't try and fix what isn't broken. everything that was so fiddly and in unintuitive. I can't see my information on one screen I have to go rooting around everywhere to find it now and it's just terrible. revert back now t212. LISTEN!!
3a63836a79b37327453f5cc6,Trading 212,google_play,"this is insane. ""your CFD account will be closed"" pop-up opens every time I open the app. it's driving me nuts."
e9675c6a269214236f647162,Trading 212,google_play,excellent site. that's all anyone needs.
b5f1836ec646451db613e2f9,Trading 212,google_play,"easy to use, easy to learn. Small investment just to learn the ropes. Quite addictive though..."
99811066c846887decc7af39,Trading 212,google_play,It's so user friendly and a good app for my investment.
48085c65d0cee6574fe1a095,Trading 212,google_play,"good app , user friendly and very informative"
bf872a60afe70d87cc96a55f,Trading 212,google_play,multi currency wallets would help
03d934030558183695760f05,Trading 212,google_play,"Trading made simple, honest and safe trading platform"
e40c19b55a91814e7570e92a,Trading 212,google_play,last update has made everything hard to find. bizarre choice to spoil a good interface.
3e3065f8b20d2ae6786a1c52,Trading 212,google_play,easy enough
22db9ffa8063ff08a3263a49,Trading 212,google_play,I like money 💰
d291567154dc13d8de7fc623,Trading 212,google_play,easy to use and straight forward app
6d99539a41477ad85bdcce03,Trading 212,google_play,Love trading 212 so easy to use
9de1a19107a954b85be9355c,Trading 212,google_play,I am leaving 212 Trading because the App is disappointing and I find nevegation through it hard.
b2cf3a52f6a54414a4cc8ec5,Trading 212,google_play,"Easy to use and to understand, tho could have a more detailed version in my opinion."
428d601b53c16426219aab88,Trading 212,google_play,"Very comfortable application for classic investments. Small fees, or even without them."
499374b9e949b3a3aff57c87,Trading 212,google_play,seems easy but I am just starting
fc16e53939ca38c1c5070c8e,Trading 212,google_play,not bad
95cbd9f95b7d10392a2ea43e,Trading 212,app_store,Can’t even sell stocks that are up because “trading is temporary halted” but only on the stocks that’s are up?? tried to withdraw money 3 days ago still haven’t got it. So I guess it’s okay if you want to just keep putting money in but never take it out
ceda2c53d3d13d03455f9d05,Trading 212,google_play,"Excellent app all-round. T212 has an impressive UI, low fees and is the most advanced platform in the UK imo."
77ebc8d91099bdc0349f9a15,Trading 212,google_play,"only been using it for a month or so but really easy to use, up to the minute share prices and incredibly quick to buy and sell shares with hardly any additional cost. what's not to like?"
7bb23c4ca05fe17feb84a2b4,Trading 212,google_play,Now working....though the 1st warning states you only use a specific email to communicate. Then the 2bd email I received was a different one.
17b7143ea12d07b79160d4ef,Trading 212,google_play,Great platform for investing
2adebfe2d3cddf96f8168b41,Trading 212,google_play,"Bar to scroll to investments and stuff keeps disappearing under my actual buttons of the phone, idk how its possible tk have such bad UI"
c58de60c6ad11962c696b68e,Trading 212,google_play,unable to enter a decimal place when depositing funds
63bbfaf1883e3ecb796ab6fa,Trading 212,google_play,awesome app
210b554338173f77a7b1472a,Trading 212,google_play,"why I didn't know before, great interest for your hard working money 🤑💰"
74714bdd784653a042854a12,Trading 212,google_play,I have absolutely no idea what I'm doing but giving it a try & everything you need to know is on there so it's quite easy to research companies & their history great app 👌
8246e0177bb8ac5744129bcb,Trading 212,google_play,"Really good Stocks and & Shares app, easy to navigate around and understand, would recommend for beginners due to the fractional share options."
177a6abc0efb51c6bd9df043,Trading 212,google_play,"Recent app updates are questionable. Used to have a really simple and clear interface. For reasons unknown though, they've updated the app from continously scroll for all investments and overviews to split menus that glitch regularly and are a pain to find what you need. Can see this evening that they have back tracked on the Web layout so hopefully the app will go back to something more like what it used to be. 212, you are doing fine with what youre already offering, if it ain't broke......"
e187d53cd8f62b3fbdecf715,Trading 212,google_play,Great for learning and then hopefully earning
c902af9866644f2789a63d02,Trading 212,google_play,Helping me gain financial freedom in my formative years
5c42361e2176bffeace12ff4,Trading 212,google_play,I use it more as a learning platform at the moment. But usage of virtual money in a real time is great. Also better than doom scrolling
2b7f9545300cbf2151b9742d,Trading 212,google_play,It all comes together nicely.
13a7c1ae71c9466ffad5b240,Trading 212,google_play,"I am new to trading shares, but I feel it js easy with 212 trading"
fa1c847922ab00b010dcff5b,Trading 212,google_play,love it
6daa4639ead3fb9bbed62bc5,Trading 212,google_play,easy app to follow
4c2bef80d2edbb04f2020760,Trading 212,app_store,Läuft super
e698aba8d8bf1492e44201e1,Trading 212,google_play,"Used to be great. Then they started moving features of the app around, then they're trying to force face verification, then the app started become unresponsive and require restarts of phone, now it requires a reinstall to work many times. (edit) App is now performing more reliably over poorer connections, seems like a few bugs got worked out, so restarts aren't required as much now."
37baf84b15312fe7a52dc6a4,Trading 212,google_play,"Very easy to sign up, too ."
705a15117dd99b1a782222ca,Trading 212,google_play,"Tried to open a cash ISA account for my elderly mum but had to verify her identity through either a passport or driving licence, neither of which she has. Used the online chat to ask for advice, was told someone would be in touch within a few minutes. Gave up waiting after a several hours and deleted the account and app."
331333a5a10f00f9abe0ed1e,Trading 212,google_play,The new UI is genuinely a massive downgrade
f2ba3f89701197ed0d7d85db,Trading 212,google_play,Very easy to use for a beginner.
0a24afb73721b97e14a73282,Trading 212,google_play,very informative
2daf4c64aaa949fc8af63ba8,Trading 212,google_play,"App wouldn't accept my National Insurance number, in the 🗑️ you go."
8022f5f1bd6ae42fd76b0a49,Trading 212,google_play,amazing app
9036d8cc7e86c751213c77ed,Trading 212,google_play,amazing and easy to use
54d213c08671084b138813c2,Trading 212,google_play,Trading 212 meets all my needs.
c0415ba477a91363db50c9e8,Trading 212,google_play,It is really bad app for tablets
2493a909fa9a2aa296b1f7ff,Trading 212,google_play,found it a bit complicated as a novice
2624755aef1b1c960a0b56fa,Trading 212,google_play,Perfect for managing your wealth
99d7068409449ed219a6cde7,Trading 212,google_play,Love this app easy to see total dividends and interest earned well done.
36f23ee43abf0991e4a2f813,Trading 212,google_play,So easy to navigate
6fabe8d05f865baa64736627,Trading 212,google_play,Great
3a98fa65c17bb4118c9f102e,Trading 212,google_play,"I am useless at any type of IT. I still do not completely understand this, but if I can do it this far, anybody can. thank you for making it so user-friendly."
a985cda6c6ae5ac1ec950fb5,Trading 212,app_store,"Been using this for 15 months now and really like it. Prior to taking the plunge I watched some YouTubers then copied one of their ETF Pies. 
I can add money to my T212 account and then swap money between the cash ISA, S&S ISA and uninvested funds really easily to capitalise on when the market is up or down. 
Even as a complete beginner my S&S fund value has far surpassed any cash ISA I’ve had before."
e360211e160682fbf7b682bf,Trading 212,google_play,recent updated made interface imposible to navigate
d2cb236344d5b98186880637,Trading 212,google_play,Very handy to check my portfolio while lying in bed.
18dc6f947c2c61986581b0fa,Trading 212,google_play,just had an update on app. what have you done. can't find anything. it was fine before. how do I go back to old layout in my portfolio? the way it's been split up. portfolio is hidden now a pull up menu. Why? It's not an improvement. how do I go back to the old version?
d4e5753f5d63b48a89dd7bcc,Trading 212,google_play,"Good app but please make it possible to sell and buy pies outside of market hours like individual stocks, every time i have to individually sell which is annoying"
05594bda1ef5d2106732ce50,Trading 212,google_play,"I'm new to cash ISAs and investments. I got a good interest rate, fab initial rate. Clear and simple to use. Daily updates. Clear advice. Nothing pushy."
bd8e440e1a982bee9cb03066,Trading 212,google_play,quality app and true value interest
dcf9bb33074a96f7808d136e,Trading 212,google_play,Great interest rate 5.10%...very easy to access by app..WOULD RECOMMEND THIS easy access Isa account.
1a73b1bb1da656efaf30ecdd,Trading 212,app_store,"Great platform in terms of features and everything you’d want. Would just love to see a cleaner UI and the main parts of account easier to access/see. 

I.e pie portfolio hidden in separate tab, lots of folders inside of folders."
a862bdb712391fb1f843df4b,Trading 212,google_play,Easy to use
1502a5490726ca8a70c2d1d0,Trading 212,google_play,easy to use. easy to make money.
bcfe10595f2322e99b8de80d,Trading 212,google_play,Very refined app. All the journeys are extremely well thought through and info is super clear.
603da35fc8b8e5c895d77330,Trading 212,google_play,"good product, execution for market prices could be at better"
1242eb354111f1050fb0e85d,Trading 212,google_play,excellent 👌
0bffd0e41513e52f6a242031,Trading 212,google_play,so far so good
ffd1b0b1ab53628f92ea6c02,Trading 212,google_play,"Extremely difficult (not impossible, but very close to impossible) to get money into the cash ISA."
37af0dc082a6219441ac1b7e,Trading 212,google_play,easy to invest and easy to manage
6e6c44865a9f41cc6955b7d6,Trading 212,google_play,"how long does it take to approve an account creation request? 0/5 this app ia a scam *edit* i recieved a reply to this review in less then 24 hours, yet im still waiting to an email with further information about the ""specific requested documents"" i have to apply, and people wont chase you for services they can get from literaly trilion other apps, what a joke :)"
beea01b8aa485b3f0ac06273,Trading 212,google_play,Hectic app. Product is great.
ba1283071514fa4e1badf843,Trading 212,google_play,Old design was way better. Also 212 is overstepping by locking people out of the account unless you provide face verification video. With 3d AI reconstruction this is easy to bypass and nothing to do with security. They just collect data.
9c7c833a523939145830af16,Trading 212,google_play,"Been using the app for a while but the new update has made it really inconvenient to get an overview of my investments and now I have to click through multiple pages to view the individual stocks in my pies to see what is doing well. What was wrong with having an investments and pies tab on the front page of the portfolio? Now it's just pies and manual investments, and that provides no value or insight whatsoever. Pointless 'update'. Please let me downgrade."
aac69e4e9662499df39d5d11,Trading 212,google_play,so easy to use. produces very useful reports. has an excellent reputation. highly recomend them.
b148f15d6edcfc3b44ec6323,Trading 212,google_play,great place to start 👍
5be02949a52098dc8209867a,Trading 212,google_play,easy to navigate.
392daf30893af96ab811e6ae,Trading 212,google_play,Seems to do what it should but it's early days yet.
ecb9becfa588c22fd27406a9,Trading 212,google_play,it could be made better like revolut which has a better user experience
80be862962136adca2523fb4,Trading 212,google_play,horrible
4fb9873135ff2fe0f18a1a8e,Trading 212,google_play,"I love the daily interest, keeps me motivated!"
36a18907befb85f5b69bd418,Trading 212,app_store,Je veux faire un dépôt
ebf99d8bf6fe28236630f180,Trading 212,google_play,"restoring my 5 star rating, because they have listened to user feedback and are acting on it !"
f45e516572b7b08c57783090,Trading 212,google_play,simple and easy to getvstarted
a6b919a514f1fed4ea82d4da,Trading 212,google_play,My first ever time with stocks and shares but glad I'm with T212
734b676e2b254fee7d8c164e,Trading 212,google_play,The customer service chat was unsupported.
1697349fcfe8aca53c402c8f,Trading 212,app_store,so easy to set up use and the rates are competitive and fair
2befe8e3b09ba03d70c53db6,Trading 212,google_play,Great app and easy to make your way through.
e8e6cc92852f3e96ee92575c,Trading 212,app_store,This is a great platform easy to use
ac013da248380ddc6eea4653,Trading 212,google_play,excellent app full of useful features and investing advice
a55c7aa5e4a28f30c1ef9512,Trading 212,google_play,Your app is very simple and easy to navigate..and easy to create to create a real account..I have been able to practice with some Demo account too. Thanks to the developers.
d7d20567b8fbdbde116fe7a9,Trading 212,google_play,"Update: I have purchased shares that put up a preview dotted line as normal. the as soon as the share dropped below my return turned red, but when it went above the line, I'm guessing should of gone into the green showing profit but no staying in the red showing I was down by £20 although it was a Dollar above the preview line. how does that work?"
3a23ad0f99acaa575199d50f,Trading 212,google_play,very easy to use
606edd2199cf6e6bf573e412,Trading 212,google_play,I have a really bad experience of this app dont put your money cause you will lost it. poor service and keep repeated there promises end up of frustrating and they manipulate not trusted.
0b6d0e92de2e720d27bfae67,Trading 212,google_play,Seemless
c101297a51bf78b46881543f,Trading 212,google_play,"really easy to use. I've wanted to tradebgor a while, this makes it easy."
256d18f846c35cc322b94ba0,Trading 212,google_play,Great to be given regular information on how my ISA is growing.
04db2e2538dcfd672c0bbb03,Trading 212,google_play,Great app but need more USA compliant etf as most US ETF are not available
56d52943ec6b70c71c75817c,Trading 212,google_play,credible and transparent brokerage
f7607f89bd79175442e31691,Trading 212,google_play,great app for banking and share dealing. Just make sure money transfers to other banks are done from app. Would like a pay someone option for my card
0e93ab088314abc30634f656,Trading 212,google_play,nice
beeeda598afec43d3a63a1c0,Trading 212,app_store,⭐️⭐️⭐️⭐️⭐️
c4815d9589615f3e5868a08c,Trading 212,google_play,I have read your response to my previous post and I feel that genuinely you are too simple to understand plain English. yes I do need to change my star rating.... to zero!
1e25d0a67fb4529b8db2ed80,Trading 212,google_play,"Good tools, easy to use and cheap as well."
2ee866dd829f8aad8f98663c,Trading 212,app_store,"I find it very easy to use and make little investments here and there.
Please be aware do not invest more than your “change money” your investments can go up or down. Mine are all down at the moment! That makes me at loss now, meaning that if I want to sell my investments now I would have less money left than I invested.
So this investment business is for 10-20 years long profit if there’s good growth.
So retirement pension top up income .
Don’t expect to get rich overnight.
So before you start investing please ask yourself if you can live without the money you gonna put in ?
If yes go ahead you got nothing to lose!
Happy retirement!"
efc247012e540a101965f6b5,Trading 212,google_play,great
75467e1ac782c40542277355,Trading 212,google_play,Good app i came from etoro to 212. I prefere it as you get more choice and penny stocks.
692a2bff76fa9289a19ba3d4,Trading 212,app_store,The app has become way too chaotic with no clear design and too many random additions.
c33bc1f5436f9b4c3ef30e4b,Trading 212,google_play,A real pleasure to trade using this platform. such a clear and easy app to use 👍
cdf6f0e9987ddfd060fc5e36,Trading 212,app_store,"Be aware from this Platform. They automatically close your positions and pull the money in the most losing position, so you realise the maximum lose. The Position closing and margin protection is just a manipulation and Fraud.
This firm is not authorised or registered with FCA"
1e033bb5b4900571f24ed27d,Trading 212,google_play,"New update is awful, especially on android. I've been trying to deposit money into my account all day and it's been impossible. I had to log in using my work iPhone just to add money to my account. I'll update my rating if this issue gets fixed in the future and if it doesn't I'll have to think about looking for a new brokerage."
e4e7a7d83ae6a4857362d717,Trading 212,google_play,banging
d1ce8f3a03795cdd3e9a00db,Trading 212,google_play,"this app is literally amazing , spend a little time getting to know it and it will pay off big time , very glad I have downloaded it"
3cfd1e735b47c31831caac4a,Trading 212,google_play,Be warned that your account has no sort code or roll/reference number which makes it impossible to transfer money out of your account. Speaking to customer services they are unable to help and say someone will get back to you in 48-72 hours which just seems like a very ethically dubious way to hold on to your money for longer.
f64ddf4d6e2c4fe69caa57df,Trading 212,google_play,"New UI is horrendous ! Please change it back ! Edit as feedback requested. navigating through the app is hard work. i have to think where I need to go and find the area to scroll into. rather than before it was seperated nicley I like to see my gains/loss on a graph that i can easily adjust between 1d, 1m 1y etc at the same time as viewing my current holdings. rather than having to navigate back and forth through different menus. and figure out where everythings gone."
f3802a313eabf4bce28b93ee,Trading 212,google_play,Makes dealing affordable by not hammering investors with massive commission every deal. My only complaint (bit of a strong word) is the lack of trailing stops offered to market investors but is to those dealing in CFDs. Been told by the company in response to an email i sent about this that it's going to be discussed with the devs and I'm hopeful my one gripe will soon be gone.
7f593ca41da337bb6fa38cec,Trading 212,google_play,still learning but this is a great platform for beginners
8b58539199c8a4ae96108872,Trading 212,google_play,good
9dd9c79a8858bf3ba0f555a3,Trading 212,google_play,Better than any other Easy Access cash ISA in 2025....
bdb996ecae16dab1ad2d20f1,Trading 212,google_play,"it took me few years before trusting them, now i think they are better than any other app, bank or broker. very handy and they offer all you need, plus always had a good experience with customer service."
26cb8ed07b8cb62fdb0c17ad,Trading 212,google_play,"Stop and sell orders rarely work. They justify it with the volatility movement but that is not the only reason. I had an order with a very slow movement and yet it was ignored and later that day went up and it didn'sell and then went down under my ""stop loss"" limit and again didn't sold. This happens very often."
e54fa24b4ed5adc22d310b5d,Trading 212,google_play,"very easy to use app, makes investing a simple process"
4b155597eb0025565259e184,Trading 212,google_play,amazing
9cd1db6d08f9be7f9bfd08ca,Trading 212,google_play,excellent app
49075928ba6bf3b394e6fbb3,Trading 212,google_play,Good very good
2856c094457078b6ea67f524,Trading 212,google_play,brilliant way to invest
3a50e98fee6b98bd4fba3290,Trading 212,google_play,"Easy to open, great savings rates, cashback, no commission! Statements and transactions for card purchases and earned interest could be clearer and takes a while to get used to the menu system."
c832739b6d795fe8d53b3f52,Trading 212,google_play,Great app with great support if help needed!!
1a3d088a6f6634809e52a8f2,Trading 212,google_play,Tradiing212 has really gone down hill lately. The most important thing people should be aware of is the massive delays in prices updating and buying and selling so you're not actually investing as you think you are.
8c2d9ee37bf77d1654e8a6ac,Trading 212,app_store,Also der Programmierer dieser APP ist geistig nicht voll auf der Höhe 4 Updates in einen Monat sprechen jedenfalls dafür
248508e1e7732e74664f587b,Trading 212,google_play,Video identification for a login ....
5b7d869b140b614d521f59eb,Trading 212,google_play,Being able to create a pie is great
c1250019b9a4634e1020d8f4,Trading 212,google_play,Started spamming me notifications about stuff I don't care about.
ba3b99b330480c844e18cb13,Trading 212,google_play,Please I really need the app
638e8948452d5e3be19c05fb,Trading 212,google_play,i got a new phone and the app says i can not sign in without taking a video of myself?? How about offering reasonable 2FA?? Edit: guess im just stupid. thx for the response devs
29e5d1337a8e61300ccdf5fd,Trading 212,google_play,"excellent platform. easy to use, clear layout and fast execution. I tried 5 other trading platforms, this is one of the easiest to use."
912e78d2b30a187c246d9473,Trading 212,google_play,anoing but works great just don't k ow how you will get your money back
19ca1f5e37121ba32200fc7e,Trading 212,google_play,Finally a online shares isa platform which doesn't penalise me for buying and selling frequently. Really pleased with the app interface and the low charges. Would highly recommend 212 to anyone who's inccuring charges using HL to buy and sell from within a stocks/shares isa.
ae1328fdfe1bdb74baae8866,Trading 212,google_play,very easy to use. Good site to trade on. never had any issues. 5 star 🌟 rating
04925be87dd0cff8c3efbce7,Trading 212,google_play,the most ugly UI and the most counter Intuitive app I ever used ! I regret downloading it the only good thing about it is the ISA accounts otherwise I would bother using it but as soon as I'm going to find another app I'm going to switch!
ba5c36686efb231d2a641117,Trading 212,google_play,Excellent App. Works very well and seems to be well secured. The transactions are super fast with quick access to the money for new investments. Lots of data tools and analysis. And it makes me 💰
9065849729012e04d6819929,Trading 212,google_play,"I've used this platform for trades for years, I've used many over the years, but this one I can say is the most easy and friendly to use. I purely use this for my stock ICA I don't do CFDs so no idea about that side of it, but for stocks it's one of the best."
f926a640c40362ef905c9671,Trading 212,google_play,great platform to trade shares
e4eec25a03210d18883d5b3e,Trading 212,google_play,nightmare to withdraw funds quick deposits but trying to withdraw been three weeks and still no joy
0a26624245a062b6f93c9b5e,Trading 212,google_play,only problem is the slowness at times of the app
7484f8526d151e7febbccafe,Trading 212,google_play,"Great app, however it doesn't have widgets"
07a41e7a69435f80dc3793d3,Trading 212,google_play,very convenient for first timers like and I'm living in the Philippine Big thanks to this platform ♥️
4705ce0f2f1ceeac21a006e9,Trading 212,google_play,"amazing trading app, so easy to use"
4248872cebab256d2ddedf32,Trading 212,google_play,212 need check id before customer loss £33.000 shame on you guys
cc61c85e2b1eeb4a20456b75,Trading 212,google_play,App refuses to open despite closing and clearing cache.
d39d298a372bcb79baafa200,Trading 212,app_store,"Bestes Essen mit Super-Geschmack.
Hier kommen wir öfter hin.
Sehr zu empfehlen."
eec292c7458b998ea35e577b,Trading 212,google_play,"easy to use and no hidden fees, excellent"
a4b0bd34a557fd1da6e1fee8,Trading 212,google_play,Close position confirmaton button way to big now
994e7969c398a5f82513bffa,Trading 212,google_play,"signed up the other day and added my financial information etc. haven't bought any shares yet, but for some reason £39.99 has been debited from my account. avoid."
648344d8a94357dc24e76afa,Trading 212,google_play,rubbish
adcc4d77a6415c37f3dc96dd,Trading 212,google_play,"1)quick view & action sections for stocks have been updated. Current price & fx impact - GONE, 1 & 5 minute chart view- GONE....But thank god we have gigantic SELL & BUY buttons at the bottom.... 2)Can't see your current total investment and return anymore. I don't care about the rate of return since the beginning of times. 3)No 2 tab view for investments and pies...you can't even filter them anymore. 4)Can't see the full leverage names when importing them into pies. I'll be changing platforms"
d3797e7607c2918af51324af,Trading 212,google_play,the new UI is awful. I cannot understand how it is meant to be an improvement. it is now less clear what is going on and it requires more key strokes to get basic information than it did in the old UI layout. Do better!
8e32a3a2d5bc6fc55f19f20d,Trading 212,google_play,"Could add funds, chat help had me waiting for ages too much trouble gone elsewhere"
0253d5cd4926e3e190a3f0a3,Trading 212,google_play,Great App for investing into ETFs and individual stocks. the App makes it easily to understand if you are up or down on stocks purchased and gives precise information on dividends received
3505c5776351998b9c3309a8,Trading 212,google_play,"good app, but it's not easy to navigate for me. I had to learn somewhere before using it."
ea1d06cded2765a7e10b2753,Trading 212,google_play,great to learn and use.
c61e858655602b333ad37aae,Trading 212,google_play,Another awkward UI change. Why consolidate the return and FX impact? I only buy and sell in USD so FX is irrelevant. Please leave the UI alone and finish the API 😭
0c2a7b9c8c24b8e6dc25c63d,Trading 212,google_play,amazing 👏 🙀
79ca1b48ac8249d7b2a5dfc1,Trading 212,google_play,"Good app, great oportunities :)"
a1618e6fd85c927b0212fb1d,Trading 212,google_play,unable to buy some shares i would like to purchase otherwise great
fe538c371f9d9692f8517693,Trading 212,google_play,Great App many useful features but in terms of gaining wealth... study the trends start off small have a little play around to get a feel for how it works it is not a get rich quick scheme.
4471ed40123178da422a5630,Trading 212,google_play,"Funding issues and no response from customer service. Only at the set up stages of using this app, but there have been several problems. The main issue being that it won't accept payments from a joint account. Keeps saying the names don't match, no response from customer service. Chat bot just leaves me in a never ending queue to chat to a human that never responds."
6ed9cee6c4130d8f44438612,Trading 212,google_play,Easy to set up account and app really good 👍
6e9633dfffa5e3b5fbeef145,Trading 212,google_play,nic moc nefunguje
147d6c2a54959acc17790033,Trading 212,app_store,Its a scam its a chance for 100 euros the chance is legit 2 percent what kind of odds are that
ac6e2a423c391615017f7295,Trading 212,google_play,"After recent update, the UI has become unusable."
9572b46a8beefad6b37d31b4,Trading 212,google_play,"easy to use, straight forward"
e03c9dcc824f0babb93aa237,Trading 212,google_play,great app but could be easier to use
2e2b3b936f19feaf06cee0ac,Trading 212,google_play,it's a looks so nice 💯 that's fine thanks
8643d8555ad1018ed7356782,Trading 212,google_play,I want to do a trailing stop loss on shares which you only do in cfds. this would be amazing if it was implemented
46ec2b98130d3c36cc391466,Trading 212,google_play,good app
431bd1840872f0fc0e568e65,Trading 212,google_play,please add support to allow trading 212 portfolios to the services such as Yahoo Finance
be05981c8dd77bbff4828d3c,Trading 212,google_play,i used more than a day to verify my account but i failed thats a good one
63aedf3acbb71bea4cdb4fc0,Trading 212,app_store,Great platform
cb84270feab8d4281c46b366,Trading 212,google_play,"App cannot be used, after logging in the app freezes and does not respond displaying a frozen screen"
5c8764cf2f8f5d2f0902318c,Trading 212,google_play,newbie here.
9de076b0f440a9a8683794c0,Trading 212,google_play,I've enjoyed how easy it's been to start trading and there's a great deal of good information to help me make decisions. As a relative amateur I've found it very useful.
39e977a6a5e923a135b81a58,Trading 212,app_store,Very easy to navigate and it's very fast as well.
cbb35aaba86eb7f7cfdbb12b,Trading 212,google_play,"Used to be an amazing platform with an amazing App, then they decided to ""update"" it and made it pretty much totally useless for my trading. I've raised it up once star because they took the time to listen to the community and revert some of the changes, but the truth is being unable to see the present market value against the pending orders makes trading on the app nightmare to me. If only they could bring back that capability."
0c1e746ae429b904f3f84146,Trading 212,google_play,"Nice app, good cash ISA rate"
fc8b84fec843a60571c9c21f,Trading 212,google_play,Really easy to use.
02d0dbd643168d9e58ba5a74,Trading 212,app_store,"Super App, extremst bedienerfreundlich, einfach und verständlich! Dafür definitiv 5 Sterne! 
Was vielleicht noch wünschenswert wäre, wären noch mehr Währungen im Konto wie z.b JPY etc.!"
3ba5b9e503d307aff484a6c3,Trading 212,google_play,recommend it
5224d30828a8bb10c2d644ed,Trading 212,google_play,"the smoothest ISA you'll ever turn to. Simple, straightforward, reliable."
93a991731ff915364755d580,Trading 212,google_play,Lush app.
2066c553d828c45ebfe11a31,Trading 212,google_play,very easy to use with lots of features
ea0ef2c18d5489e6ade740f8,Trading 212,google_play,pretty good all round.
9ecafe15abe457d148f55576,Trading 212,google_play,Easy to use app
414ed68208c4741b1e34e3ec,Trading 212,google_play,great app invest wisely though
a96954285a728aa893a6b3e1,Trading 212,app_store,"Brilliant app, works great, very intuitive & everything you need before you realised you needed it 😁"
00cf5f2cf6bbd10304c294d1,Trading 212,google_play,so far so good. i ll might update in the future.
c1bb1caaac5e837da62f28e8,Trading 212,google_play,love this app so easy to use
8151426642a1686248aea911,Trading 212,google_play,"every time you update the app you can somehow make it worse. don't fix what isn't broken, it was so straightforward to see everything laid out nice and clear, now you have to go into each freaking section to check the details, like fx%, which is a real pain"
715ab5462c6350b1c2555d20,Trading 212,google_play,"app doesn't work!....despite several attempts to fund my newly opened isa account , even by trying a different browser as suggested by the help desk nothing worked! App is useless and has lost Trading 212 my business. Will invest my money elsewhere!"
e46fcac190047b0091c7e024,Trading 212,app_store,Makes investment and savings look so easy even for a novice like me !
60467ab19e1ce92ac4b147fa,Trading 212,google_play,"I'm still mad about the new fees for currency conversion and top-ups, but if no other fees are added, trading212 is still one of the best options in Europe. They have great support, I only had to use it twice, but each time they solved my problem in 5 min or less."
9d4607ff2b42d48b12a73ffe,Trading 212,google_play,It is easy to use!!!!
919e2aa2b96a701ac970857b,Trading 212,google_play,easy to use and great stocks and shares ISA you can choose yourself.
b993c3c7ac24ab58a4c78e07,Trading 212,google_play,top
04e1d93e8b494a33c046eaf9,Trading 212,google_play,"Unprofessional Customer Service. Despite waiting a long time to get connected and to get a reply from them. They're not correct on the response they give. It looks like T212 has spread its services among third-party companies that have unprofessional and clueless staff and sometimes rude. They can barely cordinate with each other. You tell them for the mistake that the system has and to flag this alert to their management, but they just close the ticket without telling nothing. QA doesn't exist"
fc2e5081bb5da59c75a868ec,Trading 212,google_play,Intuitive app and easy to use.
f201680fbe45169fb2d7a912,Trading 212,google_play,bloody incredible. best investment
3bfc2cb1b3a13ec4a1524962,Trading 212,app_store,I have used many trading platforms but this one best and with litrely zero fees
d7757b41707c697c8d4c8786,Trading 212,google_play,"Good, accurate and fast withdraw"
2f29fead91bd330c18eb52f5,Trading 212,google_play,Easy site to use and navigate around
64d109e5657de41fd51c8964,Trading 212,google_play,Straight forward and easy to use/navigate for novices
839dcf8cc7cf53b49619fbbc,Trading 212,google_play,Takes patience and practice.
5e68bbdd35252cb80b3d468f,Trading 212,google_play,"Great platform, easy to use and cost effective"
38ba230d0dc961d88efd7cc4,Trading 212,google_play,A very easy to use and understand application. A brilliant way to learn investment step by step at your own pace.
4edb44b9fbc0b8f93465aada,Trading 212,app_store,"You get 50k training account to learn the ropes and you can earn up too £100s free if you share this app too friends through there link in settings menu , easy to navigate app , any new people reading this app is make a stock shares ISA acc if you want to trade safe"
141619344a0a0b2216734012,Trading 212,google_play,Great platform. Adding recurring payments could be more intuitive but otherwise great.
aa58e16abfd8e70a08fef7cc,Trading 212,app_store,Unlike Robinhood this app which I use does not show when you have previously bought a stock.
e215dad9604ca42a91921c61,Trading 212,google_play,"If you have the discipline to invest, this is a great platform that allows you to do that with ease."
1caf9d3b22f8c1b2263bb9c1,Trading 212,google_play,brilliant
831ec5bdbf31542b555833d8,Trading 212,google_play,Forces identity to take money out
c6955dfc9dc056a77466dab0,Trading 212,google_play,still new and trying to understand it
c24d3cb10b665d2a84d8aba0,Trading 212,google_play,"great app, does what its supposed to do..."
4d2efecde3f8c10bb532185a,Trading 212,google_play,A very good platform for investing and putting money away. Also very easy to access your cash portion which at the same time is generating interest income. I cannot recommend it enough.
2186d418f196c44058c4fe27,Trading 212,google_play,why do i have to open a popup window to change the timeframe on charts now? revert this stupid change
c57861b939262d7f6dab98a5,Trading 212,google_play,the app is great and a doddle to use
d09457edb689886e9ddd73e8,Trading 212,app_store,"Well done I’m 85 and can view at the click on my iPad 
Harry 🍷🍷🍷"
7b205002fce9f92c1eccf0e9,Trading 212,google_play,Quick Response time on enquiries.
2a783d8aa31d08598cf511f6,Trading 212,google_play,One of the Best Trading app in the Market right now.
ddc49f6d8ad4fcd2733e375d,Trading 212,google_play,"Straightforward, reliable and easy to use. My isa transfer was clear cut, hassle free and smooth with great communication from start to finish."
6fc24b4993fd4c0c4f981ad8,Trading 212,google_play,I love this app and platform. It makes everything so easy for the noobs (like me) to the stock market.
fcd957fe291706680ce916ed,Trading 212,google_play,Fantastic customer service and great interest rate. moved my ISA over no problem!
fa3936483d6474941cad14c7,Trading 212,google_play,Great app for investing without fees! It's a shame they don't offer SIPPs and it'd be helpful if they had screener for stocks and funds.
4eb49012b6d456f217ca0f11,Trading 212,google_play,a good experience so far! and nice knowing 212 has been recommended as a good ISA by Money Saving Expert
70c6c459615e848112c1bda6,Trading 212,google_play,"It's too early to say. Up to now, the app feels a bit unfriendly to an inexperienced user such as myself . Hopefully, it gets better . We'll see ."
790ca7338dc9e2daf7209db2,Trading 212,google_play,good
82d1b92b993f136103dae76c,Trading 212,google_play,Easy to navigated and understand
92e53c7ddfb092d77cc5adea,Trading 212,google_play,"They have made enough changes to warrant a change to the review too. They used to have too many fees and not enough features, now it's a good broker for people who are just starting out and want something simple."
fa5e29b5d118335e5ebb0394,Trading 212,google_play,What on earth is this new layout? Give me my old portfolio tab back
93ef410ef2586d78cf33e3b0,Trading 212,google_play,the app is fantastic in intself but there has been a option or a tab to turn the social media side of trading 212 off and on. i personally dont want to see peoples weekly portfolio updates and people lengthy opinions about things i honestly dont care about. i think its extremely important trading 212 take note of this as many other people feel the same as i do
83b6d015be51abe463024be3,Trading 212,google_play,"Now requires aa face scan by a third party to remove funds, without noticing customers this was being implemented"
1786074d74ab2cee90dae6c2,Trading 212,google_play,good
3ad42c82fd369f6b1df55e9f,Trading 212,google_play,Good easy to use app. Dividend calendar and calculator would be handy.
ba839d46eb65cdf3b297af53,Trading 212,google_play,Easy to use. Little to no fees. Ability to transfer between cash and shares ISA.
0689abfba312e4f4dd62cf0d,Trading 212,google_play,"great so far, although introducing a friend didn't get me the share commission promised, but not bothered."
6c7e731c55ed1e907535eee4,Trading 212,app_store,Ho scaricato questa app per l’ottima pubblicità vista su Internet. Una volta effettuata la registrazione ho fatto un bonifico di “prova” di pochi € per vedere come funziona: soldi mai arrivati e per loro risulta tutto ok! Morale: soldi persi! SCONSIGLIATISSIMA
907cf9feb93819388394a7bc,Trading 212,google_play,new to investing and this app is easy to use. highly recommended
d1dafc68b53c8143696fae41,Trading 212,google_play,Just started love it up to now.
0d5af2352e7bef429271188b,Trading 212,google_play,New update is a joke. No fluidity to the app now. Put it back to the way it was please?
3633b6d1ed8c58de2188b591,Trading 212,google_play,Can Ghanaians be able to create accounts on Trading 212 or we are still not allowed. Please let me know because i love your broker.
3f715c03ea8c841a610f802d,Trading 212,google_play,"Everything is fine, except they don't have any stop loss or take profit features. Really frustrating, I've been trading here for a while but looks like I'll have to change my app to one that offer trailing stop loss and take profit options for stock. T212 only allows stop loss for cfd. What a shame! Also, chart prices dont update in real time. Truly sad, cause I liked this app. Oh well... Edit to answer T212's comment: You can ONLY PLACE ONE OF THEM at a time, which kills day traders basically"
12ab22af9a671a99674c271b,Trading 212,google_play,no trading exoerience
8e168318ea0dd50c31eb9394,Trading 212,app_store,"I am using this app now more than 5 years. It just crazy how far they went in this time period. They always surprise me with crazy new features. I mean they introduced pies, Sankey diagrams, Currencies, and I can just go on and on. Big fan!"
b7408c9fe3e975f72833a1a9,Trading 212,google_play,"Great introductory rate on my cash ISA. Very easy to make deposits, and to withdraw. A very intuitive App even for a more mature user."
afc3ac011d3b04491bbca4fd,Trading 212,google_play,Excellent
cdfc07d1471af46681374c15,Trading 212,app_store,"This is a safe app, you can get your money out quick too, made some money"
b37eda80773e60b4ebc27d6c,Trading 212,google_play,"Does not honour terms set out in corporate actions, effectively steals money from users."
75d87ea474935d514adf642a,Trading 212,google_play,Easy app to use.
531b970f7f171c66d2cb426b,Trading 212,google_play,Easy to navigate and use.
d87f66959beb549174a894e4,Trading 212,google_play,"So far, so good!"
2ee7dc26b1d7f3fc298df54b,Trading 212,google_play,Very helpful customer service after problems setting up.
23b5be4413e2bf859911d87e,Trading 212,app_store,Pretty Straight Forward
0ec39b5dd2720eff34641d3a,Trading 212,google_play,I'm new to the bank and app. and I'm liking what I see.
fdbdd69c61dd84370ec6df2a,Trading 212,google_play,Great!
d7a73150694d262d213999d8,Trading 212,google_play,brilliant. used it for years
6fd40dc33de0f9fb27dab73c,Trading 212,google_play,The worst customer service around. Will take your money happily and then make you jump through loops to get it back. Like asking for a full facial scan to withdraw your funds. Do not use this app
c051c8cf0d30832ece7bff6d,Trading 212,google_play,"Awful. Can't log in, my account is in some weird state. Support is hopeless and comes up with lame excuses."
df60409def06983639b8ba40,Trading 212,google_play,great app
d34a749ddfd9a37bb5ef53fd,Trading 212,google_play,could make signing up a little easier with a few clearer instructions .
5fa47e6c6bef7e11cb8b689e,Trading 212,google_play,"It's easy to use yet pretty transparent with how they handle your money. I'm happy with it. I like that it also auto generates a W-8BEN form for us, as doing that the first time is pretty dreadful."
475334ac996a76927bb7bd69,Trading 212,google_play,Edit from 4 stars to 1. New UI is not user friendly. I've hit AI overview several times when trying to view my stocks. When I try to scroll through my stocks it closes the menu. I'm not sure why each update alters the UI making it feel clunkier each time.
3bff00d09475137da6254994,Trading 212,google_play,very easy to use
85a6768ff241b9f37cc88c24,Trading 212,google_play,"great APP with low fees, couldnt ask for more update: downgraded due to recent UI changes, they are harder to see if your portfolio is performing well or not. Revert please it's one of the worst UI for a trading platform."
f7919f6b64efad11c25b6b6b,Trading 212,google_play,fantastic app
490782934ba6e6b86d626ce5,Trading 212,google_play,app is nice but lags a lot in a new phone
a91ab3e62133daab743faca3,Trading 212,google_play,"New update and interface is not as intuitive as the old one. Why fix what wasn't broken? Other than that, the app is stable and works well despite the newer and worse menu."
195b26a27eb865ddb2498d80,Trading 212,app_store,"Nel complesso, l’app sta migliorando molto e offre un’esperienza sempre più intuitiva. (Mi trovo molto bene e scrivo una recensione negativa per far leggere il feedback agli sviluppatori così possono migliorare l’ app)Tuttavia, ho notato un problema riguardo al calcolo del rendimento giornaliero. 
1- Attualmente, il rendimento si aggiorna continuamente: ad esempio, alle 8 del mattino mostra il rendimento dalle 8 del giorno precedente e continua ad aggiornarsi ogni 15 minuti. Questo sistema può generare confusione: se il giorno precedente il valore è aumentato molto, ma il giorno successivo cala, sembra di aver perso parecchio, quando in realtà si è ancora in positivo, o viceversa.
Personalmente, preferivo il metodo di calcolo precedente, che permetteva di capire meglio l’andamento giornaliero senza questa continua “sovrapposizione”. Sarebbe inoltre molto più chiaro se il rendimento giornaliero fosse calcolato dalla mezzanotte, in modo da avere un quadro più preciso e lineare delle performance.
2- Un altro punto negativo è che in fase di prelievo dal conto per trasferirlo ad un altro conto o alla carta non richiede la conferma e nel mio caso per errore ho inviato al mio conto bancario dei fondi che in realtà non volevo inviare.
Inoltre CONSIGLIO A TUTTI di disattivare il prestito delle azioni che di default è attivato e di informarsi soprattutto sul perché tutti lo dovrebbero fare!!"
d2ca29e248ab6b1ee89bd388,Trading 212,google_play,"I am a new and low scale investor but 212 is clear, helpful and easy to use"
cd1abb99e32fed55be892cb2,Trading 212,google_play,Apparently you guys don't opporate in south Africa any more
543495ba7f4506fb38b4acf0,Trading 212,app_store,Dont even try.  Waste of money and time.
71002cf7b2bef93cec222d34,Trading 212,google_play,"Only used part of the app, finding my way around tentatively..but so far an enjoyable experience 💙"
c66a2b1a6de2543ffdedfac5,Trading 212,google_play,Excellent clear and easy to use app.
f3a7d61e02d550195d81cb51,Trading 212,google_play,"Great platform, clearly defined instructions"
d717aa5fae66f29ded53aa06,Trading 212,google_play,the best app I've ever installed.
d2d1d2cffea72c43e300f1fd,Trading 212,google_play,"difficult when a novice - i think there should he more 'I' for information when setting up for first time. I have been completely caught out with using pie thinking it a visual, neat and tidy to glance at. little did I understand about fractional shares so now I have, tomorrow, I've got to purchase less than 10.00 to have a full value. I have deleted the Pie, for now, until i am more confident. This is why I said, its difficult when a novice."
0f1274ab34bb02afbac16ac3,Trading 212,app_store,"Ist wirklich sehr unübersichtlich geworden. Wie viele Aktien? Nicht auf den ersten Blick. Einstand? Nicht auf den ersten Blick. Nur die Rendite sieht man. Aber fürs Traden semi optimal. Gewinnabschöpfung bspw.: nur mit externem Rechnen möglich. Stop-Loss und auch weitere Limits sind schwer zu erreichen oder wenig erklärt. Optionsscheine haben wenig Infos. Schade. Will das alte Interface zurück - eigentlich will ich nicht die Plattform wechseln, aber vielleicht muss ich das"
bc68b1d72f0fc8245f0565a1,Trading 212,google_play,An absolutely fantastic platform.
2c7b2964ff80f34b7da566f7,Trading 212,google_play,"Easy to use, gentle learning curve."
abce81073c35d42eb3dce2c8,Trading 212,google_play,"Would be nice to have the option to sort stocks also by percentage gains, not value only. Otherwise i think the app is doing great:)"
0c5a2270a65964ef5f7ef5fc,Trading 212,google_play,soo far it's easy to use. and they are very informative in how they held your money it's impressive compared to other brokers I dealt with
f18741db2b7bbea94ece6550,Trading 212,google_play,"Latest update has made some terrible changes At the top of the page, you have replaced what used to show the total money in my portfolio to a drop-down menu with the names of the three 212 account types.. next to the home button. When you click either, it gives the same information why? I want to see my account balance at the top of the screen without having to click a dropdown menu. Please reinstate this feature"
406e31b6a0f83a0f0774c80e,Trading 212,google_play,it's a good app for saving and share buying but as always be careful what you buy into
04edb0b4871f69c756549804,Trading 212,google_play,very easy to use
6b6ddca797349a24998eb60b,Trading 212,google_play,I have been using it for a while and it's very good and easy to use
83f4c8b9719bf2fa72bdc255,Trading 212,google_play,Easy to use and understand
ace6f96cfef12892028f6f7d,Trading 212,google_play,bloody brilliant app 💪
ca651cee0211b3eeee90b6f4,Trading 212,google_play,one year now then
290ab889090face2132f30dd,Trading 212,google_play,Clean interface. Fantastic interest rate returns.
6d1ec6b80de539a32a17875e,Trading 212,app_store,"Ayant utilisé d’autres applications de trading, celle-ci est de loin ma préférée. Ergonomique, jolie visuellement, le système de diagrammes qui est génial, jamais embêté pour déposer ou retirer son argent même si la somme est importante, frais minimes, j’oublie sûrement d’autres atouts mais je recommande fortement !"
e93990a64b39f4dd9a26529e,Trading 212,google_play,"please, start work in Isreal!"
e11813ecef0d0e8f7bc6ddca,Trading 212,google_play,user friendly interface.
f3ea3cab86eff65a2f7a8cfd,Trading 212,google_play,good start on the app.
b48f0efdcb5f34ddf96a2715,Trading 212,google_play,Such a fantastic app. Very easy to use compared to alot of the other share dealing apps. Glad I found it
86979651ad553fe62e1a6a04,Trading 212,google_play,Love iy
68ab405477bb7dd5855c9e6b,Trading 212,google_play,"Never go for this dump app, this has the worst fill... Or u wont even get filled... Avoid...."
c42838786f415b623c41324a,Trading 212,google_play,absolute nightmare to try and get onto
d4bdb2090185ece8d6bc64b6,Trading 212,google_play,Asking for Video verification almost every time I login to the app. This is overreach and unacceptable. I'm removing funds and placing elsewhere
0f3b1a1e5bccd388d3c9f5a8,Trading 212,google_play,leaving this in the hope the app will stop constantly mithering me to leave a review......
997f954de30bb580345a77a4,Trading 212,google_play,"New to this so still learning curve for me but overall Great app, love it, my only little problem is from time to time it loses connection for few seconds, don't know if it's the servers or my phone!"
50cae1bbe77411b1e99cf1fa,Trading 212,google_play,Best trading platform around.
ea51308efb2521a6119610cf,Trading 212,google_play,A very intuitive and capable trading app. hats down to the UI/UX design team.
ff292374feb221fb18b35799,Trading 212,app_store,"A manager in their support department has been promising me a resolution for a month. A withdrawal was sent to the wrong bank account due to a clerical error on their end. They admitted the mistake but have been incredibly slow in recovering the funds. Meanwhile, I'm missing out on investment opportunities and facing my own financial obligations. Their internal delays are directly impacting my financial stability."
db60a55261c63a0c2775a0e3,Trading 212,google_play,good trading site.
d989f178e79e5f1a3eeb84ad,Trading 212,google_play,"This App is gorgeous. There is no more excuses to not save money. It has cashback, apy on every cent you don't spend. It puts money aside in a pie all automatically if you allow it to do so. No fees on buying and selling orders. What a time to be alive. I love it."
fe90f00a640f215b798de709,Trading 212,google_play,amazing
38b07d313ea88e7afd61d15d,Trading 212,google_play,"simple use, easy to read/understand, variety of different trading sides for saving, active investing, tax free wrappers and leveraged cfds with both simplistic view or more in depth analysis tools. able to trade in a variety of markets around the world"
db6cb3bbc1d8bd86a80d3845,Trading 212,google_play,Hi i like theapp very much. My only criticism is that after the last update the daily dividends in pies is not being shown as before. Can you please bring back thidls feature. Still not solved also taking to much to transfer funds from revolut. Sent on Thursday still not credited to account. Other platform instaneus. Please update.
632ba20ba3b68b63d1b8efd9,Trading 212,google_play,"very poor interface since the update, unable to see pies without swiping up. please go back to the previous design which was miles better"
65731c05c2138be2473b2f06,Trading 212,google_play,very easy
7396f2c0ca161b07806bdfb4,Trading 212,google_play,Top Notch............!!!!
b25f31e63c7109f60f44caed,Trading 212,google_play,Amazing platform !
05061c424a8546abed98c903,Trading 212,google_play,"Easy to look at, easy to use, speaking as a first time ""investor"". Makes it feel easy and would recommend to other rookies."
85e1b5cb17de887123bfdd03,Trading 212,google_play,👍
6a60e39c6a2ea2677f7fd76a,Trading 212,app_store,"It is extremely difficult to move your isa from Trading 212, i have been trying for over 2 months and i still haven’t completed it, they have no sort codes, and finding the account number isn’t easy. And if you want to call them forget that because there is no number. I can’t wait to get away from them. DO NOT USE TRADING 212!!!!"
3ea8419aa033130ad67c026d,Trading 212,google_play,"Easy to use , cost effective, with trader posts and AI analysis of stock&shares.."
39bb6c9fe302c2ad0747429b,Trading 212,google_play,"Been using trading212 for about 7 months now, really like it."
579ed4b17f9880234df2c6d2,Trading 212,google_play,easy to navigate
4aca8882fbdce964c21beaf7,Trading 212,google_play,Easy to use good Interest rates. Informative investment articles.
f2547cc24ca1cc08ad63df6e,Trading 212,google_play,"Not been here long, but good so far."
f7027fe625bb8a69866765c9,Trading 212,google_play,look genuine and easy way of living.
9c3e6b5d86760e86e9e7fca2,Trading 212,app_store,"Just started using this, and while the app looks good, I’m already seeing that spreads are wider than I expected. Not ideal for beginners."
03a0b3ff37704047fa61f409,Trading 212,google_play,perfect UX & UI - super intuitive!
d80992ec8bff82988015db13,Trading 212,google_play,it's a good app but could be better. Pie's need better search and management. it's annoying that auto-reinvestment of dividends is only available in the pie and not individually purchased stocks. having activity in a central location with filters on stocks would be useful rather than having to find the history of individual items.
ef0fccea94cace375f53ba38,Trading 212,app_store,Really functional…
90103117aee5c2b1518bd0a1,Trading 212,google_play,"What documents do you want to accept my proof of address? I tried everything but your response is ""we don't recognize the document to be valid"". It seems that documents from the Philippines are not valid to your review agents. I'll look for another trading app instead."
00f59c0ab3c02614f06312c2,Trading 212,google_play,"simple, easy to set up, does what I need it to"
4fb3f401770c1a6e44f91be4,Trading 212,google_play,"first time trader , app is simple to use"
b2d648012ac2ae31dd1940d8,Trading 212,google_play,I never want to see your advertisement again. Everytime it comes on at full volume on other apps. Stop it. No one will ever use an application they feel stalked by.
434c4a76368848b583ece5cf,Trading 212,google_play,"jeeez...talk about cluttered, and a screen full of usa shares..totally unnecessary number of pages etc etc.....overbloated. glad I looked around the site before donating my cash and bringing over my shares !! a good zero cost to trade FAR outweighed by a cumbersome unusable ui. adios."
ae331d750901b26f67b76fc9,Trading 212,google_play,Great app with fantastic interest rates in the UK. makes buying and selling shares really easy
3125ac970ba4d6a6cdf6feed,Trading 212,google_play,pretty decent and easy to use
3f0a1892d9b0f5fd93af74f3,Trading 212,google_play,Brilliant app
0e67d8d417ac5e4d0b5fe27c,Trading 212,google_play,the app is very so nice
948196d9f9fb01452f9cf55d,Trading 212,google_play,fast and easy to use. love it
a7d5274eaefc1f1e41f908e0,Trading 212,app_store,A fuire gros ARNAQUE
602872528c47cace9d170f9d,Trading 212,google_play,"Rude customer service. Long withdrawal time. It's hard to get money out of the app, and the pricing is not accurate at all. How is it possible that the stock price is $1.78, but I'm paying $1.87?"
02a1b00d9642852766777762,Trading 212,google_play,How is recording my face any proof of my identity? The app doesn't know if it is me!
d63c0045fb6a3f58306153e0,Trading 212,google_play,so far.....excellent.
8b64cc7743ae4af822b01ab0,Trading 212,google_play,Excellent
cac9eab2cd83d03084de6fe4,Trading 212,google_play,Random trade stops on account for no reason.
b2b7da68b7f7483e8134044f,Trading 212,google_play,the app is good. I just got into it at the wrong time when everything is crashing. or maybe it's a good time to pick up cheap stock 🤔
1b5feb93834fb78c0941d958,Trading 212,google_play,Good interest rates
797b4d32a1930dfae7090055,Trading 212,google_play,top app
61c270217f2ca17080ee48cb,Trading 212,google_play,AL analysis could be a bit less neutral.
f144a6a970fbfc5fd2ab38dc,Trading 212,app_store,This is a great Trading platform for everyone x if I can work my way around it any one can x all the best
a6ed414712cae46d742d7e55,Trading 212,google_play,CFD tutorial doesn't work at all. Other than that it seems good so far.
f354acf6078038c1202d5d11,Trading 212,google_play,easy to use
cd84e5e6cbb4245bd58a0fa7,Trading 212,google_play,easy to use app with lots of great information to start off your trading journey
d93a3b82e9b2ae698b01ea9c,Trading 212,google_play,excellent
d71f45602e43ed1e230a2637,Trading 212,google_play,Very easy to use platform!
917c976f4379f06405a8d391,Trading 212,google_play,"love it, it's easy to buy shares and sell them easily. I'm new to all this but it's pretty self explanatory. recommend for first timers"
6cb2204d285ad4f98d111a90,Trading 212,google_play,"I used to really like the app, but they changed the eligibility rules to get cashback, so now you need to have an active monthly subscription. Ridiculous"
2ff0ed4d3d9b34bf3883cfb3,Trading 212,google_play,"A great App, works very well an no hidden fees, an those you pay are minimal in comparison to other platform I've found,been with this four about 4 years, couldn't be happier"
5e34f945fd7b0cc62e893de0,Trading 212,google_play,"Simple to use, good interface."
fef30da11440fbcbec0db64c,Trading 212,app_store,Just started- £16 up in two weeks- let’s see how this pans out over a year
81287eb2bf05937ec50006eb,Trading 212,google_play,Issue resolved
31a0b6a9fecf7b29fffaee1d,Trading 212,google_play,Very straightforward to use. Love making the investment pies. Would recommend to any casual investor.
3f3869cd2870b5664bb4c67c,Trading 212,google_play,"Horrible new interface. Bored developers, justify their jobs. Beware before downloading. T212 (if you bother to read these) check the HUGE 'off-topic' post about this!"
939a972399056f0635b19063,Trading 212,google_play,great 👍🏿
3fccd2cd6ff1c1a51c791879,Trading 212,google_play,"Finally user friendly UX for trading app :edit: the one missing star is because of lack of Czech stock market (PX) and inability to buy some shares (like CATL, Aferian, etc.)"
59797531e2e44a411482bb4f,Trading 212,google_play,"Great app, huge functionality in comparison with some others. Crashes quite often when I use charts though. be nice if you could fix that. Quote before buying on market orders would be good."
92d89aaa81b2bffc00064860,Trading 212,google_play,excellent app
558c2307aa057ad0ec705970,Trading 212,google_play,"easy to navigate, Sometimes freezes but I had to reinstall and now it's working perfectly"
a3215d689bf43a04d65ea29a,Trading 212,google_play,Bonus from Yt ads:)
9f579f7edbb094a13cafbd08,Trading 212,google_play,Has it's foibles but easy to use
4390f7fcc7502323ffb1616f,Trading 212,google_play,Nothing can touch 212 PERIOD!!
eebc34423521de1cd63cb9de,Trading 212,google_play,I like the app however the old version was better as when it comes to reading the balance sheet on the graph the numbers are so small it is very hard to see it....
e2b655dc4a551ad4edabda87,Trading 212,google_play,easy to use.
efdf41fc77dadab245fe1dc1,Trading 212,google_play,Trading 212 often lure you in with offers they don't honour. Run!
87661aa46bdbe6b72c6858c5,Trading 212,google_play,This app provides helpful information on investment options
f8d461ea21e0bcce5bb33e17,Trading 212,google_play,This is an excellent platform for new and the more experienced investor. The platform offers a lot of options to choose from in my humble opinion it's a great place to put my money and build up a healthy Stocks and Shares Portfolio. I would thoroughly recommend it.
8edea71bb22b52f433c29982,Trading 212,google_play,very good but could be better by adding crypto
864551e68454f66e33dd2f25,Trading 212,google_play,"good trading platform, ready to navigate & use."
9ab6b016a19d60d7506b8cfd,Trading 212,google_play,"Unable to reconcile a simple bank transfer, no explanation offered and zero assistance with it. strangely enough they have no issue crediting payments when they can charge a fee. Avoid at all costs."
5850453e69196cd58ef8d08b,Trading 212,google_play,"so far simple enough. I haven't tried a withdrawal as of yet to see if that goes smoothly BUT I'm investing, not withdrawing... 1 day I'll update this comment with a ""yeah the withdrawals work 100% the £1,000,000 withdrawal didn't take long.."" time will tell..."
1e8de4ecb87d39c60213b6df,Trading 212,app_store,Ottima grafica
5a79e0a1c999ccf158444ca7,Trading 212,google_play,Older version was bettee where you could see line and candle view in one button. Now it is more complicated. Buy and Sell buttons were better off at the top. No improvement in newer version. Older version was much more better. Dont know why make unnecessary changes which make no difference.
f5bcff6729c860a0642e35fa,Trading 212,google_play,The best for android
95ee19445d3883987432ce34,Trading 212,google_play,"easy to use. good layout. I like the AI features, even on the free version. Cheap rates too"
a4bccc9932a8e8004deaeedd,Trading 212,google_play,i just love how thay take your money instantly .but when it comes to making a withdrawal it takes them 3 days to send it back
86b9df8b9fc45ae8293510f2,Trading 212,google_play,Great way to save. the banks give you nothing
0fb81b99b7a240c6a937fbd3,Trading 212,google_play,Really would recommend trading 212. good interest rate. good app. very simple to navigate and keeps me up to date with how my money is doing. brilliant
04420ae3475ff63256195f65,Trading 212,google_play,Just got started
290c07a69c3aac68dcf58d90,Trading 212,app_store,"Nice app, clean and slick."
14f003607d595497f4750458,Trading 212,google_play,does everything it says on the tin
f4c995c9d85afb7403bd3eac,Trading 212,google_play,really easy platform and highly recommend
8e05783c227032be9610a042,Trading 212,google_play,"I had to change my review from what it was before (5 star) to current review. Whoever is recreating the app is going from bad to worse, atleast on the phone. Is getting worse and worse,sore to the eye with too much movements, constant moving of in app to view simple stuff. Is becoming frustrating using this app."
a77e9bcd7436376a3b91abd2,Trading 212,google_play,"Very clear, great communication. 👍"
89a09382474b4eb3b0d0f61f,Trading 212,google_play,Country (Mauritius) not supported 🚫 Why? Can this be corrected ?
643102d5ea3e7ffa6e34f447,Trading 212,google_play,prompt and professional. thanks!
633f622203cc2fea5394d171,Trading 212,google_play,"It's better than expected 👌 Currently, there is no competition for me."
b3d481bd6c7d288f88033c3c,Trading 212,google_play,easy to use for small traders.
d5dd0e72e70c9f28fbe12d31,Trading 212,google_play,Perfect in every way
f5e1eba0d3bf66804415c234,Trading 212,app_store,Excellent app and service.
a211e80847b46845ca352235,Trading 212,google_play,what a real difference CEO Mukhid has made
eb175aa27749021aa9754997,Trading 212,google_play,best trading app in uk
0c6ed0cffcd204591c1826fb,Trading 212,google_play,update absolutely honks
55b33a471fd229cc570bafd6,Trading 212,google_play,The latest app update is very bad and is not clear. Why do force me to give a bad review for a good app? Unfortunately I give 1 star for a great app because of last update. Are you happy now?
e70dfcf271aebc17b4c187f5,Trading 212,google_play,"very easy to set up , very good interest rate"
0f2d63894684b00db802222d,Trading 212,google_play,Easy but addictive
a856f8f42ee93dddbbd1dd65,Trading 212,google_play,Please can your developer improve 2 features. 1.when seeing your profits or losses can you put a total amount next to the day as it only shows each closed trade. 2. be able to click one button to close all open trades . you switched off the aggregate feature but now it's very difficult to close for example 5 open positions simultaneously. otherwise a very good trading app
682a4b63afce965608882602,Trading 212,google_play,"Easy to use, given me the opportunity to trade and invest that I wouldn't have done otherwise."
a4c7aaf7ee1aad00e2f0d0ae,Trading 212,google_play,great
ec1424e68427407316cc32e9,Trading 212,google_play,basically for forcing digital ID to use it
9613dab8b0a0d2d9a2499798,Trading 212,google_play,"A month ago I would give it 5 stars. Today it's 1. They clearly don't use their own app. It's now slow, clunky, has features no one wants or uses. It's hard to navigate now and you cant disable the Ai slop either. I've found a site to get older versions. Updates now turned off for good. nice one t212. Take a well made app and ruin it in a month."
98cbca730b5c95b710e38193,Trading 212,google_play,easy to use
0f0c73d925a276c3e8818f6f,Trading 212,google_play,"The decimal point no longer works when typing an amount to deposit, which is a tad annoying when you have round up phobia as I do. Edit. I am not funding by card, I am using bank account and it always has worked until recently. Extra star for replying though!"
8f562f18d4d7d67f71a249de,Trading 212,google_play,"So far, so good :)"
34f3c491d4c6ff0489aeffa2,Trading 212,google_play,Excellent app for investment. Easy to use and find anything you want. I recommend it with my whole heart.
1fe6591dcc563bc763f4ba07,Trading 212,google_play,"UK = Don't bother. Basically said to me they can't guarantee my AGM rights on UK stock even though I'm a UK resident. Borderline illegal, untrustworthy and completely pointless. Get a better app."
00903b3f4e25f97a357cf883,Trading 212,google_play,Until recently the app was good but they've updated it and now it's not so good. Here's hoping they roll back the interface to how it was.
c21e7866c77112c2475f4f29,Trading 212,google_play,great for non professional investors.
8da4ea9b6658ef6ee560ddf8,Trading 212,google_play,"I would not put money in this app, because of my experience with palmsbet, winbet and efbet all of them are a scam, when it's time to withdraw the verification starts, they will try everything to hold your money."
5f690cd4f97cd0691bc08399,Trading 212,google_play,"at the moment, I'm only using practice mode to learn. But it's so clean and easy to use. A real all-in-one trading app. So tempted to use real money but like any investment, scared to use real money incase I lose it all 😂. But again a fantastic app"
d6ccca3707f8976a8ad685d5,Trading 212,google_play,too many app interface updates that are really badly thought out and really make using the app worse every week
2248bfbab0e0213d148486b8,Trading 212,google_play,i have not become a custom as yet.
0620103c69978e5a30bc5c1a,Trading 212,google_play,Good so far
68b7ebe1261b0f600cee6d0d,Trading 212,google_play,easy to use. easy to get your money when you cash in. no problems.
b0efa03ee66401ab0335360a,Trading 212,google_play,"Simple to understand, good platform, lots of choice, affordable."
ad36d5d353ac627147dc1256,Trading 212,google_play,"good app for trading, but don't get notifications. you will lose all your money following their ups and downs."
ffe392276764e5e6183c7d03,Trading 212,google_play,"Great, would recommend 5☆"
c0cf2e2b62ae217e91b75142,Trading 212,google_play,Easy account management on the app
7da9a91e0b9e45c251548f19,Trading 212,google_play,there is a corporate action on one of my holdings where shares on London exchange (LSE) are transferred 1:1 for shares on the New York exchange (NYSE). This happened on 7th May (11 calendar days ago) but at present my account still shows the old shares that are suspended on LSE. Information from Trading 212 is concerningly vague when shareholders holding shares on other platforms already have the new shares and are actively trading them. This is a concern as a dividend is due in 2 weeks.
5c9bc9c473e7024af3789b71,Trading 212,google_play,"New look app update is backwards step, please consider reverting back."
b5ec3d47fc4daa5c4cd29a8b,Trading 212,google_play,"Used to be a good app and web interface but it seems every week they decide it is necessary to change the UI taking away easy to glance at important information and hide it behind big shiny buttons or take away UI features that were good and now make you have to click a lot more. The UI was great before, now it's a mess, ugly to look at and vital quick glance information hidden behind big icons or submenus. Update December 2025. They made even more changes to the UI, now it's even worse, why?!"
6456870678d31de1862ef1a3,Trading 212,google_play,"At first it was ok to navigate but it took me ages to find out how to send your funds from sales to where you want to. Maybe it is me but apart from that the dollars and pounds, you could have both up next to each other or the chosen one in brackets against the dollar. It isn't always easy to determine the currency."
e7bc195398f0d0a5ce588124,Trading 212,google_play,"Easy to navigate, useful UI"
86ed9da00256ee9b9acf4d85,Trading 212,google_play,An excellent app and ISA. Great rates and so easy to use. Recommended!
47134904702fcad817b3cbc6,Trading 212,google_play,"I have heard and seen many good things about this platform, I just hope they make it available in the U.S. soon!"
54c7fb41007285b818280030,Trading 212,google_play,so easy to use.
56d87831a8b03ba801657033,Trading 212,google_play,i realy like it and very easy to use
2f892e8610eb25d1606813fb,Trading 212,google_play,Great app
7d2be38a58241c4a5fa65c06,Trading 212,google_play,the best 👌
951297800af5820a13bc666d,Trading 212,google_play,Trading 212 block feature on Social doesn't prevent the blocked user from seeing & interacting with your posts - it just stops YOU from seeing their responses. This is dangerous as it allows spreading of misinformation to go uncorrected. T212 support has been made aware and no action has been taken.
fb8509ebcbc4486af44d45ba,Trading 212,google_play,Excellent 👌🏼👍🏼
8ad491daa496a7131fb63737,Trading 212,google_play,"so far very satisfied with the app, its interface and options. not using it very long yet."
2ba08222d6ddcbcbbf8fa485,Trading 212,google_play,excellent app
eca4d6a318dc96d2c7662e07,Trading 212,google_play,Fanatic investment app!
9b9168606399aab4632a462a,Trading 212,google_play,Very easy account to manage with a good rate of interest. You get daily and weekly notifications on how much your account is earning .
1f6882a6f6da5d5a1af438ea,Trading 212,google_play,"Please bring back the old UI. It is tiring to have to click gains/losses everytime to see the fx impact and the actual gain. Edit: Thank you for your reply my friend. I use your app every single day, in the old UI, you could immediately see the fx impact and the actual gain you have made from a stock, however, in the new UI update, you have to click on ""Return""to see the fx impact and the actual gain which is just a headache. I'd appreciate if you could do whatever you think is necessary.Thanks"
36804c1a4f4f137a03c454c3,Trading 212,google_play,"could be a lot easier to navigate, some parts are quite confusing, and options need more basic explanations, 212 wants regular people to invest money, so the explanations and descriptions of things needs to be aimed at the everyday person and not just professional investors,"
67037723834e1faac849cd97,Trading 212,google_play,"cnt create new account, yap aldy email that and only get the most basic generic useless guide like any bad customer service."
1adc1eff25c2e17b992e3832,Trading 212,google_play,Easy to use even for a novice like me.
be877a82e7229d6c321fb1b5,Trading 212,google_play,could be made a little better 🤔. I have to remember to make a list of pending orders. I think this could be made easy by making your pie a click link. If you use my idea. I'm open to some free shares. lol
9f19f0c01a0109aa909f6382,Trading 212,google_play,excellent platform
a8fc03322ed27b944d3d1b10,Trading 212,google_play,brilliant
11386284d3f791a7eaa50015,Trading 212,google_play,"great app, very user friendly"
775cda6ac74dcd8e965b6ef2,Trading 212,app_store,Awesome
548502afededa8bb6392801c,Trading 212,google_play,Good app. One star off for how tricky it is to log off.
e697b02d7f073f1a55c10a96,Trading 212,google_play,"I find it very confusing as a first time user, so I get frustrated and unsure am doing everything right"
0303874781e308b26b2bd6f1,Trading 212,google_play,I locked withdrawls in review and you have idea when you will get your money to your bank account.
90e8133e1d2152766eef7ea3,Trading 212,google_play,Great platform!!
a44fe0660ee3b639747ed794,Trading 212,google_play,New To Trading 212 Love this App
4463015af8e6807783d84383,Trading 212,google_play,nice!
9f8909f53cacfdcb28a2a81d,Trading 212,google_play,Only installed due to faulty video verification when accessing on PC. Will be leaving Trading212.
38ad2718f23ae94a8e217f82,Trading 212,google_play,"excellent 👌 ,"
7a9881541a770d5f93ab55e3,Trading 212,app_store,"If you want to lose all your money, join the 212. All manipulated scam"
17d45586a9139043217c0b59,Trading 212,google_play,very nice
8719f8511545488f6aa2688b,Trading 212,app_store,My understanding is that not all companies are equal. My experience with Trading 212 is positive. I found setting up a cash ISA easy and receive daily updates on interest received which I find quietly reassuring. It doesn’t feel like you’ve invested your money and don’t know what’s going on with it for months.
a295e21762e19c2fcdfb2096,Trading 212,google_play,Excellent app
0c963c033db408e879ddfa3c,Trading 212,app_store,Perfect for learning and good leverage to keep in control. Better than many firms
87cd224ad98b30584d08f239,Trading 212,google_play,easy to use
95d52381e6f4feb7a3de0dec,Trading 212,google_play,excellent app well happy with it
0a21f02f681d7ae6e2320b07,Trading 212,google_play,easy to understand even if you haven't traded before
fd242663ea7f3137a47d17a4,Trading 212,google_play,"good app, not sure about recent change to user interface. preferred the previous view options of stocks isa breakdown all in one page."
4f87ea5b15a13682bf8323fe,Trading 212,google_play,Enjoy using Trading 212. Gives you the chance to buy and sell shares cheaply.
8fcadbd5af467d4c92c93eab,Trading 212,google_play,Trading 212 will do Fraud if you buy and sell on market rate Update I had sent screenshot to your chat portal how I am scammed by trading 212
77564bdaf543558a4283d5ca,Trading 212,google_play,The toggle for currency/shares resets itself to shares at times just before you buy or sell meaning you could be buying or selling a larger amount than expected if you don't check carefully. It says on the site you can trade 24 hours 5 days a week but despite the fact shares are open for trade and I csn see others trading (the prices are constantly changing) there is a message saying wait until normal market hours. Also the bot supprt wasnt helpful to me. The good thing is it has some nice pies.
38811540ad043e548abd36c6,Trading 212,google_play,amazing app. using it for years
e6a54d5e921ee93e27c20c5f,Trading 212,google_play,Only playing with funny money. but it's been great so far. can't wait to get serious money. so I can be rich once again.
58de76e3845454f3bb0cc710,Trading 212,google_play,Fantastic app. Just transferred my S&S Isa from a different platform and I'm impressed. One small thing I'd like is to be able to sort my portfolio by % Daily change
1c4002ce54497e0910eff5a8,Trading 212,google_play,great trading tool with lots of insights and love trading prices and no commission!! why haven't you downloaded this yet???
3472396b0233b4c3f8c0b552,Trading 212,google_play,fantastic app and site. easy to navigate and use.
fb4ada559f5c736c79cc3128,Trading 212,google_play,really good app to start investing
f54f46d9dff53dd3585226e4,Trading 212,google_play,usa isn't supported for some reason?
b01a8509ee9875cf1b2e38a4,Trading 212,google_play,"Great app, easy to use."
48b7fd3bf3b626b650b7f5e1,Trading 212,google_play,All I need is in this app. Perfect. Easy to understand. The most important thing for me is that I can buy just part of the very expensive stock.
610a5af372c5a4da6aeb9f8c,Trading 212,google_play,"I love T212. It is reliable and trustworthy. I've had no issues retrieving money, it is so fast and simple to use. I think it is the best app of its kind available. loads of info on companies to invest in without it being overwhelming."
e992499ad2c5499741850ff2,Trading 212,google_play,"easy to use, removing a star as you need to add funds to create a watchlist."
f5894985743922a8b84e7455,Trading 212,google_play,interesting
cf6bd09986d6fab0e5e21d92,Trading 212,google_play,just finding my feet on the app .. slowly slowly learning from scratch
02bd874d699471d409dc2556,Trading 212,google_play,Can't make a bank transfer and don't wish to link my bank to a platform that comes up as not safe
5aa9dd4f60eabf6cf0b22b92,Trading 212,google_play,Great
4a10f06a6b4f8dd9c53b22ce,Trading 212,google_play,good response from the CS.
ba58a9343bdfac4e33eacbe4,Trading 212,google_play,kindly improve your limit and stop option it's not upto the mark as your app is. loving it using.
d3b3d5b89470f4f376217503,Trading 212,google_play,"For me, the best app for trading. No fees in trading, good app with option to create ""Pies"", for easy investment!"
36d4c3626f6a796cad545b28,Trading 212,google_play,ok so far 😀
a75ce2e434179a596a5fc433,Trading 212,google_play,"(Revised review) Everything was going well until they limited my account to closing positions only! I have done the CDF Knowledge and Experience questionnaire countless times, and I cross checked my answers (my answers are 100% correct), but unfortunately , I am still unable to trade for over 3 months now. Very disappointing 😞!"
9b65c7b5b0cae19077bf3470,Trading 212,google_play,"Notifications are hit and mis. Even with battery optimisation off for this app off, they just don't work which means you missing out on potential deal."
5140e9d7217f126ab14aebea,Trading 212,google_play,best app ever. Keep it up:)
7e74fa868fabf8a565b40bc8,Trading 212,google_play,📊
d6bad004c9f19c553d0e6885,Trading 212,app_store,Non funzionano e non sono quelle che ho ordinato in si accendono chiedo risarcimento urgente
a10b02f3e7cfedb9404c4cb1,Trading 212,app_store,The spreads are massive. And I don’t understand why it’s so hard to check when dividends are due-it should be a simple feature!
c14e21dc5384af065cdc9f74,Trading 212,google_play,"They keep asking for documents on how the funds where found. Even after having provided everything (payslips, bank accounts the money came from), they keep asking for details that seem irrelevant, like the stocks I have from my employer. This feels like a scam, not sure where this info will actually contribute to."
4dfa0c4ce624af660a5b2963,Trading 212,google_play,I will be your best friend thus is gambling name whatever you want specially when it comes to CFD Don't do it investe or ISA but after this week system showed me this platform is unsave untrusted worthless waste of time and money costumer service very systematic bot but learnt my lesson only when things go wrong your realise how good a service is.
451694f54c7e9affe9fc7053,Trading 212,google_play,very easy and intuitive plus improvements always made. being able to withdraw all cash from all pies wpuld be a great feature though
b16831b88f47c47142a1a0d9,Trading 212,google_play,easy to use
d50c3523082691927d21224c,Trading 212,google_play,"very good app, improved a lot over the years."
7e79565556c8e4c1bb4e5179,Trading 212,google_play,solid and reliable
1fcad60150610e191705673f,Trading 212,google_play,Very useful app
bf54749376e5e91ff8c70a48,Trading 212,google_play,excellent
c9c0418ad1e84b160883b0aa,Trading 212,google_play,Best stock trading app period. Interface is easy to understand and deposits come quick
c7b131bfed40cd668c762681,Trading 212,google_play,Withdrawals too slow. Not practical to use the card if you can't make payments
a57883308cfe844a3a963297,Trading 212,google_play,"Long time user of t212 but the constant changing of UI is probably going to change that. This latest update is a huge step backward from the user friendly, intuitive app that 212 used to be."
201d1ad8b2a5bd10f5763cc8,Trading 212,google_play,easy to get your head around and easy to use.
5d695dfa888bc4e53c6a0ae3,Trading 212,google_play,"Instant bank transfers not working which is frustrating as a first time user of the app. It automatically opens a browser instance of the banking apps and not the apps themselves, nothing is wrong with my phone setting or default browsers"
f3262598514e74a1cffced6c,Trading 212,google_play,"Terrible app. won't let me log in as it says invalid credentials even though the email and password are 100% correct. The dumbest thing is that, to create an account, you have to already have an account to log in with. imbecilic in the extreme"
1e81be6845a5d8c74800f398,Trading 212,google_play,easy and good app even for first starters like me...
ecc361715803ac228d6b8f30,Trading 212,google_play,"A decent app to get into the world of stock markets. But for Christ's sake, whoever is in charge of the UI/UX, stop! I've been using the app for couple years now and every UI update has made it more difficult to use. The latest stupid move is to put all your instruments in a drawer. Swipe up to open it, but there's a 50/50 chance that when you swipe down to scroll through the list, it'll just close the drawer. I end up in an endless cycle of swiping up and down just to get back to the top."
ccf9e300d97d6c41f1f71e74,Trading 212,google_play,"Perfect. Compact, powerful"
6ec525356ec624980b3f40fc,Trading 212,google_play,am just new to investment business but I believe this platform is the best for investment options
3f077c400fcaf66ad95f60df,Trading 212,google_play,notifications not received. clunky system
1a5c70bb02507f2e41fd191b,Trading 212,google_play,"Well recommended, you can see exactly how much your isa is doing. Excellent."
e1283789b844307311340d76,Trading 212,google_play,i love 212 invest . it's easy to operate
7b5d9467da27d8e46c69d313,Trading 212,google_play,"User friendly, lots of information and many options to invest in."
665e31109604b6e3a34b899b,Trading 212,google_play,"Informative, nice layout, no fees, trading made simple!"
350094b5984bed4fd8abb349,Trading 212,google_play,"Don't install this app you will loose all the trades, so slow"
e32c8a9308259d0e06cff0ca,Trading 212,google_play,looks fabulous app
6ffed0cd7eacf702c3e4a834,Trading 212,google_play,why are stocks available on invest not avalable on CFD today 18th march 2026 AIM Immutech inc. and VolitionRx Limited both not available on CFD and even if they are there are less shares to trade . please fix this
457f491ff02dc3ed516cf0b1,Trading 212,google_play,what happened to the news? Who cares about the community feed? Opinions don't matter to make solid investment choices. Please bring back the facts to the instrument screen!
c8c2c9dc6c9388451c5c4db4,Trading 212,google_play,cant move to anything easily
73b07a61eb1707bd8e656d0b,Trading 212,google_play,Excellent
d602514bf387ab39e36a9076,Trading 212,google_play,"DO NOT PUT YOUR MONEY HERE, THEY WILL LOCK IT!!!!! I have been using Trading212 since 2021. I managed to save a good amount of money. Now (Jan 2025) I need to withdraw the money to do a reform in my house and Trading212 is making it difficult for me to withdraw my money. There is a cap, and you can only withdraw a part of your money. If you ""verify"" your payment account they increase the cap, but it's still below how much I have. Sadly I can only type 500 words here. There is more to tell."
d8fe8d25657f49555f94fd47,Trading 212,google_play,it's annoying the app asking you to set up code and asking you to turn on notifications every time
8373dd3d209a9182103b8d93,Trading 212,google_play,Great account to have
c3a582cf8a07644d8f05f3a3,Trading 212,google_play,good tool
27e6bce58799d463f3bd4961,Trading 212,google_play,great for trading small amounts with no trading fees. was using hargreaves for years. got recommended by a friend to trading 212.
3d4858be998f40645b1fa611,Trading 212,google_play,Very good But I hope to do DRS on my stock in the future
1ad2ab56df59a9829271cccf,Trading 212,google_play,"Great app, easy to use, good insights"
dd30d909509f561fc04da0e2,Trading 212,google_play,Adding stocks to a Pie is most interesting option of Trading 212
40edd8e0faa00d3cb6220464,Trading 212,google_play,"easy to use, and get started. Good layout."
d1adccd33082864b8b4805db,Trading 212,google_play,very easy to use for a novice like me
5a2105d740c076d01a701275,Trading 212,google_play,they say interest is paid - Yes in next financial year or transfer out
4005dbf6a245c7037aa0f4a3,Trading 212,google_play,Awesome experience so far .......
5e5a496afd5091b8e6fafdd6,Trading 212,google_play,easy to use. great value.
ee22cff6ab3cb0871fa29182,Trading 212,app_store,"Nagging for rating is against Apple’s terms and highly annoying. This 1* review should learn ya.

You don’t force clients to leave a review, you can’t, but you nag which is against Fiverr terms.

Baffling massively complex interface with way too much going on, hard to find deposit and withdraw, hard to tell if money is just deposited or invested. Try usability testing the app with users 🤡

I don’t want you to tell me how to do this I want you to usability test your app. 5 people in a room who don’t know how it works, give them 5 tasks each zero prompting. I guarantee non will understand how the app works."
35f440fe4549601c966bf8e3,Trading 212,google_play,"Why forcing a video verification, I don't have camera mobile. Pls have other options for verification too. Awaiting reply. Easy to use and great shares availability"
efb118409f5e723b2bd35542,Trading 212,google_play,I love it
4a1fbc63ef522dc6a77a3a0e,Trading 212,google_play,Very visual. Great for a beginner.
f2a00e5552425f7c464b1207,Trading 212,google_play,the future of Investing
55f236f3fcf06f32d43fa08c,Trading 212,google_play,Best thing ever
d8c390a0942650b62b09335c,Trading 212,google_play,"This is such an easy site to use, and great when you make money."
9d031dda51e0a7f135dc7a64,Trading 212,google_play,the new update is really the opposite of user friendly
94f4c0f7622f40c904f80f06,Trading 212,google_play,good for beginners
e58d48bc03151aff451ddc77,Trading 212,google_play,It's pretty easy to use as a first timer.
307f3932b959fa97c0b87a76,Trading 212,google_play,really pleased earning money everyday
dfdfab91be3c4ddecf2db2b6,Trading 212,google_play,"new update is letting down , why make it 2 clicks to change the chart tick time frame? change back please!"
39b95daf2b373305a5b5000a,Trading 212,google_play,just great for me a newbie
9be19264f280e6c595f13fb2,Trading 212,google_play,I'm a complete novice but Trading 212 app made investing easy for me
53bc30051c86621c7acdf60e,Trading 212,google_play,great
7e53e93c6c23ead2a247ab2c,Trading 212,google_play,What's happened with so called user interface ??? This new layout of stocks on CFD is absolutely abominable... Return the old one and I will gladly change my review
591440b3d29f9a7fe7da4e03,Trading 212,google_play,difficulty depositing funds
