review_id_hash,labels
db28edcab93ab51593392977,GENERAL_SENTIMENT
2a43a52539d228357c48e05e,FUNDS_TRANSFER
a30a2872402dd7810a65ce11,FUNDS_TRANSFER|USABILITY_NAV
a4b0eefc0c922f0e47abf709,GENERAL_SENTIMENT
f3123e10a537dfdad8d5b65a,USABILITY_NAV
f266799a985df995ac6e9aee,USABILITY_NAV
f6f8cdbbfbe7f94f666d092f,USABILITY_NAV
8829ee76ad11af36ba7ba2ae,TRUST_FAIRNESS_REGULATORY
9fbcb35b5ba897c445ce12de,APP_STABILITY_PERFORMANCE|FUNDS_TRANSFER|FEES_SUBSCRIPTION
c4815d9589615f3e5868a08c,GENERAL_SENTIMENT
337ae6b6cc2b1e345d3099c6,CUSTOMER_SUPPORT
d630b416eebb480f4a2f3ccc,FUNDS_TRANSFER|ASSET_COVERAGE
c38560312663fb43942ad77d,CUSTOMER_SUPPORT
2e52e4dba6b4df6e5b30d449,ONBOARDING_BEGINNER
c022f72a5f3cbdfc6db60b67,GENERAL_SENTIMENT
2a5cb61a08de4797a48513df,USABILITY_NAV
9dd46adbea66fe29fc0a196b,GENERAL_SENTIMENT
a0a27ddf379b6daf7126402b,USABILITY_NAV
47a8d1817a0538aba27125ae,ACCOUNT_ACCESS_AUTH|CUSTOMER_SUPPORT
f68a8efcebc1f0bbdc932cf3,USABILITY_NAV
257e61cbc99bd1654b00a508,GENERAL_SENTIMENT
87b4025936ef2ec30d16fdb5,APP_STABILITY_PERFORMANCE|ACCOUNT_ACCESS_AUTH
7e79565556c8e4c1bb4e5179,GENERAL_SENTIMENT
8515da8ce446dd64ae70bf5d,ACCOUNT_LIFECYCLE
7a9881541a770d5f93ab55e3,TRUST_FAIRNESS_REGULATORY
dcff1372b7a7caaf8625b61d,CUSTOMER_SUPPORT
cabb4d267867e43c5e6c613a,ACCOUNT_LIFECYCLE
5d4117c0087c95ec31baffe4,ACCOUNT_ACCESS_AUTH
b13244a6eeee063a38890b49,GENERAL_SENTIMENT
e08b943a317893e39c075cfa,GENERAL_SENTIMENT
77686bacb74e760f21337c65,CUSTOMER_SUPPORT
234c1e175fd97a651a3290ad,GENERAL_SENTIMENT
75b39816c649b96392a299e7,GENERAL_SENTIMENT
df5ea0ae0e98f0913adf79ff,PREDICTION_MARKETS|CUSTOMER_SUPPORT
d9a402b7874e0511fe480c2a,GENERAL_SENTIMENT
8a4ee3a31b4d9e2af018a986,GENERAL_SENTIMENT
6fe79f6f5dfebb2cd6f50272,USABILITY_NAV
4b2fe1961b712038dacf8b96,ONBOARDING_BEGINNER
8b4230c5532014bd8b5ec4aa,GENERAL_SENTIMENT
533c859744daec9188b8f015,USABILITY_NAV
f63fcb4d08d28246558451fa,USABILITY_NAV
881344e46411fe7d29befe6d,APP_STABILITY_PERFORMANCE|TRADE_EXECUTION
3ec4f8aa10017a6ecaba4fb0,SECURITY_PRIVACY
79e37e82626d2b28df4a8ddf,USABILITY_NAV
9721161f37158d22e3b0cb95,USABILITY_NAV|SECURITY_PRIVACY
68b7ebe1261b0f600cee6d0d,USABILITY_NAV|FUNDS_TRANSFER
7bd55c67d28a6a0f5838b2f6,ACCOUNT_ACCESS_AUTH
9c969f679d6a8bcdcf06b6b8,GENERAL_SENTIMENT
cc087b5c6b99702d2c96c1ca,FUNDS_TRANSFER
4e09ca34a4cdc59fee2d7d24,USABILITY_NAV|ONBOARDING_BEGINNER
59778f0fd42d508734e3b858,FEES_SUBSCRIPTION
9d443d75b73fcb717c81ee9a,ASSET_COVERAGE
472843535ec48d7b5cc21d7c,GENERAL_SENTIMENT
90efc83485bb967234933dc8,ONBOARDING_BEGINNER
0cac9b9e1e5fff27449e5a3d,FEES_SUBSCRIPTION|CUSTOMER_SUPPORT
38ed86d69b9c48e6643615fe,GENERAL_SENTIMENT
2409c12b685fdabb14a7de47,CUSTOMER_SUPPORT|FEES_SUBSCRIPTION|FUNDS_TRANSFER
68ab405477bb7dd5855c9e6b,TRADE_EXECUTION
f842e07d334318dd40c82fca,ACCOUNT_ACCESS_AUTH|APP_STABILITY_PERFORMANCE
20e45a9b3fe7f960cee60269,CUSTOMER_SUPPORT|FEES_SUBSCRIPTION
68c47a2620b0f55686471ce8,USABILITY_NAV
f0224815f649d4fa333a01a8,GENERAL_SENTIMENT
088782a69bb726e12a99581c,ACCOUNT_LIFECYCLE
9787872ce1514bc4d70a6e8d,GENERAL_SENTIMENT
cb3caafcb386c8a4fa052e21,USABILITY_NAV
1958ece7462a527c57cc85a7,CRYPTO_SPECIFIC
d09457edb689886e9ddd73e8,USABILITY_NAV
bfb6ec2a120d5164f300c100,ACCOUNT_LIFECYCLE|APP_STABILITY_PERFORMANCE
e56960a52ee86ac22f470547,APP_STABILITY_PERFORMANCE
a9f565c9e11ce4eed4f1103c,APP_STABILITY_PERFORMANCE|USABILITY_NAV|CHARTING_TOOLS
5b77d41e8880d182b855e777,ACCOUNT_ACCESS_AUTH|CUSTOMER_SUPPORT
0ad26a2760d666c46b6a69bb,GENERAL_SENTIMENT
7f910178f4b94b7e923ea6af,ACCOUNT_ACCESS_AUTH|APP_STABILITY_PERFORMANCE
ecac0a94a3206bf856cf21c2,GENERAL_SENTIMENT
fb37505c0ad5c381b2aca408,ACCOUNT_ACCESS_AUTH
22fca815e54e07ba629136c0,GENERAL_SENTIMENT
ed96dc0ecef51653a8ab129f,GENERAL_SENTIMENT
2a1b3dfb5451c84fcb79f8c2,SECURITY_PRIVACY
5c57cf183f5f3314621e2ae4,APP_STABILITY_PERFORMANCE
365fc725ccbbd3ea3ca2bd69,APP_STABILITY_PERFORMANCE
82d1b92b993f136103dae76c,USABILITY_NAV
6105c4527234a5f9f92d0533,GENERAL_SENTIMENT
bf6b8973faf84f44da22326b,USABILITY_NAV
9284cd04253c0c8b9431ad8a,APP_STABILITY_PERFORMANCE
cad391b0a090818fbb75525d,GENERAL_SENTIMENT
be05981c8dd77bbff4828d3c,ACCOUNT_ACCESS_AUTH
5cf776dcedb2fbc3d28d31cf,ONBOARDING_BEGINNER
b2dbb5e767507ac4818c4f9a,TRADE_EXECUTION
46c779b384090fe9ddbadde6,ACCOUNT_ACCESS_AUTH|FUNDS_TRANSFER
9cb05235c258c9d90866ddfd,ASSET_COVERAGE
ee22cff6ab3cb0871fa29182,USABILITY_NAV|ADVERTISING_NOTIFICATIONS
a5c0803470e3cf718c1e393f,APP_STABILITY_PERFORMANCE
ea40305ad612e8dcd0eb598b,GENERAL_SENTIMENT
743864a6994de5e4f3166cba,GENERAL_SENTIMENT
b063c5ae4c711b991e979715,GENERAL_SENTIMENT
0011cceed678468fbdb06599,ACCOUNT_ACCESS_AUTH
f900ba30aa5785a8f4da82ee,USABILITY_NAV
8cf20e1e1af18e1c9d4221c3,ACCOUNT_ACCESS_AUTH
470927d602149074c4109f02,GENERAL_SENTIMENT
62efb0fb8688b158cc1f6ae8,GENERAL_SENTIMENT
d701aa7d4681e79ee920e612,APP_STABILITY_PERFORMANCE
74a9adec8ebfee7306cb29da,GENERAL_SENTIMENT
79fd6af4357b5a33847661e2,GENERAL_SENTIMENT
487157f6444679ff341038d7,GENERAL_SENTIMENT
d325c7b324d29b2c8cb8f9e6,GENERAL_SENTIMENT
2a27dba8b4604f9e352aa065,GENERAL_SENTIMENT
15147c93a6b2feb6d46b8437,GENERAL_SENTIMENT
f34c75046cbdc79a8f5b92c7,ONBOARDING_BEGINNER|FEES_SUBSCRIPTION
85e4ec1251870b3c2f6c028c,GENERAL_SENTIMENT
c62d047cee4417abb1d0c9f2,GENERAL_SENTIMENT
c765a44804740b834d1addc0,USABILITY_NAV
5a2105d740c076d01a701275,FUNDS_TRANSFER
ed3e3d1af5a97216fee90d7d,GENERAL_SENTIMENT
cf2016619587621a413e81c9,GENERAL_SENTIMENT
98b13194f642eb0416344b3b,ONBOARDING_BEGINNER|USABILITY_NAV
ea0f19393da746d6dfc9d5dc,FUNDS_TRANSFER|CRYPTO_SPECIFIC
3963ac808ba3993d02a2d6fd,USABILITY_NAV
1458f7112a60b031b4f44998,FUNDS_TRANSFER
520adb6efa074905a084d7a9,GENERAL_SENTIMENT
07a41e7a69435f80dc3793d3,ONBOARDING_BEGINNER
b5409f53173d46b5832dcaed,CHARTING_TOOLS|USABILITY_NAV
c21cf5722b3e8359a77208f7,GENERAL_SENTIMENT
02a1b00d9642852766777762,SECURITY_PRIVACY|ACCOUNT_ACCESS_AUTH
fff1ea60fe10b646521972dc,FEES_SUBSCRIPTION|ACCOUNT_LIFECYCLE
4455dbdbedf25ecc2df31746,ACCOUNT_ACCESS_AUTH
9b4367ef8c270f296e161ea4,SECURITY_PRIVACY|FUNDS_TRANSFER
4fb841d5d0f1eb078c6b9efa,GENERAL_SENTIMENT
1a3d088a6f6634809e52a8f2,TRADE_EXECUTION|APP_STABILITY_PERFORMANCE
12de5bea4ba6dbfe6666829c,ADVERTISING_NOTIFICATIONS
f40b34fec9dd8296b63c873b,GENERAL_SENTIMENT
b25641b74ddfad6668edb969,USABILITY_NAV
5356d8d9f34cd11fd134287e,ACCOUNT_ACCESS_AUTH
62923c81725d6b8bcbd5309d,ACCOUNT_ACCESS_AUTH
633a5db1d73274efb2f8b3d8,APP_STABILITY_PERFORMANCE
e66d0b65a16497a2dcdf5dd5,ACCOUNT_ACCESS_AUTH
33b55cf2eb83955c7bb61d8d,FEES_SUBSCRIPTION|TRUST_FAIRNESS_REGULATORY
baba9be2b8c2b44f6db30fa5,GENERAL_SENTIMENT
4d836bf5ca26411b49df0ec1,TRADE_EXECUTION|TRUST_FAIRNESS_REGULATORY
871f3547891a4ce39505948a,USABILITY_NAV
f584d0b98515d5114a655589,GENERAL_SENTIMENT
bc93978116f6fbb3b841d328,GENERAL_SENTIMENT
2e93db7c6d68c71a7df8d068,GENERAL_SENTIMENT
8165866a9e03a3090be45f42,GENERAL_SENTIMENT
e0f93cfcb39e56818c4a1883,FEES_SUBSCRIPTION|CRYPTO_SPECIFIC
1cb6a1bc68611c0a4bca5604,GENERAL_SENTIMENT
fe187d3db6a9ffb5b4b3cd81,GENERAL_SENTIMENT
7d0432dc1284f6550d2008cb,CUSTOMER_SUPPORT|USABILITY_NAV
076c6867cc41ee1473c67363,USABILITY_NAV
77ebc8d91099bdc0349f9a15,USABILITY_NAV|FEES_SUBSCRIPTION
fbaf1ccdbc08fc65ae6467fb,FEES_SUBSCRIPTION|TRUST_FAIRNESS_REGULATORY
777a087053ce04e80275d3c1,ACCOUNT_ACCESS_AUTH
eedd4726c56ea4d6a820fac2,SECURITY_PRIVACY
20e715dcb3f04ab39a7efae5,GENERAL_SENTIMENT
6595b464d9aa19472e0ef9d1,FUNDS_TRANSFER
6eabb89ba24a1ef0b002b7ac,GENERAL_SENTIMENT
29e77b467ddcc3709cd63b2f,FEES_SUBSCRIPTION|USABILITY_NAV
f063b9d83d092718b0824328,USABILITY_NAV
5c22f84f83f7fa32e0fa6087,APP_STABILITY_PERFORMANCE|CHARTING_TOOLS
75261cc2629df63407936310,APP_STABILITY_PERFORMANCE|TRADE_EXECUTION
b5c9d210baea2002390f7798,USABILITY_NAV
434c4a76368848b583ece5cf,USABILITY_NAV
29e1785f79c20314bf3940f4,FUNDS_TRANSFER
d94f12ca7e56a102effea8a4,GENERAL_SENTIMENT
b90c4289427268546b4f20f3,USABILITY_NAV
ef75e986498f5eaaaedc5cb6,FUNDS_TRANSFER|CUSTOMER_SUPPORT
3d4858be998f40645b1fa611,GENERAL_SENTIMENT
b286f92ed333fcefa2f3d0a0,GENERAL_SENTIMENT
fef30da11440fbcbec0db64c,GENERAL_SENTIMENT
b376cd6ccfa4b0b004d94c77,CRYPTO_SPECIFIC
6fabe8d05f865baa64736627,GENERAL_SENTIMENT
48596400e1f1f474b510f43d,FUNDS_TRANSFER|USABILITY_NAV
b6d92fd8b378d7fdf0d2c83d,USABILITY_NAV
818174c1149db5a7f4d925fa,FEES_SUBSCRIPTION|CRYPTO_SPECIFIC
2af2ab2283613e7150604834,GENERAL_SENTIMENT
0340947c592b20f82d2408a0,CUSTOMER_SUPPORT|ACCOUNT_ACCESS_AUTH
f658600dcaa9dd2de1442964,USABILITY_NAV
0002edfbdf356c03b00e1921,ACCOUNT_ACCESS_AUTH|SECURITY_PRIVACY
0b963dba8243ceab9ac9128c,GENERAL_SENTIMENT
de40cc66645f9e9fa197b737,ACCOUNT_LIFECYCLE|FUNDS_TRANSFER
a73452c411ed06f5c8ca034d,GENERAL_SENTIMENT
a4fb601f67f45eaf38e36cbb,GENERAL_SENTIMENT
a25557cf529ae8fe4149ec26,CUSTOMER_SUPPORT
11bd16a2a083af7e20794d99,USABILITY_NAV
a8fc03322ed27b944d3d1b10,GENERAL_SENTIMENT
17d7ef5288b734354fd1fee3,APP_STABILITY_PERFORMANCE
87f79173b73c348f0043f1cc,APP_STABILITY_PERFORMANCE
fe2c30d9afb853494384460a,FUNDS_TRANSFER|TRUST_FAIRNESS_REGULATORY|SECURITY_PRIVACY
60fb9525d43c55ac0dc6b0bf,CUSTOMER_SUPPORT
ec1424e68427407316cc32e9,SECURITY_PRIVACY|ACCOUNT_ACCESS_AUTH
68d808f7a5ca314aadfe9a31,GENERAL_SENTIMENT
46f950ee3e35c1f6ba894847,GENERAL_SENTIMENT
edd232870da4fcb424a94f63,GENERAL_SENTIMENT
d976f528eabd6cba1ccd0237,GENERAL_SENTIMENT
61a17384f6b4ff060df37d39,CRYPTO_SPECIFIC
eac84556d89bc764018717ce,APP_STABILITY_PERFORMANCE
d10864feb13a90a6b0248965,ONBOARDING_BEGINNER
668ab60f7f11468bf5fba1dd,GENERAL_SENTIMENT
fa4f9658acba05039b5b19c2,ACCOUNT_ACCESS_AUTH
978342b374d32e0a92577bda,USABILITY_NAV
217593f865326190c284d208,FUNDS_TRANSFER|CUSTOMER_SUPPORT
d989f178e79e5f1a3eeb84ad,FEES_SUBSCRIPTION|USABILITY_NAV
f76c03b49a9e932aa40a021d,CUSTOMER_SUPPORT|FUNDS_TRANSFER
d69c0e372c296c1aa9fe1efd,PREDICTION_MARKETS
1def7c10b5698a9e2b685b6e,ONBOARDING_BEGINNER|USABILITY_NAV|CHARTING_TOOLS
ba9d51d8d5c7cc8c17dac310,GENERAL_SENTIMENT
b7816e3032c0c769d3be773d,ONBOARDING_BEGINNER
152fbcdeb671c91ab5d74968,FUNDS_TRANSFER
74b1f95e68f9953771f6c939,GENERAL_SENTIMENT
51cb51ed15e5360c7ada081b,ACCOUNT_ACCESS_AUTH|CUSTOMER_SUPPORT
256d18f846c35cc322b94ba0,GENERAL_SENTIMENT
639e09516c545d5ce6b2ed9f,APP_STABILITY_PERFORMANCE
457f491ff02dc3ed516cf0b1,USABILITY_NAV|CHARTING_TOOLS
7b17249f2fdf22755961d49f,GENERAL_SENTIMENT
a8017ca8ed68718f797363b2,GENERAL_SENTIMENT
7afda6535467ba4e0b86794b,ONBOARDING_BEGINNER
5c9bc9c473e7024af3789b71,USABILITY_NAV
0c2a7b9c8c24b8e6dc25c63d,GENERAL_SENTIMENT
c1a6d0f4a10fab727cd3daf2,ONBOARDING_BEGINNER
d46ffc36c4a479180cba3e6e,USABILITY_NAV
6a2a6c687676b6bb17c31fe9,CUSTOMER_SUPPORT
9036d8cc7e86c751213c77ed,USABILITY_NAV
0050f3836616b2077c743f79,ADVERTISING_NOTIFICATIONS
f51f7651b953fe3671cf3912,USABILITY_NAV
76933d238cbd472175813a68,GENERAL_SENTIMENT
e42bb64470e56fbf2c0fc9ed,FUNDS_TRANSFER
81c5cc8f6a0779771dbc29ee,FUNDS_TRANSFER|APP_STABILITY_PERFORMANCE
b00825b835c77eaae2248e47,FUNDS_TRANSFER
94a45b5adbc7c4466823965f,USABILITY_NAV
2f947f7e79e216bdb18dd15a,USABILITY_NAV
232427559eaa8810b38e69da,USABILITY_NAV|FEES_SUBSCRIPTION
9f6bfdab2838c6255c785ae5,GENERAL_SENTIMENT
014fdc5cda83266f8a0c4511,USABILITY_NAV
3c32e09a29fe3eec13acfdc3,USABILITY_NAV
3a50e98fee6b98bd4fba3290,USABILITY_NAV|FEES_SUBSCRIPTION
517a7fe1838e2fe61cb32d5f,ONBOARDING_BEGINNER
f211ef0b594a1359aae52889,GENERAL_SENTIMENT
71980c146dd1d48365b76c8a,GENERAL_SENTIMENT
f0e7e29b386d1cf0a5d5b1d5,USABILITY_NAV
eb62e1d04428db9c4ece2a5f,GENERAL_SENTIMENT
9fcd0cc5edc66fbe4f63ff13,GENERAL_SENTIMENT
67b14f98123a4c07eadd67fc,USABILITY_NAV|FEES_SUBSCRIPTION|ONBOARDING_BEGINNER
1f954a84ece926479555f239,USABILITY_NAV
06bca65dcadefb0cb6ca1e70,APP_STABILITY_PERFORMANCE
d558b11fc818accf40eb3a33,FUNDS_TRANSFER|ACCOUNT_ACCESS_AUTH
a5ccc77ee78f25ca66121ccf,GENERAL_SENTIMENT
12d6762b6bc5cc754b12b18d,TRADE_EXECUTION
7ab3dddf56d761f89a5a01aa,ONBOARDING_BEGINNER|USABILITY_NAV
7459bfb05683544ed0ed3365,ADVERTISING_NOTIFICATIONS
5d695dfa888bc4e53c6a0ae3,FUNDS_TRANSFER|APP_STABILITY_PERFORMANCE
3a9f484f51824be976042c60,CUSTOMER_SUPPORT|ADVERTISING_NOTIFICATIONS
fe5af6e462091f1c4fc6fa1d,GENERAL_SENTIMENT
02d203cd10f56d27fa6f0d4d,GENERAL_SENTIMENT
1b05d9f1d492df7e66cd33ce,FEES_SUBSCRIPTION|ACCOUNT_LIFECYCLE|CRYPTO_SPECIFIC
3c7194dd97ad452835cbb8b1,TRUST_FAIRNESS_REGULATORY
c13e249cfc57f930ddc445ea,FUNDS_TRANSFER|ASSET_COVERAGE
1289fd881ae752dfccaffc94,FEES_SUBSCRIPTION|USABILITY_NAV
4736128a5eda2bae83ad721f,GENERAL_SENTIMENT
f26465ecded7af41dec0297e,GENERAL_SENTIMENT
b487c8e19477e7522850ecf5,CRYPTO_SPECIFIC|APP_STABILITY_PERFORMANCE
13d975789ac84cc273b2afea,ACCOUNT_ACCESS_AUTH
7b5cafd610916251abbc17f9,GENERAL_SENTIMENT
ce1a73f6a2a6baee5d97da69,GENERAL_SENTIMENT
3d788896e6c4ffb9ef35beac,GENERAL_SENTIMENT
ed4b6abbd5bf4503a6c848b3,ACCOUNT_ACCESS_AUTH
4b42b6fac85d3572f62111bf,CUSTOMER_SUPPORT|FEES_SUBSCRIPTION|FUNDS_TRANSFER|CRYPTO_SPECIFIC
7cbe5841285f752b785ce993,CUSTOMER_SUPPORT|ACCOUNT_ACCESS_AUTH|FUNDS_TRANSFER
51171800cdebabef156155e1,GENERAL_SENTIMENT
663c1f626812499ea8318f91,GENERAL_SENTIMENT
4bf305be5387f26066889a50,GENERAL_SENTIMENT
1f5d2ee7b0defb5b583a6a03,ACCOUNT_ACCESS_AUTH
e11913aff00956a94243bf0c,ONBOARDING_BEGINNER
bf5ffa54703217bd55ccc00c,GENERAL_SENTIMENT
283fbc6346a0871addd1976c,GENERAL_SENTIMENT
dafee7d8ffae75d3c1fef7dc,GENERAL_SENTIMENT
1adc1eff25c2e17b992e3832,USABILITY_NAV
96ead53fa6aed207ce1c53a6,GENERAL_SENTIMENT
0e0fea556883d653e6e08d40,GENERAL_SENTIMENT
2b8519c610f5bfc22e041b63,FUNDS_TRANSFER|ACCOUNT_ACCESS_AUTH
3bff00d09475137da6254994,USABILITY_NAV
df78c04a7857812cebdb27ae,ONBOARDING_BEGINNER|USABILITY_NAV
7c86038a1f36eca4fc509ac8,CUSTOMER_SUPPORT|FEES_SUBSCRIPTION
690675529c74ad09214a230f,GENERAL_SENTIMENT
5542928d5eb1c22b5a99f90a,USABILITY_NAV
8304ea555912c32f9eca1b4b,GENERAL_SENTIMENT
d7aae561ffa33ea564a1d138,APP_STABILITY_PERFORMANCE
aeac7244737a224a040a1c61,USABILITY_NAV|CHARTING_TOOLS
6808949561dedb7e544adad0,CUSTOMER_SUPPORT
3d2803db644c55f3b87093be,GENERAL_SENTIMENT
ed3940cff93e553ba18a1c88,USABILITY_NAV
5a1455482564be79d094e87e,FEES_SUBSCRIPTION
8515215d5332941319b9d844,CUSTOMER_SUPPORT
c101297a51bf78b46881543f,USABILITY_NAV
08298e55d7764713152c8f6e,GENERAL_SENTIMENT
4af07e1ae1b4de8de4428146,GENERAL_SENTIMENT
d1824a8fdaf35456bdef33a9,CRYPTO_SPECIFIC
5aa9dd4f60eabf6cf0b22b92,GENERAL_SENTIMENT
8ae908c7ae323f3a8015d1f1,APP_STABILITY_PERFORMANCE
ed34966ea549609c4ee6bff7,GENERAL_SENTIMENT
c4a37b9e6a8c411993037fec,ACCOUNT_ACCESS_AUTH|APP_STABILITY_PERFORMANCE
887e941805b3e66eb545d599,APP_STABILITY_PERFORMANCE
989b0f07fdb7536e7ff1b643,FUNDS_TRANSFER|CUSTOMER_SUPPORT
f96029f3efd02da5b8ed4d8c,USABILITY_NAV|ONBOARDING_BEGINNER
c86a1984b672f9889d0f451b,GENERAL_SENTIMENT
916b2c15c8ad9704ae8acba1,GENERAL_SENTIMENT
0ac3f7e79a6e5646cd150f83,FEES_SUBSCRIPTION
3472396b0233b4c3f8c0b552,USABILITY_NAV
51338c6afac61bf41c68a3ce,FUNDS_TRANSFER|USABILITY_NAV
4c9baeef537d14ad0827dc38,CRYPTO_SPECIFIC
7396f2c0ca161b07806bdfb4,GENERAL_SENTIMENT
856b0f9aa7be8ced576ec8ce,GENERAL_SENTIMENT
37e149ac66aa911a11ef1144,ACCOUNT_ACCESS_AUTH
5f5b319c598a14318c433eef,FEES_SUBSCRIPTION
0a24afb73721b97e14a73282,GENERAL_SENTIMENT
af601d4924628fccd3b77cfd,ACCOUNT_ACCESS_AUTH
0e23d4af7587ac7d3629ca09,GENERAL_SENTIMENT
b409bd4b618c97640e3becb1,USABILITY_NAV
3ecb2eb24d48109a08d368c0,APP_STABILITY_PERFORMANCE
8f8561063b9ab3238a2173fc,GENERAL_SENTIMENT
1177b00cabf59bc4e726f439,GENERAL_SENTIMENT
3884949d685e3d970590174d,ADVERTISING_NOTIFICATIONS
f657fb85b733ecc80126b462,TRADE_EXECUTION
6c02f8e6c7eb649e83500662,USABILITY_NAV|ONBOARDING_BEGINNER
053aee8dd73d49f6436a1247,FUNDS_TRANSFER
8c34085934d929875b3b95eb,FEES_SUBSCRIPTION|ACCOUNT_LIFECYCLE
47eb3d1ea44afd64ddb83b7e,CUSTOMER_SUPPORT|SECURITY_PRIVACY
73e951f3414fe65ebb968d22,FUNDS_TRANSFER|USABILITY_NAV
ec9e19429ba4fe164cb9f16a,USABILITY_NAV
56b38671985045df7d93ca94,GENERAL_SENTIMENT
d91b76213864af1cbb3ff542,USABILITY_NAV
dd837be15fb71c0e9591d6b4,GENERAL_SENTIMENT
06f74f6fcb65bd3b97d8bb0f,FUNDS_TRANSFER
bb1697052e2f80cfa1a9d00f,USABILITY_NAV|ADVERTISING_NOTIFICATIONS
514fd41e4e9c15b40f9b7251,ADVERTISING_NOTIFICATIONS
ccbd6608aa3185b49e4a6ec1,CUSTOMER_SUPPORT
028082c1373cd7a80b821fda,USABILITY_NAV
0d94424e2aec54d1e2aac4ef,USABILITY_NAV|ONBOARDING_BEGINNER
f5e1eba0d3bf66804415c234,GENERAL_SENTIMENT
c0da5377f7182a7063d3b1f4,GENERAL_SENTIMENT
e5170800372c70f2feb972b3,ADVERTISING_NOTIFICATIONS
f7027fe625bb8a69866765c9,GENERAL_SENTIMENT
8e77b2d8597e8f3c8e868ed5,GENERAL_SENTIMENT
527598380a1c0bf7be1b1160,GENERAL_SENTIMENT
2df4b016d287472eacf91deb,USABILITY_NAV
e7153a09ee5440bb7594f005,TRADE_EXECUTION|CRYPTO_SPECIFIC
b8bb3418a8f9931363e7eacf,USABILITY_NAV
bec4769fb765f6e237e342b5,GENERAL_SENTIMENT
c7b419e03c4f45d45ac52e75,CRYPTO_SPECIFIC
b511478ef8c5d55000458202,GENERAL_SENTIMENT
cec2025c33ef12071949eec6,GENERAL_SENTIMENT
1d17c5faf0afb028027bdd85,GENERAL_SENTIMENT
4390f7fcc7502323ffb1616f,GENERAL_SENTIMENT
116a92155a173dcb69065743,ACCOUNT_ACCESS_AUTH
f255f96dd4aefae031fb1d46,GENERAL_SENTIMENT
dda64ec6e550010510a97a54,GENERAL_SENTIMENT
554396cbcfda4ea8ce279943,ASSET_COVERAGE|CUSTOMER_SUPPORT
7243cd61cb4387041dd8cc86,USABILITY_NAV
9a2d855f4fc8938f03bf762f,FEES_SUBSCRIPTION
e0470e74752a7f30d5d26d99,APP_STABILITY_PERFORMANCE|ACCOUNT_ACCESS_AUTH
d0b6199cbb4b95d0ea5ad424,GENERAL_SENTIMENT
8565214b7da126d4149a2606,FEES_SUBSCRIPTION|TRADE_EXECUTION
765b1445355bfda9076a7b0a,APP_STABILITY_PERFORMANCE|FUNDS_TRANSFER
6daa45be8a6233ff54f61a34,GENERAL_SENTIMENT
a906e984b6c60e99315c105c,ONBOARDING_BEGINNER
33ed3bafee76a399201658f5,FUNDS_TRANSFER
b4f81e92590ccf2aa8a2800b,GENERAL_SENTIMENT
e263effbb3e851e0ecf24532,USABILITY_NAV|CHARTING_TOOLS
6a2a74afe2f6ef7f0031faa3,USABILITY_NAV
f1f63082d672106616df1693,APP_STABILITY_PERFORMANCE|CHARTING_TOOLS|FEES_SUBSCRIPTION
8803224ea226ac69542550cc,USABILITY_NAV
85db52d6dcffd51855e04964,SECURITY_PRIVACY|TRUST_FAIRNESS_REGULATORY
7a5c755cc217bb16b9342683,USABILITY_NAV|FEES_SUBSCRIPTION
7d547d68058cb529b02443af,GENERAL_SENTIMENT
4f92e4f13800e110b397e739,GENERAL_SENTIMENT|FEES_SUBSCRIPTION
959501fa12798a4774072abd,USABILITY_NAV
8c2d9ee37bf77d1654e8a6ac,APP_STABILITY_PERFORMANCE
f841bee565e76deb898943a4,ACCOUNT_ACCESS_AUTH|CUSTOMER_SUPPORT
92082b88a81c1c2338217c9f,ONBOARDING_BEGINNER
29a29e49017e82af8651e7eb,ACCOUNT_ACCESS_AUTH
67037723834e1faac849cd97,ACCOUNT_LIFECYCLE|CUSTOMER_SUPPORT
ad73bceddfa37105687b6806,ONBOARDING_BEGINNER
74c64b76c2fcefdb15eb17de,ACCOUNT_ACCESS_AUTH
26cd967adf22ca39f692d1e8,FEES_SUBSCRIPTION
41d3d7cf54cc5b11c17683b3,ASSET_COVERAGE
a6c55c9c08438b302f5a94de,ACCOUNT_LIFECYCLE
f402c7971970f346bc10dc7a,GENERAL_SENTIMENT
08e6d3e5d8573a5057469f4e,GENERAL_SENTIMENT
1ad2ab56df59a9829271cccf,USABILITY_NAV|CHARTING_TOOLS
28c2d0e678bcf03a98ff1b98,USABILITY_NAV
940340a3b0223f9d5e256b1a,ACCOUNT_ACCESS_AUTH|APP_STABILITY_PERFORMANCE
0c1e746ae429b904f3f84146,GENERAL_SENTIMENT
3a82b49b8773ead44a414193,ADVERTISING_NOTIFICATIONS
3f91fc959655a76fbcb069e1,ONBOARDING_BEGINNER
0d6f5d5f368139a12ca06efe,GENERAL_SENTIMENT
fdff043b832312d7a5003550,SECURITY_PRIVACY|ACCOUNT_ACCESS_AUTH|CUSTOMER_SUPPORT
3fccd2cd6ff1c1a51c791879,ASSET_COVERAGE
5b2074085dbc47d2199917af,ONBOARDING_BEGINNER
3098e538f0925ac0ed723075,USABILITY_NAV
b6faef7e47b2f9a828c46b24,GENERAL_SENTIMENT
a47b28a88e36256572bea42f,GENERAL_SENTIMENT
f04c6449486344dab2dd179c,FUNDS_TRANSFER|CUSTOMER_SUPPORT
fddab56dd18e2e48922c4c9f,ACCOUNT_ACCESS_AUTH|APP_STABILITY_PERFORMANCE
b816648a75e471b3c075c1f3,GENERAL_SENTIMENT
d63c0045fb6a3f58306153e0,GENERAL_SENTIMENT
24c0133fa415ff7162cb06bf,ONBOARDING_BEGINNER
f3a1a40be79e5f90e0597595,GENERAL_SENTIMENT
e42dc8dfd0e1b6df7b31b281,TRUST_FAIRNESS_REGULATORY
ab9e8e9274be113edf5e3d45,CRYPTO_SPECIFIC|TRUST_FAIRNESS_REGULATORY
9d99a22d432dd9124d8e2866,USABILITY_NAV
a1fb1c12ce5fc737c920668a,PREDICTION_MARKETS|TRUST_FAIRNESS_REGULATORY
5a559fc8b25bae5aec2337f2,GENERAL_SENTIMENT
8767321cf78559101bff6f19,GENERAL_SENTIMENT
e87e0ca540f98b2e32ece3e3,ONBOARDING_BEGINNER
1e08441b2b0dba130e05075a,FUNDS_TRANSFER
3d733080207fdff03c0825cc,GENERAL_SENTIMENT
b9e9dec91fd2bd4737405075,GENERAL_SENTIMENT
40540cee71b51a1f8392108f,CRYPTO_SPECIFIC
2993eb9db1a90fe42a8c3c03,GENERAL_SENTIMENT
1c4002ce54497e0910eff5a8,CHARTING_TOOLS|FEES_SUBSCRIPTION
9df48c2c319982ff5d7569b1,FUNDS_TRANSFER
77a9200f7b443bab178ff223,CHARTING_TOOLS|USABILITY_NAV
21c22b5bdb4a5b6f4991e0ef,CUSTOMER_SUPPORT
7d342faf4a035ab899d3f664,APP_STABILITY_PERFORMANCE
bd852f77f7bb19c257dc3d88,GENERAL_SENTIMENT
b59b3a37deb2465a3ee0bd78,GENERAL_SENTIMENT
c010414b4f7b0d906698510c,USABILITY_NAV
a50da4ab20ca1b8023f508f2,GENERAL_SENTIMENT
08e24f19cfe6e9144329aaf9,APP_STABILITY_PERFORMANCE
36446df76c3bd2919078a56d,GENERAL_SENTIMENT
a91b98d447c2c42c985cb653,ONBOARDING_BEGINNER
afc3ac011d3b04491bbca4fd,GENERAL_SENTIMENT
f766afa935391eadd37484d9,GENERAL_SENTIMENT
8d7656b26a75bc3b57d69653,USABILITY_NAV
4b61d268536fd5cb1f9f1505,TRADE_EXECUTION
9dc6e51319733e8940de07b2,GENERAL_SENTIMENT
3c761ed69d8c75e008ebde63,GENERAL_SENTIMENT
5181e8dae68a18f7191fdd74,APP_STABILITY_PERFORMANCE
ab4a2de19a6da29d3c65834d,GENERAL_SENTIMENT
875ddbf062dfa3c065f606da,SECURITY_PRIVACY
79ca1b48ac8249d7b2a5dfc1,GENERAL_SENTIMENT
8de220f518914efc6bdc287a,GENERAL_SENTIMENT
098c686ce44eb8e3eac9982a,GENERAL_SENTIMENT
3326a394e4bcac2289bc37bf,FUNDS_TRANSFER|USABILITY_NAV
3522749d976f7b9748c1638a,APP_STABILITY_PERFORMANCE
5140e9d7217f126ab14aebea,GENERAL_SENTIMENT
306290c24dc27eb970f47b4f,FUNDS_TRANSFER|CUSTOMER_SUPPORT
a8aa31799cb5ca9518fe25fb,CUSTOMER_SUPPORT|CRYPTO_SPECIFIC
38523a1a1b467b2117f09ee7,GENERAL_SENTIMENT
3cfaec788b5607d1c743bf98,USABILITY_NAV
9547cb490357eda6a2d13741,GENERAL_SENTIMENT
7ff40407174b85cea80044fa,ONBOARDING_BEGINNER
47709986e0ff1d75a0abcaa9,USABILITY_NAV|CHARTING_TOOLS
2b7b165ea47226a08d1bd391,ACCOUNT_ACCESS_AUTH|FUNDS_TRANSFER|CUSTOMER_SUPPORT
62538255386aa7420390f31a,GENERAL_SENTIMENT
4945d5e0b6262c49a84bd904,GENERAL_SENTIMENT
9895f074c0361d34a99e527e,ACCOUNT_LIFECYCLE|CRYPTO_SPECIFIC
57af47f0ff819f80b05939a4,CRYPTO_SPECIFIC
6f14413cabe0c17a0775ed7e,TRADE_EXECUTION
162410192bf73baebbd7f161,SECURITY_PRIVACY|APP_STABILITY_PERFORMANCE|USABILITY_NAV
9743ccb2691fb56244d6d697,GENERAL_SENTIMENT
267d89808bf8e1769a07625b,ONBOARDING_BEGINNER
dcbcb8b9f678161868868d28,USABILITY_NAV|CUSTOMER_SUPPORT
2445645a6ed712ea6edc853c,CUSTOMER_SUPPORT|FUNDS_TRANSFER
406f49592cbfe9f209d8a203,CUSTOMER_SUPPORT
63d5292737e6b1eae04a5216,GENERAL_SENTIMENT
d993c85a9b27a33c7a1b6b73,APP_STABILITY_PERFORMANCE|USABILITY_NAV
ffd45a19824349c138138fc5,SECURITY_PRIVACY|ACCOUNT_ACCESS_AUTH
75f02fac96c4db30d3912d65,APP_STABILITY_PERFORMANCE
89ad65892f405e0a4e04c4a0,CRYPTO_SPECIFIC|FUNDS_TRANSFER
89a09382474b4eb3b0d0f61f,ASSET_COVERAGE
f525c099f08f4af8cd1f6ead,CHARTING_TOOLS
66279b2221ef55784e885948,FUNDS_TRANSFER
2bc64ec86d83afbf48f1a22a,GENERAL_SENTIMENT
213e667e002af681941423ce,GENERAL_SENTIMENT
c976f530430ed3eb0957a150,ASSET_COVERAGE
c86a5ec758a9e625b8df6dfa,USABILITY_NAV
d39d298a372bcb79baafa200,GENERAL_SENTIMENT
ca651cee0211b3eeee90b6f4,GENERAL_SENTIMENT
78621c6e9f2e5d1706bcc092,PREDICTION_MARKETS
0faf469f4b051a5d1b1adb9a,USABILITY_NAV
a94f1d8354ebe44d3df4802c,APP_STABILITY_PERFORMANCE
1604986d2347472ff5fef361,ONBOARDING_BEGINNER
0e18337fe3e906f399afebe6,USABILITY_NAV
5949b3624e0068d922ce0888,ONBOARDING_BEGINNER
567b3c1f7a9256d083a5a062,USABILITY_NAV
5a74abdb7850d65e37d541f0,USABILITY_NAV
e7462bee0111e3a4e71e2f8e,USABILITY_NAV|TRADE_EXECUTION
79b33b639f447be3a2b21f8d,USABILITY_NAV
dd6dcf4fe66f0fa6ba41665a,GENERAL_SENTIMENT
1f485879ecdf7ddc8628f881,FUNDS_TRANSFER
52d983e89a38316b7e25d5eb,GENERAL_SENTIMENT
997f954de30bb580345a77a4,APP_STABILITY_PERFORMANCE|ONBOARDING_BEGINNER
fc5e5bb1c0e05f93accf2aa4,ACCOUNT_ACCESS_AUTH
f0351da9a09f504beffe4790,USABILITY_NAV
66fa9945be8de57e8965cdc0,ONBOARDING_BEGINNER
ae6ec79a4d7d31393a248254,SECURITY_PRIVACY|CRYPTO_SPECIFIC
11705f320a2563c2fd33151a,GENERAL_SENTIMENT
a6dda66395f11c9afc5d6736,FUNDS_TRANSFER|CUSTOMER_SUPPORT
383fa337e32488adf358b26a,FUNDS_TRANSFER|CUSTOMER_SUPPORT|CRYPTO_SPECIFIC
395b9a954195dd69d4fefb05,USABILITY_NAV|APP_STABILITY_PERFORMANCE
286cbf1e87eaf2189d92a383,GENERAL_SENTIMENT
1f71258416c49d6676059315,ACCOUNT_ACCESS_AUTH
d33f3c2211935940a9230948,TRADE_EXECUTION|TRUST_FAIRNESS_REGULATORY
e44c50bb0d3966e8bc74b4bc,USABILITY_NAV
e62ca866767a4bd4951a7abb,CRYPTO_SPECIFIC
c5b25fe290a75a043efd64a8,APP_STABILITY_PERFORMANCE
2061b666b641e9037e6d3979,USABILITY_NAV|FEES_SUBSCRIPTION
d2c78006aa7304a468654c8f,CHARTING_TOOLS
0d3f981bde2400be2a2113fe,GENERAL_SENTIMENT
1ab6456f6c521b98706f2742,CUSTOMER_SUPPORT
7bf44895c5174f399bd3438d,GENERAL_SENTIMENT
e5d683d84492d70831db586d,USABILITY_NAV
40cfe3c19cab1120959f001c,USABILITY_NAV
315e27377ff7dbc35dfecf2d,GENERAL_SENTIMENT
81f36c0c499909f2e76e2774,GENERAL_SENTIMENT
cbfc851425b4c16ea738483d,ACCOUNT_ACCESS_AUTH
392daf30893af96ab811e6ae,GENERAL_SENTIMENT
032b79496fd652b032bae33f,FUNDS_TRANSFER
c5575db45f3e36367cff1374,TRADE_EXECUTION
57145c185999ebcbf6b96a9c,GENERAL_SENTIMENT
8c40072f17bb956ef2342097,GENERAL_SENTIMENT
c722f209083505beae97856b,APP_STABILITY_PERFORMANCE
7c8a407717168d1df8b10cf4,APP_STABILITY_PERFORMANCE|CHARTING_TOOLS
d71f45602e43ed1e230a2637,USABILITY_NAV
f1a3038c988a4fb3553309dd,GENERAL_SENTIMENT
d3a5ead40de7f68ad8276b1e,USABILITY_NAV|ONBOARDING_BEGINNER
790ca7338dc9e2daf7209db2,GENERAL_SENTIMENT
d3ff934f115ba2bb581439eb,FEES_SUBSCRIPTION
00cf5f2cf6bbd10304c294d1,GENERAL_SENTIMENT
3a23ad0f99acaa575199d50f,USABILITY_NAV
00ddf17cc8f83d48fe67013b,GENERAL_SENTIMENT
8a616b1414ca9c94adb9d778,GENERAL_SENTIMENT
73eaeb17e7aad4029c600e89,GENERAL_SENTIMENT
ceb6227d35b0f6422b932071,TRADE_EXECUTION|FUNDS_TRANSFER
5210621013576a567c0b2cae,ONBOARDING_BEGINNER
595727f0b0792a365b50fd07,ACCOUNT_LIFECYCLE
bdc26231ad192452df7a62fb,USABILITY_NAV
af7af04f1bbcd8f4d572f600,USABILITY_NAV
0020a1dc46cefa3fca0077d5,FUNDS_TRANSFER|USABILITY_NAV
9e0a028a75243ce0d1f2baff,FEES_SUBSCRIPTION|ADVERTISING_NOTIFICATIONS
34ece118353c70613fc65d64,USABILITY_NAV
62af7b7b7894cbae08b00cec,GENERAL_SENTIMENT
a50cb902c4245177f0df559c,USABILITY_NAV
ac71c2395ef0cac8cffcee80,GENERAL_SENTIMENT
28ad4645d045767bf6ef8f40,CRYPTO_SPECIFIC|FUNDS_TRANSFER
b8ff4cbc04233af54bd786b7,GENERAL_SENTIMENT
d49051b6da82bb987f27587f,GENERAL_SENTIMENT
302efadce7f4ef3df1d31fe7,GENERAL_SENTIMENT
390344d157a88c366c772edf,FUNDS_TRANSFER|USABILITY_NAV
dc39882af0eacc80e4813c1f,GENERAL_SENTIMENT
5b87db095be1f86bb2284429,FUNDS_TRANSFER|ACCOUNT_LIFECYCLE
54c7fb41007285b818280030,USABILITY_NAV
88b15498698ef5a6ab285c18,USABILITY_NAV|CRYPTO_SPECIFIC
f6c810230064d256c8a55e5d,ACCOUNT_ACCESS_AUTH|FUNDS_TRANSFER
e3a43a933a29356ba2a48360,ONBOARDING_BEGINNER
67b030661eff7d93bc6b65fe,SECURITY_PRIVACY|ACCOUNT_ACCESS_AUTH|CUSTOMER_SUPPORT
4e3079f1adafd74452df7e9b,APP_STABILITY_PERFORMANCE
ba1de8840aa7ef8a43e9d6d2,ACCOUNT_LIFECYCLE|APP_STABILITY_PERFORMANCE
055f603f0c3d8c80e01b45d0,ONBOARDING_BEGINNER
5f9a98e6473dbc8c4890e719,GENERAL_SENTIMENT
28ee03b51c4bcca4fc2e0c69,GENERAL_SENTIMENT
d50c3523082691927d21224c,GENERAL_SENTIMENT
7a04ad9b6cbc45610cad278a,FUNDS_TRANSFER
cac9eab2cd83d03084de6fe4,TRADE_EXECUTION
fb2eab6aa172205814ee75da,FEES_SUBSCRIPTION
a395a60948fd8599cbaed46e,USABILITY_NAV
b5e3fa552da96efd6aa5231a,GENERAL_SENTIMENT
ad6fa921b5aea6b4151e50aa,GENERAL_SENTIMENT
5d2b86f7451205074736edd8,ACCOUNT_ACCESS_AUTH|CUSTOMER_SUPPORT
427dde226a801f9837de453f,GENERAL_SENTIMENT
e06f41455fbdfbfad55603a8,FEES_SUBSCRIPTION|ADVERTISING_NOTIFICATIONS|USABILITY_NAV
52685cc4a7e4e507a256acd1,USABILITY_NAV|CHARTING_TOOLS
e7a98457cf85d7305b96baed,GENERAL_SENTIMENT
6f9b6a2cfefbb970eb61088a,APP_STABILITY_PERFORMANCE
41a6b8958e94e2284fcd6b1b,GENERAL_SENTIMENT
0e2932b806d0af16db8493cb,TRADE_EXECUTION
dc911994c8d602ef80f3c32f,GENERAL_SENTIMENT
ad618aee5bb63885ffc5b96c,USABILITY_NAV
84bc2e9aa0d21d5dbe9d39d5,ASSET_COVERAGE
c2a295bb0914036ed6084d66,CUSTOMER_SUPPORT|ACCOUNT_ACCESS_AUTH
53e9ea19a1cb040bbf861ac5,GENERAL_SENTIMENT
4e123da886d630e10055194e,GENERAL_SENTIMENT
e886380f0923dbc9df24251b,USABILITY_NAV
63c0ce60af7a743148f6f5f1,GENERAL_SENTIMENT
3efb76087f88ded61d8ca4b7,CUSTOMER_SUPPORT
98ddd0b6b7d08e6aa4b08625,GENERAL_SENTIMENT
72a6b684d7b8014afb05750e,USABILITY_NAV|ONBOARDING_BEGINNER
df93baddfac0164ca99f7ad5,USABILITY_NAV
06ce9c936d3761e152d2945c,USABILITY_NAV
534fca668875d8e2806f07e8,USABILITY_NAV
c14e21dc5384af065cdc9f74,FUNDS_TRANSFER|TRUST_FAIRNESS_REGULATORY
d0bdf17b24d098bee255c9be,GENERAL_SENTIMENT
754410215b9ffcb9c42b67f2,FUNDS_TRANSFER
618fcda972b994b5e6429a63,CRYPTO_SPECIFIC
fb56eabb7f517be662d109e4,GENERAL_SENTIMENT
f60d88cc4ac1010c1a2c0b4b,GENERAL_SENTIMENT
21e189db55b82e9bca90e8f7,GENERAL_SENTIMENT
f4433cbd8d13427bb5efb7c6,APP_STABILITY_PERFORMANCE
250ba2e7c5f60f31a7bbaaf5,USABILITY_NAV
561fa3ea9436a0f1a550c7ec,GENERAL_SENTIMENT
b3c4624279ec0c9e3700b5cc,GENERAL_SENTIMENT
f6f794828d4a13e136355b88,GENERAL_SENTIMENT
f2ba3f89701197ed0d7d85db,USABILITY_NAV|ONBOARDING_BEGINNER
57f714de4e80c2f15850a295,GENERAL_SENTIMENT
d2c2b5d453e1aa6c63acbadf,TRUST_FAIRNESS_REGULATORY
eec292c7458b998ea35e577b,USABILITY_NAV|FEES_SUBSCRIPTION
a1618e6fd85c927b0212fb1d,ASSET_COVERAGE
d321575d7bdedb6e59ad733b,FUNDS_TRANSFER
1e0dbb8b81029bade653962b,GENERAL_SENTIMENT
d642e3561249ca8a4272979a,GENERAL_SENTIMENT
c9b9c0f431fb37aa276c0705,GENERAL_SENTIMENT
c9ebd7b535fce24a2ccae291,ACCOUNT_ACCESS_AUTH|CUSTOMER_SUPPORT
084223794c3f29b44c34b9df,GENERAL_SENTIMENT
a4eef2208dced219dbc12b2b,ONBOARDING_BEGINNER|GENERAL_SENTIMENT
8e189814bdf84c33f85a5e0f,SECURITY_PRIVACY|CUSTOMER_SUPPORT|TRADE_EXECUTION
3392b4b744393ed3ef7892d4,FEES_SUBSCRIPTION
610b89dea402f2e7b5d77c92,APP_STABILITY_PERFORMANCE
b98b77225d3f69d722dfdbc2,APP_STABILITY_PERFORMANCE
092b00b0a4d91f91ce62045a,GENERAL_SENTIMENT
a194510603bd79b3bf8cb3ee,GENERAL_SENTIMENT
d297371d843a5391768f466d,GENERAL_SENTIMENT|FEES_SUBSCRIPTION
93786215023d7741183c9f02,USABILITY_NAV
e46fcac190047b0091c7e024,ONBOARDING_BEGINNER
2ccc22c7553c5677cd7d3caa,USABILITY_NAV|GENERAL_SENTIMENT
c5e7977904c871ca2fce63c0,ACCOUNT_LIFECYCLE|TRUST_FAIRNESS_REGULATORY
0c71ae37dffafc1cd08e9016,GENERAL_SENTIMENT
9cfa2259935194d520bf001a,GENERAL_SENTIMENT
eaf900c63c5f10126501579f,USABILITY_NAV
1e7cb8295d9374d4cbf2478d,GENERAL_SENTIMENT
6f597f9a7dd5aa1577860a61,FEES_SUBSCRIPTION|GENERAL_SENTIMENT
e0f780d163b140fe40a31434,TRUST_FAIRNESS_REGULATORY|CUSTOMER_SUPPORT|FEES_SUBSCRIPTION
b13fc40fb4977c21111357c7,USABILITY_NAV|GENERAL_SENTIMENT
00327cdb5084a55e861ccf24,USABILITY_NAV|ONBOARDING_BEGINNER
1fd5f871b3b9c7925b99f4df,GENERAL_SENTIMENT
ffcd3db251c042a6344d12c6,ONBOARDING_BEGINNER
5b3242007a3ca547bcd12719,ACCOUNT_ACCESS_AUTH
75718a02a5add6fcf023964e,GENERAL_SENTIMENT
e2fe8a5b5d6233f522789121,GENERAL_SENTIMENT
bc79714fd33a8ff616f148cc,GENERAL_SENTIMENT
6a850d124567475b84b1516f,USABILITY_NAV
7115a6c8cfed577461631630,GENERAL_SENTIMENT
fddb78fba0afcafb699e2d2d,USABILITY_NAV|APP_STABILITY_PERFORMANCE
02af6660817e705b08ff8dad,USABILITY_NAV
2f79d527785ae96b1e0822b8,ACCOUNT_ACCESS_AUTH
e8b95dbf78754c61544b7859,APP_STABILITY_PERFORMANCE
e03c9dcc824f0babb93aa237,USABILITY_NAV
efea0aa5f36ed1b1a15e7dc7,USABILITY_NAV|FUNDS_TRANSFER|ADVERTISING_NOTIFICATIONS
6c7e731c55ed1e907535eee4,FUNDS_TRANSFER
22bf8ca2c8184f79ad3f6e84,ONBOARDING_BEGINNER
96ae24123535c16db48ab891,GENERAL_SENTIMENT
e91637aadfac184854c18ec9,TRADE_EXECUTION
cd1abb99e32fed55be892cb2,ASSET_COVERAGE
3702f2ee0a247f69869cb7cb,GENERAL_SENTIMENT
77944db297bb31d24f630e18,GENERAL_SENTIMENT
e187d53cd8f62b3fbdecf715,ONBOARDING_BEGINNER
e2287c31d197ec667417a0d4,GENERAL_SENTIMENT
5b83320242f00d1149363917,APP_STABILITY_PERFORMANCE|TRADE_EXECUTION
94cc32fe711baf1d45a8401d,FUNDS_TRANSFER
ce295016d5f176af36527b0b,TRUST_FAIRNESS_REGULATORY
4f0c7106dd94bfe069aca2f2,FEES_SUBSCRIPTION
36804c1a4f4f137a03c454c3,USABILITY_NAV|ONBOARDING_BEGINNER
cbd260ebce052307203991b2,GENERAL_SENTIMENT|FEES_SUBSCRIPTION
eecb47ded0aae2afa70868d7,USABILITY_NAV
8c96bd68c6db94eb4cc6dc34,FUNDS_TRANSFER|CUSTOMER_SUPPORT
448366e21d563a4ee48a7500,FUNDS_TRANSFER|CUSTOMER_SUPPORT|TRUST_FAIRNESS_REGULATORY
610a5af372c5a4da6aeb9f8c,GENERAL_SENTIMENT|FUNDS_TRANSFER
1009ade043e8dc340b058bca,ACCOUNT_ACCESS_AUTH|FUNDS_TRANSFER
f685164fa20f2f6f6ffc77cd,GENERAL_SENTIMENT
db60a55261c63a0c2775a0e3,GENERAL_SENTIMENT
17ebf2e1bc1a72e342b83352,USABILITY_NAV|CRYPTO_SPECIFIC|FUNDS_TRANSFER
a6743830e6637f5554c7b573,USABILITY_NAV
3268fe7fcb91be2a452736da,USABILITY_NAV
dc2f92542c0edf7444f8a79d,APP_STABILITY_PERFORMANCE
3ce86640d474bd2dbf9b1248,USABILITY_NAV|CUSTOMER_SUPPORT|ACCOUNT_LIFECYCLE
5c5f348e4f0d9c387f62b33f,CUSTOMER_SUPPORT
3ba5b9e503d307aff484a6c3,GENERAL_SENTIMENT
a6ed414712cae46d742d7e55,CHARTING_TOOLS
dc2189ca24cd298e3d783500,CRYPTO_SPECIFIC|GENERAL_SENTIMENT
047377dc23925d85cfbb6d01,GENERAL_SENTIMENT
044777bf5c5c8f55dbb1fa5b,GENERAL_SENTIMENT
c85c493a94774034db0222c0,ONBOARDING_BEGINNER|CUSTOMER_SUPPORT
cec125f58f660ff8a1e1c68b,FUNDS_TRANSFER
12ff1d6a52ded80c324d68b0,ONBOARDING_BEGINNER
98635ccd194f6831770e1c14,GENERAL_SENTIMENT
2af0877c523cd3f5969aef83,GENERAL_SENTIMENT
8dcd66f4399d26c621168c2d,FEES_SUBSCRIPTION
a42ee05438999d625e6f5313,USABILITY_NAV
7d59beb04477497f3a1cc356,TRADE_EXECUTION
ac6e2a423c391615017f7295,USABILITY_NAV
c6419b43f42f3218b4f6f1ac,GENERAL_SENTIMENT
0163a738d3f73889f1062513,SECURITY_PRIVACY|CUSTOMER_SUPPORT
80a8948b0403706c47506e08,GENERAL_SENTIMENT
7771779e563f532f81dea366,FUNDS_TRANSFER|ASSET_COVERAGE
1e2ceb918aaed16165cfd510,CUSTOMER_SUPPORT|FEES_SUBSCRIPTION|GENERAL_SENTIMENT
4c1d87fa078e28ec2b01b9d3,TRUST_FAIRNESS_REGULATORY|CUSTOMER_SUPPORT|FUNDS_TRANSFER
a5be7b62d2a5de4c383aec90,USABILITY_NAV|FEES_SUBSCRIPTION
63f191a6016842bf4f06f9e8,ONBOARDING_BEGINNER
b74809701bbc2137212542ad,GENERAL_SENTIMENT
f316c2f287202faa99630006,APP_STABILITY_PERFORMANCE
4a2bb932247c45cbfbf71ba5,ONBOARDING_BEGINNER
c69ed39fe8b4b40f87364b4f,ONBOARDING_BEGINNER
fe100a7fc674a0756fcbe847,CUSTOMER_SUPPORT|ADVERTISING_NOTIFICATIONS
56e63d1deb1db4fde68562dc,GENERAL_SENTIMENT
7f21767158cbfec5f0fcaaf6,FUNDS_TRANSFER|CUSTOMER_SUPPORT
1d6d832de060e52350d1cd44,GENERAL_SENTIMENT
0690e5c53f1ec4e2b6f7b0ed,ACCOUNT_ACCESS_AUTH|CUSTOMER_SUPPORT|ASSET_COVERAGE
5ee03c105e295c28ccbec454,APP_STABILITY_PERFORMANCE|CHARTING_TOOLS
bc5e91cae07633314d211e40,GENERAL_SENTIMENT
39960e068da67e4d694466df,GENERAL_SENTIMENT
32d6be7021a4bcab4f528416,USABILITY_NAV
a6763e3f40ff6c3f6d00c990,GENERAL_SENTIMENT
5e919e911541b19a7052e307,USABILITY_NAV
8da3ec16365d798876eedf0f,CHARTING_TOOLS
a0ba603333b74fa7382ca545,USABILITY_NAV|CRYPTO_SPECIFIC
f3f23ffe72588ed7eade2baf,GENERAL_SENTIMENT
c5df806ae38bbd98a3d124a6,ACCOUNT_ACCESS_AUTH|CRYPTO_SPECIFIC
97423e7332d7f426f1ceb4d8,ONBOARDING_BEGINNER
6818fc28c842552965942856,CRYPTO_SPECIFIC|GENERAL_SENTIMENT
c4032860b173fdf68e27eda2,TRUST_FAIRNESS_REGULATORY|CRYPTO_SPECIFIC
c62721d0c26b66e078745d85,USABILITY_NAV
0a00473ffb73a2beb33b818c,GENERAL_SENTIMENT
8dadf75ba39080a9bc742e3e,USABILITY_NAV
62daa4307d414488870128c1,APP_STABILITY_PERFORMANCE|CUSTOMER_SUPPORT|CRYPTO_SPECIFIC|ACCOUNT_ACCESS_AUTH
c0e481f835cba48dbdb13d14,ACCOUNT_ACCESS_AUTH|USABILITY_NAV
7f1e3d2c542d3ef8a47f6187,CHARTING_TOOLS
d7a73150694d262d213999d8,GENERAL_SENTIMENT
89ab07afe1e336985bac1fce,USABILITY_NAV|FEES_SUBSCRIPTION|ONBOARDING_BEGINNER
a59cd3db9fcb162edf224f04,APP_STABILITY_PERFORMANCE|TRADE_EXECUTION
47d4234f58a55ea79c818b55,USABILITY_NAV
93ef410ef2586d78cf33e3b0,ADVERTISING_NOTIFICATIONS|USABILITY_NAV
fa1c847922ab00b010dcff5b,GENERAL_SENTIMENT
7063d3eef9cea64a03afcf09,ONBOARDING_BEGINNER
7b4419c39845117643c32657,ONBOARDING_BEGINNER
6dea297c06b4f05df4faaf64,USABILITY_NAV
67c2d18a72c65e820f839678,GENERAL_SENTIMENT
ee011d7cc407dca742576118,ACCOUNT_ACCESS_AUTH
64d1aa21ca3d8a4867280063,GENERAL_SENTIMENT
910d1c4f2863e52f22f93b6b,GENERAL_SENTIMENT
3bd2e1b26bf73e5253e7a72f,USABILITY_NAV
be28b859935bbf892fe5039c,SECURITY_PRIVACY
6a781460daf367f445813484,TRUST_FAIRNESS_REGULATORY
1c11cb99dee59d8403c02d18,CRYPTO_SPECIFIC|GENERAL_SENTIMENT
a8e7d268bc536ea1a88bd2e2,GENERAL_SENTIMENT
33049e9ebe11ae260992b68c,CRYPTO_SPECIFIC|ONBOARDING_BEGINNER
0e83e56ccb93caef448a68cd,APP_STABILITY_PERFORMANCE
faebda175a4fe62d6d5cd4a4,ACCOUNT_LIFECYCLE|APP_STABILITY_PERFORMANCE|CRYPTO_SPECIFIC
40336c5654476524eace0482,APP_STABILITY_PERFORMANCE|TRADE_EXECUTION
1428b94459fea271439fd562,FEES_SUBSCRIPTION|FUNDS_TRANSFER
4999f9108b35a64b7fe0d1a2,GENERAL_SENTIMENT
d22060c7d98eb675116efde7,CUSTOMER_SUPPORT
10459099e72498b1d755bbb6,ACCOUNT_ACCESS_AUTH
195b26a27eb865ddb2498d80,USABILITY_NAV|FUNDS_TRANSFER|TRADE_EXECUTION
dc1617a9f87f2133abde0713,ONBOARDING_BEGINNER
bf54749376e5e91ff8c70a48,GENERAL_SENTIMENT
a6b919a514f1fed4ea82d4da,ONBOARDING_BEGINNER
33a259a43c6c4d5abaf57413,USABILITY_NAV|FUNDS_TRANSFER|FEES_SUBSCRIPTION
3ddf8e30f1c8da81f5852261,FUNDS_TRANSFER|APP_STABILITY_PERFORMANCE
ae5956ffe79c5a9f67e9aa32,USABILITY_NAV
890b298764bd6aad26511c39,USABILITY_NAV|FEES_SUBSCRIPTION
b6fd9024d4ab1d2f0869c56b,USABILITY_NAV|FEES_SUBSCRIPTION
fe5df1a0c83a31933263d9b1,GENERAL_SENTIMENT
9fcbcc153eb587dd6492823e,GENERAL_SENTIMENT
3a438b802047933a86cc94f3,APP_STABILITY_PERFORMANCE
76f832ae02ae3964c13f4c26,CRYPTO_SPECIFIC|FUNDS_TRANSFER
8e73587e209f6a2a8786f5aa,GENERAL_SENTIMENT
b769960971ab9faa8073f01f,GENERAL_SENTIMENT
dcedeeecf670ced13255f738,ONBOARDING_BEGINNER
8ee2ac13ae5a980b09fa9aff,USABILITY_NAV
ab0d348e6deb91e975931583,USABILITY_NAV
b8ce7e2ef4bb15fa88f814e7,SECURITY_PRIVACY|CUSTOMER_SUPPORT|FUNDS_TRANSFER
1aee3a14df972cf9b04d7fea,GENERAL_SENTIMENT
aa10facf23c470d3e822c497,GENERAL_SENTIMENT
e6b814e5a621ee706d6cf868,FEES_SUBSCRIPTION|ASSET_COVERAGE
de2351473dff254aa59deca1,CRYPTO_SPECIFIC
f33b057a7e4b663f9fcd20fa,USABILITY_NAV
f02ccf3bc45f6ad855652f35,ACCOUNT_ACCESS_AUTH|USABILITY_NAV
7df2ff6f1164a27970657579,GENERAL_SENTIMENT
aeb91375ab23bf6469dc97a1,ACCOUNT_ACCESS_AUTH|USABILITY_NAV
8f797955a0a0a801aa730d22,ONBOARDING_BEGINNER
1f619e3871b55b09c36d0530,ONBOARDING_BEGINNER
c99ecb82bd2321cd04c90722,USABILITY_NAV
432a5518e2426b08817f00be,ACCOUNT_ACCESS_AUTH
ca9516244365ef9d35ac66bd,CRYPTO_SPECIFIC|CUSTOMER_SUPPORT
3c015a8e596aeb6281244fee,FEES_SUBSCRIPTION|CUSTOMER_SUPPORT
50001b193ca0c307dce56015,GENERAL_SENTIMENT
51622ba0221b30a40a074ba4,GENERAL_SENTIMENT
26e9b614ef5f4abfb2a31a90,CRYPTO_SPECIFIC|ADVERTISING_NOTIFICATIONS
d192c401dfb104b4fa925e8a,ONBOARDING_BEGINNER|USABILITY_NAV
3eb50fe5b6eb384edac022a4,GENERAL_SENTIMENT
9bda899f9ca933391caa29a8,ADVERTISING_NOTIFICATIONS
1f73a7c3afb1545585cb8c93,USABILITY_NAV|CUSTOMER_SUPPORT
03922a1fc58a614dcb47b2bc,APP_STABILITY_PERFORMANCE
d568562f7be8a2be57e331b4,GENERAL_SENTIMENT
29051fbb2400abc9c792f5e3,APP_STABILITY_PERFORMANCE
7d053dec6af3dfc5db47ff52,GENERAL_SENTIMENT
84fd037c0bfcfd63d82682a2,GENERAL_SENTIMENT
27e6bce58799d463f3bd4961,USABILITY_NAV|FEES_SUBSCRIPTION
9ffb5985e7524633e2a5915a,GENERAL_SENTIMENT
77564bdaf543558a4283d5ca,USABILITY_NAV|TRADE_EXECUTION|CUSTOMER_SUPPORT
068a22ded2682199bfeacdf4,ONBOARDING_BEGINNER|USABILITY_NAV
95720909c9186d39fd448f6c,GENERAL_SENTIMENT
52f88f9cc7ffa9cd0e8e7e42,USABILITY_NAV
60467ab19e1ce92ac4b147fa,FEES_SUBSCRIPTION|CUSTOMER_SUPPORT
ba02dc0f85dd338af683f0c2,USABILITY_NAV
b2bb2aae8d59ec8289dbbec4,ACCOUNT_ACCESS_AUTH
2ba7a738d5728902ed2079bb,ACCOUNT_ACCESS_AUTH
99c342d657eb4014a0972b05,GENERAL_SENTIMENT
4ffeb6c0cca8ef479578fa30,APP_STABILITY_PERFORMANCE|TRUST_FAIRNESS_REGULATORY
949eda9ee66612527de8060d,USABILITY_NAV
01df1ae0864fb8084097cf61,TRADE_EXECUTION|TRUST_FAIRNESS_REGULATORY
66f6c45721c01b2c77f9f195,USABILITY_NAV
8a7e31ca3be4e0f1800930d8,ONBOARDING_BEGINNER
ce14da19c8eafd0fbdadce29,USABILITY_NAV
21a7574cb890e80692edab30,USABILITY_NAV
13833cbda176242dab36b4c9,CUSTOMER_SUPPORT|ACCOUNT_ACCESS_AUTH|TRADE_EXECUTION
f62cac09c1d5565aaea6a4cb,GENERAL_SENTIMENT
4a6f97986c7c5011d12889d1,CUSTOMER_SUPPORT
d940f8640a4bf452e59d2943,ACCOUNT_ACCESS_AUTH|FEES_SUBSCRIPTION
993a3d2dac723f6929fffd23,GENERAL_SENTIMENT
6beb3aa02d1bd32a80b71a1c,GENERAL_SENTIMENT
5ab51dc15e210798d801ebae,USABILITY_NAV
fb1edc4d749ad291357634b4,GENERAL_SENTIMENT
258beef80eeed8140d3b98c3,FUNDS_TRANSFER|TRADE_EXECUTION|SECURITY_PRIVACY|PREDICTION_MARKETS
6872724cbdf28d3bfebd3bf6,GENERAL_SENTIMENT
e27e16b474b81d4c0e6502ad,USABILITY_NAV
69054632ad840b8c3347fe0d,FEES_SUBSCRIPTION|TRADE_EXECUTION
34841e992c336195d5271587,GENERAL_SENTIMENT
e7bc195398f0d0a5ce588124,USABILITY_NAV
2eeeaf0fc3c52300154ffd31,GENERAL_SENTIMENT
f2547cc24ca1cc08ad63df6e,GENERAL_SENTIMENT
6bc5b5268337bf9eed0a44fc,GENERAL_SENTIMENT
2e02e67b49a6b1212eaf6721,APP_STABILITY_PERFORMANCE
442de9dbd45415448c611a93,USABILITY_NAV|FUNDS_TRANSFER
f0a358e4b4ad59771653a478,GENERAL_SENTIMENT
d84d672289ee71884d2615df,GENERAL_SENTIMENT
2b824d71766a0621499d73db,FEES_SUBSCRIPTION|CHARTING_TOOLS
632ba20ba3b68b63d1b8efd9,USABILITY_NAV
40d4ce87d55a914178504580,ACCOUNT_LIFECYCLE|CUSTOMER_SUPPORT
c05018fc53e4524d21be0b8d,CRYPTO_SPECIFIC|USABILITY_NAV
4818e82f14f922455d5cdeca,FUNDS_TRANSFER
b65c0c18a5b1a2313512a071,ACCOUNT_ACCESS_AUTH
ff93d88d29913f6c9e410fe2,ONBOARDING_BEGINNER
7aaef01b0f4f3a2d7aa6fc91,GENERAL_SENTIMENT
68907c54ea7a6f958b3a7e50,FUNDS_TRANSFER
1ebf6da4b53a3b08f3005d8f,USABILITY_NAV
40ebcd64d8435583b09e9fa4,SECURITY_PRIVACY
3939b8c4e572c934d5b4c3b4,GENERAL_SENTIMENT
05b858780e643f882c5dd345,APP_STABILITY_PERFORMANCE
b5f1836ec646451db613e2f9,USABILITY_NAV|ONBOARDING_BEGINNER
1a6b002edc746b2d286b952f,USABILITY_NAV
b37b75ccda6c9a7c4c2d0290,APP_STABILITY_PERFORMANCE
329c178b953650931c2a6c4b,APP_STABILITY_PERFORMANCE
3ff6720b351c42070cbae9b6,GENERAL_SENTIMENT
4bb9a7d569a67d3a38e9af7b,USABILITY_NAV|ONBOARDING_BEGINNER
320187dcb65adfa23f6ec729,GENERAL_SENTIMENT
41659ea323bc3506707d3b7c,ONBOARDING_BEGINNER
96011e0ee639b11f10330219,PREDICTION_MARKETS|TRUST_FAIRNESS_REGULATORY
d8d83a583277849b9ea0a74e,FUNDS_TRANSFER|FEES_SUBSCRIPTION
b6530791fdfa3f23cce45201,GENERAL_SENTIMENT
955997307c3b152807c651bf,APP_STABILITY_PERFORMANCE|TRADE_EXECUTION|CUSTOMER_SUPPORT
10467286eb4f8f4fd1520a56,GENERAL_SENTIMENT
dd4570119fadb38cab07deea,GENERAL_SENTIMENT
b0434590607fefdbb682bf78,TRADE_EXECUTION
de2fd69894717b650a624666,GENERAL_SENTIMENT
077533751285d855cbc7b8e7,ONBOARDING_BEGINNER
63151ef5e4719019502db2b4,GENERAL_SENTIMENT
47134904702fcad817b3cbc6,ASSET_COVERAGE
8a75a0df5c8eea1bfd7f9fb0,GENERAL_SENTIMENT
e27278d743826ede9815db6a,ONBOARDING_BEGINNER
431bd1840872f0fc0e568e65,ASSET_COVERAGE
99c5d29bfae89ed7d52719dd,USABILITY_NAV
705a15117dd99b1a782222ca,ACCOUNT_ACCESS_AUTH|CUSTOMER_SUPPORT|ACCOUNT_LIFECYCLE
ebef15f3250c87da364a27a3,ACCOUNT_ACCESS_AUTH
ea0ef2c18d5489e6ade740f8,GENERAL_SENTIMENT
011765ab688b5152f2bb18e0,GENERAL_SENTIMENT
6aea5a4e046d5ecd0d964051,GENERAL_SENTIMENT
4e9977afa1181b6825b4fbef,TRUST_FAIRNESS_REGULATORY|SECURITY_PRIVACY
ba0283e0d094a1d68559d87e,USABILITY_NAV|CRYPTO_SPECIFIC
4e680c0d54c1bf9b1156c6d6,ACCOUNT_ACCESS_AUTH|APP_STABILITY_PERFORMANCE
af02668121034feacd8a04d8,USABILITY_NAV|ONBOARDING_BEGINNER
e05b3b0b234250fbd18e4cfc,APP_STABILITY_PERFORMANCE|CUSTOMER_SUPPORT
8a6a7be6f2fbbd515507db5a,CRYPTO_SPECIFIC
048063713b8c5a71bca8f19e,USABILITY_NAV
591440b3d29f9a7fe7da4e03,FUNDS_TRANSFER
081dd704a1a7f574724a154c,GENERAL_SENTIMENT
c9d06647f8c337f18da22ce0,APP_STABILITY_PERFORMANCE|ACCOUNT_ACCESS_AUTH
71202b18c62e312594a5f16e,GENERAL_SENTIMENT
88075b1bdbb9cf1c2861688e,GENERAL_SENTIMENT
9d031dda51e0a7f135dc7a64,USABILITY_NAV
5464a5e490e3289eb5ddd855,ONBOARDING_BEGINNER
31513be4561557b04f24384f,GENERAL_SENTIMENT
f95ff5d76ab5421a4ea9af47,USABILITY_NAV
cfe0b732afe93f1da2960eb1,FUNDS_TRANSFER|TRUST_FAIRNESS_REGULATORY
bc4afbc525eeeadfd50c69fd,USABILITY_NAV
7919396b46b76ed78e606dca,CUSTOMER_SUPPORT
9f579f7edbb094a13cafbd08,USABILITY_NAV
4e0d674da606c4984e66a4cc,GENERAL_SENTIMENT
ddea8dafbfea25d1358efaf6,PREDICTION_MARKETS
5621f6c764793ec2eaddcf0b,CRYPTO_SPECIFIC|GENERAL_SENTIMENT
5c10c40e7268acc94470fcb7,USABILITY_NAV|FEES_SUBSCRIPTION
93a3ddff61bdf8ff95928cfe,GENERAL_SENTIMENT
e1ba8ccf9a0a3ccec8f2b280,PREDICTION_MARKETS|TRUST_FAIRNESS_REGULATORY
84eea78f28efdf5de5a4d7fd,CRYPTO_SPECIFIC|TRUST_FAIRNESS_REGULATORY
b539d02963e116d1b6040f14,FUNDS_TRANSFER|ONBOARDING_BEGINNER
1241023d1b370ade169296a3,USABILITY_NAV
deac8234a3234777f58ed2b6,APP_STABILITY_PERFORMANCE
0f4f8f09eeaca7c4049dadf5,TRUST_FAIRNESS_REGULATORY
ae41beba0c43bea04f54e55e,GENERAL_SENTIMENT
35704884fbbe732e569a29b1,GENERAL_SENTIMENT
6d51914f8469476379bce794,ADVERTISING_NOTIFICATIONS|TRUST_FAIRNESS_REGULATORY
b8e89592b7d19fa5013ea1da,FUNDS_TRANSFER
9a923e9267c52352c84eaa42,APP_STABILITY_PERFORMANCE
562cf8ed5359f83755ee756c,GENERAL_SENTIMENT
97cc29ebc00b21cd8f0c2dc8,ONBOARDING_BEGINNER
8a1cb4d32ab565bc3e6f3e6e,TRADE_EXECUTION
42c46247c77ec8365b9d1d74,GENERAL_SENTIMENT
b338b65f42f89a6d00f83df9,APP_STABILITY_PERFORMANCE|CHARTING_TOOLS|TRADE_EXECUTION
a29256df893d1100bd4240ae,ACCOUNT_ACCESS_AUTH|ACCOUNT_LIFECYCLE
6b9020ea7bad23c6639e8866,FUNDS_TRANSFER
e2328dbe5991e7288f8aa211,GENERAL_SENTIMENT
773df13e870c932bfe0126f8,USABILITY_NAV
4febd6f9bd52356bebe2a7c1,USABILITY_NAV
33897c2566165afb3758f2f8,GENERAL_SENTIMENT
51988cc2eb7753791fa25014,ACCOUNT_ACCESS_AUTH
e4cf9bca9fe419b5a3e4a6f4,USABILITY_NAV
179d8e65e6bacd1245b2c942,FEES_SUBSCRIPTION
ea6488baa48e3d3a78608c4c,CHARTING_TOOLS
0c6ed0cffcd204591c1826fb,APP_STABILITY_PERFORMANCE
9a47d9143799448b8abe557a,TRADE_EXECUTION|TRUST_FAIRNESS_REGULATORY|ACCOUNT_LIFECYCLE
170f76967407dffe700da6fd,ONBOARDING_BEGINNER|CRYPTO_SPECIFIC
4abe246999a288f200c8b0b6,CRYPTO_SPECIFIC|ONBOARDING_BEGINNER
5c7f136a60ce4894ce241a89,TRUST_FAIRNESS_REGULATORY
510c7cbb030f4b49507cd267,USABILITY_NAV
5a71b75a27fca2b387998edf,SECURITY_PRIVACY
0d846025780a3229b800af4a,ONBOARDING_BEGINNER
a5b5caf9cc82e6869b029616,GENERAL_SENTIMENT
544a7873368577e2e60f45e6,GENERAL_SENTIMENT
d426db37ee01c37cf831081a,USABILITY_NAV|FEES_SUBSCRIPTION
994e7969c398a5f82513bffa,FEES_SUBSCRIPTION
c7b131bfed40cd668c762681,FUNDS_TRANSFER
cf6bd09986d6fab0e5e21d92,ONBOARDING_BEGINNER
5ce0e13279387d2b4b453323,USABILITY_NAV
7d7c0d0fcc64755f79726e88,USABILITY_NAV
680d58c4bbee6cf8491c7160,GENERAL_SENTIMENT
83db76f770cba9a27c7a511c,GENERAL_SENTIMENT
82b25e2b8f374b12ce968aba,USABILITY_NAV
84a83bc1ca81e342ccdf8b39,GENERAL_SENTIMENT
9945a6bc88fa0db95432ed25,GENERAL_SENTIMENT
3958cd4c74963cc6a9ae9d6d,APP_STABILITY_PERFORMANCE
49b0865531b4825be7190638,USABILITY_NAV|ADVERTISING_NOTIFICATIONS
f97f88e9fd25ee6993bb8861,GENERAL_SENTIMENT
90103117aee5c2b1518bd0a1,ACCOUNT_ACCESS_AUTH
c0c0f5152764af19dea43011,GENERAL_SENTIMENT
72302fc80e8704eda2553bef,GENERAL_SENTIMENT
eae9ccc5b4b6f678723adc25,APP_STABILITY_PERFORMANCE|ACCOUNT_ACCESS_AUTH
c377f5561063815e375e1716,GENERAL_SENTIMENT
3586c70b7bedeb39c72d2a25,TRUST_FAIRNESS_REGULATORY|FEES_SUBSCRIPTION
c506d44679fb818874209d97,GENERAL_SENTIMENT
ecc2ac8d2ba21017227c5c09,CRYPTO_SPECIFIC|FEES_SUBSCRIPTION|TRUST_FAIRNESS_REGULATORY
16b612d6bd6d86e757c2303f,ONBOARDING_BEGINNER
d04edb7ebf2aa7c031d6573a,GENERAL_SENTIMENT
fd8f95563dfd38548b993d07,GENERAL_SENTIMENT
f8665e301a8d651c00d2f0a2,ACCOUNT_LIFECYCLE|CUSTOMER_SUPPORT|FUNDS_TRANSFER
36e1264980abeafd261d0657,CRYPTO_SPECIFIC|FUNDS_TRANSFER|CUSTOMER_SUPPORT
5a873a6b8b273ba058647386,GENERAL_SENTIMENT
74b4e1a887fa810d1ff98c77,CUSTOMER_SUPPORT
f3488adfaa657e51bc7c6845,GENERAL_SENTIMENT
f2549c71e443077235e611f4,GENERAL_SENTIMENT
166dbadf30ed571cff72233a,USABILITY_NAV
4cc3566a499d2fb86e7b1fd7,APP_STABILITY_PERFORMANCE|CUSTOMER_SUPPORT
48a4d1760da10c190ccda5c2,GENERAL_SENTIMENT
ba58a9343bdfac4e33eacbe4,TRADE_EXECUTION
e8b75ce53c63d6265512a9b2,APP_STABILITY_PERFORMANCE|TRADE_EXECUTION
49628fd744417d218cb550ad,CUSTOMER_SUPPORT|FUNDS_TRANSFER|APP_STABILITY_PERFORMANCE
548e49eb8e61e29b0a4c96b5,USABILITY_NAV
cccaf8286c1413f628d653f6,GENERAL_SENTIMENT
151d7026a603c5029a4922ff,USABILITY_NAV
0cc1c7d518c0504e9e788fce,GENERAL_SENTIMENT
8639d2bdc3a7adca12323b31,APP_STABILITY_PERFORMANCE
f4c995c9d85afb7403bd3eac,USABILITY_NAV
71a431272099b73e4b5ed3c1,FUNDS_TRANSFER
7ae9622212562cabc792036d,ONBOARDING_BEGINNER
2f7908d78103c75459f71548,USABILITY_NAV
c0b9a31f4af98156ae9fe017,CRYPTO_SPECIFIC|ONBOARDING_BEGINNER
83d67bc893fda54677b858e9,GENERAL_SENTIMENT
0288789b2920f2d04a4f1d55,FEES_SUBSCRIPTION|ONBOARDING_BEGINNER|CUSTOMER_SUPPORT
f9bf0dedd81942d4d1b80485,SECURITY_PRIVACY
ff91709248002f5f8447032a,USABILITY_NAV
72f4964c7d5a420c4c14d019,CHARTING_TOOLS|APP_STABILITY_PERFORMANCE
6afffcba95902f0ef7a6a64c,CUSTOMER_SUPPORT
53bc30051c86621c7acdf60e,GENERAL_SENTIMENT
e9675c6a269214236f647162,GENERAL_SENTIMENT
ae1328fdfe1bdb74baae8866,USABILITY_NAV
907cf9feb93819388394a7bc,ONBOARDING_BEGINNER
e407e15df0863d3869a3a0ea,USABILITY_NAV
66561b89fa8e6050abd5770b,GENERAL_SENTIMENT
8f4c579449e548d8afaf0e66,ACCOUNT_ACCESS_AUTH
ccc84545f3b0b4f6cc10bd25,GENERAL_SENTIMENT
6b6ddca797349a24998eb60b,USABILITY_NAV
5d2a268cb0e8aa6bdd14bacc,GENERAL_SENTIMENT
6f75b91d061e3f80764a8d8f,FUNDS_TRANSFER|TRUST_FAIRNESS_REGULATORY
b59da3d246fd879495ec08fa,APP_STABILITY_PERFORMANCE
34af0a90455ffccb5239fdac,GENERAL_SENTIMENT
aa23bd95d19a3ab518d04095,GENERAL_SENTIMENT
2db9d6525a6b32822c5b03b7,ACCOUNT_ACCESS_AUTH|CUSTOMER_SUPPORT
40edd8e0faa00d3cb6220464,USABILITY_NAV
b681fe909bef98ce30ae21bb,FEES_SUBSCRIPTION
e49603c13e2300af8568ed92,ASSET_COVERAGE
66efdeae9b4bcd8ca191967c,GENERAL_SENTIMENT
c97779edc6d7566e8d9dbba5,TRADE_EXECUTION|CHARTING_TOOLS
5ee8db75ace917ce0a690fb1,GENERAL_SENTIMENT
b54cc04f09029094e79d66a8,ACCOUNT_ACCESS_AUTH
7461e7d6221d5134e9a53f94,SECURITY_PRIVACY
ec3f1a28a682f966a301a4de,CRYPTO_SPECIFIC|FUNDS_TRANSFER
a856f8f42ee93dddbbd1dd65,CHARTING_TOOLS|USABILITY_NAV
9b4b32fe20966d3a8b9a717f,CRYPTO_SPECIFIC
7bfc27b33785888e23465e76,GENERAL_SENTIMENT
dfbb23bc6f62c93825b75d45,APP_STABILITY_PERFORMANCE|ACCOUNT_ACCESS_AUTH
035e1eeb235882f2b314beab,GENERAL_SENTIMENT
5340346633a677cb6221749f,GENERAL_SENTIMENT
acc2b25b5efd68aed989471a,GENERAL_SENTIMENT
ca00ce029e09f972b0065766,ACCOUNT_ACCESS_AUTH|APP_STABILITY_PERFORMANCE
23bc09ca15e97d7a097a1f8c,GENERAL_SENTIMENT
c985a451f1973985560965ec,ONBOARDING_BEGINNER
ba4617beb178dbbab9ce30ff,FUNDS_TRANSFER
e447904817dc7ff3fe5f9e9a,GENERAL_SENTIMENT
59097a6b78590cc9e70becbd,GENERAL_SENTIMENT
b69a783dea47a95b017afadf,USABILITY_NAV
7bb79599389f49f113385b72,APP_STABILITY_PERFORMANCE
41aa3798c89cd689593858fe,USABILITY_NAV
8706ebba3042757c1f79ac19,GENERAL_SENTIMENT
e0823d0b3e4c979a4dbe3cf9,FEES_SUBSCRIPTION|ADVERTISING_NOTIFICATIONS
dad7e8b5d48420eba668cf35,USABILITY_NAV
0c8c63daab082912fd742eae,FUNDS_TRANSFER|TRUST_FAIRNESS_REGULATORY
f0a197448ad82a28eee4a85f,CHARTING_TOOLS|CRYPTO_SPECIFIC|ASSET_COVERAGE
9e871edec9b67542844dbad3,USABILITY_NAV|ONBOARDING_BEGINNER
c0415ba477a91363db50c9e8,USABILITY_NAV
e70dfcf271aebc17b4c187f5,USABILITY_NAV
9dc1966b52618c4a9b2d3c82,CRYPTO_SPECIFIC|TRUST_FAIRNESS_REGULATORY
d87f66959beb549174a894e4,GENERAL_SENTIMENT
949f258ade1d9f26e971c015,GENERAL_SENTIMENT
c3a8f6698c6425d75c6cd2ab,FUNDS_TRANSFER|ACCOUNT_ACCESS_AUTH
16f2f5458d0ba9a2e9a4c190,CUSTOMER_SUPPORT|ACCOUNT_ACCESS_AUTH
780ccc3000e9471e66b2a9be,GENERAL_SENTIMENT
29425f9cc21ec2183af0a191,GENERAL_SENTIMENT
8fe88ed6f3d9075a36ced4a0,APP_STABILITY_PERFORMANCE
a68930ef924a508ade1b2a62,ONBOARDING_BEGINNER
5b1c8910326b78f8b162821b,CUSTOMER_SUPPORT
047cecad374bc7b46a83972e,GENERAL_SENTIMENT
625e49cda8f7b6773333669f,GENERAL_SENTIMENT
ba5c36686efb231d2a641117,APP_STABILITY_PERFORMANCE|SECURITY_PRIVACY|CHARTING_TOOLS|FUNDS_TRANSFER
ac397ebc2b6f2871d5480efb,GENERAL_SENTIMENT
12ecf520271fca86cae2f8fa,GENERAL_SENTIMENT
e76966ec34c94895c807461f,APP_STABILITY_PERFORMANCE
92cda66fde1563f52b0bc05c,USABILITY_NAV
e8e0eca617ae770d32bfd211,USABILITY_NAV|CRYPTO_SPECIFIC
9ff1b83ad1539eed3ead0f89,USABILITY_NAV
06e113b96bdace79201c25f1,USABILITY_NAV
5ef2c916b06af4e4b1c02281,USABILITY_NAV
9134503d0fe51642376ad047,GENERAL_SENTIMENT
d4bdb2090185ece8d6bc64b6,ACCOUNT_ACCESS_AUTH|SECURITY_PRIVACY
5141222eaf12234fec1f12e9,APP_STABILITY_PERFORMANCE
c44b0b1be890aad98f081a6b,FUNDS_TRANSFER|TRUST_FAIRNESS_REGULATORY
cb3d9b235d29f867e347f236,GENERAL_SENTIMENT
959517302aa8c17216cb0a75,GENERAL_SENTIMENT
8d81a361ddf4b4059b4cbedc,GENERAL_SENTIMENT
3e46d9fdf5a29198c42d505d,USABILITY_NAV
5850453e69196cd58ef8d08b,FUNDS_TRANSFER
4a3f27d0313ef90e588cdd30,GENERAL_SENTIMENT
ad6033f4dfac9db953d0d675,TRADE_EXECUTION
fe8eaf71f9ccb933ec93bb88,ACCOUNT_ACCESS_AUTH
f8fad118de15a738da257360,FEES_SUBSCRIPTION|ONBOARDING_BEGINNER
36fd4fb1d7f113596f9fe8ab,FEES_SUBSCRIPTION
904e95f5d77984fc9b4ec49a,USABILITY_NAV|APP_STABILITY_PERFORMANCE
b031ee0ef69d59e260508666,FEES_SUBSCRIPTION|CRYPTO_SPECIFIC
4ec5ac85ea1c1c1fbfc0cda1,USABILITY_NAV
61aeecdb7d8b34ba4416d945,GENERAL_SENTIMENT
5a544c2b00559b1be9334c18,CUSTOMER_SUPPORT|ONBOARDING_BEGINNER
04edb0b4871f69c756549804,USABILITY_NAV
5ddd47dbf684f2a6f584be45,ONBOARDING_BEGINNER|USABILITY_NAV
ef0f329210f9a6bf0a047080,USABILITY_NAV
611deb4eef7109fe7675f38c,CRYPTO_SPECIFIC|FEES_SUBSCRIPTION
4ac40f2923c03c1d14cdb3d0,ONBOARDING_BEGINNER
15259ac531669380d04e6ff2,USABILITY_NAV|CHARTING_TOOLS
eb4f2d6d1e43242b8ee338c1,GENERAL_SENTIMENT
3220857749b52c8ac834c9fc,TRADE_EXECUTION|TRUST_FAIRNESS_REGULATORY
47947afc6746b2d43d3243a4,GENERAL_SENTIMENT
a11ed22d7c84d8e38b1e285e,CRYPTO_SPECIFIC|CUSTOMER_SUPPORT|FUNDS_TRANSFER
094be61b92abab94a5310203,GENERAL_SENTIMENT
4e4a716fe47dc456854a6cf2,USABILITY_NAV
2ed09b4afc6174affb3680fc,GENERAL_SENTIMENT
da3ca8ca4d418a273b500ff9,GENERAL_SENTIMENT
fd11eeba10b8b3b45ac4ea14,USABILITY_NAV
5d228f10b392c1e0645d33f3,GENERAL_SENTIMENT
4f3093ed96b8a2e74664439d,USABILITY_NAV|ONBOARDING_BEGINNER
8854be02b2554a9cb1bc6fa4,GENERAL_SENTIMENT
d7cdbafbe2d817f3086fcaec,GENERAL_SENTIMENT
0c40e9111ba75cdd37096c8d,GENERAL_SENTIMENT
1ad3521997b99f17c7bcd2ae,GENERAL_SENTIMENT
0bc244656ae10f15463cc30a,USABILITY_NAV|APP_STABILITY_PERFORMANCE
f75c3f3a5d97b233f76cc39d,ONBOARDING_BEGINNER|CRYPTO_SPECIFIC
941e155d1cf52138479f9cc8,ONBOARDING_BEGINNER
d141db2d7706e9bf9ce9f570,TRADE_EXECUTION|TRUST_FAIRNESS_REGULATORY
548502afededa8bb6392801c,USABILITY_NAV
4edb44b9fbc0b8f93465aada,ONBOARDING_BEGINNER|ADVERTISING_NOTIFICATIONS
27911812ecbcc0ac3d17db3d,GENERAL_SENTIMENT
c4939f8fc046e7b3b50201a1,USABILITY_NAV
2a9297e23629c022cefbc26a,TRADE_EXECUTION
93d2523888dd37deed9fae17,GENERAL_SENTIMENT
b93bb022b31de60b71e91ebe,CHARTING_TOOLS
0b5f7090f6e06c9c971ddad3,GENERAL_SENTIMENT
9582a18cbdf7aa19211006ff,CUSTOMER_SUPPORT
b7b5520cbc1dd7882ca84366,CUSTOMER_SUPPORT
3f72a71ceb9bb1585c5db05e,ASSET_COVERAGE
cc709463ff29ebb10833686f,SECURITY_PRIVACY|FEES_SUBSCRIPTION
50f3e66a0fdda8810d0b10c6,GENERAL_SENTIMENT
699fb88d2e10da114ae054d8,CRYPTO_SPECIFIC|FUNDS_TRANSFER
48682d2043b054075f6f4c7b,GENERAL_SENTIMENT
11829cb275fae51b161febaf,GENERAL_SENTIMENT
18f83bfd2b69e68a66dc7bab,FEES_SUBSCRIPTION
51962db4cc475f3432cfd41c,ACCOUNT_ACCESS_AUTH|CRYPTO_SPECIFIC
c52085bc055933f95c034b17,APP_STABILITY_PERFORMANCE|TRUST_FAIRNESS_REGULATORY
e608b6838a5a51b42d89dab8,CHARTING_TOOLS
d782718dcda103d56ac81b70,ONBOARDING_BEGINNER
3f37b87c400b061857d20c09,USABILITY_NAV
d691f0a8e9182a866bf1e553,USABILITY_NAV|CRYPTO_SPECIFIC
4ec1f89efcd56487edbb45b2,FEES_SUBSCRIPTION
1d6dd9463ccd9469c03750a9,GENERAL_SENTIMENT
04db2e2538dcfd672c0bbb03,ASSET_COVERAGE
c998fd064e08cf77c6c38274,ONBOARDING_BEGINNER
7713d5ffe839af64bdc5c97a,ADVERTISING_NOTIFICATIONS
5be02949a52098dc8209867a,USABILITY_NAV
0c154f2351855b96afe7e17e,TRUST_FAIRNESS_REGULATORY
b802b6de7695412c5bec3e32,FUNDS_TRANSFER
72f2e3aa6294345b38e061fc,ACCOUNT_ACCESS_AUTH
db12fabdd1ae2f4d33156d32,ONBOARDING_BEGINNER
927840c9055cf00fedcfcae3,GENERAL_SENTIMENT
b7da5acea640d56f91c8ed00,GENERAL_SENTIMENT
8328ac893e4db8ddda1f8536,USABILITY_NAV
8719f8511545488f6aa2688b,USABILITY_NAV|FUNDS_TRANSFER
4c4495a330b5538ee475b91c,GENERAL_SENTIMENT
3d18b1f29586ef9e99929c23,ADVERTISING_NOTIFICATIONS
c7fe7f5c7be6e07500a693a5,USABILITY_NAV
099f8a7733c4ec40d6ba060c,ONBOARDING_BEGINNER
6b9a0aa620e5423190473de6,ACCOUNT_ACCESS_AUTH|APP_STABILITY_PERFORMANCE
1d7cf38263ba118840e2bc1c,SECURITY_PRIVACY
a8ddcbc7b499ccf680e1b61c,GENERAL_SENTIMENT
1cbdc42b0538cb3c88081043,GENERAL_SENTIMENT
efdd4f00af20e5a72b113da1,CUSTOMER_SUPPORT|FUNDS_TRANSFER|TRUST_FAIRNESS_REGULATORY
c8c2c9dc6c9388451c5c4db4,USABILITY_NAV
f6d2655eee557dfe616b8e2f,GENERAL_SENTIMENT
1e269f9c827c238c1a551386,GENERAL_SENTIMENT
6d308324d8fca2428ce4352c,ONBOARDING_BEGINNER|CRYPTO_SPECIFIC
e4308e7add2d1a005fcdc432,GENERAL_SENTIMENT
61701e7791e4305068fd2a60,APP_STABILITY_PERFORMANCE
195db6013bd8339314049fdd,FUNDS_TRANSFER|FEES_SUBSCRIPTION
2c7b2964ff80f34b7da566f7,USABILITY_NAV
48c4252ee678e4b044a09296,GENERAL_SENTIMENT
1334034758fd4ebb367e41ed,TRUST_FAIRNESS_REGULATORY|CUSTOMER_SUPPORT
d1dafc68b53c8143696fae41,GENERAL_SENTIMENT
10ea62a7d002a7583f9f01fe,GENERAL_SENTIMENT
f2903095f76cb2831d400e8f,USABILITY_NAV|ONBOARDING_BEGINNER
399dcc5afd109c8c732037b3,GENERAL_SENTIMENT
a27c24fde2d45d6f6526962b,CRYPTO_SPECIFIC|FEES_SUBSCRIPTION
e4d5d2d6be7096971e37f1d7,FUNDS_TRANSFER|SECURITY_PRIVACY|FEES_SUBSCRIPTION
608d6d49039cf893d37f39dc,CUSTOMER_SUPPORT|TRADE_EXECUTION|APP_STABILITY_PERFORMANCE|CRYPTO_SPECIFIC
2b99844cc89852755875035e,GENERAL_SENTIMENT
672877719c942af265530b12,GENERAL_SENTIMENT
e555843e7ee3a8c7dc83baef,GENERAL_SENTIMENT
c6f08f2723e93e1a7407226e,FEES_SUBSCRIPTION|TRADE_EXECUTION
200f3460557df5ce4fe5dad5,GENERAL_SENTIMENT
10d18934a29faadfc5be11b8,GENERAL_SENTIMENT
e0b967190b2d0a4bc52b1220,GENERAL_SENTIMENT
07838ea25ba9f7c1b47f690d,GENERAL_SENTIMENT
bd7dc6bf439d632f52f6c236,FUNDS_TRANSFER|CUSTOMER_SUPPORT
5c65c183f41fd987d3540316,ONBOARDING_BEGINNER
e6bcee74dc34ba59da6b45f2,USABILITY_NAV|FUNDS_TRANSFER
2a783d8aa31d08598cf511f6,GENERAL_SENTIMENT
ddda5deb2d890c90d373037d,GENERAL_SENTIMENT
9e6b1875e68e373d9a62dbb9,USABILITY_NAV
f01f708213702c4c6ab14e19,GENERAL_SENTIMENT
60c9e206dff89e1881a99486,ACCOUNT_ACCESS_AUTH|FUNDS_TRANSFER
00859bf214944cff73ae5e87,ONBOARDING_BEGINNER
0512c3f2cad9da758789f9e6,TRUST_FAIRNESS_REGULATORY
d38ecd7abd033ca2d315571f,USABILITY_NAV
beb80cc8ab1221af8dcc4403,ONBOARDING_BEGINNER
fcea2827810df6526f9d00a1,GENERAL_SENTIMENT
d3377f90a50294631ce4730e,GENERAL_SENTIMENT
f818089dac535e7dd61f6216,GENERAL_SENTIMENT
5409bde10ac4695e9cc8be13,ACCOUNT_ACCESS_AUTH
7d4862f2a2864a7362803393,GENERAL_SENTIMENT
3c1c4f3fbd48f8faffc65111,APP_STABILITY_PERFORMANCE
0d222ed33d5c91a488de8912,APP_STABILITY_PERFORMANCE|ACCOUNT_LIFECYCLE
8f2ffcfe46e915bfc467b311,CRYPTO_SPECIFIC|ASSET_COVERAGE
bda9971e042a94cb7c59cb7d,GENERAL_SENTIMENT
49075928ba6bf3b394e6fbb3,GENERAL_SENTIMENT
48ea9155e56f07d0ce428240,USABILITY_NAV
2582987ddd70702478766e31,TRUST_FAIRNESS_REGULATORY|FUNDS_TRANSFER
0c963c033db408e879ddfa3c,CHARTING_TOOLS|ONBOARDING_BEGINNER
c66a2b1a6de2543ffdedfac5,USABILITY_NAV
d717aa5fae66f29ded53aa06,GENERAL_SENTIMENT
92b03d0ca7452e247f4ea1db,GENERAL_SENTIMENT
01f5058713542ac37792440c,USABILITY_NAV
ad36d5d353ac627147dc1256,TRADE_EXECUTION
fb4ffbfcfabf2e3e6c56fc58,GENERAL_SENTIMENT
dba4347c3b466d5c72d51ad6,GENERAL_SENTIMENT
2daf4c64aaa949fc8af63ba8,ACCOUNT_LIFECYCLE
33fa2293935392fea262dcc8,USABILITY_NAV
8bdc4610458b3b6ac37e8b83,FEES_SUBSCRIPTION|CUSTOMER_SUPPORT
a5b34e3f909454fb08d8cd1b,CUSTOMER_SUPPORT|GENERAL_SENTIMENT
04ac4569f336b61e7c1f3882,USABILITY_NAV|FUNDS_TRANSFER
f83ecc45937862d7aa2ff4c1,ONBOARDING_BEGINNER
048876ebec6ef66b3589d8c3,GENERAL_SENTIMENT
76503762b759cd369c41ddbc,APP_STABILITY_PERFORMANCE
205f9d477b09c8d48ea7a38c,GENERAL_SENTIMENT
dffc0dfad2e8119aecfc38a0,USABILITY_NAV
65475beafc58264e3d56a77b,GENERAL_SENTIMENT
efcc886db447c400c95a1106,GENERAL_SENTIMENT
362a34d6094cc1daf50dcbd5,FUNDS_TRANSFER
9903d91c60d9e1f7460533ee,FUNDS_TRANSFER|TRUST_FAIRNESS_REGULATORY
9db414c6bb5679f010e40ff5,GENERAL_SENTIMENT
6275891f9998ba7c4056d02d,APP_STABILITY_PERFORMANCE
74ee59582c2d003b9f5f20b6,GENERAL_SENTIMENT
dc10ed6f7d88a325e2e7105a,APP_STABILITY_PERFORMANCE|TRADE_EXECUTION
4dfa0c4ce624af660a5b2963,TRUST_FAIRNESS_REGULATORY|CUSTOMER_SUPPORT
8d7c50d732812ea787803b4b,GENERAL_SENTIMENT
06e858b7de5ecd538e54ea2c,USABILITY_NAV
cd1bd731bf95f481f695dcbb,ONBOARDING_BEGINNER
c8e53fee86764a11168a5176,ONBOARDING_BEGINNER
27a79fd14fdcbf944ea5187b,USABILITY_NAV|CUSTOMER_SUPPORT|FEES_SUBSCRIPTION
8127c4e468697ce8a879ab6e,GENERAL_SENTIMENT
858005712af11632ba6059b1,FEES_SUBSCRIPTION
e5dd1e621252be7ff03da7a4,ACCOUNT_ACCESS_AUTH
b7973339ff0833e1ec4c1561,USABILITY_NAV|ONBOARDING_BEGINNER
792bdcc4c45f6382f97a8a21,GENERAL_SENTIMENT
1bfec7f735db093c7b283560,USABILITY_NAV
720baabd5865198c9f0ba4c8,FEES_SUBSCRIPTION
1264eaac67f11a25c90c6c35,GENERAL_SENTIMENT
31274fc5fc75ba0c3cc2360e,ONBOARDING_BEGINNER
b2a6248a5a145071d1e50f6c,USABILITY_NAV|FEES_SUBSCRIPTION
faaa8635cf8aea7c1fe8d4f6,GENERAL_SENTIMENT
95ee19445d3883987432ce34,USABILITY_NAV|CHARTING_TOOLS|FEES_SUBSCRIPTION
acc0e94960c87978eb204812,GENERAL_SENTIMENT
e64d3d7a3654f65299ba0081,APP_STABILITY_PERFORMANCE
af2da5aab498ccf31589a4a4,TRADE_EXECUTION
cd05cb790098b8d4fbf06a4d,GENERAL_SENTIMENT
214a4431b6da06db4c329a9e,USABILITY_NAV
b6158037d7ccf3f966730c62,SECURITY_PRIVACY|TRUST_FAIRNESS_REGULATORY
5ae5d3b7cd7326c524df015a,CUSTOMER_SUPPORT|FUNDS_TRANSFER
d4880c03cb939ded35009bd7,ACCOUNT_ACCESS_AUTH
0db3b8d3b523dc0a119b3d36,USABILITY_NAV|ONBOARDING_BEGINNER
6a7891b0571f9bee600b3c2e,APP_STABILITY_PERFORMANCE
440cbe06926c771666dc4f4a,GENERAL_SENTIMENT
ab50c0cef75b6f08c7036746,CUSTOMER_SUPPORT
e9d774d7d29aad574d39c611,USABILITY_NAV|CUSTOMER_SUPPORT|CRYPTO_SPECIFIC
e2ea9137a8363e1126bdf8a6,CUSTOMER_SUPPORT|TRUST_FAIRNESS_REGULATORY
1f28f4615eeefe2eebda773d,GENERAL_SENTIMENT
ba839d46eb65cdf3b297af53,USABILITY_NAV|FEES_SUBSCRIPTION|FUNDS_TRANSFER
dc911cd5270794b315c28f76,FUNDS_TRANSFER
b67658bafbce569ed0c2d10e,ONBOARDING_BEGINNER
3a17fed50ca979c954f0a8c9,GENERAL_SENTIMENT
f2506011d6753c8e12e0f8e4,GENERAL_SENTIMENT
ee02ea9789c8bf172ea553cd,GENERAL_SENTIMENT
44aceb2154a61323f7ecb617,USABILITY_NAV
c0280f2ac9c972e5b1be19fb,ONBOARDING_BEGINNER|USABILITY_NAV
b412279784d1ba3e3966eeb3,CUSTOMER_SUPPORT
a220070f50fdd4a6a4c1a3c4,GENERAL_SENTIMENT
6e055dad6bcc95a3d2da2fa2,GENERAL_SENTIMENT
16e9203998082999a6b7306e,ACCOUNT_ACCESS_AUTH
ef7451452dcdf8bec8dbfa4f,USABILITY_NAV
f894f4ac5e8348e2897083e3,ACCOUNT_ACCESS_AUTH
640106e069a100630fd7ee4a,GENERAL_SENTIMENT
6c141a18fd2cea629a92e656,GENERAL_SENTIMENT
0ff97daa696886132c2cd810,USABILITY_NAV
b99cb578188fab8947024874,FEES_SUBSCRIPTION
c8102a0ec0eb6bddcccffe7a,CRYPTO_SPECIFIC|CUSTOMER_SUPPORT
74699d21fa7674b7cd631a62,GENERAL_SENTIMENT
2a89f16afd5f3caac805c12f,USABILITY_NAV|ONBOARDING_BEGINNER
a92b2bc2d7084ebdaf40a19c,USABILITY_NAV
04716a8fceb5d591b4c2394c,GENERAL_SENTIMENT
8c6af7d540e4a133ccab9dff,USABILITY_NAV
01eb51c2ed2b08a89856c41d,USABILITY_NAV
b280a33f42ec98b4b9e411c3,APP_STABILITY_PERFORMANCE
4b4a61561519e937fa42226c,GENERAL_SENTIMENT
a54f055c8feba3e8f50184e4,APP_STABILITY_PERFORMANCE
b65aba1c62b1c6e9e9c58195,SECURITY_PRIVACY
26902ee6baef2d916dd982bb,GENERAL_SENTIMENT
7bee5e904786ec8b7f949ced,APP_STABILITY_PERFORMANCE|ACCOUNT_ACCESS_AUTH
99e46215306877da52c54495,TRADE_EXECUTION|TRUST_FAIRNESS_REGULATORY
75c77a076341b8054592be66,USABILITY_NAV|FEES_SUBSCRIPTION
6ed9cee6c4130d8f44438612,ACCOUNT_LIFECYCLE|USABILITY_NAV
cb859f8c705c022877a77eba,GENERAL_SENTIMENT
886c318b30bbbc0a73167790,APP_STABILITY_PERFORMANCE|CHARTING_TOOLS
e37b52efa7280d4e44e8ccea,FUNDS_TRANSFER|TRUST_FAIRNESS_REGULATORY
7660ea9fcc005a584393d670,CUSTOMER_SUPPORT
3ccb5d5c3c2936dd642e856c,ACCOUNT_ACCESS_AUTH
5073b292e7534c7d3a84418e,ONBOARDING_BEGINNER
e1d96986731af1d66f5baef1,USABILITY_NAV|ONBOARDING_BEGINNER
4d35ce92b6e55719d7803be4,GENERAL_SENTIMENT
fdec7d5d28dd3250b94cb8f3,ACCOUNT_ACCESS_AUTH|SECURITY_PRIVACY
82ba8a9dd6fd0512d3e0e446,USABILITY_NAV
68bbae0370494e95f3ec32a7,GENERAL_SENTIMENT
d5ae7e4eae63052fdfdd3b69,SECURITY_PRIVACY
03287cbb59fc2232368ce0ba,GENERAL_SENTIMENT
311ca4dd90951abb67217b52,GENERAL_SENTIMENT
39e6847938ac26c5d83aeddb,ONBOARDING_BEGINNER
6cff0569ab43e255661e23d3,FEES_SUBSCRIPTION|TRUST_FAIRNESS_REGULATORY
0997991d4028a2bd6ceacb9a,FUNDS_TRANSFER
e104844d53960927ae4f24ad,TRUST_FAIRNESS_REGULATORY
7f4e2e9ad0456e70e1d9acd5,ONBOARDING_BEGINNER
4a15da301e97933058548fd8,USABILITY_NAV
b7979f1f45a5feb213ff7541,GENERAL_SENTIMENT
928553ee28c87f3a3c0fa4fc,GENERAL_SENTIMENT
53f7bc8af82ccaa9b8aad4cc,APP_STABILITY_PERFORMANCE
812efd3c659b5779ffd59bdd,TRUST_FAIRNESS_REGULATORY|SECURITY_PRIVACY
ba1283071514fa4e1badf843,SECURITY_PRIVACY|ACCOUNT_ACCESS_AUTH
d92a71ffb7a5d650e1a4cd3e,GENERAL_SENTIMENT
788007af9dbc9457e2e7a293,GENERAL_SENTIMENT
c20d415aa35fb3669b71b697,USABILITY_NAV|APP_STABILITY_PERFORMANCE
55a633fc18ebcb5c690f1fd4,ADVERTISING_NOTIFICATIONS|USABILITY_NAV
4b155597eb0025565259e184,GENERAL_SENTIMENT
d0f63d6569a7f8c68798fab6,USABILITY_NAV|FUNDS_TRANSFER
4488b0307980271c553f1562,ACCOUNT_ACCESS_AUTH
f5895c461378d0e8be2b1214,GENERAL_SENTIMENT
ea52a6f84feedfc655c1b4b5,GENERAL_SENTIMENT
a0098c8405ece728a7334010,FUNDS_TRANSFER|CUSTOMER_SUPPORT
3f715c03ea8c841a610f802d,TRADE_EXECUTION|CHARTING_TOOLS
b60c1e1ac5e429080ca1dc56,ADVERTISING_NOTIFICATIONS|CUSTOMER_SUPPORT
baee991382d4cdfecdb668a8,GENERAL_SENTIMENT
7d0a9533787d722fe2edd7e3,GENERAL_SENTIMENT
650a5945ab252e7b5a88c0a7,GENERAL_SENTIMENT
b0efa03ee66401ab0335360a,USABILITY_NAV|FEES_SUBSCRIPTION|ASSET_COVERAGE
15cae8f6d905ad339c8a68c0,USABILITY_NAV
ea720743b2f421a6885d6854,GENERAL_SENTIMENT
3769840c4d34f97be027a5fd,GENERAL_SENTIMENT
519ee4c03cb739f1711e8b31,CUSTOMER_SUPPORT
9bfd74bdedf8ef265783b36b,GENERAL_SENTIMENT
caebbdb7a29fbc56bbc932b7,GENERAL_SENTIMENT
ff8b6fda2367afc51734f0e9,CHARTING_TOOLS
1aeff3a3dc26ea449ffa18ed,CUSTOMER_SUPPORT
5e68bbdd35252cb80b3d468f,USABILITY_NAV|FEES_SUBSCRIPTION
7506863a3619e5de18c99e1c,APP_STABILITY_PERFORMANCE
55cd5f196ca0d287e452bb17,ACCOUNT_ACCESS_AUTH
6d0fb75475f1ce703004c2d8,GENERAL_SENTIMENT
a95ef05b0c851309134dff76,USABILITY_NAV
57dcc676fdd15c3516d87b93,CUSTOMER_SUPPORT
5de93fecaf74bcd7f3442053,ONBOARDING_BEGINNER
6672ec784617ed94528057d5,FUNDS_TRANSFER|CUSTOMER_SUPPORT
30cbdb2c0801c4174e334264,GENERAL_SENTIMENT
d1b321fc7c71cd8ebad7b604,ONBOARDING_BEGINNER
a71b7f66c7f44aeb6ad29a4d,USABILITY_NAV
31a4c1d1f6f190bb3f432701,GENERAL_SENTIMENT
13b8f8664779e092e3076db5,USABILITY_NAV
836f2511dacfd6a6d9e9a0b3,FUNDS_TRANSFER
cd079fe3bed69465f8f30bed,GENERAL_SENTIMENT
8c5b823023ba991260cdadc8,FEES_SUBSCRIPTION
0f2c854c85245b6941b90c3c,ONBOARDING_BEGINNER
475334ac996a76927bb7bd69,USABILITY_NAV
857b253e494f63544c2494e0,GENERAL_SENTIMENT
04f4b962953cfc9796ce45dd,USABILITY_NAV
4fa04e9f478c849dfcda61d2,GENERAL_SENTIMENT
25835e7fd5423ef1ed43634a,USABILITY_NAV
ba3ff8f37400524a97712941,USABILITY_NAV
f2c066bea8927b0b859ef087,USABILITY_NAV
bbb5265664ffb7aced4bf974,GENERAL_SENTIMENT
db8761a039c6ebb56ffc726c,USABILITY_NAV|FUNDS_TRANSFER
238c88e6433e310005a8bc5a,ONBOARDING_BEGINNER
2a2868cb6cd978dfefa0fb45,GENERAL_SENTIMENT
583ae14506ff62e0828a5952,GENERAL_SENTIMENT
3f077c400fcaf66ad95f60df,ADVERTISING_NOTIFICATIONS|APP_STABILITY_PERFORMANCE
14b863b6d79f1da1d009994c,APP_STABILITY_PERFORMANCE
1eb410b4f26fd48043e8f7f4,USABILITY_NAV
75d87ea474935d514adf642a,USABILITY_NAV
6daa4639ead3fb9bbed62bc5,USABILITY_NAV
13331bc6e42365f0a5da4293,GENERAL_SENTIMENT
cee3e3970cba6bf412937e2f,USABILITY_NAV|ONBOARDING_BEGINNER
eb35ec3a89c9dd31c7d75535,GENERAL_SENTIMENT
c119f9f18cd3c193d5b3c6d0,GENERAL_SENTIMENT
53430088a1be0d1814b386d9,ONBOARDING_BEGINNER
c6955dfc9dc056a77466dab0,ONBOARDING_BEGINNER
a0761686da0e6fa6d614e3cc,APP_STABILITY_PERFORMANCE
68e74d48df2343368f6c22ac,GENERAL_SENTIMENT
3926edac6f642d6a8c4b011e,USABILITY_NAV
4490cf756403659e34be6f2b,USABILITY_NAV
4f87ea5b15a13682bf8323fe,USABILITY_NAV|FEES_SUBSCRIPTION
e5ef211458b0dc8a30735add,CRYPTO_SPECIFIC
34944a7e1bf9f8151078767f,GENERAL_SENTIMENT
d2b581bed157bc0476981add,CUSTOMER_SUPPORT
6431c948a71b7e72a1f59ec5,USABILITY_NAV
a261bc9eb63c2d2666f07b81,GENERAL_SENTIMENT
d1086b1f588366758ccf0302,GENERAL_SENTIMENT
afec0b2e8b7469c3889bbcec,FEES_SUBSCRIPTION
fc8b84fec843a60571c9c21f,USABILITY_NAV
2ec86ceddf6e1ad5352de1fc,GENERAL_SENTIMENT
58c8863dcd72150ff8ec989e,GENERAL_SENTIMENT
e1283789b844307311340d76,USABILITY_NAV
8e4b1c392bb91c763e969045,ACCOUNT_ACCESS_AUTH|CUSTOMER_SUPPORT
56b09db281b0b8356134ae2b,CUSTOMER_SUPPORT|USABILITY_NAV
af09b540733af63681d2a219,USABILITY_NAV
e59e2206d2d91611f19b41ee,FEES_SUBSCRIPTION
1355d03c5285aba834c271a4,USABILITY_NAV
a7e687f0f9ae94efa0d6b400,USABILITY_NAV
4125200b775fd5f4d47974ed,ACCOUNT_ACCESS_AUTH
ac2034c1e3833b7e47c4ba90,CUSTOMER_SUPPORT
2c4cddb595acb99ce0b235a6,ACCOUNT_ACCESS_AUTH|SECURITY_PRIVACY
12179e558a65116edd6c1e1e,GENERAL_SENTIMENT
f5b610ce5ea8c05b193fab19,USABILITY_NAV
ec249575dd31d41ed1ef307e,APP_STABILITY_PERFORMANCE
7befa385d69c9d55edaf8983,USABILITY_NAV
a9b535fb8fb779ccb5dda3d6,USABILITY_NAV
fc83ed28e6d2c2b53dc3582b,ACCOUNT_ACCESS_AUTH|FUNDS_TRANSFER
555692946ab6261888271dcb,FUNDS_TRANSFER
1d1c58839a3c4ec6e3e9a3e1,ADVERTISING_NOTIFICATIONS
f9f17b2c4d9e66f0b6fa3cf1,SECURITY_PRIVACY|CUSTOMER_SUPPORT
00cd3db21d061b496b43bedb,GENERAL_SENTIMENT
a633704967cd85b5f4ea31b0,APP_STABILITY_PERFORMANCE
70c6c459615e848112c1bda6,USABILITY_NAV|ONBOARDING_BEGINNER
039e07b66a004f19ea7adc93,GENERAL_SENTIMENT
616f38c11294c04f18778afe,CRYPTO_SPECIFIC|CUSTOMER_SUPPORT|TRUST_FAIRNESS_REGULATORY
e2fa1e948efff34e03e62474,USABILITY_NAV
8f926446700c221047071848,FUNDS_TRANSFER|ACCOUNT_LIFECYCLE|CUSTOMER_SUPPORT
77e8b732c69e8e0ca9501692,APP_STABILITY_PERFORMANCE
5378e80b775c6376c6174c71,USABILITY_NAV
c631801f0d628c861b8cc68d,USABILITY_NAV
ba23eddd2de0f24ac39b982b,USABILITY_NAV
9c10601a7cc70972190b4b8c,APP_STABILITY_PERFORMANCE|TRUST_FAIRNESS_REGULATORY|CRYPTO_SPECIFIC
4a1a21bf6a7b79cccf5588ea,USABILITY_NAV
58012443be8a407a1c43b438,CRYPTO_SPECIFIC
e37a729468206c9f51d6f807,GENERAL_SENTIMENT
7bbfc8c95a0ccf3509c66c57,FEES_SUBSCRIPTION
d0f0ea3ea3101b8f860cb883,USABILITY_NAV
18c60a65899424c66af3be01,FUNDS_TRANSFER
2a053f02226e63df5d96efeb,FUNDS_TRANSFER|CUSTOMER_SUPPORT
ba29dfc7370736aa7b95e35a,ONBOARDING_BEGINNER
35123eb0f4b372e7d41c4893,GENERAL_SENTIMENT
865e15f0fefa73166a7b0ef4,ACCOUNT_ACCESS_AUTH
f2ec42476712c341b702e3cf,ACCOUNT_ACCESS_AUTH|FUNDS_TRANSFER
8ad491daa496a7131fb63737,USABILITY_NAV
bbb33db6a38c884b3ea152e3,GENERAL_SENTIMENT
d05232d8fbe589667bb643ac,GENERAL_SENTIMENT
393632489b04c817106fd444,GENERAL_SENTIMENT
403c7d400cb716157c0d44da,ACCOUNT_LIFECYCLE
c5964314720692a2b96b21bf,ADVERTISING_NOTIFICATIONS
b5942bdcba2244208d67dc0d,USABILITY_NAV
0e231782d72d2836609380ad,ACCOUNT_LIFECYCLE|CUSTOMER_SUPPORT|TRUST_FAIRNESS_REGULATORY
8654a6057ede6440123d3b5e,ACCOUNT_ACCESS_AUTH
233665f817fac48c21e8d0b0,CUSTOMER_SUPPORT|APP_STABILITY_PERFORMANCE
11a93e40cfd6a92981dd2e33,CUSTOMER_SUPPORT|ACCOUNT_LIFECYCLE|TRUST_FAIRNESS_REGULATORY
c073402841c0adf9e2df7bb6,GENERAL_SENTIMENT
cedb05d6df2a2a5bc916e0bf,FUNDS_TRANSFER
9529a26d8675e6069b6a1276,ONBOARDING_BEGINNER
b67110a4e0afd120d326c33e,SECURITY_PRIVACY
0c167b32defc24fca82eaf36,FEES_SUBSCRIPTION
fa54716a17c671cc4533a0d9,GENERAL_SENTIMENT
0fdd88e4ef7df01753dba72e,USABILITY_NAV
034512c97dcdd73375d58fca,GENERAL_SENTIMENT
ea1d06cded2765a7e10b2753,ONBOARDING_BEGINNER
bdebc0926b7c1b2383075bdb,GENERAL_SENTIMENT
93bf0d42c2f399ea048e2d3a,ACCOUNT_ACCESS_AUTH
30fead4c04e8b47a2afc8c14,ONBOARDING_BEGINNER
2691e1b79a591fb31c709b0e,GENERAL_SENTIMENT
dc6db1e678897e70676f99de,APP_STABILITY_PERFORMANCE|FEES_SUBSCRIPTION
5224d30828a8bb10c2d644ed,USABILITY_NAV
9ab6b016a19d60d7506b8cfd,FUNDS_TRANSFER|CUSTOMER_SUPPORT|FEES_SUBSCRIPTION
e7d475b800aa08be7a6db751,ONBOARDING_BEGINNER|CRYPTO_SPECIFIC
6e6c44865a9f41cc6955b7d6,ACCOUNT_LIFECYCLE|CUSTOMER_SUPPORT
d05b2ea7d43711db0544ed92,USABILITY_NAV|CHARTING_TOOLS|ADVERTISING_NOTIFICATIONS
a4671186a629aee72b1f12f2,CRYPTO_SPECIFIC|CUSTOMER_SUPPORT|ACCOUNT_ACCESS_AUTH
a9b4a086d7ca5a6dc9c7c2e9,GENERAL_SENTIMENT
b40b2e35e293fb73ed2f4ca8,APP_STABILITY_PERFORMANCE
e44a01585475a3012e36e366,ONBOARDING_BEGINNER|USABILITY_NAV
449c3fe2d8153f6e82fb1cfa,FUNDS_TRANSFER|CUSTOMER_SUPPORT
cba945c5ddb9b78e1a310300,ONBOARDING_BEGINNER
77c15b6dabf9709ad7c427e9,CRYPTO_SPECIFIC|CUSTOMER_SUPPORT|TRUST_FAIRNESS_REGULATORY
b6790bc2f38b53c99972f9c8,GENERAL_SENTIMENT
2ffb1fe4c4d033042e01434b,ACCOUNT_ACCESS_AUTH
3f2a9574a96cc14446cbf338,CHARTING_TOOLS
ac013da248380ddc6eea4653,USABILITY_NAV
75467e1ac782c40542277355,ASSET_COVERAGE|USABILITY_NAV
ed1089a31f8b7e311b4fc789,GENERAL_SENTIMENT
0c20cf362cd761a34fc5ded3,CUSTOMER_SUPPORT|TRUST_FAIRNESS_REGULATORY|FUNDS_TRANSFER
70ca99a5722ed65b7aa7af73,GENERAL_SENTIMENT
f8417f1de1f6ec0145029aef,GENERAL_SENTIMENT
ba7d196fcece6accd466a7c8,USABILITY_NAV
a9805d4484942c4161819e68,USABILITY_NAV
0b4e2624b133438bfe1229d7,GENERAL_SENTIMENT
083817a2f84c0ceda6b5ca6a,APP_STABILITY_PERFORMANCE
c165d28098b1014f1e52438a,ACCOUNT_ACCESS_AUTH
18068a4c64eec07dc6563c1d,GENERAL_SENTIMENT
da97052af12abf511d992c9c,GENERAL_SENTIMENT
a4f3d231f7eb5e17867a2a45,USABILITY_NAV|FEES_SUBSCRIPTION
54b9cea4cd4b86b1297a81e0,GENERAL_SENTIMENT
957dd210d616dfe131ed4f66,ONBOARDING_BEGINNER
3f0d3d0379cc26505b3d1b8d,APP_STABILITY_PERFORMANCE|USABILITY_NAV
72e76a21b689146214037730,USABILITY_NAV
406e31b6a0f83a0f0774c80e,USABILITY_NAV
545cf067001299db18666c2a,APP_STABILITY_PERFORMANCE|TRADE_EXECUTION|CUSTOMER_SUPPORT
cb613ee050106f0be14c85cd,APP_STABILITY_PERFORMANCE|CHARTING_TOOLS
370f72796cf71a7fafcb9fd3,GENERAL_SENTIMENT
afd9aa6bb8b57750d763a6a5,ACCOUNT_ACCESS_AUTH
2d321718eb7a8adf768d02d4,USABILITY_NAV
f5894985743922a8b84e7455,GENERAL_SENTIMENT
e8ce25bf26b33f0227a54537,USABILITY_NAV
2e2b3b936f19feaf06cee0ac,GENERAL_SENTIMENT
abcc119355dcb1428061d17b,USABILITY_NAV
468d5cee6ee460b058a846c3,GENERAL_SENTIMENT
910caaa2f6127877351ceb81,USABILITY_NAV
e22d4fddd4ad655ad56ac1ad,TRADE_EXECUTION
773470224d53d7954c79f59f,FEES_SUBSCRIPTION
bd2ed376ee67e1085aa0035f,ONBOARDING_BEGINNER
00f59c0ab3c02614f06312c2,USABILITY_NAV
5021d139316246eb7f21e398,GENERAL_SENTIMENT
a295e21762e19c2fcdfb2096,GENERAL_SENTIMENT
69eeac3d8c379c87e75ac994,TRADE_EXECUTION
76f23027929e4cf86529d2cc,ONBOARDING_BEGINNER
ffc71208838b5678607d303e,SECURITY_PRIVACY
e82614ce153b3fe21edce53b,GENERAL_SENTIMENT
29304d37436d2c967c8d731b,USABILITY_NAV
c8e4410a705dccadf02101ff,USABILITY_NAV
4391675d4b8129f6d44be1d7,FUNDS_TRANSFER|CUSTOMER_SUPPORT
a521ddc9073e4f4d3f9cfaf6,USABILITY_NAV
b5550fb1449d3a491e4b728c,GENERAL_SENTIMENT
de4a0a780a1aab178c3e9e7e,FUNDS_TRANSFER|CUSTOMER_SUPPORT
0ce9ee16974526996ea9d718,GENERAL_SENTIMENT
7f6a296225d9f0ea5173f46d,GENERAL_SENTIMENT
fd242663ea7f3137a47d17a4,USABILITY_NAV
4030f304825e3e6468edbc50,ONBOARDING_BEGINNER
19d7b7ae57526fde25b73ff8,TRADE_EXECUTION|FUNDS_TRANSFER|CUSTOMER_SUPPORT
4d2821e00bb0f4aa9cb604c3,GENERAL_SENTIMENT
1e25d0a67fb4529b8db2ed80,USABILITY_NAV|FEES_SUBSCRIPTION
b29679a429f16423ca939c88,GENERAL_SENTIMENT
8fb490e9744b20b087024e4a,GENERAL_SENTIMENT
efd2f3fc0779ed1c6d679138,GENERAL_SENTIMENT
18f083b0883fe6afe000d7e2,GENERAL_SENTIMENT
05594bda1ef5d2106732ce50,ONBOARDING_BEGINNER
53cf5dd382e0848b3097c3ff,USABILITY_NAV
9264a02aa8437fef00892c71,GENERAL_SENTIMENT
f2a00e5552425f7c464b1207,GENERAL_SENTIMENT
2c457322d3322f9d9cbed71e,FUNDS_TRANSFER|FEES_SUBSCRIPTION
055e43a7855cd3003e192e03,GENERAL_SENTIMENT
9cf2ba549c47102e2778a8bc,USABILITY_NAV
7f76d18bd8e120e8c2ac28ca,ACCOUNT_LIFECYCLE|ACCOUNT_ACCESS_AUTH
b83565c35e736b89b6721b39,PREDICTION_MARKETS|TRUST_FAIRNESS_REGULATORY
6bf38c6b9f29c0c7a535fa89,USABILITY_NAV
ab0023516bf63ff1f3d6d539,TRADE_EXECUTION|FEES_SUBSCRIPTION
dcfc8e16f443956ecb91b601,GENERAL_SENTIMENT
7acb820df0ed6d98640b483d,GENERAL_SENTIMENT
9162f359cb54273ad3c86d15,GENERAL_SENTIMENT
47bf7cfa942c1f70f6a55666,ONBOARDING_BEGINNER
d7757b41707c697c8d4c8786,FUNDS_TRANSFER
be47fc214f9bde71db7814bd,GENERAL_SENTIMENT
8f9f1bf96642d37659e879e2,GENERAL_SENTIMENT
f1f178ee612ddc5cd73ef37c,CUSTOMER_SUPPORT|SECURITY_PRIVACY
6ebf40fd22ad8d694c4d25e0,CRYPTO_SPECIFIC
093fa1e2cb1a73154e18ee66,FEES_SUBSCRIPTION
3db281f77b35eeebe6437bda,FUNDS_TRANSFER|FEES_SUBSCRIPTION
cec9cc3400d16352163c5df9,USABILITY_NAV
23998cf40b24cc837a82109e,GENERAL_SENTIMENT
db95dbf22ac6dd33880f46f3,GENERAL_SENTIMENT
bde87bc6d6de3c06e6758af8,ONBOARDING_BEGINNER
457e9c22236cc2b68ead3f9a,GENERAL_SENTIMENT
675b38c967d1da39d2351105,ONBOARDING_BEGINNER
9bf1329ff8d6629350e1333b,USABILITY_NAV
c494ade9d0dd4ed2b4534622,FEES_SUBSCRIPTION
33b9379a97b57956b224e0cd,GENERAL_SENTIMENT
5054e689a33a664c58ede940,APP_STABILITY_PERFORMANCE
f7b9513a701827b25dd077be,ONBOARDING_BEGINNER
9613dab8b0a0d2d9a2499798,APP_STABILITY_PERFORMANCE|USABILITY_NAV
fa5e29b5d118335e5ebb0394,USABILITY_NAV
f9f5a25996d28f65d1572fca,USABILITY_NAV
3ad4885f6d44b83f5d338c08,APP_STABILITY_PERFORMANCE
91caff577419069a3e847151,FUNDS_TRANSFER
c5f1e30f1553634c6d4c8bb4,ASSET_COVERAGE
40f950d19d1a3f5656561222,USABILITY_NAV
92e53c7ddfb092d77cc5adea,FEES_SUBSCRIPTION|ONBOARDING_BEGINNER
d2ed306863ff4e273433362c,GENERAL_SENTIMENT
6802bcc360a64b9e61f92f10,FUNDS_TRANSFER|FEES_SUBSCRIPTION
9e3bf9ec66b85015c6c1aca5,GENERAL_SENTIMENT
c90922e027c4ebd0692f1403,GENERAL_SENTIMENT
c3e04b3406710075a31695de,GENERAL_SENTIMENT
64393ef799d2d34765c482a4,GENERAL_SENTIMENT
e8e6cc92852f3e96ee92575c,USABILITY_NAV
9cf601b6c021296adb4123f8,GENERAL_SENTIMENT
9c3e6b5d86760e86e9e7fca2,FEES_SUBSCRIPTION|ONBOARDING_BEGINNER
7e74fa868fabf8a565b40bc8,GENERAL_SENTIMENT
d6330ff08966de1c8f8636a4,ONBOARDING_BEGINNER
f5b313885a9ef5b4f8ca5198,USABILITY_NAV
20da0ba2cca640289bc2121c,CRYPTO_SPECIFIC
e23405bc5600cb19748a0587,ONBOARDING_BEGINNER
985d270507b96587672f3f7a,ACCOUNT_ACCESS_AUTH
19cded42e63d14f93c7fb5ad,USABILITY_NAV
998e6ff1fc654140b668b89a,USABILITY_NAV
1f0ace5587301e2ef458519d,FEES_SUBSCRIPTION
2a3d3ef373241815ff7939ef,USABILITY_NAV
9ad77d8f561f5ddebfddc982,TRADE_EXECUTION|CUSTOMER_SUPPORT
bd4f194d7e0cec2c55de194e,GENERAL_SENTIMENT
70ade38809126101dbbe487d,PREDICTION_MARKETS
4bdf036327ac79fefb42f2f4,FUNDS_TRANSFER
ec8ce7752a1a0ae5af2df610,GENERAL_SENTIMENT
df4c615a37600c35243f447b,APP_STABILITY_PERFORMANCE
dbaa2e4bd0965cd7352faadd,GENERAL_SENTIMENT
94f4c0f7622f40c904f80f06,ONBOARDING_BEGINNER
12a0ec69819368d9aef6d5f6,GENERAL_SENTIMENT
86ed9da00256ee9b9acf4d85,USABILITY_NAV
d4b845d91ce6b09b56435369,USABILITY_NAV
ae6ec6679cbab14ede4d1fbb,GENERAL_SENTIMENT
ae9dba9ea94c4202472e2047,GENERAL_SENTIMENT
556bfb940f16f1b8d1690517,USABILITY_NAV|FEES_SUBSCRIPTION
9b3ade3211cc6d15bffa80fa,GENERAL_SENTIMENT
f0636d6b5fd5b4fa9f641f90,ONBOARDING_BEGINNER
499374b9e949b3a3aff57c87,ONBOARDING_BEGINNER
2a2866f303d89721137b6130,ACCOUNT_ACCESS_AUTH
8a61f2429ee533c6f4442839,USABILITY_NAV
312b11b7e93a1f24daa92658,GENERAL_SENTIMENT
6c8e54027d4e719c777e0631,GENERAL_SENTIMENT
59a9810741b27b40ba08007e,ONBOARDING_BEGINNER
c2be05ef7414536961efc735,GENERAL_SENTIMENT
0253d5cd4926e3e190a3f0a3,USABILITY_NAV
1fcad60150610e191705673f,GENERAL_SENTIMENT
3f916b76f118bfb5115b43df,ASSET_COVERAGE
5970441fc87f3e8a2f8b1d3d,USABILITY_NAV|FUNDS_TRANSFER
131f1394ab169b9ead1f27db,ACCOUNT_LIFECYCLE|CUSTOMER_SUPPORT
e32b45adce5357ffe15349af,APP_STABILITY_PERFORMANCE
d3ccfde7b24400c0e3136412,GENERAL_SENTIMENT
1e14176c1d56623259d61aa5,USABILITY_NAV|TRADE_EXECUTION
5c42361e2176bffeace12ff4,ONBOARDING_BEGINNER
f56ec090a631c524d1ee1dcf,GENERAL_SENTIMENT
692c414e9460bbf4bae9d00c,USABILITY_NAV
48dbb3ed3c1a2bdbbc063955,GENERAL_SENTIMENT
2b760204ff6824df81281517,GENERAL_SENTIMENT
3c2c534dd19d386bbf849b4c,USABILITY_NAV
b51400381720e5b028b69f5c,ACCOUNT_LIFECYCLE
c4fb73a95e3e8281e6af4fc7,USABILITY_NAV
cc78cab9d7253efbd8df6577,GENERAL_SENTIMENT
0f3b1a1e5bccd388d3c9f5a8,ADVERTISING_NOTIFICATIONS
0acb59ca44c4238bd29664df,USABILITY_NAV
50897956397b9bcca6757e49,TRADE_EXECUTION|CUSTOMER_SUPPORT|ACCOUNT_ACCESS_AUTH
39b335d79fe49e09a207ed6a,GENERAL_SENTIMENT
84e688cd0ecfec066364ab24,GENERAL_SENTIMENT
8ca017c7bb21de3bf4725c1a,ONBOARDING_BEGINNER
fb5c7be4d3061f9f7f9fd6d6,USABILITY_NAV
a17b4ef41bafefa79f336afa,USABILITY_NAV
f44875ea4583a8fb5410256e,USABILITY_NAV
c61e858655602b333ad37aae,USABILITY_NAV
d434255605b104435c85539c,FUNDS_TRANSFER
53e9e236831be8ecf3ede457,GENERAL_SENTIMENT
c27d92cf6b850cb9bff0dfaa,GENERAL_SENTIMENT
aa96c6f9a3ddebd675e5baf9,GENERAL_SENTIMENT
9b65c7b5b0cae19077bf3470,ADVERTISING_NOTIFICATIONS
d602514bf387ab39e36a9076,FUNDS_TRANSFER
743898516a670a67ee396624,ONBOARDING_BEGINNER
b4c3e71e642eec2e83669f2b,USABILITY_NAV
025631cc7429d5d280f153d1,ACCOUNT_ACCESS_AUTH|APP_STABILITY_PERFORMANCE
0860feadc85540bd27d0d5fe,GENERAL_SENTIMENT
0f41f96cdc7ddf6c880eacb9,USABILITY_NAV
2eaef8f8e252beb1165cfc3b,GENERAL_SENTIMENT
5dd8f788526b3fc9e0ff714e,USABILITY_NAV
28c8b653da7cc08e7e4a9c1b,GENERAL_SENTIMENT
b179987b104b9869f665e611,USABILITY_NAV
d274c1f0f4e243f004d19e89,USABILITY_NAV
d1ce8f3a03795cdd3e9a00db,GENERAL_SENTIMENT
d4665311119a746142b53b33,APP_STABILITY_PERFORMANCE
bc760c0bbe458bced420fd2a,USABILITY_NAV
a529981c1f4105d32c00d99d,GENERAL_SENTIMENT
cbb167a266a0f818a2d0c983,FUNDS_TRANSFER|CRYPTO_SPECIFIC
ecdd8549d7ba5522364bbc69,ASSET_COVERAGE
e2dff902b1dda8127745693c,APP_STABILITY_PERFORMANCE
7e28cd0f943139b71e2a9fe5,GENERAL_SENTIMENT
a4d8c9e40b155d7c11d14cf3,USABILITY_NAV
35d52e2839af5a58fdafd538,CUSTOMER_SUPPORT
7d2b6e479c4fa973f4f01313,GENERAL_SENTIMENT
b2cf3a52f6a54414a4cc8ec5,USABILITY_NAV
99f092c614894fae6c91a715,GENERAL_SENTIMENT
72673bb0372038ec5eaaface,ONBOARDING_BEGINNER
c83330453a11f463c9bec76e,GENERAL_SENTIMENT
29d97b1341f1683978fa56df,GENERAL_SENTIMENT
91775f5a117e0ba107ab3d19,USABILITY_NAV
0ec39b5dd2720eff34641d3a,ONBOARDING_BEGINNER
b228430daa2f97f4325dc966,GENERAL_SENTIMENT
13a3786aa0c2e629f2cdf7dd,APP_STABILITY_PERFORMANCE
a34cd4bfbfc793452561d9c6,GENERAL_SENTIMENT
34fe66e0c1f59103e8556c6f,GENERAL_SENTIMENT
25423c9b642020ce93ae22b1,USABILITY_NAV
7e5037ec5d4009bfdb0b904d,USABILITY_NAV
ae50237209f01345f3799bd8,TRUST_FAIRNESS_REGULATORY
d44c84b1607645b1cdd0bf44,APP_STABILITY_PERFORMANCE
ccc809347ceae421f0bb7bed,USABILITY_NAV
438c5b1f4c9893ec4ba87d1a,USABILITY_NAV
2706f305972e47b7ec35258d,ONBOARDING_BEGINNER
26a226c561f5259ab65cc093,USABILITY_NAV
f8d76c2cbfbf8e8b00edf5f1,GENERAL_SENTIMENT
35400e3608166ffeb90236c2,ACCOUNT_ACCESS_AUTH|CUSTOMER_SUPPORT
72e3691924a76d84196264e6,CHARTING_TOOLS|TRADE_EXECUTION
0f0c73d925a276c3e8818f6f,USABILITY_NAV|FUNDS_TRANSFER
c026f69183d96e8e18fcf5a5,ASSET_COVERAGE
d1494c10931aae1193b4c11b,GENERAL_SENTIMENT
a65825ba535304e4fc966424,ONBOARDING_BEGINNER
12b3c507f9cf7a370bf7cb5b,TRUST_FAIRNESS_REGULATORY
fe4ae39cffa46a92287ef6d7,FEES_SUBSCRIPTION
2db5e78c6f0d05fa77d8c179,USABILITY_NAV|CUSTOMER_SUPPORT
16835664c5e0e93a0b420e76,APP_STABILITY_PERFORMANCE|CHARTING_TOOLS
ebbbede170f368eb33867143,ACCOUNT_ACCESS_AUTH
88bb246d01cde782a4cfdcb6,CRYPTO_SPECIFIC
993d73e4d34403e286d85232,ACCOUNT_ACCESS_AUTH|FUNDS_TRANSFER
c6626df152042fc76cdf50d7,APP_STABILITY_PERFORMANCE
ee74af00df398f5a525adbd9,GENERAL_SENTIMENT
c06d5ebfa0ef68606cffb420,USABILITY_NAV|SECURITY_PRIVACY|TRUST_FAIRNESS_REGULATORY
d97dd4f61b7b9795a5ff23f3,GENERAL_SENTIMENT
7357f26e629e98dd5d360c2b,ADVERTISING_NOTIFICATIONS
bb3d7f286a5c4aca528766bd,GENERAL_SENTIMENT
ce3541b204c1807c14165bd5,FUNDS_TRANSFER|SECURITY_PRIVACY
3fd5ba5c826285354afa3cff,USABILITY_NAV
692a2bff76fa9289a19ba3d4,USABILITY_NAV
b2f41ac9ac64415afa14f5e0,ONBOARDING_BEGINNER
ae9df6b3210959f5639d558b,USABILITY_NAV
79974769b7039c5d0201ec80,SECURITY_PRIVACY|CUSTOMER_SUPPORT
f00ddf66c1fb631d8a9caa58,GENERAL_SENTIMENT
f84e908ac8439078957a1d64,CHARTING_TOOLS|APP_STABILITY_PERFORMANCE|USABILITY_NAV
2ba20e9bda75728382508e1b,ONBOARDING_BEGINNER
3298cd2438253af557a17da2,TRADE_EXECUTION
da3bc946df465b78c4baeca3,CUSTOMER_SUPPORT|ACCOUNT_LIFECYCLE
0b6d0e92de2e720d27bfae67,GENERAL_SENTIMENT
54105101580d1f024c6b24c6,ONBOARDING_BEGINNER
fab9454eca12d74e63f29566,USABILITY_NAV
8b1ced7d129191820a31eaae,GENERAL_SENTIMENT
909e8914bdcab6b02d1ae658,GENERAL_SENTIMENT
7e5934bd7d2f26e55a2079d0,ONBOARDING_BEGINNER
30646cdf31c48360aaa6b294,USABILITY_NAV
4ac0026b4ae720705dcb6766,USABILITY_NAV
cc5d3710c63c9bab54e6517c,ACCOUNT_LIFECYCLE|CUSTOMER_SUPPORT
29aa00b108138a37b9e09b57,ACCOUNT_ACCESS_AUTH|CUSTOMER_SUPPORT|CRYPTO_SPECIFIC
63aed78cde430ff9fc019690,GENERAL_SENTIMENT
6d55568ec3ecc453be8734e2,ACCOUNT_ACCESS_AUTH|CUSTOMER_SUPPORT
c0eaa2e4e8e5e1ae0bd1f3c8,APP_STABILITY_PERFORMANCE
dd027470420e45d4a88b661b,GENERAL_SENTIMENT
36a18907befb85f5b69bd418,FUNDS_TRANSFER
8599bd2ff35e7a4bc47ab161,PREDICTION_MARKETS
10accf5a0101ce9a028feb91,USABILITY_NAV|FUNDS_TRANSFER
0620103c69978e5a30bc5c1a,GENERAL_SENTIMENT
7d71bcd9048774bf2209bc32,ONBOARDING_BEGINNER
f78116d455342ce2472a4daf,ONBOARDING_BEGINNER
e24bb83258b023cbbfca07ff,USABILITY_NAV|CRYPTO_SPECIFIC
6f676aeb693ca013ffc5bb3f,USABILITY_NAV|APP_STABILITY_PERFORMANCE
bad7712324e51e082aeb2576,ACCOUNT_ACCESS_AUTH|APP_STABILITY_PERFORMANCE
4679c4ccbb0214cdf5b8e9d9,TRADE_EXECUTION|CHARTING_TOOLS
186ab978b7145544e03c47cd,FEES_SUBSCRIPTION|USABILITY_NAV
7e3004bb38d533d4000c1338,USABILITY_NAV
487800f2e72c5d30919bbe38,GENERAL_SENTIMENT
26a4daac42676d81878f64cd,ONBOARDING_BEGINNER
9b904dbec861480285eae341,USABILITY_NAV
d8ba96172b13f842242b2528,USABILITY_NAV
26cb8ed07b8cb62fdb0c17ad,TRADE_EXECUTION
f4f82eeba2195623e8244bf7,USABILITY_NAV
cc4775b93e61c1db983e5bb2,TRADE_EXECUTION
6fb0f796a35858a6dc189e4d,FUNDS_TRANSFER
11caae7bcd432e090275c108,GENERAL_SENTIMENT
8f735a4e2f892730b4cc27ff,GENERAL_SENTIMENT
2493a909fa9a2aa296b1f7ff,ONBOARDING_BEGINNER
9d08b547310870848815576c,USABILITY_NAV|CHARTING_TOOLS|ADVERTISING_NOTIFICATIONS
3db6f55c670f873096cd835b,USABILITY_NAV
d2b1c41ba9c3bae933dfe1ba,USABILITY_NAV
c8c46ca585fba901e8d7ebc0,APP_STABILITY_PERFORMANCE
c42c2ff1a0cda79208bde42f,ONBOARDING_BEGINNER
397bb675aca164bc4d72d1da,GENERAL_SENTIMENT
d41fa62acf73a72e80b1b509,GENERAL_SENTIMENT
26b7854ff6ae8e15909b85b1,APP_STABILITY_PERFORMANCE
eebc34423521de1cd63cb9de,USABILITY_NAV|CHARTING_TOOLS
0356892ba50aee3dda14e5a4,SECURITY_PRIVACY|CUSTOMER_SUPPORT
dacdc653f1cbdbbfe9b39669,CUSTOMER_SUPPORT|TRADE_EXECUTION
4b0b848d082948ec96983706,GENERAL_SENTIMENT
239065600c342f17e4a3d0e6,CUSTOMER_SUPPORT|TRUST_FAIRNESS_REGULATORY
cdff62e875508bcb08a411af,ADVERTISING_NOTIFICATIONS|FUNDS_TRANSFER
e7a9c5cf2f5e2b89a6e4df52,ONBOARDING_BEGINNER
1786074d74ab2cee90dae6c2,GENERAL_SENTIMENT
14fbf2b5d7557c4e3c6b335c,APP_STABILITY_PERFORMANCE
6bfc48ba7a09df92b40206f9,USABILITY_NAV
57db9a546c5d66fea8c9f631,FUNDS_TRANSFER|ACCOUNT_ACCESS_AUTH|CUSTOMER_SUPPORT
8fb49acf428884e462f53e62,USABILITY_NAV
aa558ea8468a49c44acc621c,ACCOUNT_ACCESS_AUTH|APP_STABILITY_PERFORMANCE
1cdd872648af17d298c80fbe,TRUST_FAIRNESS_REGULATORY
69a039a3e794ce365a6b47bc,GENERAL_SENTIMENT
994a9032562a8f5744aff2a8,CUSTOMER_SUPPORT
f4b5692df749e10b6d66e5c4,USABILITY_NAV
8c538fce229c9e2158375dc0,ACCOUNT_ACCESS_AUTH
3b1d5bdbb75cbef9e3cfde24,ADVERTISING_NOTIFICATIONS
47a81d3c2e76d11d991bf28c,FEES_SUBSCRIPTION|ACCOUNT_LIFECYCLE|CUSTOMER_SUPPORT
f1c7f1f17361b46074785063,CRYPTO_SPECIFIC|USABILITY_NAV
f4c52e0a9f0aa4b79a39201b,APP_STABILITY_PERFORMANCE
bde3aca01f9c0cfe8e79d45e,ADVERTISING_NOTIFICATIONS
f83ce20f90734fcdc29cbc41,ACCOUNT_ACCESS_AUTH
28d87c1986939ccb3a9336e9,GENERAL_SENTIMENT
78748f3cee6a43c83c9b8266,GENERAL_SENTIMENT
b8cad6571bdadd281943330a,USABILITY_NAV
6bdf158729be229a9587e1be,CRYPTO_SPECIFIC|CUSTOMER_SUPPORT|ACCOUNT_LIFECYCLE
3e77908f76e516f78f1ebfb3,GENERAL_SENTIMENT
4d88be61cff14f881600c62a,CHARTING_TOOLS|USABILITY_NAV
cd097849c3feaee80debe1c5,GENERAL_SENTIMENT
1f0b24bda8269a770113484a,USABILITY_NAV
20dfcfb47f9dc1ab721731e1,ACCOUNT_ACCESS_AUTH|FUNDS_TRANSFER|CUSTOMER_SUPPORT
2846b69492b21b8ab10b032a,CHARTING_TOOLS
9acae119008b807844552295,USABILITY_NAV
5096daf69ef563e25ab3d2e0,GENERAL_SENTIMENT
e382d78e1825788e9712a195,CHARTING_TOOLS
ee35370a6e057092c181c400,GENERAL_SENTIMENT
e09245be3cef7afc27ef207d,GENERAL_SENTIMENT
adaaa2a014997ce5c3139e7f,GENERAL_SENTIMENT
4cd59d6df76ad5cd663e6139,GENERAL_SENTIMENT
00903b3f4e25f97a357cf883,USABILITY_NAV
d9596eb8146e121f69ee0c2b,USABILITY_NAV|FEES_SUBSCRIPTION
fa2744acf4b5af19aa894fd7,GENERAL_SENTIMENT
a72942c6e54f4297676355ad,USABILITY_NAV
5dc0dcd69f1de8a07e2bf21c,GENERAL_SENTIMENT
538d60d993e47390c4050bf1,TRUST_FAIRNESS_REGULATORY
12ab22af9a671a99674c271b,GENERAL_SENTIMENT
c1136e0e2ae3083ae36a10cd,USABILITY_NAV|FEES_SUBSCRIPTION
93072bdf7c3f0e5de07bacf3,CUSTOMER_SUPPORT
2c7af617aa102558d761df21,ACCOUNT_ACCESS_AUTH|FUNDS_TRANSFER
ea4da6b2c740a7e55c434f86,USABILITY_NAV
b723031e6ce568973b46b437,SECURITY_PRIVACY
5173202acde2aa8f3debbf2f,GENERAL_SENTIMENT
5abf6afc02cf6ff44df71846,GENERAL_SENTIMENT
602a2189e6b0bcee20f27da6,GENERAL_SENTIMENT
b81bd4ba084f5cefacd9403e,USABILITY_NAV
0226ddd045ee7a1fe042a8b6,GENERAL_SENTIMENT
49f130674d186e38436ad386,GENERAL_SENTIMENT
77af6adb7db7a3f2b94d0119,ACCOUNT_ACCESS_AUTH|CUSTOMER_SUPPORT
19f9a922f2d7e732e5b4e486,GENERAL_SENTIMENT
c042a7289a50e581d5f8da73,USABILITY_NAV
5bd0a8dc320473acefc84224,FUNDS_TRANSFER
fab6d9c0ab9a1dd61fbb2b65,USABILITY_NAV
8fb9d19047d56d8457ed7545,GENERAL_SENTIMENT
bb9dc68f37d2c002402c5a73,FUNDS_TRANSFER
0ea315f04c1bda4c8c6954b1,GENERAL_SENTIMENT
361a2e8262deabce63469ee4,GENERAL_SENTIMENT
c73636a31515f2bcc637f9d7,GENERAL_SENTIMENT
a74f68acf79ca6c0c1fcc2b2,USABILITY_NAV
1fdc7e74bcd723f64edb3a80,USABILITY_NAV|APP_STABILITY_PERFORMANCE
36a6928ce9ba968222b3ddbf,ACCOUNT_ACCESS_AUTH|CUSTOMER_SUPPORT
0e692e480adaba29f2c78919,ACCOUNT_ACCESS_AUTH|CUSTOMER_SUPPORT
e086fce4028c6ace06142e20,GENERAL_SENTIMENT
77effbd60d49563ee29bd259,GENERAL_SENTIMENT
6d1ec6b80de539a32a17875e,USABILITY_NAV|CHARTING_TOOLS|FUNDS_TRANSFER|FEES_SUBSCRIPTION
4271457c6105743515373fd6,GENERAL_SENTIMENT
0689abfba312e4f4dd62cf0d,GENERAL_SENTIMENT
8e942431fe7968c705f0c2a1,CUSTOMER_SUPPORT
dd36a2e53fc247f8dac48304,GENERAL_SENTIMENT
a44fe0660ee3b639747ed794,GENERAL_SENTIMENT
93dfab29a31c0d6c683d4cd5,USABILITY_NAV
919e2aa2b96a701ac970857b,USABILITY_NAV
30364e65e6fc5dac978a3024,FUNDS_TRANSFER
5b079f5faf809413d117c2ec,APP_STABILITY_PERFORMANCE
1e8de4ecb87d39c60213b6df,GENERAL_SENTIMENT
7fa62bfc15e28091447e78b0,USABILITY_NAV
77516a0d1551388ca2ef4c88,TRADE_EXECUTION
32af7021f3506f40224ed8c3,CUSTOMER_SUPPORT
de93e60192c29a47f25c1193,GENERAL_SENTIMENT
9a975b42453f9ad17352db85,GENERAL_SENTIMENT
d5c43f26eb90adb15f173c80,ACCOUNT_ACCESS_AUTH|CUSTOMER_SUPPORT|ACCOUNT_LIFECYCLE
7d6f0859bfb745d284fe4e36,ACCOUNT_LIFECYCLE
ac71ebf93ce2bb0c54cd24c2,TRADE_EXECUTION
9854d6de8d4cd57b600497b3,FUNDS_TRANSFER|CUSTOMER_SUPPORT|TRUST_FAIRNESS_REGULATORY
38ba230d0dc961d88efd7cc4,ONBOARDING_BEGINNER
d3f50d2098f466bdb3453702,ACCOUNT_LIFECYCLE
7a44aec42872bb46ece537ca,TRADE_EXECUTION|CUSTOMER_SUPPORT
72386285ad4865a0a30f7aff,CUSTOMER_SUPPORT|TRADE_EXECUTION
af63f4d08de0d546fb8e22b2,APP_STABILITY_PERFORMANCE
a82e193d9320d42030a65f44,FEES_SUBSCRIPTION|TRADE_EXECUTION
f624c91b3a27ffa81af0240e,USABILITY_NAV
f144a6a970fbfc5fd2ab38dc,USABILITY_NAV
1ef15c2ed191de8950db924b,SECURITY_PRIVACY|FUNDS_TRANSFER|CUSTOMER_SUPPORT
9f56933c7d105b3b6ce7e680,USABILITY_NAV
be877a82e7229d6c321fb1b5,USABILITY_NAV
a42bb2e0814565775901b328,USABILITY_NAV|APP_STABILITY_PERFORMANCE
6a82f5f0b6c622ab1204f92b,FUNDS_TRANSFER|CUSTOMER_SUPPORT
51a25e50974d132c0c80a5bc,GENERAL_SENTIMENT
10c56e1e3c1ebab0da99f0bf,USABILITY_NAV
b9f0d9ec8bf641f7062536bb,ONBOARDING_BEGINNER
4a5f66962624f11865d67be3,ACCOUNT_LIFECYCLE|CUSTOMER_SUPPORT
6d2dd8f46b8623a77e53a17d,USABILITY_NAV
7b10ef514d8887757403b710,GENERAL_SENTIMENT
e045accb224d2930ad006aaa,GENERAL_SENTIMENT
ba5ea50b856c2aa54313e5d2,ACCOUNT_ACCESS_AUTH|TRADE_EXECUTION
e58d48bc03151aff451ddc77,ONBOARDING_BEGINNER
1697349fcfe8aca53c402c8f,USABILITY_NAV|FEES_SUBSCRIPTION
79b04f62c859d8c713dad176,ONBOARDING_BEGINNER
0cf9cbed9ab03733a95c831e,TRUST_FAIRNESS_REGULATORY
755256a231bd95121340fd84,TRADE_EXECUTION
a60a466e001b6a381741abf6,ACCOUNT_ACCESS_AUTH|USABILITY_NAV
ecb9becfa588c22fd27406a9,USABILITY_NAV
7c9b51af9c0d0ea6eac852ee,USABILITY_NAV
6bc7c73deae18fe7adae893b,GENERAL_SENTIMENT
be1dfe9a3c28f5d68a4d8d90,GENERAL_SENTIMENT
671866a8e174a63f84c9dbf1,USABILITY_NAV
3ef3f74a1efca2dcc30bbc1b,CUSTOMER_SUPPORT|TRUST_FAIRNESS_REGULATORY
d3f55df1f798fad0f70eb92e,CUSTOMER_SUPPORT
2dc85f4a9bc2e1141284565f,GENERAL_SENTIMENT
66214c35b7473d55cfd9ed97,USABILITY_NAV
10835271f5ee03b49185f847,APP_STABILITY_PERFORMANCE|ONBOARDING_BEGINNER
fe9f7259f6ffcec44015b3c3,ONBOARDING_BEGINNER
e69daba1fc8fc38d9a40bc6d,USABILITY_NAV
28d6eae613db412e327ff7d4,FEES_SUBSCRIPTION
adf97e1e3e1bf3a7a9b7a597,FEES_SUBSCRIPTION|TRUST_FAIRNESS_REGULATORY
d24bae5cf5e0aa5209235f66,TRADE_EXECUTION|FUNDS_TRANSFER|TRUST_FAIRNESS_REGULATORY
246c9a2e59f7c742848772f5,GENERAL_SENTIMENT
628535a5e6b96dcdb73cbea1,ACCOUNT_ACCESS_AUTH|TRUST_FAIRNESS_REGULATORY
cbf9921a08123004ee164528,ONBOARDING_BEGINNER
d8d05849010f3427f798d11b,ACCOUNT_ACCESS_AUTH
cad79e74da03578079fbec4e,APP_STABILITY_PERFORMANCE
30cf927789e5bedac2fdbd34,TRADE_EXECUTION
4527bae758a3981fd1738d4c,USABILITY_NAV|FEES_SUBSCRIPTION
19145b28fc2b3d8cf4c77591,ACCOUNT_LIFECYCLE
f555b1f9103991fbbb5fc974,USABILITY_NAV
4beb254c60ae5a0d48558890,GENERAL_SENTIMENT
e0189f2b6e41ef9c9be7b9b2,GENERAL_SENTIMENT
88cae747425eeed94762610a,CUSTOMER_SUPPORT|ACCOUNT_LIFECYCLE
9d66c8fdaa6eb8553c623362,FUNDS_TRANSFER
730a7c2158ff4bdc0c8b6221,GENERAL_SENTIMENT
259ae7e57bcaed9514df8c4e,USABILITY_NAV
7d2be38a58241c4a5fa65c06,GENERAL_SENTIMENT
3dcd93e59c2fc879d95d2139,USABILITY_NAV|ASSET_COVERAGE
010ece96fdddfb600604bfbf,GENERAL_SENTIMENT
ebf99d8bf6fe28236630f180,GENERAL_SENTIMENT
a057a097cfa6c9ad4e89b52c,APP_STABILITY_PERFORMANCE
8f4ca2809e0c82dab9dd7459,GENERAL_SENTIMENT
bfe53ffba4aee5ed9aecb1fe,CUSTOMER_SUPPORT
b85f77585b315b3c8dbcf484,CUSTOMER_SUPPORT
5fb33bae819818bd54f00365,APP_STABILITY_PERFORMANCE
3aa90a8f0a48496809bd6907,APP_STABILITY_PERFORMANCE|USABILITY_NAV
4a5af26c115633de957b8c21,ONBOARDING_BEGINNER
cee4addbad77fe8fde8363d2,ONBOARDING_BEGINNER|SECURITY_PRIVACY
189bc6cbc7bbaea388fd2d58,USABILITY_NAV
1933be40fb21ca7e97cf8276,ACCOUNT_ACCESS_AUTH|SECURITY_PRIVACY
9cf1d7f0fdb0470879f986ad,GENERAL_SENTIMENT
d7fadeb56f6b648d390b7feb,FEES_SUBSCRIPTION|FUNDS_TRANSFER
8a80223abe9f9883d9ec189f,USABILITY_NAV
f8e5f985742e3730502e68a7,GENERAL_SENTIMENT
97d47de112cb81eb8c084d56,ACCOUNT_ACCESS_AUTH|CUSTOMER_SUPPORT
8829d9b549861a458ae780a5,GENERAL_SENTIMENT
4593780f6643e3b2f2e14ac3,CUSTOMER_SUPPORT|FUNDS_TRANSFER
ee2e6aebf22eacc9e9cabf28,TRUST_FAIRNESS_REGULATORY
84a23bc2c7ba3d1be1e87ba1,ONBOARDING_BEGINNER
398ceb7c99476fd184a9745c,ACCOUNT_ACCESS_AUTH
7557f8a8fa6a7b0b6bc891a6,GENERAL_SENTIMENT
b01a8509ee9875cf1b2e38a4,USABILITY_NAV
35cd136a4315b4d87d29af3f,ONBOARDING_BEGINNER
a91ab3e62133daab743faca3,USABILITY_NAV|APP_STABILITY_PERFORMANCE
c95e48539cae14177239b5ba,USABILITY_NAV
3c75d88f8b2e90020df48625,GENERAL_SENTIMENT
0f1274ab34bb02afbac16ac3,USABILITY_NAV|CHARTING_TOOLS
21c7848b9e5a1473cc24d559,ONBOARDING_BEGINNER
a0fc131c047e1084c0fdd687,USABILITY_NAV
3c1cd67c34b4eceb282a313c,GENERAL_SENTIMENT
a75ce2e434179a596a5fc433,TRADE_EXECUTION
437093c8e671054709f24092,SECURITY_PRIVACY
3a4dac9783d4995942c9dc55,GENERAL_SENTIMENT
8814100a9dc928fabbf70e9e,USABILITY_NAV|ADVERTISING_NOTIFICATIONS
070ab26a303ff6da880decdd,APP_STABILITY_PERFORMANCE
9543db6e4f068318d7a3afe9,GENERAL_SENTIMENT
1d37874e71a287dcc5fe897c,FEES_SUBSCRIPTION|ACCOUNT_ACCESS_AUTH
19a37d0dd71793b3ae9b7ca8,ACCOUNT_ACCESS_AUTH|SECURITY_PRIVACY|TRUST_FAIRNESS_REGULATORY
d291567154dc13d8de7fc623,USABILITY_NAV
15c0aaa8de917eeadf260fc1,GENERAL_SENTIMENT
a74dd9d957002f8befe72037,TRUST_FAIRNESS_REGULATORY
a016b203c9ab5fa662a5a11a,USABILITY_NAV
53bf094068c2e17d36bd3d92,ACCOUNT_LIFECYCLE
5a733f24e4ed769b38f49861,USABILITY_NAV|FEES_SUBSCRIPTION
2de9fd33b800f9dea705de30,CUSTOMER_SUPPORT|USABILITY_NAV
1708c618588875ca47706121,GENERAL_SENTIMENT
b756d3066523c2a35c5e3c91,GENERAL_SENTIMENT
4705ce0f2f1ceeac21a006e9,USABILITY_NAV
f278b3a906c10708ca2dc3d6,ONBOARDING_BEGINNER
34c32d5631553f83a7c18c57,GENERAL_SENTIMENT
e992499ad2c5499741850ff2,USABILITY_NAV|FUNDS_TRANSFER
1ed202e4fd5132305d9f88e4,USABILITY_NAV
ad8ee112dcdb48a47a245dc9,ONBOARDING_BEGINNER
76246f3555eb4cd1cec98894,GENERAL_SENTIMENT
ac57c949969deb62f4615751,FUNDS_TRANSFER|CRYPTO_SPECIFIC|CUSTOMER_SUPPORT
616cf97888483b55730a4169,GENERAL_SENTIMENT
ade4fff03d5c7dd848472b36,FEES_SUBSCRIPTION
d15477892edf4ce8287bc110,USABILITY_NAV
6efdad301c870f1a1a1d8fcb,GENERAL_SENTIMENT
b3607029bb1e8b20c75d2789,GENERAL_SENTIMENT
46a555a6fd0d9238a86c8bb2,GENERAL_SENTIMENT
9f55bacdc0e99aef8cc39289,ACCOUNT_ACCESS_AUTH
ab302f807bd2a5f87ef120e2,GENERAL_SENTIMENT
9d0a751ab682c7e363cc30c5,USABILITY_NAV
798e1fc81a9b2f999be12dfb,ONBOARDING_BEGINNER
2957d6353ad1d23d31905364,FEES_SUBSCRIPTION|APP_STABILITY_PERFORMANCE
83ae1927b83d0b1553dd17b5,CUSTOMER_SUPPORT|FUNDS_TRANSFER
16cee84f0fea5d4b6ef6cdc5,GENERAL_SENTIMENT
c19358b4a198645d178058c2,GENERAL_SENTIMENT
bd6795da25059c4d41c50d57,ACCOUNT_ACCESS_AUTH
e72046a8646f64a4eb69f94e,GENERAL_SENTIMENT
517309af1a807c795f943128,APP_STABILITY_PERFORMANCE
418d697f19ed24b0d006ed6f,ACCOUNT_ACCESS_AUTH|ACCOUNT_LIFECYCLE
73fd6a46be503826f8d1a512,USABILITY_NAV|ONBOARDING_BEGINNER
50742026a05edcd5cd8e8f03,APP_STABILITY_PERFORMANCE|CHARTING_TOOLS
e4314792b18c7c12db844f8c,GENERAL_SENTIMENT
9f235a651a0664eae49aeefb,GENERAL_SENTIMENT
bb59f460341b5bc62f93c366,TRADE_EXECUTION
5bbd2d9af6edd37dcfc704e8,GENERAL_SENTIMENT
88fcb792642ab5cbe0ad308b,ACCOUNT_ACCESS_AUTH
a316a56340a48ab60a742a39,APP_STABILITY_PERFORMANCE|TRADE_EXECUTION
b3c462d49498cca3f841d45a,USABILITY_NAV
c17a57ab48eb62da9f698234,PREDICTION_MARKETS|CRYPTO_SPECIFIC
b2e9df1087b2d16d8f7bde56,GENERAL_SENTIMENT
fbd0c174db13752876b57b50,TRADE_EXECUTION
c1b1c14c00b58efb3925f11c,FEES_SUBSCRIPTION
5a821f1e3870f5296c734d5e,USABILITY_NAV
159829ef1ea86b9462bea520,FUNDS_TRANSFER|FEES_SUBSCRIPTION
5989d98d3e81dfeb71c311b9,CUSTOMER_SUPPORT|FUNDS_TRANSFER|ACCOUNT_ACCESS_AUTH
52c6e9897d4e10c6838dc8cf,TRADE_EXECUTION
23935175a37161eb19b4ea9c,APP_STABILITY_PERFORMANCE
70b5562f5280358137ad5686,GENERAL_SENTIMENT
ff15e145a6b156673b5e4314,ONBOARDING_BEGINNER
473e27de4818b9e118755c05,GENERAL_SENTIMENT
33cac587f0f2df3abb383bb9,FUNDS_TRANSFER
2f29fead91bd330c18eb52f5,USABILITY_NAV
7ba90cbb3c546629a1003a55,FUNDS_TRANSFER|CUSTOMER_SUPPORT
c1a7e75f2a8b5dce87ca60b1,GENERAL_SENTIMENT
4d8531d6fce435e7bf24db64,ACCOUNT_ACCESS_AUTH|APP_STABILITY_PERFORMANCE
233913abd8203d1c0b797ad8,CRYPTO_SPECIFIC|TRUST_FAIRNESS_REGULATORY
ad2b0a8e640b8ebe5682ae6e,ACCOUNT_LIFECYCLE|USABILITY_NAV
4cdcfaa7d4b49e6739d7b0e9,GENERAL_SENTIMENT
d0c65e861eaa3351f0e9fde2,APP_STABILITY_PERFORMANCE
0eb1041ebd5569f8d2af9e2a,GENERAL_SENTIMENT
f03a7b71b0cf11537acf2d7c,USABILITY_NAV
4a1fbc63ef522dc6a77a3a0e,USABILITY_NAV|ONBOARDING_BEGINNER
a3f7ee6d823da987e990f448,GENERAL_SENTIMENT
d9da7e0428492cd12c857b5f,CRYPTO_SPECIFIC
56212f2408f3495fd9b60670,ONBOARDING_BEGINNER
b5b30e2590fb778086346aa0,USABILITY_NAV
55febf4404428b389d06826a,GENERAL_SENTIMENT
71826bf75f78b861ca818745,USABILITY_NAV
41e6aa51409c7bda214b5aa7,GENERAL_SENTIMENT
6150ebb7e85f661464e1da6b,APP_STABILITY_PERFORMANCE
d8c390a0942650b62b09335c,USABILITY_NAV
1e31d625254016cd708bf8f1,GENERAL_SENTIMENT
797fd1cf2fa1a00ccdab79bf,GENERAL_SENTIMENT
da1b67ac59131fe23a3d4349,USABILITY_NAV
ad7e83829712dfdf383dd8da,CUSTOMER_SUPPORT|SECURITY_PRIVACY
2118e56cac8b72b617a20504,APP_STABILITY_PERFORMANCE|TRUST_FAIRNESS_REGULATORY
aef9915425202f78d43478c1,TRADE_EXECUTION|CRYPTO_SPECIFIC
6ce7479cfbc937554797532f,CUSTOMER_SUPPORT
f9418a1416accefda57ad00f,CRYPTO_SPECIFIC|TRUST_FAIRNESS_REGULATORY
faf1a31a996d1a8567680ab4,GENERAL_SENTIMENT
01a6f833faaef8c851a22a03,ACCOUNT_ACCESS_AUTH
88080e4abbfe2d9089d3ea22,SECURITY_PRIVACY|CUSTOMER_SUPPORT
58228e9a676e8e8dbaa524bb,USABILITY_NAV
813fbaba9de0a0673f5b1e37,ACCOUNT_LIFECYCLE|TRUST_FAIRNESS_REGULATORY
53b2ff037956dcfa7a17fc5f,TRADE_EXECUTION
a6dfa96cbd367466f0c921a1,GENERAL_SENTIMENT
38811540ad043e548abd36c6,GENERAL_SENTIMENT
473e9e9f919f6ed852dc8fef,USABILITY_NAV
354787ed4c47e7fc270b8c83,GENERAL_SENTIMENT
8078085c86230027f9f87e63,GENERAL_SENTIMENT
3b6826bf1d3fa4e5105e9f8a,GENERAL_SENTIMENT
adcc4d77a6415c37f3dc96dd,USABILITY_NAV|CHARTING_TOOLS
58a721e5e9a22c3fe817f3ec,GENERAL_SENTIMENT
a7d74fc49ee38aad842ddce9,SECURITY_PRIVACY|USABILITY_NAV
d74f2a32c6b13c9ab3c246a7,GENERAL_SENTIMENT
8756960e36affab99b8a8240,GENERAL_SENTIMENT
895931c1c5a035414800fe5f,APP_STABILITY_PERFORMANCE|ACCOUNT_ACCESS_AUTH
3658ee9829cc8e15fc62e611,GENERAL_SENTIMENT
0a19ae837f477f6353ccad23,ACCOUNT_ACCESS_AUTH
e4e9bd0eb470a15c63a1a180,ACCOUNT_ACCESS_AUTH
e124e53c5c87c86d6e2d915a,GENERAL_SENTIMENT
732e9d2a17f72dbb7f162576,GENERAL_SENTIMENT
f0262011423c377ad8ed1962,CUSTOMER_SUPPORT
299ae249b9439c11260b6e90,ADVERTISING_NOTIFICATIONS
a1bd12a7e13c3fb476164b1c,APP_STABILITY_PERFORMANCE
34c98d53ce86a016663fec64,USABILITY_NAV
fb4ada559f5c736c79cc3128,ONBOARDING_BEGINNER
e6c6d9e9ae01fa142cbfdc64,USABILITY_NAV|ACCOUNT_ACCESS_AUTH
6b5cb9ee5288de50b5dc961b,APP_STABILITY_PERFORMANCE|ACCOUNT_ACCESS_AUTH
10c8097d2ca52090b68d6104,USABILITY_NAV
e5ec582f9484faaada467496,CRYPTO_SPECIFIC|USABILITY_NAV
601e8bab632ef0e9642c18c8,GENERAL_SENTIMENT
6961436d174c9ab68c440a17,USABILITY_NAV
4482b2972670c464c0302ca0,GENERAL_SENTIMENT
12db220a1c225cf7f8942d21,APP_STABILITY_PERFORMANCE
3d71ce6462815235b8b6c92e,GENERAL_SENTIMENT
bb4e4b66a3da6635707879ef,GENERAL_SENTIMENT
1f6514343267c36433fd5fb8,GENERAL_SENTIMENT
c0b991581786d5c0475fb1d9,GENERAL_SENTIMENT
e11813ecef0d0e8f7bc6ddca,USABILITY_NAV
9079cc37cb7f36706601be55,GENERAL_SENTIMENT
45e8b7317dc76eb17b8863b8,APP_STABILITY_PERFORMANCE
bb0097e8c9cc879db577ee11,SECURITY_PRIVACY
2c272a92e8009761d837f65b,GENERAL_SENTIMENT
d4444941f95e4286e6e0ca77,CHARTING_TOOLS
a1d69f416f113f3fc6828212,ACCOUNT_ACCESS_AUTH|CUSTOMER_SUPPORT
aa426f9e58ac305bc36a4635,USABILITY_NAV
d5997891a3cc54a030aa74d0,ONBOARDING_BEGINNER
7568f56f4d882488dbaa0a66,CRYPTO_SPECIFIC|ACCOUNT_LIFECYCLE
5ce1e70164c606d7c1cd3f4a,APP_STABILITY_PERFORMANCE
82eae90a2d9a986c22ff1e90,GENERAL_SENTIMENT
668371d1989076e5b8f3dd11,USABILITY_NAV
e3f07a9f559c6eb437c11d95,GENERAL_SENTIMENT
ef02887c7111a38323a03fe5,APP_STABILITY_PERFORMANCE|ASSET_COVERAGE
ff14472beb475f41a58ccae0,GENERAL_SENTIMENT
f1088a378e501c94859f611f,GENERAL_SENTIMENT
31d7f3bd2dbcca41cbd30323,TRUST_FAIRNESS_REGULATORY
d2eba663e7aeac21bf3bb1ae,APP_STABILITY_PERFORMANCE
fb8509ebcbc4486af44d45ba,GENERAL_SENTIMENT
956737180202d0501ec1bf13,ACCOUNT_ACCESS_AUTH
90f2b63a689b5d397b0b6d79,ONBOARDING_BEGINNER
efdf41fc77dadab245fe1dc1,TRUST_FAIRNESS_REGULATORY
f64ddf4d6e2c4fe69caa57df,USABILITY_NAV
a8319b2914e820333529b2aa,USABILITY_NAV|CUSTOMER_SUPPORT
e8d6611de9529a10e4488522,GENERAL_SENTIMENT
797b4d32a1930dfae7090055,GENERAL_SENTIMENT
c0d3f84439a4f5a3cae6bf86,FUNDS_TRANSFER
c7934e9350e3d874ae1cb834,ACCOUNT_ACCESS_AUTH
39d751ca1b36ac3eb72c5fe3,CUSTOMER_SUPPORT
56aa1a3e4905ad5f8ef27d19,USABILITY_NAV
47ea96f647466e0d83dc8f9c,GENERAL_SENTIMENT
e92a68a6bfd59b59f3c35d8d,USABILITY_NAV|ONBOARDING_BEGINNER
3c767b73034c1804b54d6bb1,GENERAL_SENTIMENT
6a482aa925bb121776813887,ONBOARDING_BEGINNER
39e21fb81a3fa8a0f58d7740,GENERAL_SENTIMENT
b9f5b2339558e406d4569b69,TRUST_FAIRNESS_REGULATORY
b9d7eb00a12f18d4d9638e43,ONBOARDING_BEGINNER
14d630e93d2b3b767c604aea,GENERAL_SENTIMENT
03e9b3517858eb7a9149f4f2,GENERAL_SENTIMENT
89ba3d7ac24bb87f50a9b1df,CUSTOMER_SUPPORT
5e5a496afd5091b8e6fafdd6,USABILITY_NAV
c155ded880d88185b6949945,GENERAL_SENTIMENT
490cd758f39cae93b66e9e44,APP_STABILITY_PERFORMANCE
9ec971844bf6b0743b72a714,CUSTOMER_SUPPORT|ACCOUNT_LIFECYCLE
b2e9573a766248fce3c5b373,TRUST_FAIRNESS_REGULATORY|FUNDS_TRANSFER
94c1f48c6f1f7c35f3d94e5b,ACCOUNT_ACCESS_AUTH
64acbaa09287d1b68498adfe,ONBOARDING_BEGINNER
75fb818dc3d4222dd82e7395,GENERAL_SENTIMENT
24c6e963d869919799fc352e,GENERAL_SENTIMENT
1fd8c4af1c2ff63556d2e213,USABILITY_NAV|CRYPTO_SPECIFIC
14a40816a20f9a53a7909068,GENERAL_SENTIMENT
47fa6d030da8c3a5e246e417,USABILITY_NAV
4b3a1f9ffde266f10f3ef36b,GENERAL_SENTIMENT
a16abde4993554c1537da38c,USABILITY_NAV
727b47704b0ac00da2a2861d,GENERAL_SENTIMENT
3bede89ca2e1f1713a84337b,GENERAL_SENTIMENT
1242eb354111f1050fb0e85d,GENERAL_SENTIMENT
c832739b6d795fe8d53b3f52,CUSTOMER_SUPPORT
a0af4aec63e6f409cea2c669,ONBOARDING_BEGINNER
e06673c5528f9d678b48ab4e,ONBOARDING_BEGINNER
78be7b8407f6b0e627323977,ACCOUNT_ACCESS_AUTH|TRUST_FAIRNESS_REGULATORY
b16831b88f47c47142a1a0d9,USABILITY_NAV
e8c882020b84e51ef49268f9,FUNDS_TRANSFER
706701a78a155ae83d9d4979,USABILITY_NAV
14f003607d595497f4750458,GENERAL_SENTIMENT
6951acb0464f0eef9a1e5156,GENERAL_SENTIMENT
287db32c9e902c0ed3aeca65,GENERAL_SENTIMENT
25a801136ab0fd2ac4bfd68c,GENERAL_SENTIMENT
fab9c5b3ad72458b03bbf269,SECURITY_PRIVACY
680a20e7b92987b19de6f0cd,USABILITY_NAV
548357a87ea1c93b02b976f4,GENERAL_SENTIMENT
a24e881d35afe61b0f390172,TRUST_FAIRNESS_REGULATORY
a236fc54260be59deb441256,USABILITY_NAV
86e80efa243aee7fc23c8cf1,ACCOUNT_ACCESS_AUTH|CUSTOMER_SUPPORT
b1df793d6ba28d5124e7e4a2,APP_STABILITY_PERFORMANCE|ACCOUNT_ACCESS_AUTH
49d9b46d1fa95e6aad852960,GENERAL_SENTIMENT
08ea2a267ca7124af74a7af8,CRYPTO_SPECIFIC
1016256db95081106824defa,ACCOUNT_ACCESS_AUTH|CUSTOMER_SUPPORT|FUNDS_TRANSFER
bc18bee43613b33df56055f0,TRUST_FAIRNESS_REGULATORY|CUSTOMER_SUPPORT
16c80d626957aa7bb43f8217,USABILITY_NAV
613057ab34df00a0883f3e4d,APP_STABILITY_PERFORMANCE
7c8439d8343b8a56860d047a,GENERAL_SENTIMENT
a775a586cb485dfb65a726e9,USABILITY_NAV
93a991731ff915364755d580,GENERAL_SENTIMENT
4d1745e0fb53960b5023576a,USABILITY_NAV
105318d66ed79c139e38ac17,CUSTOMER_SUPPORT
f59180506196ee64318d0ccb,USABILITY_NAV
76e638cd0a97f3be7b60fce5,ACCOUNT_ACCESS_AUTH|CUSTOMER_SUPPORT
cb84270feab8d4281c46b366,APP_STABILITY_PERFORMANCE
f2c310026221ee2d3823ea1d,SECURITY_PRIVACY|USABILITY_NAV
14fb402ecbccc496c7c68319,GENERAL_SENTIMENT
d2ee362d2dfc2ea9a7757527,GENERAL_SENTIMENT
788875cbecc1a8dfc7e251f0,ACCOUNT_ACCESS_AUTH|FUNDS_TRANSFER|SECURITY_PRIVACY|CUSTOMER_SUPPORT
0d79df0c1f6c975c4a5e512a,GENERAL_SENTIMENT
68ae686116f05f997f66b70f,TRUST_FAIRNESS_REGULATORY|ACCOUNT_ACCESS_AUTH|FEES_SUBSCRIPTION
14365d71c6abfcf8dc6d05ec,ONBOARDING_BEGINNER
08af3a4b74905afdb3affae6,ACCOUNT_LIFECYCLE
e6dd7b2ddb746e1eec8d37e4,GENERAL_SENTIMENT
1f9c4c438469565fdb3099e4,TRADE_EXECUTION
6ba747ad4cb37e817bb86019,USABILITY_NAV|ACCOUNT_ACCESS_AUTH
8f410e0c49fd37bdd64d2643,GENERAL_SENTIMENT
800a61eeb9e92dec2ac380c6,FEES_SUBSCRIPTION
1f6882a6f6da5d5a1af438ea,USABILITY_NAV
80546c7c1268007f123b1868,GENERAL_SENTIMENT
8587fd25b446810e982f2f4d,USABILITY_NAV
633f622203cc2fea5394d171,GENERAL_SENTIMENT
9f518bf128682deb52898dba,GENERAL_SENTIMENT
9ca6a137e63f8c917f5da899,FEES_SUBSCRIPTION
4c61217e0ede6d98b77b7f96,GENERAL_SENTIMENT
18c1e5f4b6ae562cd699b63c,GENERAL_SENTIMENT
c607e6cbf550d8a5dba40432,GENERAL_SENTIMENT
992757c6347815f514e0d6b5,USABILITY_NAV
cd2de5ba875a8c39d1f547ae,USABILITY_NAV|CRYPTO_SPECIFIC
b1449d75053e0340ed6e6a23,ACCOUNT_ACCESS_AUTH
0aa7f6ef09327a0ecfa7ec16,TRUST_FAIRNESS_REGULATORY
bae4758fbca9beceed977ed3,USABILITY_NAV
e930bae9254486b993830468,GENERAL_SENTIMENT
2d0c37495477ba1fd201be9e,CUSTOMER_SUPPORT
40644948256ca8ac0cd12171,TRUST_FAIRNESS_REGULATORY|CRYPTO_SPECIFIC
ded379f70757d60ccf3c6ccf,GENERAL_SENTIMENT
f35de662726e0b1ea9a1cccb,GENERAL_SENTIMENT
dd19899366a9db36b3840328,CUSTOMER_SUPPORT|CHARTING_TOOLS
e3a5c806549e7a75edf5104e,FUNDS_TRANSFER|CUSTOMER_SUPPORT|ASSET_COVERAGE
3db4195093f5889d73ad22d7,GENERAL_SENTIMENT
8151426642a1686248aea911,USABILITY_NAV
9d2556a7174f0e92c420c19c,GENERAL_SENTIMENT
94816762b5f8d3ae50f5476e,USABILITY_NAV|ASSET_COVERAGE
2dd3e3b910b530450971eede,ONBOARDING_BEGINNER|TRADE_EXECUTION
a935119597f22ec1a7fd740e,ACCOUNT_LIFECYCLE
01695a97a2523e5e37d86f54,GENERAL_SENTIMENT
8640acc405d7fd45b2408023,GENERAL_SENTIMENT
237f2399d157d980b62e3b64,ACCOUNT_ACCESS_AUTH|ACCOUNT_LIFECYCLE
0fbd9d848edd7ea21dba8498,GENERAL_SENTIMENT
bb4e32e718c2b6651a294123,FUNDS_TRANSFER
ae0c44ddb1b69e712751d74c,USABILITY_NAV
7f0d3b4bffe141f457a9cd95,CRYPTO_SPECIFIC
b76a2a2f4f9a56b5707faccd,GENERAL_SENTIMENT
32b21a3bd1cd8831a2e4eeb0,GENERAL_SENTIMENT
bbc33b85de0ee69a69e57678,GENERAL_SENTIMENT
40d381a249bcb2586c41b20d,SECURITY_PRIVACY
a0c43548de0f2eae62771fde,ACCOUNT_ACCESS_AUTH|CRYPTO_SPECIFIC
4204f478d20cc4689a0f3d2a,GENERAL_SENTIMENT
f80b463101cba74e4bb7c80b,CRYPTO_SPECIFIC
ea9e809553782a68e812843a,USABILITY_NAV
f3d1e8f3899b138d8abbde7a,GENERAL_SENTIMENT
4ab679d3eebe4f2c8b5d1e0a,GENERAL_SENTIMENT
5a73bfd4bcc8588a059ac6e4,CRYPTO_SPECIFIC
fe55a22abf9c2089524fba2d,GENERAL_SENTIMENT
6a5c358886c0eeef45d490eb,GENERAL_SENTIMENT
5c50ff72eba892f3505f4ea4,USABILITY_NAV|ONBOARDING_BEGINNER
716f9bdf0dcde756c056e90d,USABILITY_NAV
1c9fd778f8b46877b7dcda0b,GENERAL_SENTIMENT
e3b52eaf4fa52b74b294570c,ASSET_COVERAGE
fb40c0654f4c51b73b6e3018,GENERAL_SENTIMENT
425711e92ab3e8e497cee6a4,ADVERTISING_NOTIFICATIONS
e98f089d05ee69cabbc80e4d,GENERAL_SENTIMENT
d6b2e7e02120be60656880cf,APP_STABILITY_PERFORMANCE
c31eeede43c411671448fa57,USABILITY_NAV
665e31109604b6e3a34b899b,CHARTING_TOOLS|FEES_SUBSCRIPTION
c622350abf31b2dbf1823ddf,FUNDS_TRANSFER|USABILITY_NAV
7e8f238fcef6e702b7466b1c,GENERAL_SENTIMENT
92d89aaa81b2bffc00064860,GENERAL_SENTIMENT
008dd383536c1f75722ed0c0,GENERAL_SENTIMENT
b7f0685da1b4c5084dd72b42,GENERAL_SENTIMENT
7d9559d645a237ca16ce7976,ACCOUNT_LIFECYCLE|CUSTOMER_SUPPORT|APP_STABILITY_PERFORMANCE
d6f8d58ec0fa0a18a77a8904,GENERAL_SENTIMENT
20bb5a8060cd13ac48dc46ac,USABILITY_NAV
ee9a3682372c5619ef3a719a,GENERAL_SENTIMENT
0303874781e308b26b2bd6f1,FUNDS_TRANSFER
4906ff58a87c9f39a194af5a,ACCOUNT_ACCESS_AUTH|FUNDS_TRANSFER
78d2f3e5460c3eb625d680e3,APP_STABILITY_PERFORMANCE|CUSTOMER_SUPPORT
64a43fa5fc18d3d4cf33b311,CUSTOMER_SUPPORT|TRUST_FAIRNESS_REGULATORY
6e87c5fd12ec6eac5537e411,GENERAL_SENTIMENT
87d77e1872a4643992eaa668,ACCOUNT_ACCESS_AUTH
1a4ee81eedf1256564ac2b64,GENERAL_SENTIMENT
e8aa72694742f22bc0a49327,APP_STABILITY_PERFORMANCE
e628e81bbf0f23635d5cfabd,ONBOARDING_BEGINNER
8dbc7d23b8a0e58d4425fed7,USABILITY_NAV
7b84b104e5f3c46d5982375f,GENERAL_SENTIMENT
626ae943c5bd189888699830,FEES_SUBSCRIPTION
38d5551dcbbf7760d53910c0,GENERAL_SENTIMENT
12710151ec4b14316218dba3,GENERAL_SENTIMENT
43862d8f32cbbc02cd8566f0,USABILITY_NAV
b81313f1ebd594a01997d0d4,GENERAL_SENTIMENT
b532e460d06438cb4f117b93,CRYPTO_SPECIFIC
88a93c44d9309426e65ead67,USABILITY_NAV
115957e3e2ab27e6db142d5f,GENERAL_SENTIMENT
d68ed18676a2aecf15d88264,ACCOUNT_ACCESS_AUTH
3eb2828d1a9672610e76d6f8,CRYPTO_SPECIFIC|CUSTOMER_SUPPORT
8089da99f023a9aea65f8ab9,ACCOUNT_LIFECYCLE
b174b745164200c94d0ef12c,GENERAL_SENTIMENT
4c14fa83afb633c765d3c880,USABILITY_NAV|CUSTOMER_SUPPORT|ONBOARDING_BEGINNER
870141deef717ad8b9ecd2f1,FEES_SUBSCRIPTION|SECURITY_PRIVACY
b134fdc634af9487e22584e7,GENERAL_SENTIMENT
3125ac970ba4d6a6cdf6feed,USABILITY_NAV
5cf69cf013b6ae10ae9e0650,GENERAL_SENTIMENT
c4921a71d02f8593c914b38f,APP_STABILITY_PERFORMANCE
bf60c3437c5a8ea6261ec99f,ACCOUNT_ACCESS_AUTH|APP_STABILITY_PERFORMANCE
a5e5866ea68120f61d3e5a36,FEES_SUBSCRIPTION
136b8153774038feb8a55cb2,GENERAL_SENTIMENT
6bdafcd8931669a19b60bc01,GENERAL_SENTIMENT
b0018f46599a4ecb8fb6a799,GENERAL_SENTIMENT
e1bf6484bf90167515b38429,GENERAL_SENTIMENT
3f73c55fc149fc378f17dc83,ACCOUNT_ACCESS_AUTH
e454811018889ad23ed3053b,GENERAL_SENTIMENT
6b6584e12cd034af6f8b0309,ACCOUNT_LIFECYCLE|ACCOUNT_ACCESS_AUTH
6eafa13e44b638cf9cf10099,GENERAL_SENTIMENT
165d009c98959438542c4d15,TRUST_FAIRNESS_REGULATORY
8df2e75c3eeb0c72fcad12ed,USABILITY_NAV
215af044e548c36650475f76,GENERAL_SENTIMENT
39ca0d34ab7bff81411e6032,GENERAL_SENTIMENT
a7e8635289c02193a0dbb454,USABILITY_NAV
4897191ab3fbae6e31fca7ee,USABILITY_NAV
2b7f9545300cbf2151b9742d,GENERAL_SENTIMENT
441a80573ae67dbd0def9ad8,ADVERTISING_NOTIFICATIONS
6556e4a77a1b8996e4999596,ONBOARDING_BEGINNER|CRYPTO_SPECIFIC
8e788c88515425bafa201284,TRUST_FAIRNESS_REGULATORY
4ec59ba6c8fa46b8723b5e4f,CRYPTO_SPECIFIC
842c57b43af1cdeee6671a43,USABILITY_NAV|CRYPTO_SPECIFIC
fba08e6a6706eefee5f0e76a,GENERAL_SENTIMENT
00b3ce5e04eae1061783c140,TRUST_FAIRNESS_REGULATORY|TRADE_EXECUTION
4eabdbdf778d04e311940539,ONBOARDING_BEGINNER
724bcaacd1de636cc180f8bb,ONBOARDING_BEGINNER
c2a4a8f7b1c5aa1a7b94948e,GENERAL_SENTIMENT
f0df2af98214250577f98553,CUSTOMER_SUPPORT|TRUST_FAIRNESS_REGULATORY
44ce9893c8a6377e24465453,ACCOUNT_ACCESS_AUTH
613f908db2f7f04b872a298c,GENERAL_SENTIMENT
7b205002fce9f92c1eccf0e9,CUSTOMER_SUPPORT
a5ea7226410c0564d9ac7873,APP_STABILITY_PERFORMANCE|TRADE_EXECUTION
5fa47e6c6bef7e11cb8b689e,FUNDS_TRANSFER|USABILITY_NAV
ed0cdf89e8b0514d37696f57,GENERAL_SENTIMENT
cb837da679940957a40f3457,USABILITY_NAV
690b9d098ef79e1cfd300c69,APP_STABILITY_PERFORMANCE
7ab735f466f79a13aebed08c,GENERAL_SENTIMENT
40de4f8fd5737b372461f140,ACCOUNT_ACCESS_AUTH
528223a9ac9cbeee4d060d7d,USABILITY_NAV|CHARTING_TOOLS
17ae0873adcacab069b15505,CRYPTO_SPECIFIC
215b89ec9d15dfcddfc1ef32,USABILITY_NAV
970c471f7b42367b8fc3aef0,ACCOUNT_ACCESS_AUTH
aa80f8ab64305fb931df808e,USABILITY_NAV
bcfe10595f2322e99b8de80d,USABILITY_NAV
384da60887f7cd74f6590685,GENERAL_SENTIMENT
6a46726cb95fafcb9e18a050,CRYPTO_SPECIFIC|TRUST_FAIRNESS_REGULATORY
861768b5521343504bcd8d8e,USABILITY_NAV|ONBOARDING_BEGINNER
730ef015c5646653fa52a256,ADVERTISING_NOTIFICATIONS|TRUST_FAIRNESS_REGULATORY
065e089526d9ec154ae00f36,APP_STABILITY_PERFORMANCE
2e484096044f4156b6c00d2b,GENERAL_SENTIMENT
e078fc6dfa37927ae9378f97,GENERAL_SENTIMENT
1115b8436a0055a402ca71c9,GENERAL_SENTIMENT
b24c9c135a60abda585ff4d6,GENERAL_SENTIMENT
6f387f668f7a03be80ef88d6,GENERAL_SENTIMENT
1ac1292ee6646902a3e24a21,GENERAL_SENTIMENT
059d513c54a8685eb4138ada,USABILITY_NAV
c2a13b578398c227713b5c53,FUNDS_TRANSFER
e10df3ceef433fd4af009e90,ASSET_COVERAGE
9de076b0f440a9a8683794c0,ONBOARDING_BEGINNER
cf63e1eb4e3df19121bafc78,ACCOUNT_ACCESS_AUTH
45d0df160f8ae9fb1cc7b232,ACCOUNT_ACCESS_AUTH
aa664793fd576b783737409d,GENERAL_SENTIMENT
96cc629446612a93a80bc7e0,GENERAL_SENTIMENT
cd44f808c24be527777bf050,GENERAL_SENTIMENT
c902af9866644f2789a63d02,GENERAL_SENTIMENT
3076168fcfa73b9194bf2f27,GENERAL_SENTIMENT
157c917c648616b89adae4f7,CUSTOMER_SUPPORT|ACCOUNT_ACCESS_AUTH
558e35c141dd766729acce65,USABILITY_NAV|TRADE_EXECUTION
9acb2df7f64d02437d69df51,SECURITY_PRIVACY|CUSTOMER_SUPPORT
2adebfe2d3cddf96f8168b41,USABILITY_NAV
338fec45f2521d511e32f41f,GENERAL_SENTIMENT
a86097811ea598f32872e304,FUNDS_TRANSFER
e8066a22c83312c558e42ce9,GENERAL_SENTIMENT
35089c8cebfc0281d518f0c8,GENERAL_SENTIMENT
6f449486e23cb435f3b46bdf,TRUST_FAIRNESS_REGULATORY|FUNDS_TRANSFER
a5e17270d16a04bf6f189fd4,FEES_SUBSCRIPTION
aa58e16abfd8e70a08fef7cc,USABILITY_NAV
50d6fcf04ee0dc2ff4250a29,ONBOARDING_BEGINNER
7432055c6a231bf4cf73afa2,USABILITY_NAV|CHARTING_TOOLS
27ee79b62e22f6b729a7056c,USABILITY_NAV
47c25c3893146adcfb9c79b8,ONBOARDING_BEGINNER
517fbe98f64a292cb2fe9b5f,GENERAL_SENTIMENT
f721a4b404e5a0c077302a2a,USABILITY_NAV
a5d48537d8ba6c4ea5ca0a5f,USABILITY_NAV
5e370bf4a3152bb37c5e3e87,CUSTOMER_SUPPORT
def79e18116125ca40fd223c,GENERAL_SENTIMENT
f17b58e46f108d0331c3d153,SECURITY_PRIVACY|ACCOUNT_ACCESS_AUTH
4dadc45c56208cc63dedd76b,GENERAL_SENTIMENT
70631f2cfb95cb12c12ca949,GENERAL_SENTIMENT
57155f70930289d66c382516,ONBOARDING_BEGINNER|SECURITY_PRIVACY
990892287d33c6a4d886a296,USABILITY_NAV
d2bf1bf53d900790da6ab3f6,USABILITY_NAV|CRYPTO_SPECIFIC
5c54b4f7c113d729a90117e5,CRYPTO_SPECIFIC
5c8b03168fbf6c4305099b29,GENERAL_SENTIMENT
e2a25d492bf373bbaac5f23a,ACCOUNT_LIFECYCLE|ACCOUNT_ACCESS_AUTH
816e7c4e9d0016d5d3338ddb,GENERAL_SENTIMENT
9263eb90f47f269847e2bea8,TRUST_FAIRNESS_REGULATORY
458bec7c5f954a1c6d348b38,CRYPTO_SPECIFIC
ad9195d66f38e0d82066a6c8,FEES_SUBSCRIPTION
ffb699307723a3d9e4bcfd1a,GENERAL_SENTIMENT
c718ab5e73a47e310f1ae951,USABILITY_NAV|TRADE_EXECUTION
8aa0670018a9390981346807,ACCOUNT_LIFECYCLE|ACCOUNT_ACCESS_AUTH
72a3a18644f230180d32d08d,CUSTOMER_SUPPORT
0c8da967a3f0d51142579189,GENERAL_SENTIMENT
2ba8b5efb97923be6d688bec,GENERAL_SENTIMENT
ae331d750901b26f67b76fc9,USABILITY_NAV
88d53ddbc7baec630e008da0,ACCOUNT_ACCESS_AUTH|CUSTOMER_SUPPORT
9a54535aa655930f7713bb3c,USABILITY_NAV
ea1dc8acae2d5035f42461f4,FUNDS_TRANSFER|CUSTOMER_SUPPORT
e94b994ffe1daca4f5504571,ONBOARDING_BEGINNER
3d3e7c1c19fc8bfdb48268ce,GENERAL_SENTIMENT
29d7659259b2c8df73b54b9c,FUNDS_TRANSFER
b7186d938d866a43aa59ba06,FEES_SUBSCRIPTION|TRUST_FAIRNESS_REGULATORY
4abcf83bd1102a121e19fee0,CUSTOMER_SUPPORT|FEES_SUBSCRIPTION
57c90c1d65bd20cf9161e75a,FUNDS_TRANSFER|TRADE_EXECUTION
c3811016e4e1a82bf532390d,GENERAL_SENTIMENT
33cb043f43d727b522b57cfb,GENERAL_SENTIMENT
f0fc2f2d3eb89389509d84e4,GENERAL_SENTIMENT
dd13db4679035113aea542ab,USABILITY_NAV
0831f0734e86cf477dd1af40,FUNDS_TRANSFER|APP_STABILITY_PERFORMANCE
91b4208d647a6a4091079a0a,GENERAL_SENTIMENT
b033d51bddaba6da180b74d0,USABILITY_NAV
2e8a8c1960e685fcaeb26c12,GENERAL_SENTIMENT
3fac5cc25bb657bb72e7e93c,FUNDS_TRANSFER|TRUST_FAIRNESS_REGULATORY
c90b0744360653d999ba5e64,ONBOARDING_BEGINNER
4005dbf6a245c7037aa0f4a3,GENERAL_SENTIMENT
b4260962061d86bc0c4c6726,GENERAL_SENTIMENT
c75fd59bab1420b6c13ce4e8,USABILITY_NAV
6dc6a36547c9ab84cd88931a,GENERAL_SENTIMENT
cd6c4c4d15eeb7ba9e8bba53,FEES_SUBSCRIPTION
102177093fff0b40fecf5ea2,ONBOARDING_BEGINNER
d034c1d08faa6978e75fa3a1,GENERAL_SENTIMENT
9cfe1f269a367ddb752a8b9d,USABILITY_NAV
a73c745ba3e75b8efcafb163,ONBOARDING_BEGINNER
5ae1241c0e1bd8974efb2f2c,ACCOUNT_ACCESS_AUTH|CUSTOMER_SUPPORT
2fcb5d248da914d1c324ede1,TRADE_EXECUTION|FEES_SUBSCRIPTION|CUSTOMER_SUPPORT
1884e06b4ec466785e5f943c,GENERAL_SENTIMENT
bbc74e3c8fa7b7da60cb5dff,USABILITY_NAV|FUNDS_TRANSFER
de7266bb96c13a91a29e2101,USABILITY_NAV
217c474f7756b2ec7a43ca5a,GENERAL_SENTIMENT
fbc39bccc3d4ccdc2f6d616e,TRADE_EXECUTION
8663078fa3862c2dc0984278,SECURITY_PRIVACY|ONBOARDING_BEGINNER
1c811d2c5e8f818c0428e5f1,APP_STABILITY_PERFORMANCE
623e67f5d2e7360f8b4aa08b,ACCOUNT_ACCESS_AUTH
8d684ef1c892da78f3f3fd27,GENERAL_SENTIMENT
75bd5acbfd7416e466746676,GENERAL_SENTIMENT
2e8d887257691ec3f7ed8c79,GENERAL_SENTIMENT
0a21f02f681d7ae6e2320b07,ONBOARDING_BEGINNER
9dd9c79a8858bf3ba0f555a3,GENERAL_SENTIMENT
69a92fc281696f92dbf84f89,GENERAL_SENTIMENT
1b63dc15c53f5d6c959c1353,USABILITY_NAV|FUNDS_TRANSFER|CRYPTO_SPECIFIC
a32863f366f39a589f6d78db,GENERAL_SENTIMENT
9081082018f66375e1a8678f,GENERAL_SENTIMENT
4b2ac2fe53606ab89f61d6d8,APP_STABILITY_PERFORMANCE
d05275067161ce4bc135be12,ACCOUNT_ACCESS_AUTH
f3ea3cab86eff65a2f7a8cfd,GENERAL_SENTIMENT
75ac902e78f4b89fec48269a,FEES_SUBSCRIPTION|TRUST_FAIRNESS_REGULATORY
4f7f48b742329cba9f338ece,USABILITY_NAV
f68a8203278189ab8af19644,USABILITY_NAV|FEES_SUBSCRIPTION
8621891255cd4f33cb4b718b,ONBOARDING_BEGINNER
cbc790afcd0f9988f868e181,GENERAL_SENTIMENT
65ecbbcfe054222b5a1b257e,TRADE_EXECUTION
35b3aeaf83737a860483ede7,APP_STABILITY_PERFORMANCE
1a73b1bb1da656efaf30ecdd,USABILITY_NAV
41427f7e636f09eb59eb5a4b,ACCOUNT_LIFECYCLE|ACCOUNT_ACCESS_AUTH|APP_STABILITY_PERFORMANCE
5fe1ea23a8da05150c1ef24f,GENERAL_SENTIMENT
88373eee297c05ce432f0707,TRUST_FAIRNESS_REGULATORY
17b87f5d59d7e87a8bbd600e,FUNDS_TRANSFER
9be19264f280e6c595f13fb2,ONBOARDING_BEGINNER
5d0a1490d4c660cb7304da54,ONBOARDING_BEGINNER
7be9354975a20c04a12d515d,GENERAL_SENTIMENT
8547983935a93c44cc10d531,ONBOARDING_BEGINNER
23649765d32b292cd0feba93,USABILITY_NAV
a19247318ce887d84b9679c5,CRYPTO_SPECIFIC|ONBOARDING_BEGINNER
594cedfffbd30ccc23d44c3e,APP_STABILITY_PERFORMANCE
8972b1fed3df77bd8639a3e6,TRADE_EXECUTION|FUNDS_TRANSFER
a35e8d28b8b2692d23b9534e,CRYPTO_SPECIFIC|ONBOARDING_BEGINNER
83f7ff0f45e845fbde57f4cf,USABILITY_NAV
8062fcbffa7e16ac6be4e92d,GENERAL_SENTIMENT
45e0389e7ba457059432bf67,GENERAL_SENTIMENT
19ee4436d1c60bdf6fe47299,USABILITY_NAV
e283155895c19c7ea70dccd8,CRYPTO_SPECIFIC|ONBOARDING_BEGINNER
9561174b428367f2b470ad2e,SECURITY_PRIVACY|TRUST_FAIRNESS_REGULATORY
837bf127b88d6cbb3d59451a,ACCOUNT_ACCESS_AUTH|SECURITY_PRIVACY
eb175aa27749021aa9754997,GENERAL_SENTIMENT
15462de3fdbac1c3afc84812,APP_STABILITY_PERFORMANCE
20a446305acd83fb09b62baf,GENERAL_SENTIMENT
c637d8da3ecddae61275e006,GENERAL_SENTIMENT
29cb27be13ce27c925faf55e,GENERAL_SENTIMENT
19c277c305b8e369a7284784,ADVERTISING_NOTIFICATIONS
4ae8e154c9f26411f3f8c137,USABILITY_NAV
41ff75f99e795f88bf038d60,USABILITY_NAV
1f0094023ced87629bad9c9b,GENERAL_SENTIMENT
b609888c67791e218db0b1b7,CUSTOMER_SUPPORT|USABILITY_NAV|SECURITY_PRIVACY|FEES_SUBSCRIPTION
b2b9d7f26e13492a3090a9c9,ACCOUNT_ACCESS_AUTH|FEES_SUBSCRIPTION
410681c5adbcef5055b865e1,SECURITY_PRIVACY|USABILITY_NAV
57ccaea31731a33e22841343,USABILITY_NAV
2334cf7478e2a5c5b8c7143f,ASSET_COVERAGE
a9e4a92761b1b1bf23acf5eb,TRUST_FAIRNESS_REGULATORY
b620eb09c2ec21121768d886,ONBOARDING_BEGINNER
f0e770b5819049950e30a0b6,ACCOUNT_LIFECYCLE|CUSTOMER_SUPPORT
3a240afc6e161bed2ae16dc8,ACCOUNT_LIFECYCLE|ACCOUNT_ACCESS_AUTH
e1184d14e7d5192d57dfccca,ACCOUNT_ACCESS_AUTH
f02fade8f026eda06072a040,USABILITY_NAV
5982b94d8e3a9d074f975068,ACCOUNT_LIFECYCLE|APP_STABILITY_PERFORMANCE
c6792dd457f44047b085cd22,ACCOUNT_ACCESS_AUTH
866a0d6f473be2d7b8109cbd,ACCOUNT_ACCESS_AUTH
ecde092984a9b464a3b3bcd0,GENERAL_SENTIMENT
677381dd7c6059eaafd83900,APP_STABILITY_PERFORMANCE
ccf9e300d97d6c41f1f71e74,GENERAL_SENTIMENT
aaa40eda748b11f9c5973ba5,ACCOUNT_ACCESS_AUTH
e2b655dc4a551ad4edabda87,USABILITY_NAV
051ed82f4fe212e860cf7716,USABILITY_NAV
f68e219cde7ce44a482ea45b,USABILITY_NAV
043c07b302393af94a8269df,APP_STABILITY_PERFORMANCE
4a81366ee8317d58e3755f7c,ACCOUNT_ACCESS_AUTH
3474f4b855927a5c7d48dede,CUSTOMER_SUPPORT
56519b25f879d84810d95ca3,TRUST_FAIRNESS_REGULATORY|FUNDS_TRANSFER
3c5da06a3e01ab67df6cfd8d,ONBOARDING_BEGINNER
dd8e6c0ffcd366a6cba1d8bd,USABILITY_NAV
dc681c19b233c9bebf35f94c,USABILITY_NAV
406c1907ba0f3d28161f16a7,APP_STABILITY_PERFORMANCE
7d178d68e49d4d4a71892376,GENERAL_SENTIMENT
618c130eccaaa3b9e402652f,USABILITY_NAV
bcd47dd7d982207118a245b4,ASSET_COVERAGE
12efdb49f5f7269391d2032d,ACCOUNT_LIFECYCLE|FEES_SUBSCRIPTION|TRUST_FAIRNESS_REGULATORY
d65b9d7d041a9a58162d9571,CRYPTO_SPECIFIC|ONBOARDING_BEGINNER
321fa85d30ec8ae850844331,GENERAL_SENTIMENT
f04e72f1adbd86851fdba7ef,ACCOUNT_ACCESS_AUTH|USABILITY_NAV
8022f5f1bd6ae42fd76b0a49,GENERAL_SENTIMENT
d7e4f4810afb7d5d5521eb50,ACCOUNT_ACCESS_AUTH|USABILITY_NAV
ca5757d537983c29e1661fac,GENERAL_SENTIMENT
49a854c8132f0fae65176b27,GENERAL_SENTIMENT
1b565927ca22a1e11b984e8b,CRYPTO_SPECIFIC|USABILITY_NAV
361634e14b6b9e58b635a608,CUSTOMER_SUPPORT
ac9e1059ea0d1ee365e4421b,TRUST_FAIRNESS_REGULATORY|CRYPTO_SPECIFIC
ecc361715803ac228d6b8f30,USABILITY_NAV
2e1847e0a43ce3c9e50a7274,ONBOARDING_BEGINNER|CHARTING_TOOLS|CUSTOMER_SUPPORT
06d5a75174a42b8f353904e1,USABILITY_NAV|APP_STABILITY_PERFORMANCE
f08eadcb33aa06a314b618d2,APP_STABILITY_PERFORMANCE|ADVERTISING_NOTIFICATIONS|CHARTING_TOOLS
d3d5a21b7334f41ef6bbc0d2,USABILITY_NAV
e6ec10d7b6537d3ffb24e11d,GENERAL_SENTIMENT
705f1daff06f729a9a4e5617,ACCOUNT_ACCESS_AUTH
2415f43fb2c57495a4fafb2a,ACCOUNT_ACCESS_AUTH
442b56ae08fe36c4da19da87,GENERAL_SENTIMENT
c876b0d40a7272e0103f2aee,GENERAL_SENTIMENT
d6fa09d9a880a9696cb26844,ACCOUNT_LIFECYCLE
61521a7d19432307ba8be8ff,USABILITY_NAV
7767b9bc26a402a366a0292a,USABILITY_NAV
5287f01340d11d4fedad7620,GENERAL_SENTIMENT
0d4dbf8e0cb3b7aef0018e3e,ONBOARDING_BEGINNER
e8fec91493eb60e39118bae3,GENERAL_SENTIMENT
b48f0efdcb5f34ddf96a2715,USABILITY_NAV
6f63223adfb6e9c4c1dcb026,ONBOARDING_BEGINNER|CUSTOMER_SUPPORT
dcf9bb33074a96f7808d136e,USABILITY_NAV
026eb23ab264a36eb90d5ae1,FEES_SUBSCRIPTION
37af0dc082a6219441ac1b7e,USABILITY_NAV
9f8909f53cacfdcb28a2a81d,ACCOUNT_ACCESS_AUTH
d715c619defd36e12d545b27,GENERAL_SENTIMENT
8a9975805fa6589c4007e394,USABILITY_NAV|CHARTING_TOOLS
e61cdf56ad6514491978cbbc,FUNDS_TRANSFER
3c7adee1de3ea4df0bc8fa04,GENERAL_SENTIMENT
00140a8dd4c8fbf553074b61,GENERAL_SENTIMENT
1c4aec17b271ecddb43137db,GENERAL_SENTIMENT
11bb3088e6b5b12292eca03a,GENERAL_SENTIMENT
055340bd6ad4f803093a309f,GENERAL_SENTIMENT
7f4fa83e9f8cd3d6d061098e,GENERAL_SENTIMENT
6e9633dfffa5e3b5fbeef145,GENERAL_SENTIMENT
a8c2ad4e9b17d37f1573e162,FUNDS_TRANSFER|TRUST_FAIRNESS_REGULATORY
81287eb2bf05937ec50006eb,GENERAL_SENTIMENT
c4e4f5a37e9cd33b02017518,APP_STABILITY_PERFORMANCE|FUNDS_TRANSFER
b6f36bd88ea2a453805cc7c1,CRYPTO_SPECIFIC
530883b6f10c52fb4ac69d58,GENERAL_SENTIMENT
6fa15b93b292ee5224e123bf,GENERAL_SENTIMENT
7b8fe4c5e90e1ed54b00599f,GENERAL_SENTIMENT
307c23fbbd07ec49bf0a2c23,CRYPTO_SPECIFIC
70c2dd77b19d6f812a12664c,ACCOUNT_ACCESS_AUTH
aac69e4e9662499df39d5d11,USABILITY_NAV
a1209713b19d7eba4ca75ca8,SECURITY_PRIVACY|USABILITY_NAV
28a7a2a7712b3b020dd52e38,CUSTOMER_SUPPORT
f3421a3c5c07d8da35a9874f,ASSET_COVERAGE|ACCOUNT_LIFECYCLE
6ec5b5cd589564e6dd84e4d7,GENERAL_SENTIMENT
16ef1193ed77fd0fddae73c7,GENERAL_SENTIMENT
8325356479e5332967473f75,GENERAL_SENTIMENT
30175db6b7e5ea7b3638135e,TRADE_EXECUTION
410f4925b66dab5dffe87ac2,ONBOARDING_BEGINNER
1b474e53edafeb4f151568cd,GENERAL_SENTIMENT
56d52943ec6b70c71c75817c,TRUST_FAIRNESS_REGULATORY
c540204dc59217f802594479,FEES_SUBSCRIPTION|TRUST_FAIRNESS_REGULATORY
414ed68208c4741b1e34e3ec,GENERAL_SENTIMENT
77a8dec2b5d6ff50effbb376,APP_STABILITY_PERFORMANCE
f45936abca840499756a531d,USABILITY_NAV
f299e7dee9d2a8e315814d7b,CRYPTO_SPECIFIC|ONBOARDING_BEGINNER
db51127daf5bd289cc49b19b,CRYPTO_SPECIFIC|TRADE_EXECUTION
56a99a29a5b1df82088e5133,APP_STABILITY_PERFORMANCE
c2baef227ef73f56f26285a8,USABILITY_NAV
9156e5c398e6b34952f7c2a7,APP_STABILITY_PERFORMANCE
935860e531a7e7b4c984b7a8,TRADE_EXECUTION
73394a9bede780774251560c,PREDICTION_MARKETS
6f9e717af206b19d674d9d67,GENERAL_SENTIMENT
4686f0951cf84c90d9838692,GENERAL_SENTIMENT
fa631078f80a1fa92e42f890,PREDICTION_MARKETS|USABILITY_NAV
3379faecdef0efd234333419,USABILITY_NAV
abb2aef2abe3274f39923d18,GENERAL_SENTIMENT
835de773865c6087419a6aad,CUSTOMER_SUPPORT
9b86d99180a0814378d0a2f2,TRUST_FAIRNESS_REGULATORY|CRYPTO_SPECIFIC
adc8f789da20a376bdfeec8f,USABILITY_NAV
f86f8b0a809c7ac632235fdf,GENERAL_SENTIMENT
f267df2457607a3a3249204f,APP_STABILITY_PERFORMANCE
b68023115daf6340e178f708,USABILITY_NAV
1a5c70bb02507f2e41fd191b,USABILITY_NAV
78d6ae00412146d035e8312c,USABILITY_NAV
67c812408868d218ff813d17,GENERAL_SENTIMENT
84bd57d799d8d7180f3fd279,GENERAL_SENTIMENT
dc7d4660f8cad76a125522f8,USABILITY_NAV
39d37840b2e7e82f032cb8b9,GENERAL_SENTIMENT
0cece88381a64d0181952231,ONBOARDING_BEGINNER
8bda2a8f25481c94782dfd91,USABILITY_NAV
98cbca730b5c95b710e38193,USABILITY_NAV
3fd4c6f07bdf3a4699b7f857,USABILITY_NAV
145ef42888d142badb4d4d48,FEES_SUBSCRIPTION|TRUST_FAIRNESS_REGULATORY
4894c82345a42fc4bdc39855,ACCOUNT_LIFECYCLE|SECURITY_PRIVACY
87cd224ad98b30584d08f239,USABILITY_NAV
948e7e689a2653c5f0ca058e,FUNDS_TRANSFER|USABILITY_NAV|ASSET_COVERAGE|APP_STABILITY_PERFORMANCE
f0cca1dd095a03bb22f0597f,GENERAL_SENTIMENT
bb4449458ab09aed00617f5e,FUNDS_TRANSFER
c42838786f415b623c41324a,ACCOUNT_ACCESS_AUTH
716748894576f7b6cb409dce,GENERAL_SENTIMENT
6cb64607cbf44ded24839ec8,GENERAL_SENTIMENT
b15169ee6988ddfdd172d009,USABILITY_NAV
2db065815d0757f1c4161b60,USABILITY_NAV
31981b583a05f2adf15f258e,APP_STABILITY_PERFORMANCE|CUSTOMER_SUPPORT
e83ddc9cf1dbff9a32343acf,USABILITY_NAV
d234c5f41e13fec1f1d69981,SECURITY_PRIVACY|TRUST_FAIRNESS_REGULATORY
4e5e134891721102887e6597,USABILITY_NAV
7dd2dbce99a1b3418d3efc9d,TRADE_EXECUTION
f8d461ea21e0bcce5bb33e17,USABILITY_NAV
f9dcfb225ff1ad2aae3e69a3,ONBOARDING_BEGINNER
2055db24ba0be87394fd4096,ACCOUNT_ACCESS_AUTH|SECURITY_PRIVACY
03610876f73ab9419188f964,USABILITY_NAV
9b55065e8c0b4d03e1ac3d65,GENERAL_SENTIMENT
9f6454ffe01662e92c6ea6a9,USABILITY_NAV
9fc819ad1a97580fd74cd7e7,GENERAL_SENTIMENT
d93c5c581654f22b75367b16,USABILITY_NAV
1a87bf3be56c9535362d1634,TRADE_EXECUTION|ACCOUNT_ACCESS_AUTH
26318b07b0826ef19d9591cb,APP_STABILITY_PERFORMANCE
e7c9ecf92af2ff023a3b3a06,GENERAL_SENTIMENT
6d99539a41477ad85bdcce03,USABILITY_NAV
e16485b3aaf354137f7abbd1,CUSTOMER_SUPPORT|ACCOUNT_ACCESS_AUTH
82d7f9e7e230923999a0d11d,USABILITY_NAV
ca9e1cc3dfbafff9c0501d3f,GENERAL_SENTIMENT
881fbee48bd17476a76d7b9e,USABILITY_NAV|ACCOUNT_ACCESS_AUTH
947d18f5a200ed873e218348,GENERAL_SENTIMENT
be7639cbc986cf2407c07646,GENERAL_SENTIMENT
a4f4d6cb8cae4a67a923d78a,USABILITY_NAV
e58979acf15f6be464d6f6f7,USABILITY_NAV
a5f8dc21e834f45dc2d5800e,USABILITY_NAV
c613665ce8f1b8ab402dff9f,GENERAL_SENTIMENT
ab00acdafcfe1ad4c76f597d,USABILITY_NAV
e2c0191067975400016a795e,CUSTOMER_SUPPORT
ff64a06843e587979e72401c,ACCOUNT_ACCESS_AUTH
a3ca1fc62742a05cdbfeb1af,GENERAL_SENTIMENT
2495218bf40451b8e97dbc6d,CHARTING_TOOLS
5dcd4eff7b56d3b6bba321d8,GENERAL_SENTIMENT
1158323b15d818c078b5e1a5,GENERAL_SENTIMENT
4aabf62f82c19dd56e7021ef,ACCOUNT_LIFECYCLE
dba1f11c38067c40fcbf5d2a,GENERAL_SENTIMENT
d40f9d4f4fb6c116a28659d7,FEES_SUBSCRIPTION
8237aa83efbbf45cef0a8d08,GENERAL_SENTIMENT
c65cb823b5d23b2dcfd054be,FEES_SUBSCRIPTION
1cf476584c0a6f527ab54644,GENERAL_SENTIMENT
2ff0ed4d3d9b34bf3883cfb3,FEES_SUBSCRIPTION
6de44a6a1960780f839bee57,GENERAL_SENTIMENT
c7a4a85bd7c6d6b39a76cf46,GENERAL_SENTIMENT
d700215f396aeabf2eae4d46,GENERAL_SENTIMENT
3e0b27d4f1fd67893bac7dc9,ONBOARDING_BEGINNER
39e977a6a5e923a135b81a58,USABILITY_NAV
91710e9e6a5d55e134e61413,ACCOUNT_LIFECYCLE
21c80df1bf0cb710ac24b7e7,TRUST_FAIRNESS_REGULATORY
dc034ce37bfa061acfa47308,GENERAL_SENTIMENT
b55aafa994d7482a9323b99c,CHARTING_TOOLS
9cf10120d7156097c8d8cfcd,ONBOARDING_BEGINNER
f015a1d5e2b5f03786aa8d3f,GENERAL_SENTIMENT
e1131171083086b941632b01,FUNDS_TRANSFER
18e18927c9d0eb8533f5e82b,TRUST_FAIRNESS_REGULATORY
8a9e0fb0c93b98560b6c88a3,GENERAL_SENTIMENT
832048b7f6ede72fe1110ce9,APP_STABILITY_PERFORMANCE
8fc19c7823622dbaaaef44fe,USABILITY_NAV
8dc039edaa5687d996602e36,ACCOUNT_ACCESS_AUTH
17b7143ea12d07b79160d4ef,GENERAL_SENTIMENT
9b6f4d9d9af029832d6b6322,ONBOARDING_BEGINNER
7ce21a75bac1f18ad2f85772,GENERAL_SENTIMENT
66454963ac5c40adc48032f5,GENERAL_SENTIMENT
bd4dcb6dccffabb08856ee64,GENERAL_SENTIMENT
1662132f022d526a1e4fafe7,TRUST_FAIRNESS_REGULATORY
4ccc88b458a1fa27844c32be,GENERAL_SENTIMENT
44710b48ecc97987c30e7246,CHARTING_TOOLS|CRYPTO_SPECIFIC|FEES_SUBSCRIPTION
355f2a9666de90c9de8dda4a,GENERAL_SENTIMENT
db6cb3bbc1d8bd86a80d3845,USABILITY_NAV|FUNDS_TRANSFER
d3e18c985d406b810939fe3f,ASSET_COVERAGE|CRYPTO_SPECIFIC
15b98e71357bc09437624747,TRADE_EXECUTION|TRUST_FAIRNESS_REGULATORY
5cdf3d85389054b1891a91e1,TRADE_EXECUTION
606edd2199cf6e6bf573e412,TRUST_FAIRNESS_REGULATORY
991a5046a5cd88a13b488dd7,GENERAL_SENTIMENT
e5bcf7741b1803288e32327d,FEES_SUBSCRIPTION|CRYPTO_SPECIFIC
1d4168cc62b153bd9a30341d,CUSTOMER_SUPPORT|USABILITY_NAV|PREDICTION_MARKETS
682a4b63afce965608882602,ONBOARDING_BEGINNER
bc5d9374f89ae23901bfedb9,TRADE_EXECUTION
52cfc9f939b5bf109d83c305,FUNDS_TRANSFER|CUSTOMER_SUPPORT
60d5bde5a373312ae6b60179,ONBOARDING_BEGINNER
da762609d869976342cace0f,GENERAL_SENTIMENT
f408db45ff4463a799320777,USABILITY_NAV
5fdd61d01767ecefda889d24,GENERAL_SENTIMENT
b717ef8461f82045b6372464,GENERAL_SENTIMENT
c600cac4bc0f8bbe921a6131,USABILITY_NAV
f8044fd73232d1e5c7e3e3ed,FUNDS_TRANSFER|TRUST_FAIRNESS_REGULATORY
0400444f24909caa2f577716,CUSTOMER_SUPPORT|ACCOUNT_ACCESS_AUTH
25e6f10d5ab7f15657134fc9,USABILITY_NAV
efcce0f7fcb68fe39e33b332,USABILITY_NAV
1c6f781457ad83623e7a911b,ASSET_COVERAGE
8ccbb942ac465d7a377bcf1c,USABILITY_NAV
15c17541924d9f78df50172c,CUSTOMER_SUPPORT
7a10f2f305a0dd53c0e136c4,GENERAL_SENTIMENT
691bb3e2d5939c878f0df644,USABILITY_NAV
64d109e5657de41fd51c8964,USABILITY_NAV
2f6365cc9390020224a69f98,APP_STABILITY_PERFORMANCE|USABILITY_NAV
83b6d015be51abe463024be3,SECURITY_PRIVACY|FUNDS_TRANSFER
51d10c964185f1c4c93a5c14,FEES_SUBSCRIPTION|GENERAL_SENTIMENT
cb4a86efeadc98b932a2b5cc,USABILITY_NAV
cdf9b7da5e9ee6b2f77a808e,CUSTOMER_SUPPORT
53a30e040067300a6bf8b603,USABILITY_NAV
c923b103ea7189ecd360aabb,ASSET_COVERAGE
63bbfaf1883e3ecb796ab6fa,GENERAL_SENTIMENT
a54dfbf2409bd553282a6516,USABILITY_NAV
29b1cbb550c3556455c6a69e,TRADE_EXECUTION
72ca31afe3016ba4d03c9111,CHARTING_TOOLS
857029ebcbb3ea1db838559f,USABILITY_NAV
ba1a89a4f8c252f43c318491,SECURITY_PRIVACY
d387186c0a2df94dce9fd6a8,USABILITY_NAV
1bd9b389c11ce63b96657e2f,GENERAL_SENTIMENT
6a24c3d6e348cec3185486c6,ONBOARDING_BEGINNER
6dca40b000b7668c263c8823,USABILITY_NAV|FUNDS_TRANSFER
5974d6c5f690f611a50eb2c2,GENERAL_SENTIMENT
109a334d183a0b8fec9c5056,GENERAL_SENTIMENT
e8c507c8de93b5cdc0e0ec5a,FUNDS_TRANSFER|CUSTOMER_SUPPORT
3dcb90f4a5b3d875ab3ebc82,USABILITY_NAV
bb3d13369e3ca354a55ba9a5,ACCOUNT_LIFECYCLE|ASSET_COVERAGE
22b31a788244732a6295e73f,ACCOUNT_ACCESS_AUTH
2a32a097fb63311909688be7,GENERAL_SENTIMENT
b4fccd198175866138ecb136,APP_STABILITY_PERFORMANCE|SECURITY_PRIVACY
1ff26d03bac5b3d7328f3986,TRADE_EXECUTION
ff264f1f93714eb67e21a39b,GENERAL_SENTIMENT
e0a69f353d71fd7671dbe511,GENERAL_SENTIMENT
82a471b94b48ebb7f10d7b72,GENERAL_SENTIMENT
885a8f4a534efbec7c9a5ba7,GENERAL_SENTIMENT
47dad45051f516013e254d10,FEES_SUBSCRIPTION|FUNDS_TRANSFER
ea51308efb2521a6119610cf,USABILITY_NAV
805b210c30a095451522d548,CHARTING_TOOLS|CUSTOMER_SUPPORT
dadaa32fb31263305f12e8d8,USABILITY_NAV
43ad9085d783ccc65974e1b0,GENERAL_SENTIMENT
a3be8e9a0a0cde33d4d5c7cd,GENERAL_SENTIMENT
7a442b1de0940fac11a483f7,TRADE_EXECUTION
58d8c424932befa9f343d33d,ONBOARDING_BEGINNER
2d22da835063b4f54482d2db,FEES_SUBSCRIPTION
f5a9fec5d65c77215947be52,USABILITY_NAV
39bb6c9fe302c2ad0747429b,GENERAL_SENTIMENT
cfee6a52fdcb45477192fec5,USABILITY_NAV
9931e0f8f05d9deab014f454,ONBOARDING_BEGINNER
cdf4d8ea13f7d182b33eb3fe,FUNDS_TRANSFER
2281c80998ede59e1fd7706c,USABILITY_NAV
dec0532cddbcc32b4864af0a,ACCOUNT_ACCESS_AUTH
7b5d9467da27d8e46c69d313,USABILITY_NAV
1121c07e9a58d0ea6c0a7881,TRADE_EXECUTION|SECURITY_PRIVACY
18c924a5099671079593fd10,USABILITY_NAV
5a79e0a1c999ccf158444ca7,USABILITY_NAV|CHARTING_TOOLS
9502cc3c4f2d7d4b0ef63fec,FUNDS_TRANSFER
9370ebde33391577efe7fc21,USABILITY_NAV|FEES_SUBSCRIPTION
32bc50ac7a5b37946832a1c5,GENERAL_SENTIMENT
bdbeccacc0f78f4472272328,GENERAL_SENTIMENT
5078bd91918c611e8d5c607d,USABILITY_NAV
e3618a7f2782450f5b94941d,USABILITY_NAV
6dab46d191d26fed30adc3ab,FEES_SUBSCRIPTION|ONBOARDING_BEGINNER
4dfba4b29521764ed13c66cf,ONBOARDING_BEGINNER
0a26624245a062b6f93c9b5e,APP_STABILITY_PERFORMANCE
0a880294c198a6d19422ee89,USABILITY_NAV|SECURITY_PRIVACY
f779d24ebca1d5988922ca7d,FEES_SUBSCRIPTION
5902d5c85756fecd15ce730b,USABILITY_NAV
7c85dfdd8faaea05d1ce4af6,PREDICTION_MARKETS
f91ebb36db43b039b219cb5a,GENERAL_SENTIMENT
bc849062f4c25b4fb88196d1,GENERAL_SENTIMENT
a754c8ee19604063ed388907,USABILITY_NAV
84ad82d0b366f3e5186cc024,APP_STABILITY_PERFORMANCE
f66d1bd120a5ab0f90b8c43b,FUNDS_TRANSFER|USABILITY_NAV
4522c3af7225eb26ad634331,ASSET_COVERAGE|FEES_SUBSCRIPTION
5f500c479f4b925718a22406,TRUST_FAIRNESS_REGULATORY
6010e3d7c1703fe915cfaacc,GENERAL_SENTIMENT
34af1e5947130eaad5e2099f,USABILITY_NAV
38ad2718f23ae94a8e217f82,GENERAL_SENTIMENT
13a7c1ae71c9466ffad5b240,ONBOARDING_BEGINNER
6cb2204d285ad4f98d111a90,FEES_SUBSCRIPTION
062426ba25b8862ce8606483,FEES_SUBSCRIPTION
4ab612652b8f3548e8c4855c,ONBOARDING_BEGINNER
751198f6504aab9878d0ddef,USABILITY_NAV
546a393d1e9403095ef1155b,ONBOARDING_BEGINNER
e76370f899ac785d49b30b7e,GENERAL_SENTIMENT
d3797e7607c2918af51324af,USABILITY_NAV
d1adccd33082864b8b4805db,ONBOARDING_BEGINNER
dfdf2017a90cd544042515a3,GENERAL_SENTIMENT
1fba3f81dc37815da556ba5f,CRYPTO_SPECIFIC|APP_STABILITY_PERFORMANCE|TRUST_FAIRNESS_REGULATORY
72784727dd173752b689590b,APP_STABILITY_PERFORMANCE|FUNDS_TRANSFER
7d81672318c63d6c96034327,ONBOARDING_BEGINNER
c709978f0f699b243f0693e4,CRYPTO_SPECIFIC|GENERAL_SENTIMENT
f0e4ca5ab2bd68f83df179e4,SECURITY_PRIVACY
b6a985c8bf2c9eaa6d39090b,CHARTING_TOOLS
c6a92058f2d5d7be7cf32ce5,FUNDS_TRANSFER|ACCOUNT_LIFECYCLE
91a4b83eae40f405f3b564b8,GENERAL_SENTIMENT
d5dfcda8e54fa3f0821b5eba,USABILITY_NAV
6dc635f34175bd58283fd6a5,USABILITY_NAV
f81a008a93c9a4acc15fdddf,USABILITY_NAV
1c03407c9b776e05e67d30ae,ADVERTISING_NOTIFICATIONS|TRUST_FAIRNESS_REGULATORY
e562db4b676616a35b224320,USABILITY_NAV
6a18df995e6f2ba86d9e24ad,GENERAL_SENTIMENT
e26afcc38d95e480bfc2aa22,GENERAL_SENTIMENT
a2aef0019df6b92f5ff69b84,USABILITY_NAV
5bfd7c5d4e0f15010e43f073,FUNDS_TRANSFER
e241a53c245c250803b41299,CRYPTO_SPECIFIC
456a6e7d4f3aded8d400a927,USABILITY_NAV|ONBOARDING_BEGINNER
dc2add132deddc463a100ef2,USABILITY_NAV
dfbfbf0a2febfe14f9271635,GENERAL_SENTIMENT
9eb6a88ce38c3ae26f01c380,ONBOARDING_BEGINNER
191e61881c574c58cf517239,GENERAL_SENTIMENT
ef0fccea94cace375f53ba38,GENERAL_SENTIMENT
b99a3907bf1a2556c2374b0e,ACCOUNT_LIFECYCLE
a14df493179d37c2198a2af2,CUSTOMER_SUPPORT
4e78843bd577acfe3c8932ac,GENERAL_SENTIMENT
cd84e5e6cbb4245bd58a0fa7,ONBOARDING_BEGINNER
6ffed0cd7eacf702c3e4a834,ASSET_COVERAGE|TRADE_EXECUTION
922a5c595aac4732a3367729,FUNDS_TRANSFER|CUSTOMER_SUPPORT
e427d79037ff14bee05029bd,USABILITY_NAV
428d601b53c16426219aab88,FEES_SUBSCRIPTION
2b12cdb7a7b86d00ec99f261,GENERAL_SENTIMENT
6f02e9c9008de7e78e9ed378,FUNDS_TRANSFER
4d73570d08d7a1eca5b95971,APP_STABILITY_PERFORMANCE|ADVERTISING_NOTIFICATIONS
1219c6779afefa9f6ca50ffc,USABILITY_NAV|SECURITY_PRIVACY
8e1a17db1754ae568e32a082,TRUST_FAIRNESS_REGULATORY
6205c93e8539e0070d831ffe,GENERAL_SENTIMENT
34e2f6b9d19b55d53a182421,USABILITY_NAV
099edbcb63ca9fec6ab1213f,GENERAL_SENTIMENT
2421eef005ceb34b306911b5,GENERAL_SENTIMENT
76bdffa76f144a3f2541c8c3,USABILITY_NAV
6dfdd5d3c0dc6b47b4b8faea,APP_STABILITY_PERFORMANCE
988da28759d0eb46f33fdea7,TRUST_FAIRNESS_REGULATORY
a12aee82b08285d904d91314,ONBOARDING_BEGINNER
409c283ff09efd759d0ba962,USABILITY_NAV|TRADE_EXECUTION
f05619db21ee4afe7366a16e,USABILITY_NAV
48c10d43e492071a2251c803,GENERAL_SENTIMENT
1dd1ec5363860fdc62a6b460,GENERAL_SENTIMENT
1fe27595c7fb22320bb4edc7,CHARTING_TOOLS
5e4f58788764c1a0af0edc7e,SECURITY_PRIVACY|ACCOUNT_ACCESS_AUTH
b0d16be718334947c2c3f912,ONBOARDING_BEGINNER|CRYPTO_SPECIFIC
6fb34636f59bfe6d78238be3,APP_STABILITY_PERFORMANCE|ACCOUNT_LIFECYCLE
0d24f492f0cc212f1781b372,ACCOUNT_ACCESS_AUTH|SECURITY_PRIVACY
4fb9873135ff2fe0f18a1a8e,FEES_SUBSCRIPTION
eea9f472b509c731186c6313,APP_STABILITY_PERFORMANCE
b76cfadf53655c010c34081c,CHARTING_TOOLS
ee8755106ce24dc7abac98a0,ONBOARDING_BEGINNER
3e04d75494d307748e71891d,GENERAL_SENTIMENT
94b8513afd4a3ca643e5de03,CHARTING_TOOLS|USABILITY_NAV
31a0b6a9fecf7b29fffaee1d,USABILITY_NAV
8b82d011f792b6f256b16e64,GENERAL_SENTIMENT
6df3fb90ce6ce4ee85547f5e,TRADE_EXECUTION|TRUST_FAIRNESS_REGULATORY
841d32af2a4d362849e7a3fa,CUSTOMER_SUPPORT
6162529eedfc057116c073b1,ONBOARDING_BEGINNER
b5c2294f4d64bd0dfffb74f8,GENERAL_SENTIMENT
dfdfab91be3c4ddecf2db2b6,CHARTING_TOOLS|USABILITY_NAV
2166297d33f24e0467355511,GENERAL_SENTIMENT
bbd7645f9fc01140aa930cfa,ADVERTISING_NOTIFICATIONS
9b30999aae4ae52f7568fed4,GENERAL_SENTIMENT
b36195b6834f80e864ea24c1,CUSTOMER_SUPPORT
eec4fddcb88cfbea00709b23,GENERAL_SENTIMENT
2b94f3bb4684b73edc94bedc,CRYPTO_SPECIFIC
9d4607ff2b42d48b12a73ffe,USABILITY_NAV
65cb14c8047c3de2905b3f73,ONBOARDING_BEGINNER
84ebee243ed55b5d06cfd970,CUSTOMER_SUPPORT|SECURITY_PRIVACY
80be862962136adca2523fb4,GENERAL_SENTIMENT
25f9ba3450093de035ffbde6,FEES_SUBSCRIPTION
681cbf70c4f8d16e0487796f,GENERAL_SENTIMENT
3ea8419aa033130ad67c026d,USABILITY_NAV|CHARTING_TOOLS
87dff52050e270c5eecc8d0e,APP_STABILITY_PERFORMANCE
1bd24e141b2d9a28c04483f6,ONBOARDING_BEGINNER
bf8150409c6fe341e6718fc8,GENERAL_SENTIMENT
6f10099a5d82cdb9b87fee5f,TRADE_EXECUTION
a58628a7dc4a2132c9bf1df5,APP_STABILITY_PERFORMANCE
5073820c63d8f812e7b11f47,GENERAL_SENTIMENT
d73071fff256ecc161d7679b,CUSTOMER_SUPPORT|ACCOUNT_ACCESS_AUTH
c21bb2306418f572477bd4a0,ADVERTISING_NOTIFICATIONS
e4a5bffb7f224270dc4208e3,TRADE_EXECUTION
589ea195d6168c4160ee73c1,ONBOARDING_BEGINNER
dc1b93c8673467a5ec920554,GENERAL_SENTIMENT
967e12ac47dcda3ee34984f1,SECURITY_PRIVACY|CUSTOMER_SUPPORT
c1782fddfa29f81337666275,APP_STABILITY_PERFORMANCE
6fb4135ca6f9b891216eab93,FUNDS_TRANSFER|ACCOUNT_ACCESS_AUTH|CUSTOMER_SUPPORT
e5c38697547eab0c29e117f4,APP_STABILITY_PERFORMANCE
7e53e93c6c23ead2a247ab2c,USABILITY_NAV
d38df33196fe8a541bc338cf,TRUST_FAIRNESS_REGULATORY
e215dad9604ca42a91921c61,GENERAL_SENTIMENT
0b051c5060f1901f80799883,GENERAL_SENTIMENT
e8eb1a35ca4ce8f5b14eb438,FUNDS_TRANSFER|CUSTOMER_SUPPORT
815bc24aff314a5b307c5165,GENERAL_SENTIMENT
55e47bbc8ee3631619f60d3b,GENERAL_SENTIMENT
71b061bb327ce0525371df91,TRADE_EXECUTION
4fa4bf5fe4b664c90d938675,ONBOARDING_BEGINNER|CRYPTO_SPECIFIC
e2f2c8a4ea9c6fa6b3afc3d2,FEES_SUBSCRIPTION|CRYPTO_SPECIFIC
5425a5c255e7d2d3e7f5f2e2,GENERAL_SENTIMENT
c75362bf589b1c0f8aefd9ee,SECURITY_PRIVACY
630899a9c63502cb5eace7f8,APP_STABILITY_PERFORMANCE
1e05e86cbdba3d0b68cd3ec6,PREDICTION_MARKETS
9a154818b77765b2af77f503,ACCOUNT_LIFECYCLE
7a3b063ebda8e8fd1966031f,CUSTOMER_SUPPORT|FEES_SUBSCRIPTION
06641077889bd5501e145734,GENERAL_SENTIMENT
19a02114c8ebaade01185782,GENERAL_SENTIMENT
bf433c1cdf5b3761d5e8867d,CUSTOMER_SUPPORT
d2cb236344d5b98186880637,USABILITY_NAV
78e9da830d7b5d516072574c,GENERAL_SENTIMENT
e39a096fa6141e93110edb14,CUSTOMER_SUPPORT|ACCOUNT_LIFECYCLE
9afe02e43e9ce53a0a92243e,APP_STABILITY_PERFORMANCE
07222c05e5aada8f64f47a8e,USABILITY_NAV
b254f3359e022487553a0a7a,ACCOUNT_ACCESS_AUTH|CUSTOMER_SUPPORT
65731c05c2138be2473b2f06,USABILITY_NAV
b6f46719255a518ef2a91715,ONBOARDING_BEGINNER
3eb04da46d7b43c23edac76b,USABILITY_NAV|CRYPTO_SPECIFIC
5275d271e1c34334da835555,ASSET_COVERAGE|CRYPTO_SPECIFIC
243c5609202680234d715a16,USABILITY_NAV
54b6d5627cbb4f9595288bfc,GENERAL_SENTIMENT
672f80ff32c9aa4527d08f88,FEES_SUBSCRIPTION
8df9a352d0bd810af1b03910,GENERAL_SENTIMENT
a3955d7b234912e4c8567c34,ACCOUNT_ACCESS_AUTH
939a972399056f0635b19063,GENERAL_SENTIMENT
b5a0d3dc340aa62992a097ab,USABILITY_NAV
957336274457d9b4694e86c3,GENERAL_SENTIMENT
8285948d9ae9c11b44ecc650,ONBOARDING_BEGINNER
a210068cc654173b8b63ee8f,GENERAL_SENTIMENT
adf4c1841ec0e03c77542332,ONBOARDING_BEGINNER
ffd1b0b1ab53628f92ea6c02,FUNDS_TRANSFER
0b9ab412a7e19a6a407225a1,GENERAL_SENTIMENT
ccf8d2ef84f0d245937a211a,TRADE_EXECUTION|TRUST_FAIRNESS_REGULATORY
699eb63413f311dc3168312b,GENERAL_SENTIMENT
e76484c72385af42eac3cf74,GENERAL_SENTIMENT
26c24827ff3b22698e948d10,USABILITY_NAV
089db980c74017418ffed080,FUNDS_TRANSFER|ACCOUNT_LIFECYCLE
386902bb5db052cace950276,APP_STABILITY_PERFORMANCE|ACCOUNT_ACCESS_AUTH
dac8896c526cbf4f490a762b,ONBOARDING_BEGINNER
e3bcffb8742e3021d5c81751,USABILITY_NAV
abfbf102883708b4c9b5dce8,ADVERTISING_NOTIFICATIONS|USABILITY_NAV
152ef9408136b523ca1ef92a,FUNDS_TRANSFER|CUSTOMER_SUPPORT
1166ddd94f2467437c8814a4,GENERAL_SENTIMENT
34dfc59b0bf0e429a64d5474,FEES_SUBSCRIPTION
da1bc06642494b7675fe79d3,GENERAL_SENTIMENT
14bad213059fa1bd02da73f2,ONBOARDING_BEGINNER
a2759eed66e3da20245af825,USABILITY_NAV
a4631f4932e40ef0dbbc6512,GENERAL_SENTIMENT
5e015c4d5a5b70b6df79798e,CRYPTO_SPECIFIC
b07d2c7e00fca6ada38a7099,GENERAL_SENTIMENT
078a865d5346df2eff523b89,GENERAL_SENTIMENT
f39de18250d0a103edaff7c4,APP_STABILITY_PERFORMANCE|CUSTOMER_SUPPORT
b5ec3d47fc4daa5c4cd29a8b,USABILITY_NAV
4ee7aa8d0dbcfdbf792112bd,CUSTOMER_SUPPORT
97020e0c9a5aea881524e349,TRUST_FAIRNESS_REGULATORY
f1ac2e2c1538382afc8073bc,SECURITY_PRIVACY|USABILITY_NAV
8f15921c4d4244b8d77af968,USABILITY_NAV
e318ada1d4cfeb43a983ca2c,FUNDS_TRANSFER
29a4bebe67a7256992e1d51c,GENERAL_SENTIMENT
187fb5019579397efce4cb25,USABILITY_NAV
3e21031d0aca402ee858f6f9,GENERAL_SENTIMENT
107676ba514cad5d995013a6,APP_STABILITY_PERFORMANCE
325255a53ed17d2600dda6ed,CRYPTO_SPECIFIC|CUSTOMER_SUPPORT
b1e87f13ab0d46e93a8c57ac,GENERAL_SENTIMENT
7b30734ef0281cc4887743fe,FEES_SUBSCRIPTION|GENERAL_SENTIMENT
fa33375af94d6afe5c966da0,APP_STABILITY_PERFORMANCE|CHARTING_TOOLS
0131f7dc4f69eb9aba90e481,CRYPTO_SPECIFIC
531062332b61694c0fe0f80f,FUNDS_TRANSFER
379f9cacc1c6ac343059ae66,GENERAL_SENTIMENT
ca49c900e67adcc292450b23,USABILITY_NAV
e62502b1040157ca472749a3,ONBOARDING_BEGINNER
0a3c11e195ae9948a30c026c,TRUST_FAIRNESS_REGULATORY
54d9308515b35653ab966a47,CUSTOMER_SUPPORT|FUNDS_TRANSFER|FEES_SUBSCRIPTION
2f1927554e1480fd0557329e,GENERAL_SENTIMENT
3063cdccab04d5c7116c47a7,ASSET_COVERAGE
4341037bac653b5dc8d4ba74,USABILITY_NAV|FUNDS_TRANSFER
185022811c259ee3bcdb7df2,ACCOUNT_ACCESS_AUTH
7fb2c0170958cc186817930b,GENERAL_SENTIMENT
b45670aa657ce85806fd45da,GENERAL_SENTIMENT
d1713cbbdc1dfe522c4db271,GENERAL_SENTIMENT
e616f10061e1c43f98b227c9,ONBOARDING_BEGINNER
3a98fa65c17bb4118c9f102e,USABILITY_NAV
1f8e54f956698ba3ab4685cb,ONBOARDING_BEGINNER
999a3c72b94aa74755cf0f37,USABILITY_NAV
3cdec8c6c1a3fb0de5ebd096,GENERAL_SENTIMENT
8d0ac6a3cd321f227973706d,GENERAL_SENTIMENT
57d646de7acb11194f5127d7,APP_STABILITY_PERFORMANCE|FEES_SUBSCRIPTION
8c327440d2e40afe29a00f1d,USABILITY_NAV
fac4fd6c279dce27b6442d1e,FUNDS_TRANSFER|ONBOARDING_BEGINNER
b5ca08efe0b463418dd3d2cf,ONBOARDING_BEGINNER|USABILITY_NAV
0fe579150b30b790961d2687,GENERAL_SENTIMENT
33ef61509f4f41a517001481,ACCOUNT_ACCESS_AUTH
eb310ff9b05c81477ec68bec,ONBOARDING_BEGINNER|TRUST_FAIRNESS_REGULATORY
c0a7648daa7acc2eb72a0a0d,FUNDS_TRANSFER|APP_STABILITY_PERFORMANCE
ef19f728edf1256bb939bd9e,SECURITY_PRIVACY|TRUST_FAIRNESS_REGULATORY
a64ef771887df22df03bb87d,CRYPTO_SPECIFIC|TRUST_FAIRNESS_REGULATORY
11386284d3f791a7eaa50015,USABILITY_NAV
fd5160189bfee2200077c7b7,USABILITY_NAV|CHARTING_TOOLS
9ecafe15abe457d148f55576,USABILITY_NAV
b06b2ee2ddb86ca7b9b46fb2,GENERAL_SENTIMENT
1fe83c6138c3fa6ff154e722,FEES_SUBSCRIPTION|TRUST_FAIRNESS_REGULATORY
fd693f616e28758af801480b,FUNDS_TRANSFER|CUSTOMER_SUPPORT
59ba49ef5f6ed794305c9a46,ACCOUNT_ACCESS_AUTH|CRYPTO_SPECIFIC
1406aed094b679d6d7d7e870,FUNDS_TRANSFER
4cd4fc64a3be08effd6ccfd4,TRUST_FAIRNESS_REGULATORY|CUSTOMER_SUPPORT
62862f17b79f30cd2074acef,TRADE_EXECUTION
8d962524eda77178bb96cf0a,GENERAL_SENTIMENT
3de45cfc47557440f22b3bc5,ASSET_COVERAGE
c0cf2e2b62ae217e91b75142,USABILITY_NAV
73930c3cf1141c40ab3bf4a0,GENERAL_SENTIMENT
cdf990b8c480e9ffc1a96264,ONBOARDING_BEGINNER
56f9af45b3e519f5ec48d631,USABILITY_NAV
d9888f2f644a01db824c0a6d,GENERAL_SENTIMENT
8643d8555ad1018ed7356782,TRADE_EXECUTION
212bcd7dd2228967899fe0ce,USABILITY_NAV
ca7e2c0d648a2755fdd06725,ONBOARDING_BEGINNER
66f88c87000d3b630f4e4538,APP_STABILITY_PERFORMANCE|CHARTING_TOOLS
3958e5f12e4b1edfb1474bea,CUSTOMER_SUPPORT|ACCOUNT_ACCESS_AUTH
817323783b3a95dbbe45f223,GENERAL_SENTIMENT
d526ad4e986be80c3a999d35,ACCOUNT_LIFECYCLE|CUSTOMER_SUPPORT
e475c2daffee1053488f2e32,USABILITY_NAV
f411a4091e43166856f03c0e,FEES_SUBSCRIPTION
4b7963e51166d7af4487617b,GENERAL_SENTIMENT
0bffd0e41513e52f6a242031,GENERAL_SENTIMENT
1139139d99fbd6d43833b43d,USABILITY_NAV
e7b8763a6e27acdf1cf4d15c,GENERAL_SENTIMENT
202b4af493aef967e9133e09,USABILITY_NAV
fc1928c7fa2091458267b4e6,APP_STABILITY_PERFORMANCE
1b06a9315524f7eeb46e1d79,TRUST_FAIRNESS_REGULATORY
5e132d55ae4626144188ed0a,USABILITY_NAV
5c8764cf2f8f5d2f0902318c,ONBOARDING_BEGINNER
15c2337ed88471a99fc11175,ONBOARDING_BEGINNER
2618ecd98fa2f6310806d0ac,CHARTING_TOOLS
f922825319be618cac7b21f3,GENERAL_SENTIMENT
a8e0ff157a4eddea6a90ba05,GENERAL_SENTIMENT
ffe77833ec4c065836415afb,GENERAL_SENTIMENT
84c2eef0d42cae0b03f29b4e,GENERAL_SENTIMENT
bc68b1d72f0fc8245f0565a1,GENERAL_SENTIMENT
c2c8d5179cb561ae10ed2368,APP_STABILITY_PERFORMANCE
65f397a8420a11b88e761424,ONBOARDING_BEGINNER
802e379bdc2a154bd57276b6,USABILITY_NAV|ACCOUNT_ACCESS_AUTH
a92eca6430ea1f5f3106463a,APP_STABILITY_PERFORMANCE|TRADE_EXECUTION
d015b14a3c0c632bddbd3138,ONBOARDING_BEGINNER
c7307672a6bac5524a8272ef,USABILITY_NAV
7a8d018317002c2b4d122766,APP_STABILITY_PERFORMANCE|CHARTING_TOOLS
fa6fee1fecc3b2ee9920549a,APP_STABILITY_PERFORMANCE
a1a656920402511ad41bc924,USABILITY_NAV
36705c2f4b743b464d4c8b78,TRUST_FAIRNESS_REGULATORY
cef96ec2437f636ca76ebfb7,USABILITY_NAV
b6f8f9e2d17e4bd2bf069586,CUSTOMER_SUPPORT|ACCOUNT_ACCESS_AUTH
5099332a85387999ffddd798,ONBOARDING_BEGINNER
c0ca82593807f2775c699071,USABILITY_NAV
04420ae3475ff63256195f65,GENERAL_SENTIMENT
822b8d81005474bbc6a5b4cc,GENERAL_SENTIMENT
7133a1288666b47aa57d2b12,CUSTOMER_SUPPORT|TRUST_FAIRNESS_REGULATORY|CRYPTO_SPECIFIC
22aaf9fd979c82cc5105e5ac,GENERAL_SENTIMENT
75a473e59bcd7d7dd4d5ce89,USABILITY_NAV
b5a6c3909d6b7574f0fa49ad,SECURITY_PRIVACY
d689b5278bf6d3b3b120956c,GENERAL_SENTIMENT
14cf3b299a7f7b6d4fb39275,FEES_SUBSCRIPTION
e4563c6ec37e53a4d06931a4,ONBOARDING_BEGINNER
3633b6d1ed8c58de2188b591,ASSET_COVERAGE|ACCOUNT_LIFECYCLE
bea1d1d793fe37dc9c677227,GENERAL_SENTIMENT
dfc61bbb14fc8e957e4adcb4,GENERAL_SENTIMENT
d60c6d9876fac601b21ba47d,GENERAL_SENTIMENT
0244df1ec7f0492b3308ff08,TRADE_EXECUTION|FUNDS_TRANSFER
693e4cde585d98659b9654f9,USABILITY_NAV
8e87180d7d475df54cd744e1,CRYPTO_SPECIFIC|FUNDS_TRANSFER
27fa649fcdfe3775d12f5385,USABILITY_NAV
7d54111af40b204fcf2b39fa,USABILITY_NAV|TRADE_EXECUTION
70d00269f382789fd214505b,ADVERTISING_NOTIFICATIONS|CRYPTO_SPECIFIC
4726505e036bb68e46552d04,APP_STABILITY_PERFORMANCE|ACCOUNT_ACCESS_AUTH
593b1b1870a4502a4eba662b,GENERAL_SENTIMENT
5144e6e32f2cf0e94422b688,USABILITY_NAV
a3ef7ceb6723130421908394,ONBOARDING_BEGINNER
263a32c5edef5d43d8916d99,GENERAL_SENTIMENT
2248bfbab0e0213d148486b8,GENERAL_SENTIMENT
8355145f0a38ff8fbcd0248e,GENERAL_SENTIMENT
734b676e2b254fee7d8c164e,CUSTOMER_SUPPORT
8bb1fc870c65de5c41d85942,APP_STABILITY_PERFORMANCE|FUNDS_TRANSFER
fca88d153c15fdfbe98339da,FEES_SUBSCRIPTION|CUSTOMER_SUPPORT
1f76c06c5a25f5f3c0b496f1,TRADE_EXECUTION
f511fd8fa121c2f052d1cc04,APP_STABILITY_PERFORMANCE
14f8a12d2cef939b72789c3a,GENERAL_SENTIMENT
5c95d3f8e6687cf23f24aba7,CRYPTO_SPECIFIC
c2e97d103243b4a3b4032df3,GENERAL_SENTIMENT
7262a448ca3b695fac450b35,USABILITY_NAV
d5b03da8b1f1aa75adfee43f,ONBOARDING_BEGINNER
5b75a258cda32573dd229c43,USABILITY_NAV
7e6ab92b77025c7df927e983,FEES_SUBSCRIPTION|TRUST_FAIRNESS_REGULATORY
ed66d0f22d8dd15e5ce7487b,GENERAL_SENTIMENT
822a4bf9b4c68aa888f22727,GENERAL_SENTIMENT
c7e45fba168ac8792fee9d65,TRADE_EXECUTION
c71b6ae2749bfead4a11e7b9,ASSET_COVERAGE
77b522399d743c4d6c3149d2,ACCOUNT_ACCESS_AUTH|CUSTOMER_SUPPORT
5fce93170ff866c1c1343398,USABILITY_NAV
2d03f01ef92431317199cee4,CRYPTO_SPECIFIC|ACCOUNT_ACCESS_AUTH|CUSTOMER_SUPPORT
1368877f416da9c01bebb7e2,ASSET_COVERAGE
6baf6f268d0a4ca13fcae202,GENERAL_SENTIMENT
5d0385425c0c629019bf946e,GENERAL_SENTIMENT
fa3936483d6474941cad14c7,FEES_SUBSCRIPTION|ASSET_COVERAGE|CHARTING_TOOLS
209651b4dd65411695ac1898,GENERAL_SENTIMENT
03869a00adfa2e5e14619d2f,APP_STABILITY_PERFORMANCE|ACCOUNT_LIFECYCLE
04163edca92fa4685cf3fe00,CRYPTO_SPECIFIC
33f2b5176d998cfe6c14c970,CRYPTO_SPECIFIC
915cc06a393291b9ba68bea1,TRUST_FAIRNESS_REGULATORY|CUSTOMER_SUPPORT
a15bdbc9c65c581cedadb7ac,CRYPTO_SPECIFIC|FEES_SUBSCRIPTION
745b4deb9a62b2e0099a0b7c,CRYPTO_SPECIFIC
639d983f5f6482c51d06d6e6,GENERAL_SENTIMENT
290c07a69c3aac68dcf58d90,USABILITY_NAV
e2f9463a6673ed3d0d89cd7f,ONBOARDING_BEGINNER
a64a7e5b82e0be4cbcad60a7,GENERAL_SENTIMENT
4b4cdcc6563a6e2988f9ab7a,FEES_SUBSCRIPTION
fc4029875be4fa34ce25d9a0,ONBOARDING_BEGINNER
fdbdd69c61dd84370ec6df2a,GENERAL_SENTIMENT
f613dd88ab6ddc55cbb1dcd3,GENERAL_SENTIMENT
f0202b2b7c197c0716e6410d,USABILITY_NAV
423afeecd6e8067c208f5b72,ASSET_COVERAGE
63ba2289ff080fe103494ab6,ADVERTISING_NOTIFICATIONS
fcd957fe291706680ce916ed,CUSTOMER_SUPPORT|FUNDS_TRANSFER
e94d94809f0d6998486d30e6,ASSET_COVERAGE
b7abb656b4b2d6061621dce3,APP_STABILITY_PERFORMANCE
5f093d9a7e3c1a8574956291,USABILITY_NAV
c81b5815e8843eccb61a6ce5,ONBOARDING_BEGINNER
db47d818314b839e5f4c7631,GENERAL_SENTIMENT
4f200f131b0a5391b29c0f51,GENERAL_SENTIMENT
08834b01675aae802cc2fae2,GENERAL_SENTIMENT
6cec14238d24c64a1f3e232d,ONBOARDING_BEGINNER
c2fc8447e9a84614266a8084,TRADE_EXECUTION
3208baac6c971cfd8e234ce8,GENERAL_SENTIMENT
12e8504cecb41344dfced96d,TRADE_EXECUTION|TRUST_FAIRNESS_REGULATORY
2d528d39dc373ebac6de99e7,ONBOARDING_BEGINNER
637831703ad910c4b675aac5,APP_STABILITY_PERFORMANCE
d4590b92e1af654815374444,GENERAL_SENTIMENT
36d4c3626f6a796cad545b28,GENERAL_SENTIMENT
a96954285a728aa893a6b3e1,USABILITY_NAV
7cb14a0705c566e6d75bbcf2,USABILITY_NAV
3505c5776351998b9c3309a8,USABILITY_NAV
c0d5a4fe46a0f0fa1166819f,GENERAL_SENTIMENT
9d1fcdb281b63a67829e70cf,GENERAL_SENTIMENT
192ab598f18e6f1dd76723fb,ACCOUNT_ACCESS_AUTH|FUNDS_TRANSFER
78c1fee0cb070c21a472fc29,APP_STABILITY_PERFORMANCE
58c69f1740bf7c8c4433245c,GENERAL_SENTIMENT
664b98266a1074edf0bddce6,APP_STABILITY_PERFORMANCE
9825eb0477aac4bc1ef59e18,GENERAL_SENTIMENT
61c270217f2ca17080ee48cb,CHARTING_TOOLS
d8341e54ecfb29809ac007ed,APP_STABILITY_PERFORMANCE|CUSTOMER_SUPPORT
5c8afd602c1834f46f4ae428,ONBOARDING_BEGINNER
3174463909754f8ef3de16ae,GENERAL_SENTIMENT
5a2d7242a5e1ebe972d4fe5d,USABILITY_NAV
85a6768ff241b9f37cc88c24,USABILITY_NAV|FEES_SUBSCRIPTION
08b6dcddffeddaa12e67b949,USABILITY_NAV
55af982e2d08470d9e62a821,GENERAL_SENTIMENT
bcfd386c6b359cb235c17afa,APP_STABILITY_PERFORMANCE
c28685dc3da477c60a94e6ac,ACCOUNT_ACCESS_AUTH
3d6b012e90bf2cd9aed3d89e,PREDICTION_MARKETS
9cdde9be25378d4a71fabd7c,FEES_SUBSCRIPTION|APP_STABILITY_PERFORMANCE
b5def300d4953e3240b43c80,GENERAL_SENTIMENT
bce4816b07ba934ad0bf624d,USABILITY_NAV
037b89767e0ccaea02bcf408,ONBOARDING_BEGINNER
723487e4284f8455079b160f,APP_STABILITY_PERFORMANCE
bfdca43f01f1eb07199bd667,USABILITY_NAV
bebb620a56f038e9de3ff021,APP_STABILITY_PERFORMANCE|FEES_SUBSCRIPTION
47c1adda74f36a9e35d2409e,APP_STABILITY_PERFORMANCE
43c2c87fcffec9aa49557da1,GENERAL_SENTIMENT
a2e105631d27f0ec9e564704,GENERAL_SENTIMENT
b98af1603d8a9683500b0f78,CUSTOMER_SUPPORT
076141f42ae52693489e46a0,GENERAL_SENTIMENT
b3b72123240bc4987d03f867,USABILITY_NAV
20d49f2d6037d1acbc0ec094,GENERAL_SENTIMENT
492d826b77a0be9556aa8db7,GENERAL_SENTIMENT
d7d20567b8fbdbde116fe7a9,TRADE_EXECUTION|USABILITY_NAV
1fdea61119178319732d8933,GENERAL_SENTIMENT
e7dc4d47780efdf3953d95e1,GENERAL_SENTIMENT
203b6fdf0de01c3bfdfbe854,ONBOARDING_BEGINNER
9fd8b7fcf1caf2324f8ae483,USABILITY_NAV
5573a250966e69bd28f072aa,USABILITY_NAV
c1cd9bf9e6263d8ba8a5661a,GENERAL_SENTIMENT
448c27ee93004874eb207e11,USABILITY_NAV
432bf4eb6175fa724bdc79a1,GENERAL_SENTIMENT
0809e33ad6aa5b7b7e79f288,APP_STABILITY_PERFORMANCE
340dc76e7fbc47841a9f452e,APP_STABILITY_PERFORMANCE
bf236a3b9d8fd4ce26e3cee9,USABILITY_NAV
1b5feb93834fb78c0941d958,FEES_SUBSCRIPTION
05f19334d5ce31330df648a4,FUNDS_TRANSFER|TRUST_FAIRNESS_REGULATORY
160c98dbc5bee8342e870674,CRYPTO_SPECIFIC
bdf41726affc2ed6355af1c3,APP_STABILITY_PERFORMANCE|ACCOUNT_LIFECYCLE
d7a3a6c11b56628645bd1462,USABILITY_NAV
340441c945e780faba5e5bc5,GENERAL_SENTIMENT
fcbf54504308066a810ab32f,ONBOARDING_BEGINNER|USABILITY_NAV
9b7ea8e0319fa3fe76160755,CHARTING_TOOLS
58fa828f751188ac09bec13d,SECURITY_PRIVACY|ACCOUNT_LIFECYCLE
9afb054fa905d4d3594f1d62,GENERAL_SENTIMENT
9b9168606399aab4632a462a,USABILITY_NAV|ADVERTISING_NOTIFICATIONS
016aa84200cc55c3fc3f2cbf,GENERAL_SENTIMENT
73983c1bb4a2051d10c410d3,CRYPTO_SPECIFIC|TRADE_EXECUTION
9065849729012e04d6819929,USABILITY_NAV
14763ac3d688d7564b8f0c64,CRYPTO_SPECIFIC
b057b091f0f1d0689feaebb9,GENERAL_SENTIMENT
4084db2e34fbc9275ae665a8,GENERAL_SENTIMENT
5836a3e23fd237760a11f999,ONBOARDING_BEGINNER
e98cb3a7bd20e5d3899d9bbe,GENERAL_SENTIMENT
795101755c7b96fc165b84e4,GENERAL_SENTIMENT
04d2860989a6b50b116f4d32,CUSTOMER_SUPPORT|ACCOUNT_ACCESS_AUTH
2befe8e3b09ba03d70c53db6,USABILITY_NAV
c64d1158c2034a42e075611b,FEES_SUBSCRIPTION
c2f07f3540a66d0f0c6759af,USABILITY_NAV
2dd40de2410f81bdf9a71e06,CUSTOMER_SUPPORT|ACCOUNT_ACCESS_AUTH
f247be93314192470beccde2,GENERAL_SENTIMENT
de91754f4da51d6fb84abcdf,SECURITY_PRIVACY
48e682528ecea68971a53d1a,USABILITY_NAV
f4b2432655a098374d5136d0,CRYPTO_SPECIFIC
2c5463489c17322388cac65c,APP_STABILITY_PERFORMANCE|ACCOUNT_ACCESS_AUTH
513ff5b2b8a03ff816875474,GENERAL_SENTIMENT
09cb041a42b5023352740bec,ONBOARDING_BEGINNER
a1a1314d98bf45c40e6a9d2a,USABILITY_NAV
2fdf6365e05397f87589c619,USABILITY_NAV
021f23de6a40b8bfbe3e4cf6,APP_STABILITY_PERFORMANCE
9619f829fbeb854b36342423,GENERAL_SENTIMENT
1614584ee217443bad6ab248,CUSTOMER_SUPPORT|ACCOUNT_ACCESS_AUTH
afc9a5410e247c2d7d074d8b,USABILITY_NAV
ce389941b4aef851c642ddd7,GENERAL_SENTIMENT
27f716bd6b69be2c7fafe5ac,GENERAL_SENTIMENT
c5a4133bfdc50310c6c48500,ACCOUNT_ACCESS_AUTH|APP_STABILITY_PERFORMANCE
051635f928d3e6a0d6dd6c73,ASSET_COVERAGE
701ce9b55cafbda2a50e82ac,GENERAL_SENTIMENT
df60409def06983639b8ba40,GENERAL_SENTIMENT
481e77513c8e9ad5bdff4e33,ACCOUNT_ACCESS_AUTH
042ba49c64d712be38bffda8,USABILITY_NAV|SECURITY_PRIVACY
1395e3fb1380b8d4fed49d7f,GENERAL_SENTIMENT
f891d430b3f959726583bb00,USABILITY_NAV
d3caff5c729c87c54c00034e,GENERAL_SENTIMENT
a1f87475f3624d706465e634,TRADE_EXECUTION
45573d4d562d99baff47eea9,USABILITY_NAV
2f21f64ddf77cb0e03218390,ACCOUNT_ACCESS_AUTH
b66c9a7ec8bcd10aa81091b0,GENERAL_SENTIMENT
e842607f08389269c4de762c,APP_STABILITY_PERFORMANCE|ACCOUNT_ACCESS_AUTH
898f31b350d9d2b064b99415,FUNDS_TRANSFER|USABILITY_NAV
a4f8a56995fc4aebde01820f,APP_STABILITY_PERFORMANCE|SECURITY_PRIVACY
6047d35e0c602e83b3fdc982,FUNDS_TRANSFER|CUSTOMER_SUPPORT
a2fd9baf72f5dc2cd6d418bc,CRYPTO_SPECIFIC|FUNDS_TRANSFER
c25bbbb66e5463023838114c,GENERAL_SENTIMENT
c3a582cf8a07644d8f05f3a3,GENERAL_SENTIMENT
688bce4e72edee98602971e4,ACCOUNT_LIFECYCLE|FEES_SUBSCRIPTION
69d4faa7e6f3e233ebb019d0,ONBOARDING_BEGINNER
0f2d63894684b00db802222d,USABILITY_NAV
e4e0f26af5d9051027927966,GENERAL_SENTIMENT
90e8133e1d2152766eef7ea3,GENERAL_SENTIMENT
070bbf2d38a3c1f9a7fb97f4,GENERAL_SENTIMENT
2eb4cd96d963d67e1f4d7d96,GENERAL_SENTIMENT
642f093faa96b33fdd208a66,APP_STABILITY_PERFORMANCE
3caacf74ee045a69f57ecf44,USABILITY_NAV
4e33a050caf80f4c862e15d6,CUSTOMER_SUPPORT|FUNDS_TRANSFER
cbb19e454341a61e526d4a03,GENERAL_SENTIMENT
10dd9b8f9cef0d0043694fe1,GENERAL_SENTIMENT
1846ed0d6763097e42c29537,ONBOARDING_BEGINNER
474243a749892ea099f3c6e5,GENERAL_SENTIMENT
12d052e95742f7402b21872c,GENERAL_SENTIMENT
5657f0552b3efab91338aad2,CUSTOMER_SUPPORT|USABILITY_NAV
a7d9d529aaccec676daab1d8,USABILITY_NAV
b47aff85a16825b4e949a630,CRYPTO_SPECIFIC
05061c424a8546abed98c903,ONBOARDING_BEGINNER
39b95daf2b373305a5b5000a,ONBOARDING_BEGINNER
0471b93d7204b53f9af962a0,GENERAL_SENTIMENT
2a3bbe86991a8f4254fcf79e,GENERAL_SENTIMENT
f4572320335febab2c282ce9,GENERAL_SENTIMENT
ee66f1cc6d07f33af4885c94,USABILITY_NAV
f7f4d3188cf3bf3183addb87,GENERAL_SENTIMENT
b8c772e5cf7b4fae9aa78469,ACCOUNT_ACCESS_AUTH|CUSTOMER_SUPPORT
fa7e144db85a19e8c74c6036,APP_STABILITY_PERFORMANCE
648344d8a94357dc24e76afa,GENERAL_SENTIMENT
9b3785f432186f818e928e03,GENERAL_SENTIMENT
21f510a21bcdfd6d1f82fd84,GENERAL_SENTIMENT
c1250019b9a4634e1020d8f4,ADVERTISING_NOTIFICATIONS
99a127b4ddc74fee52d5ac84,ONBOARDING_BEGINNER|CRYPTO_SPECIFIC
7973c340ba1d11b44a78d221,USABILITY_NAV
c38d6ad5e3ee47c1e9122ee8,GENERAL_SENTIMENT
4a2034946a0182f680c79d89,APP_STABILITY_PERFORMANCE|FUNDS_TRANSFER
f9a823a9a22f0c4c09934819,TRUST_FAIRNESS_REGULATORY|CRYPTO_SPECIFIC
55e60321708da2daf2a4f568,USABILITY_NAV
0bf372e1f45cd4d473287326,GENERAL_SENTIMENT
8504b8d4a53dceae0886509f,GENERAL_SENTIMENT
71bc53d808f2d559f6c538b0,FEES_SUBSCRIPTION
c5b648498008751deb452d3d,GENERAL_SENTIMENT
f430895140e27f4aea18d76a,GENERAL_SENTIMENT
b7408c9fe3e975f72833a1a9,USABILITY_NAV|FEES_SUBSCRIPTION
86b9df8b9fc45ae8293510f2,FEES_SUBSCRIPTION
95c2e8aac19ec2a46b54426f,USABILITY_NAV
e1d3566a5367d11628999bc9,ACCOUNT_ACCESS_AUTH|APP_STABILITY_PERFORMANCE
574de15912af24e49af9a274,SECURITY_PRIVACY
90ef7dca959fc771b023f992,FUNDS_TRANSFER|CUSTOMER_SUPPORT
baf84216afda572ae38011fe,GENERAL_SENTIMENT
9a3bac6b450f92f20b127685,GENERAL_SENTIMENT
1be76666c42c6f98856908ed,USABILITY_NAV
5098638c099517d602632bfc,GENERAL_SENTIMENT
1f51c6ad65f9018894f2ddcf,GENERAL_SENTIMENT
c2205bdd68955f5cce70e892,CRYPTO_SPECIFIC
d23cf3bc8bba8c7c4f15082c,GENERAL_SENTIMENT
c13193060124eceded40e900,USABILITY_NAV
5979ff049d5484aa98f0a019,CUSTOMER_SUPPORT|USABILITY_NAV
109927a2a8d1a3a10ae7964f,GENERAL_SENTIMENT
aabbb27e9c0185b4a9046ac0,GENERAL_SENTIMENT
a2582acaa19da117012368ea,USABILITY_NAV
698fd6828b6b06a6252d5cd7,ACCOUNT_ACCESS_AUTH
75dfec53bb10e9dc8f3613af,USABILITY_NAV|ONBOARDING_BEGINNER
41dd28f3d4fbbded922a0669,GENERAL_SENTIMENT
8f562f18d4d7d67f71a249de,GENERAL_SENTIMENT
deef4439f833a13dfb328349,GENERAL_SENTIMENT
1970342c45239cfba6620efe,USABILITY_NAV|ONBOARDING_BEGINNER
528f3cd15583feb8fbcbb5e0,SECURITY_PRIVACY|TRUST_FAIRNESS_REGULATORY
95b8bf1396c890afce51fe98,ONBOARDING_BEGINNER
5e7a1f7a37aee9d4249f54bb,GENERAL_SENTIMENT
5c62d6fd02e7c2e7e241cc74,GENERAL_SENTIMENT
bdb996ecae16dab1ad2d20f1,CUSTOMER_SUPPORT|TRUST_FAIRNESS_REGULATORY
996492375b7de9f3a9f7912a,TRUST_FAIRNESS_REGULATORY
2183349b233a657c903d268b,ONBOARDING_BEGINNER|PREDICTION_MARKETS
63aedf3acbb71bea4cdb4fc0,GENERAL_SENTIMENT
82034253aa31e37544563253,FUNDS_TRANSFER|CUSTOMER_SUPPORT
46b769bf58a9d734c506e449,ONBOARDING_BEGINNER
c4a4823977bdc30d132af271,GENERAL_SENTIMENT
823e614a855a5836e6889153,ONBOARDING_BEGINNER
bb071a0086ea87d4eb70f537,TRADE_EXECUTION|TRUST_FAIRNESS_REGULATORY
c5ec75d7cbcc8184d1d96852,TRADE_EXECUTION|TRUST_FAIRNESS_REGULATORY
57435d3b428bf5d76a85ce32,USABILITY_NAV|ONBOARDING_BEGINNER
a071b8809ea837309998d874,GENERAL_SENTIMENT
78d3a94a14c608eeef5b9a3d,ONBOARDING_BEGINNER|FEES_SUBSCRIPTION
5158c9687c398b96f4738e35,CUSTOMER_SUPPORT
223eb4358eafbfd922d65021,CHARTING_TOOLS
9c5b7704882d35e597a4f337,GENERAL_SENTIMENT
d80992ec8bff82988015db13,USABILITY_NAV
a6a8fab051f42059d0f1043e,APP_STABILITY_PERFORMANCE
c1f72d9d467b085b20020086,GENERAL_SENTIMENT
69edf78efa5469415e0e4ddd,APP_STABILITY_PERFORMANCE
6589019b0a74add5298632fd,CUSTOMER_SUPPORT
df0366d8ed49c023d9625501,TRUST_FAIRNESS_REGULATORY
9f19f0c01a0109aa909f6382,GENERAL_SENTIMENT
42a76ed676b98f1dab3a5bc2,ACCOUNT_LIFECYCLE|USABILITY_NAV
b693766250c068550a9dbcf4,GENERAL_SENTIMENT
a586cd94b5ffff20c2a8bcc2,ACCOUNT_ACCESS_AUTH|SECURITY_PRIVACY
c79860527aee5b0b15e2dc1f,APP_STABILITY_PERFORMANCE
e02bce7562c26d66b6f5af57,APP_STABILITY_PERFORMANCE|ACCOUNT_LIFECYCLE
9ab418315575ca52195c9993,CHARTING_TOOLS|APP_STABILITY_PERFORMANCE
eddada7842489c165c074972,GENERAL_SENTIMENT
0e288a8666e6587888b5249f,GENERAL_SENTIMENT
c768ce48abab8ff3ccfe2ea8,FUNDS_TRANSFER
32be901e086962c8ea5073f6,FEES_SUBSCRIPTION|FUNDS_TRANSFER|APP_STABILITY_PERFORMANCE
fe6f7680d26abf201698d713,GENERAL_SENTIMENT
5531302d1b1ffbd4d39de5ee,TRADE_EXECUTION|TRUST_FAIRNESS_REGULATORY
d7bcceacf6d4d2514958b6eb,ONBOARDING_BEGINNER
46fa54dcb8b86e3f013624eb,GENERAL_SENTIMENT
d5dd37cb7138624962380f6d,ACCOUNT_ACCESS_AUTH|CUSTOMER_SUPPORT
241b6dac577527ccc1afda23,TRADE_EXECUTION
8da4ea9b6658ef6ee560ddf8,FUNDS_TRANSFER|TRUST_FAIRNESS_REGULATORY
4c52903c8511598ae72fd391,GENERAL_SENTIMENT
139b0971b839da71ed468e4d,USABILITY_NAV
e2cc47371d669e38d0516d78,GENERAL_SENTIMENT
1ea8d628a90926b50f83888f,USABILITY_NAV
8df67e44d2395cea50cb3e3e,CRYPTO_SPECIFIC
7bb9db1dc263f73d988832ff,USABILITY_NAV
2539c5645df12ef7bf0f5cab,GENERAL_SENTIMENT
948c32055472e72601ea8680,SECURITY_PRIVACY|ACCOUNT_ACCESS_AUTH
f3680d4a69afba17d9f21030,USABILITY_NAV
6634bb72ddb8179b1b419957,USABILITY_NAV
caeded17bcda9683c581e480,ACCOUNT_ACCESS_AUTH|TRUST_FAIRNESS_REGULATORY
8c5bbd9927ded4dd1fdc1dfc,FEES_SUBSCRIPTION|FUNDS_TRANSFER
93a32586ef179fc466feb3e7,GENERAL_SENTIMENT
e731b8d6bb63899b579eb6e1,CRYPTO_SPECIFIC
80b931dba86e58e57c8816fb,USABILITY_NAV
2516c118548e9c9a8638128b,TRADE_EXECUTION|TRUST_FAIRNESS_REGULATORY
4f9ec7cd35a38fb24fff4a7a,TRADE_EXECUTION|ASSET_COVERAGE
6578da593c2f8ffaee413e29,GENERAL_SENTIMENT
049362df4af8ddc64f471562,CUSTOMER_SUPPORT|ACCOUNT_ACCESS_AUTH
55cab60d386734bcaf6ffc3a,GENERAL_SENTIMENT
c735169ea51fa7422572a156,GENERAL_SENTIMENT
8aefd6c7e6fded964d54d467,GENERAL_SENTIMENT
dd43a2d356324c8eb8ff311b,GENERAL_SENTIMENT
28a0ddf487e1b3a948a2473b,ADVERTISING_NOTIFICATIONS|USABILITY_NAV
03a0b3ff37704047fa61f409,USABILITY_NAV
9db7e9540271e1e0100a4f2c,TRADE_EXECUTION
47310e12bd1822821ba8a930,USABILITY_NAV
068c97a2540febd8845f2dce,SECURITY_PRIVACY|FUNDS_TRANSFER
f87aa7eceefdf2095c8c41db,CHARTING_TOOLS|CUSTOMER_SUPPORT|APP_STABILITY_PERFORMANCE
aa49940f5cb1acd50d86a886,FEES_SUBSCRIPTION|CRYPTO_SPECIFIC|APP_STABILITY_PERFORMANCE
d8321266389bf36a0db00afb,CUSTOMER_SUPPORT|USABILITY_NAV
217e0a0e13ead54096260651,USABILITY_NAV|ONBOARDING_BEGINNER
03424664c5e2e352d6b5b1bf,USABILITY_NAV
6519825bbbc670cf421b307a,FUNDS_TRANSFER
cd23559f867bdc6dcbc751d1,GENERAL_SENTIMENT
451694f54c7e9affe9fc7053,USABILITY_NAV
4253e8ed67800384997b965b,ACCOUNT_LIFECYCLE
7d3e0f1fcc73fb158d471c72,GENERAL_SENTIMENT
366b427cf81d7bbd9b526193,GENERAL_SENTIMENT
73b07a61eb1707bd8e656d0b,GENERAL_SENTIMENT
9fb8a6959ca54a33c528f6a8,USABILITY_NAV
ef8668a5c9c233f05503d4ea,USABILITY_NAV
000cf55bda76706d5a071191,GENERAL_SENTIMENT
1af0b4e0c2fabdc8285522d0,FUNDS_TRANSFER
e19f7e71404b100f0f7f56cf,GENERAL_SENTIMENT
e0703d051813d0f46fea17ce,GENERAL_SENTIMENT
b8153a88a6494adc247b722a,FUNDS_TRANSFER
b7f680384b6892c22b504a16,TRUST_FAIRNESS_REGULATORY
661fa1a13ae12953bfbe1fd6,CHARTING_TOOLS|APP_STABILITY_PERFORMANCE
44dfe2133a827431fa7f48be,ONBOARDING_BEGINNER
c2e53d8e38fee603119a7872,FUNDS_TRANSFER|FEES_SUBSCRIPTION
a4f9548d7d2de7d4995af113,GENERAL_SENTIMENT
b748df0f39967d81ea1dbad2,CRYPTO_SPECIFIC|ONBOARDING_BEGINNER
6b6b5e65a9d78ec872019ac6,GENERAL_SENTIMENT
73ca79801fedd31d28a482b8,GENERAL_SENTIMENT
13faf84a628ff4ea5bca1d11,GENERAL_SENTIMENT
0175d60d2e582056e481111e,GENERAL_SENTIMENT
e061c20f0b361cb2f65fc71d,FUNDS_TRANSFER|CRYPTO_SPECIFIC
61d710f1785e89e897dd007a,ACCOUNT_LIFECYCLE
beea01b8aa485b3f0ac06273,USABILITY_NAV
7550321ea739e977aa5d3ae7,USABILITY_NAV
0805330f66ea9e25b8f01e4d,GENERAL_SENTIMENT
98a8455acaa3f80547745bea,GENERAL_SENTIMENT
401c0620be02aab598fbce17,USABILITY_NAV|ACCOUNT_ACCESS_AUTH
8e0845e95d53eb86b07b6f07,USABILITY_NAV
e9f8f34bd8b436ce724dec8f,FUNDS_TRANSFER|TRUST_FAIRNESS_REGULATORY
2c1bcc19a7dc0f13fff2acec,GENERAL_SENTIMENT
ce7919e57803ecb74d46c055,CUSTOMER_SUPPORT|ACCOUNT_LIFECYCLE|SECURITY_PRIVACY
5c0f53995e0874765fd27c19,ACCOUNT_ACCESS_AUTH
9d8eb7af2ad1eda32625e876,USABILITY_NAV
c7a118e4a32f59d16a0f0932,USABILITY_NAV
d5dd0e72e70c9f28fbe12d31,GENERAL_SENTIMENT
e2bf01402c1f37dd9120f01a,GENERAL_SENTIMENT
b6adfa2a6690e1fb8f688876,GENERAL_SENTIMENT
b6dd0d8a35bd6dfbb02dec11,TRADE_EXECUTION|TRUST_FAIRNESS_REGULATORY
72f78da17bb5a3151acb25c2,GENERAL_SENTIMENT
bc672ec3956b4a388b804cd7,GENERAL_SENTIMENT
a59c5f7a1aa71d4eceb75d13,GENERAL_SENTIMENT
1031de5aee533ceb2df80cc8,USABILITY_NAV
e6ced7fa6ecd6ad627f3e521,GENERAL_SENTIMENT
8233e024e84094f1abb62144,TRADE_EXECUTION
a1146351ab82e5e685d0155d,USABILITY_NAV|CHARTING_TOOLS
dee5f80c394af682a5c046e6,TRADE_EXECUTION
a4d3af5706d298f1b44d5d90,APP_STABILITY_PERFORMANCE|CUSTOMER_SUPPORT
9fea099de384c3402afa7de3,USABILITY_NAV
2066c553d828c45ebfe11a31,USABILITY_NAV
67f5f98fd1b3ec7d10ef573b,FUNDS_TRANSFER
b3e5474068ffc2108ede1444,USABILITY_NAV
369cfcf48723b43deeb88ac4,CUSTOMER_SUPPORT|TRUST_FAIRNESS_REGULATORY
1481eeca34b52b877ec7402f,CRYPTO_SPECIFIC
dc36a8303db0c8a720add8fb,GENERAL_SENTIMENT
2923538a59b2166c39c3271e,TRUST_FAIRNESS_REGULATORY
25982551af72c17b14ae3339,ACCOUNT_ACCESS_AUTH|CUSTOMER_SUPPORT
0349583da4a0efb8d52b4488,ACCOUNT_LIFECYCLE
ca8b68671125ec1a8fcff96d,SECURITY_PRIVACY
65819417cead140d522e27d5,USABILITY_NAV
b7f99e3a0104a91b87ec910e,GENERAL_SENTIMENT
1ddfba7d22c89112c6494b6d,USABILITY_NAV
139e70d6b227adc1e84de92d,TRUST_FAIRNESS_REGULATORY
ba3b99b330480c844e18cb13,GENERAL_SENTIMENT
679ad2b1ccf261e66dc796ab,GENERAL_SENTIMENT
071f8e622e58f7d36bbb56d4,USABILITY_NAV|ADVERTISING_NOTIFICATIONS
1655f1f76d12dd332e5ab3c8,GENERAL_SENTIMENT
0d8e884127d9bdb0d13c8941,ONBOARDING_BEGINNER
b2d2b4eb9b2c189089037845,GENERAL_SENTIMENT
80ed638708686c4c1510d4d8,CUSTOMER_SUPPORT|ONBOARDING_BEGINNER
c126061e9b9657832df13690,FUNDS_TRANSFER
f3f3a1f2ef3d5ae73f62b31a,FUNDS_TRANSFER|CUSTOMER_SUPPORT
1037089479dbc676aea7693f,CHARTING_TOOLS
ae19d47c60bd854e288bca3e,ACCOUNT_ACCESS_AUTH|CUSTOMER_SUPPORT
b3c1a172db104706829c9ed0,USABILITY_NAV
4162dba73259d80656cc1caa,GENERAL_SENTIMENT
6d2f3b902d493ca4e912e0c9,GENERAL_SENTIMENT
a615b169e46b7fac2ea579a3,USABILITY_NAV|ASSET_COVERAGE|CRYPTO_SPECIFIC
eb419a1a5098473e77bdb6a3,GENERAL_SENTIMENT
86b083dd6ad4c39c7b87a9dd,GENERAL_SENTIMENT
c9e3310322c2c173c1e152d4,CHARTING_TOOLS|USABILITY_NAV
6a49b2c51c5fd37d2b99dd07,USABILITY_NAV
27ce4da968cf067f388d0a9e,GENERAL_SENTIMENT
5051a822cd65e25225260bef,ONBOARDING_BEGINNER
c8592de3c8a2dd2711cf9e8f,USABILITY_NAV
57df86ba02b0d7b197759578,USABILITY_NAV|ONBOARDING_BEGINNER
2623e2229c3a86b172dd5a96,ONBOARDING_BEGINNER
c33bc1f5436f9b4c3ef30e4b,USABILITY_NAV
6c8be472542b4cc7d2f86b04,ONBOARDING_BEGINNER|USABILITY_NAV
6fdc48d6d15ceea85e20027e,USABILITY_NAV|ONBOARDING_BEGINNER
3669109051f45d0666c536f3,GENERAL_SENTIMENT
975965fecc3857a55dcc2d30,ONBOARDING_BEGINNER
f37d828facaed6180886d7e7,GENERAL_SENTIMENT
430387a1e5be0988343f05e4,GENERAL_SENTIMENT
3af7ddb6009770fd56d1d0de,CRYPTO_SPECIFIC
409700238d39cd0f77699669,GENERAL_SENTIMENT
8cb043fa3298de660668d5e7,APP_STABILITY_PERFORMANCE
729ac4d1a8ceebaf1c06e579,APP_STABILITY_PERFORMANCE
f77c01c7ffe390ff37d15cc2,ONBOARDING_BEGINNER
2f3b8676fa6f203c12403302,ONBOARDING_BEGINNER
d9086bd6798039c23482ffd6,USABILITY_NAV
56fc079466554aea3bb99796,APP_STABILITY_PERFORMANCE
619c2b23db856313169586e0,USABILITY_NAV
731c75b5fa70c5cef7c44bf1,USABILITY_NAV
8dc4da7582394fd09e90012c,GENERAL_SENTIMENT
d6ece808ed3dad054d883e4f,GENERAL_SENTIMENT
b00f8d4236efcc504793ca6c,ACCOUNT_LIFECYCLE|CUSTOMER_SUPPORT|FEES_SUBSCRIPTION
0940725edc72e4218579afa8,GENERAL_SENTIMENT
d4c8c4dfebd7b06d80ea3461,GENERAL_SENTIMENT
50f78064ac50e38afec14a38,APP_STABILITY_PERFORMANCE
c84611b7dcc4f297212006a6,ACCOUNT_ACCESS_AUTH
491da4535fc09eefde727f04,GENERAL_SENTIMENT
bf15d75585522b0595638fc9,USABILITY_NAV
c757db81ce44c430820803ac,TRADE_EXECUTION
7adc435f78292bb2ea07aec6,CRYPTO_SPECIFIC
4a10f06a6b4f8dd9c53b22ce,CUSTOMER_SUPPORT
477e2cb91be2b11abcd6ec40,CRYPTO_SPECIFIC|ONBOARDING_BEGINNER
5505020f76ebab1d9961c8c3,TRADE_EXECUTION|APP_STABILITY_PERFORMANCE
08d07065a3a856002156b581,CRYPTO_SPECIFIC
e4eec25a03210d18883d5b3e,FUNDS_TRANSFER
c39a87c518e735a8b1300af8,APP_STABILITY_PERFORMANCE
b97931cb7d2a111ad7fa8e04,ASSET_COVERAGE|CRYPTO_SPECIFIC
f7607f89bd79175442e31691,FUNDS_TRANSFER|USABILITY_NAV
17fa145b3041eb563efd40e3,GENERAL_SENTIMENT
4eea63f265a4aa564ad72551,GENERAL_SENTIMENT
f8f61cb103fe1dbc3a192a35,CRYPTO_SPECIFIC
42c95882954aeb3d4a6b2bee,ADVERTISING_NOTIFICATIONS|USABILITY_NAV
ebe61b94bef20b36d9324a46,USABILITY_NAV
8540479fcbba2777c7862cdd,GENERAL_SENTIMENT
baf1ef87054be29e1de0caca,FUNDS_TRANSFER
34b689730f61e7e5862939c9,GENERAL_SENTIMENT
960fb2125d83e1d4f2a4571f,GENERAL_SENTIMENT
9236c53c87e24abc73259859,USABILITY_NAV
8155556a16f4696c470c41db,GENERAL_SENTIMENT
d3dbd9b9d026829a2ff58004,USABILITY_NAV|CHARTING_TOOLS
c7d6fc7bdc66ee0eba424303,USABILITY_NAV
6337cabd0885a335c9c0a246,CRYPTO_SPECIFIC|TRADE_EXECUTION
a4e133bf04f32d37e718b920,GENERAL_SENTIMENT
2b93181655c7592b084b1602,ACCOUNT_LIFECYCLE
bc094706968d1991ef46b495,APP_STABILITY_PERFORMANCE
fc9d2ce5b70fcaec76364f3b,ACCOUNT_ACCESS_AUTH
a29a3ce4f31a91c13b88dbe6,GENERAL_SENTIMENT
1146ad0d9e3b8930450ecf0f,GENERAL_SENTIMENT
510831c811e3de1b194b68b9,GENERAL_SENTIMENT
7ec835c181165153e14ad2d8,USABILITY_NAV
06b2cdce0798abf056d75241,USABILITY_NAV|CRYPTO_SPECIFIC
afd3b15ff17298f6f0903cd5,SECURITY_PRIVACY
d4a2c983f644572a49c63a21,USABILITY_NAV
864551e68454f66e33dd2f25,USABILITY_NAV
e15eccbfb16206c2bde1f3af,GENERAL_SENTIMENT
ada6e2328cd48ce344f61af7,GENERAL_SENTIMENT
5d27fd41bbb459a76647ee32,GENERAL_SENTIMENT
34bba28cae61b61fe53d1a27,USABILITY_NAV|ADVERTISING_NOTIFICATIONS
18c3939acdfb6f41e0931740,GENERAL_SENTIMENT
c42abdfda494a05939e6644d,GENERAL_SENTIMENT
3c1a11845eed541bc1b3c808,USABILITY_NAV
7d6fdd3f531cd868019d503c,CRYPTO_SPECIFIC
54bf8d50361c2519395b1e90,CRYPTO_SPECIFIC|ONBOARDING_BEGINNER
87bcc8323a4c7c2e58630a05,ONBOARDING_BEGINNER
dc1b69a7e343b1a721de5438,CRYPTO_SPECIFIC|APP_STABILITY_PERFORMANCE|CUSTOMER_SUPPORT
659fb2b0e1e3ed7e81b1edc9,ACCOUNT_ACCESS_AUTH
74a402bf917fd8c16ad862f6,USABILITY_NAV
a46bbc906e02010a8d1f20e7,GENERAL_SENTIMENT
f5b14f6fe5c976e1d820d8e4,GENERAL_SENTIMENT
f540c62284a62103dc3f2e16,FUNDS_TRANSFER
19a6ab77613998e0f85be89e,USABILITY_NAV|ONBOARDING_BEGINNER
ee8d729fb682526b4c64ef9c,ONBOARDING_BEGINNER
c53c687ac2f17e43a9280ec9,CUSTOMER_SUPPORT|ASSET_COVERAGE|TRUST_FAIRNESS_REGULATORY
d7dae143fbf2652176fed2f1,USABILITY_NAV
ba01ef9369d6ecdba8226e52,USABILITY_NAV
183a072e12c3dd561b23eff4,USABILITY_NAV|ONBOARDING_BEGINNER
831ec5bdbf31542b555833d8,ACCOUNT_ACCESS_AUTH|FUNDS_TRANSFER
0435887f6e2fbfb4ff78bcc8,USABILITY_NAV
0fe4a3354b6f23caf13005d8,ONBOARDING_BEGINNER|CRYPTO_SPECIFIC
8532081122d37f462acf06d7,FUNDS_TRANSFER|CRYPTO_SPECIFIC|TRUST_FAIRNESS_REGULATORY
d38e353ab7d73edabaaae459,APP_STABILITY_PERFORMANCE
a8bb2988c3f93eaad0be5b1e,GENERAL_SENTIMENT
421956bf37bca2e17a9fd56d,FEES_SUBSCRIPTION
01d96685ed0b2773e3bc02cc,USABILITY_NAV
8963d6e7c267475e8052badf,GENERAL_SENTIMENT
b6bd352bf077615eba0c210c,CRYPTO_SPECIFIC
ddc49f6d8ad4fcd2733e375d,FUNDS_TRANSFER|USABILITY_NAV
a7d5274eaefc1f1e41f908e0,TRUST_FAIRNESS_REGULATORY
441bdc4ac6c3a787a4749709,CUSTOMER_SUPPORT
5d83e98c07b4e49fec22d40c,USABILITY_NAV|FUNDS_TRANSFER
12b7d657795f93176dc3bc9a,GENERAL_SENTIMENT
cc61c85e2b1eeb4a20456b75,APP_STABILITY_PERFORMANCE
34976403b8b20d1a4b1322e6,USABILITY_NAV
09a1e2e15001487e2c3e4aed,ACCOUNT_ACCESS_AUTH|FUNDS_TRANSFER
7c706404344154c241861d22,GENERAL_SENTIMENT
31deeb04e8b6e938fcb6c599,GENERAL_SENTIMENT
a57883308cfe844a3a963297,USABILITY_NAV
6d78f9918c6831d3c2267a80,GENERAL_SENTIMENT
8be34b0e051e58f1d6cdb21b,GENERAL_SENTIMENT
51fafe41afc6adfe412561a5,FUNDS_TRANSFER|ACCOUNT_ACCESS_AUTH
2a587421841781c3ee9ce4ce,APP_STABILITY_PERFORMANCE|ACCOUNT_ACCESS_AUTH
86979651ad553fe62e1a6a04,GENERAL_SENTIMENT
b576d390a050b11e4e9cd17e,GENERAL_SENTIMENT
1be06deb7a52d88f45827412,APP_STABILITY_PERFORMANCE
18dc6f947c2c61986581b0fa,USABILITY_NAV
18493d8472e6daab6d880ad0,USABILITY_NAV|CRYPTO_SPECIFIC
e5b6159e58c0b50f881265af,GENERAL_SENTIMENT
2ed61283ea576046ae49140d,GENERAL_SENTIMENT
2b6fe35133fa101c46a96ef1,ADVERTISING_NOTIFICATIONS|ACCOUNT_LIFECYCLE
df6b640137e91e55d3ae4875,ACCOUNT_LIFECYCLE|CUSTOMER_SUPPORT
b9d925dd7fe637f594cc119a,APP_STABILITY_PERFORMANCE
3a63836a79b37327453f5cc6,USABILITY_NAV|ACCOUNT_LIFECYCLE
700243583ddc744ad98a4ff9,GENERAL_SENTIMENT
44ed0bcde87fc355b5212c69,ASSET_COVERAGE
29a8b2e2827666cd6972ae01,SECURITY_PRIVACY|ACCOUNT_ACCESS_AUTH
6b464cd4fbc6c1338f38ad60,SECURITY_PRIVACY|USABILITY_NAV
4f42693f9d28a93797a41f0a,TRADE_EXECUTION
2118b607d9425cb5533ec976,APP_STABILITY_PERFORMANCE
a6a829e99baf0632ee9795a3,ASSET_COVERAGE
913a64c1d979cbaad75ba2f4,GENERAL_SENTIMENT
da8e7970c64eabab005f188f,GENERAL_SENTIMENT
2d635513a6de1c92b7dc2490,ACCOUNT_ACCESS_AUTH|CUSTOMER_SUPPORT
819fb86ff863e98afe97ce27,FUNDS_TRANSFER
e14f7151ee32f67e5ffdef44,TRUST_FAIRNESS_REGULATORY
66b8354a04218f9f8cd986e7,TRADE_EXECUTION|TRUST_FAIRNESS_REGULATORY
e764454e69fa2a4d0a0daff0,GENERAL_SENTIMENT
b8289e7324d22d0ec0fa358e,GENERAL_SENTIMENT
c664218c5a5442fb3c3f2cf6,APP_STABILITY_PERFORMANCE|TRADE_EXECUTION
7df3b389b4b7032ae89c433b,FUNDS_TRANSFER|ACCOUNT_ACCESS_AUTH
79845a1ab94b353e5a80159f,GENERAL_SENTIMENT
982e3cb6902500a8303215dc,GENERAL_SENTIMENT
15fce8120a44a136bc93d32e,GENERAL_SENTIMENT
867e8214ac3df7e68b61f4a5,USABILITY_NAV
05a6797cbb086e9f429e97bb,APP_STABILITY_PERFORMANCE
9087e871c6bd08d17f9056cd,ACCOUNT_ACCESS_AUTH
be5b233ab18dd1bb728ff97a,APP_STABILITY_PERFORMANCE
fdcbae65031bb160432f2177,GENERAL_SENTIMENT
e58bd78ccd1938434f06327c,GENERAL_SENTIMENT
a5664e09e6a34ad636c826ca,FUNDS_TRANSFER|CUSTOMER_SUPPORT
c904ed60c311e6299cabbfb6,ACCOUNT_ACCESS_AUTH|CUSTOMER_SUPPORT
cbd9484c08d764da91994273,GENERAL_SENTIMENT
3ed4f147f7b3a8dffb664149,GENERAL_SENTIMENT
5fb60fc67a14c35f3f0dd697,USABILITY_NAV
c8fc310d7edd55a574304652,GENERAL_SENTIMENT
8bb0918f24112a994b5dcdeb,USABILITY_NAV
a5d8d5502fb82f072b37e6eb,FUNDS_TRANSFER|CUSTOMER_SUPPORT
a095ec8cf1677056258ba6bc,USABILITY_NAV
2856c094457078b6ea67f524,GENERAL_SENTIMENT
469627435213870de64f1df8,TRUST_FAIRNESS_REGULATORY
1292ea714a8687a88f0a9238,FUNDS_TRANSFER|TRUST_FAIRNESS_REGULATORY
aa4d640de42ac3330d7b0a00,ONBOARDING_BEGINNER
e3a8cf518e9a4fee68fd3276,PREDICTION_MARKETS|USABILITY_NAV
f394e3fb91e33c6c0e9f30c8,USABILITY_NAV
69c8151db047f1b87ff3deef,GENERAL_SENTIMENT
66842c1740a2b9979d523728,GENERAL_SENTIMENT
d0165a5cde7d9e5f95542b3d,ONBOARDING_BEGINNER
c5e7b9375c2aaffc859baf2b,SECURITY_PRIVACY|APP_STABILITY_PERFORMANCE
8b559dfc414c0a0cb734ea45,USABILITY_NAV
ae29a4a7f23696e7ce0b7ce9,ONBOARDING_BEGINNER
ec6ad5f30b5768155fa68646,APP_STABILITY_PERFORMANCE|FUNDS_TRANSFER
e54fa24b4ed5adc22d310b5d,USABILITY_NAV
3811fa270d593ecd7c6f08d6,ACCOUNT_LIFECYCLE|TRUST_FAIRNESS_REGULATORY
66301880ab3ddfcde9fcd2ae,GENERAL_SENTIMENT
93f33b1f991fd3d44df219a3,ONBOARDING_BEGINNER
3667e4f7ff20e4dfbe523a66,TRADE_EXECUTION|APP_STABILITY_PERFORMANCE
ddc6dfe528fff3eee4e67957,USABILITY_NAV
37a3a89f0dadfd1f3fb26de8,GENERAL_SENTIMENT
ed497f7632ffd34e0909de47,ACCOUNT_ACCESS_AUTH
8770c84c9f712111338d7e28,PREDICTION_MARKETS
299ed2dce1a73e44141f0f6b,USABILITY_NAV
2218402e23aaa81c2a1d8518,FUNDS_TRANSFER|CUSTOMER_SUPPORT|TRUST_FAIRNESS_REGULATORY
4a2c5e9db21e155d66fec9d2,ONBOARDING_BEGINNER
a1d8abbadf93db88d49e18d7,USABILITY_NAV
350094b5984bed4fd8abb349,APP_STABILITY_PERFORMANCE|TRADE_EXECUTION
117f0d4c5a7d58d034f04c92,APP_STABILITY_PERFORMANCE
a0c056f8e657d2d25fcaa0b2,USABILITY_NAV
9ff229c057c4465f5785d5b3,GENERAL_SENTIMENT
cec3f2c0bd70352b45038b4a,GENERAL_SENTIMENT
e3143e381be8c60e4bd38120,USABILITY_NAV
e40c19b55a91814e7570e92a,USABILITY_NAV
3b70e2b9fb6975a2712b1592,CUSTOMER_SUPPORT|ACCOUNT_LIFECYCLE|TRUST_FAIRNESS_REGULATORY
b7537319c399407178514545,USABILITY_NAV
b4457da07b554731eb2a1013,GENERAL_SENTIMENT
933772af466ed89620d67292,USABILITY_NAV
e4ee5f4e4edb1d9f286437d5,CUSTOMER_SUPPORT
638e8948452d5e3be19c05fb,ACCOUNT_ACCESS_AUTH
331333a5a10f00f9abe0ed1e,USABILITY_NAV
340d3ae7bbdab5ac989a3737,GENERAL_SENTIMENT
9ecc3841887d7c0c1ad9a1b1,GENERAL_SENTIMENT
c6b15ffa2aeb3e052eb95c2e,USABILITY_NAV
ab57e520010d345dd36166b4,ONBOARDING_BEGINNER
3951b0ee7aaee6eb1ad10213,GENERAL_SENTIMENT
5dddacf77312e9e96dcda809,ACCOUNT_ACCESS_AUTH|CUSTOMER_SUPPORT|SECURITY_PRIVACY
3f43d1a0babdea0aa510ee54,ONBOARDING_BEGINNER|USABILITY_NAV
29bd14365056a272d7894019,TRADE_EXECUTION|USABILITY_NAV
31d56809f1c4b6565df3aead,ADVERTISING_NOTIFICATIONS|USABILITY_NAV
e4e7a7d83ae6a4857362d717,GENERAL_SENTIMENT
e62bd779dd0060ee185df23f,ACCOUNT_ACCESS_AUTH|CUSTOMER_SUPPORT|FUNDS_TRANSFER
2aa6da68916bb7ce90d1c6be,USABILITY_NAV
4117e64cb825a9ac240abe53,GENERAL_SENTIMENT
c8302c338ed80f471a55ab1e,FEES_SUBSCRIPTION
68dd011ccde649ea828ce508,ACCOUNT_ACCESS_AUTH
e6ccf87930e9704a85506644,FUNDS_TRANSFER|CRYPTO_SPECIFIC
71002cf7b2bef93cec222d34,USABILITY_NAV
85e1b5cb17de887123bfdd03,GENERAL_SENTIMENT
a48e02b533705e6543f5472d,USABILITY_NAV
a5824fd1fa59494f513246bb,APP_STABILITY_PERFORMANCE
f2985d1d14b5f50e2f7ea20b,USABILITY_NAV|FEES_SUBSCRIPTION
2a0989ef80baf5e0a8d39a53,SECURITY_PRIVACY|ACCOUNT_ACCESS_AUTH
c49530d39a4ba289ebb6c5a7,ONBOARDING_BEGINNER
9656dabf16b65ebd773fccd1,USABILITY_NAV
9e3e9be7bb0d90f4a3d3748c,GENERAL_SENTIMENT
f926a640c40362ef905c9671,GENERAL_SENTIMENT
e77d5a202170bb9d495eec46,GENERAL_SENTIMENT
ed1e8aa706787928b382670e,ADVERTISING_NOTIFICATIONS|USABILITY_NAV
14f0acff4a0854822fe04e6b,FEES_SUBSCRIPTION|SECURITY_PRIVACY
b62711252292f8f5b833107a,ACCOUNT_ACCESS_AUTH
5311ef8ed1e66450f95cc6c9,FUNDS_TRANSFER
3bfc2cb1b3a13ec4a1524962,FEES_SUBSCRIPTION
ffbc9f7c1e68f1dfd64e67e6,GENERAL_SENTIMENT
c8dcaa952c056d64f39b2398,GENERAL_SENTIMENT
08cada62e7d40f236d734903,USABILITY_NAV|CRYPTO_SPECIFIC
d08332bc8b46106a809966ed,GENERAL_SENTIMENT
abea79c17edbea533a5db93c,ACCOUNT_ACCESS_AUTH|CRYPTO_SPECIFIC
d1d2d1f5ba2f7e4ac8669ff5,GENERAL_SENTIMENT
9b6ba620c4f51f7d10a29f35,ONBOARDING_BEGINNER
c0b8b5778c08a557cb46103a,ACCOUNT_LIFECYCLE
463876d134d2e0dbd07efa13,GENERAL_SENTIMENT
f4f24fe3eff63a655eb40b0c,USABILITY_NAV
048577275ba1d868f78b167f,GENERAL_SENTIMENT
e16ab93a0daed5a363882820,USABILITY_NAV
0e67d8d417ac5e4d0b5fe27c,USABILITY_NAV
21c3d0d0ca7ce67adc15171b,APP_STABILITY_PERFORMANCE
4a6e8a48ac4d401fe15ca61a,USABILITY_NAV
6df70928ae468ed0c8ce00e5,GENERAL_SENTIMENT
582162775458572c6d5673ab,ONBOARDING_BEGINNER
b8653971370aeba95c599009,CRYPTO_SPECIFIC|CUSTOMER_SUPPORT|ASSET_COVERAGE
f63768a958ba271ebf494669,GENERAL_SENTIMENT
c1c83d250e2cf8c326159a31,ACCOUNT_ACCESS_AUTH
c942cb51dd0c6a2bac88300a,GENERAL_SENTIMENT
4ba0fb442c3f8eda81aff5dc,ACCOUNT_ACCESS_AUTH
10b264c77536469c8fdcb2b8,CUSTOMER_SUPPORT|TRUST_FAIRNESS_REGULATORY
8c959dc1ba0fae3650535ed7,CUSTOMER_SUPPORT|ACCOUNT_ACCESS_AUTH
bdf6cff0d1f168b38551bbe9,FEES_SUBSCRIPTION|TRUST_FAIRNESS_REGULATORY
b9ffa49b0138b2f2b6955b61,GENERAL_SENTIMENT
002492507728f17023a02b23,GENERAL_SENTIMENT
4753bc6a8f40cd5a9075bc3a,ONBOARDING_BEGINNER
a75bccd5a6c85118cf2342a1,GENERAL_SENTIMENT
3efc0e98bda1ef6798106f9a,CHARTING_TOOLS|TRADE_EXECUTION
1c9fa17873d0b295a365644d,GENERAL_SENTIMENT
489dc8913c3c838790cd5b1f,GENERAL_SENTIMENT
1c9f31d8bfcdd566f8b20932,GENERAL_SENTIMENT
5025ff9f7b14c3a909a0fb9f,CRYPTO_SPECIFIC|FUNDS_TRANSFER
3e7d54a28f98999e894e91a3,GENERAL_SENTIMENT
cf8ceb8cffa43f7c84422402,GENERAL_SENTIMENT
4eb49012b6d456f217ca0f11,GENERAL_SENTIMENT
53347899e4ab3e803f9ddd7b,GENERAL_SENTIMENT
93c907af2551163da2c6f471,ONBOARDING_BEGINNER|USABILITY_NAV
545c358477b5dbc442ee034d,ADVERTISING_NOTIFICATIONS
f9cb072ebc3ec5d7c50d8b99,GENERAL_SENTIMENT
ecc12d0803737d2be1f8a05e,USABILITY_NAV
ae11caa6e4ca546680d318c3,FEES_SUBSCRIPTION
c24d3cb10b665d2a84d8aba0,GENERAL_SENTIMENT
ce8571b597c1c28cc3efafe0,APP_STABILITY_PERFORMANCE
124f3263d23390cfabdd04a0,SECURITY_PRIVACY|USABILITY_NAV
f8588cd34b7bcba0486378bf,CUSTOMER_SUPPORT
884fd302a65a68ed9d21c00f,GENERAL_SENTIMENT
261a16a75b805755d9a50a83,ONBOARDING_BEGINNER
8729600f9c5215d6f3911e0c,APP_STABILITY_PERFORMANCE
cd2ba24d90b624cad8a03996,GENERAL_SENTIMENT
3b77ce27a7bad639b378f8e5,GENERAL_SENTIMENT
6ad024e16e98a6ef01c1123a,APP_STABILITY_PERFORMANCE
92f8b83dd456221ca763d6cf,USABILITY_NAV|CRYPTO_SPECIFIC
37060e71d90acfc28566305d,GENERAL_SENTIMENT
b4671c56b28bbd36be05f22e,TRADE_EXECUTION
c18c8070e5abb01ceded7e33,GENERAL_SENTIMENT
e32120997b259328585e437c,GENERAL_SENTIMENT
b0a066f65c1c921a8eb9dd79,CUSTOMER_SUPPORT
bad4698c10229c30a2b5f885,GENERAL_SENTIMENT
cb20e250168357fa7653b4fb,USABILITY_NAV
a79636fb82fd237b46028be0,ACCOUNT_ACCESS_AUTH|FUNDS_TRANSFER
ca774c04c02af6f21ecf2d47,FEES_SUBSCRIPTION|CUSTOMER_SUPPORT
0669264a76c8f506811a83e3,CUSTOMER_SUPPORT
0cc387c961fc6defc28377c2,GENERAL_SENTIMENT
a1e2d04e6586413c9bbeab26,FEES_SUBSCRIPTION
912e78d2b30a187c246d9473,FUNDS_TRANSFER
efb118409f5e723b2bd35542,GENERAL_SENTIMENT
9cb9e21ae5a202fd22e3d7b7,GENERAL_SENTIMENT
dd9954b497e7b7ecfc08e475,ONBOARDING_BEGINNER
30e78e33f7754c7cb48141c8,USABILITY_NAV
36ced62ea0cd5d24b2bca3c9,GENERAL_SENTIMENT
3e7fed0d7959f46547fdcaef,ACCOUNT_ACCESS_AUTH
96dec9398fc7694a51ba6c88,GENERAL_SENTIMENT
663ecb70a3cd11b9aff4c009,GENERAL_SENTIMENT
9e305c29c5c8bc8fa1269bbc,GENERAL_SENTIMENT
151a70fbeda17d63728270b5,USABILITY_NAV|APP_STABILITY_PERFORMANCE
83739b16bfb923fd3a8fe540,ACCOUNT_ACCESS_AUTH
f0c2f0c9c15e45b23e20516f,USABILITY_NAV|TRADE_EXECUTION
c5f474a37712a2df6b9ffecd,FEES_SUBSCRIPTION|CUSTOMER_SUPPORT
c148d21f628484702a76a162,FEES_SUBSCRIPTION
4b47a3a9e661a3b30a914a7e,GENERAL_SENTIMENT
8769512aea42b9f6180326ec,GENERAL_SENTIMENT
775ea5cca68c095619b87b63,ONBOARDING_BEGINNER
a211e80847b46845ca352235,GENERAL_SENTIMENT
10bdd8e64bfa8ceea0284d19,APP_STABILITY_PERFORMANCE
c3feafe68a5874f5911d32dc,GENERAL_SENTIMENT
74ad11392e2dfdd7dfa1b75a,ACCOUNT_ACCESS_AUTH
cdad2221ce107e5481d7272d,ONBOARDING_BEGINNER
5e34f945fd7b0cc62e893de0,USABILITY_NAV
d30f962ae3b4e9124af2c06e,GENERAL_SENTIMENT
5a6cfeb86da2c6b979de15b5,ONBOARDING_BEGINNER|CRYPTO_SPECIFIC
e58f48469fc1384c827f44e6,ACCOUNT_ACCESS_AUTH
676d58651af5099dcfa563c9,USABILITY_NAV
f11a3274c90ab782ef2b7a68,GENERAL_SENTIMENT
744f2bdff809c25374161ad7,USABILITY_NAV
6fcbc9391ec296a49e26b052,GENERAL_SENTIMENT
c051c8cf0d30832ece7bff6d,ACCOUNT_ACCESS_AUTH|CUSTOMER_SUPPORT
2b508636bd76577ecaa64e72,GENERAL_SENTIMENT
b1e8304cc2b4c2b7155ba3c2,CUSTOMER_SUPPORT
88ece7d240dd1906580a739f,ONBOARDING_BEGINNER
ed0140d11f46ad29a6f71c59,USABILITY_NAV
8794ada085724227c3c046c7,TRUST_FAIRNESS_REGULATORY|USABILITY_NAV
1ce95326c2da8cfdbe55a082,APP_STABILITY_PERFORMANCE|FUNDS_TRANSFER
d53b0acb6141be8f811b9cdb,GENERAL_SENTIMENT
757fed39d86187ae2f06f57c,GENERAL_SENTIMENT
335822c960ec1064829e6e9f,FUNDS_TRANSFER
2d6a026fa46f5ff10d135eae,GENERAL_SENTIMENT
b32147cd36ad377a3ec2cea2,GENERAL_SENTIMENT
b22dcdc7fc21ad3592aa7d2c,ACCOUNT_ACCESS_AUTH|FEES_SUBSCRIPTION
5436a10281497f2120836174,TRADE_EXECUTION
82b98b7b91ab7d948ec72f63,USABILITY_NAV
f339b06263786f732863449c,USABILITY_NAV
40a2006594a38891b3e7b153,ACCOUNT_ACCESS_AUTH
bc5415f6d65f3fef81c7a74c,TRADE_EXECUTION
9568b9e4917e794f8a6f1c4e,SECURITY_PRIVACY|ONBOARDING_BEGINNER
829158889bedbf942b8427d8,SECURITY_PRIVACY
917c976f4379f06405a8d391,USABILITY_NAV|ONBOARDING_BEGINNER
23b5be4413e2bf859911d87e,GENERAL_SENTIMENT
e2defe4a2795d2edb821feff,ACCOUNT_ACCESS_AUTH|CUSTOMER_SUPPORT|FUNDS_TRANSFER
8fcadbd5af467d4c92c93eab,TRADE_EXECUTION|TRUST_FAIRNESS_REGULATORY
f3802a313eabf4bce28b93ee,FEES_SUBSCRIPTION|TRADE_EXECUTION
17cbe0ac56982a477119894b,ACCOUNT_ACCESS_AUTH
542313c5da87ad55c95140de,APP_STABILITY_PERFORMANCE|CUSTOMER_SUPPORT
c0054ac35750eb66ac215b45,GENERAL_SENTIMENT
b73387a5e2a110aca6a35c5c,CUSTOMER_SUPPORT|FUNDS_TRANSFER
5f773c59881e90a04ac90642,TRUST_FAIRNESS_REGULATORY
16bdc2dab564a3c9be5abbda,APP_STABILITY_PERFORMANCE|TRUST_FAIRNESS_REGULATORY
85b274ad58dbaf96bbf7541f,CUSTOMER_SUPPORT
89aab5d9fb00604d4639e681,USABILITY_NAV
da4f83d0d61440c67a50c6d9,ACCOUNT_ACCESS_AUTH|CUSTOMER_SUPPORT
775cda6ac74dcd8e965b6ef2,GENERAL_SENTIMENT
540bd0f0737c830235341fc1,GENERAL_SENTIMENT
6644eed035c7861ee0cad637,GENERAL_SENTIMENT
45ea452e65a7275efc6c1b3d,FUNDS_TRANSFER|USABILITY_NAV
fa043c9aeaefed01fb8169c4,ACCOUNT_ACCESS_AUTH
5c541097a049d6df1ef72de5,GENERAL_SENTIMENT
427e5a8f336bd6cfcab05bdb,USABILITY_NAV
9eb52c4c6c026fa8a46de96c,SECURITY_PRIVACY
118ad9cf3192f50c4fff1209,GENERAL_SENTIMENT
b321b5a8f36d83cc0c73c495,GENERAL_SENTIMENT
93a6981d1b007c2e5f62634f,ONBOARDING_BEGINNER
76d50f053027b8449408f244,CHARTING_TOOLS|USABILITY_NAV
334c6e430d38b64869470a3e,ONBOARDING_BEGINNER
acbc686382352573774f2007,ONBOARDING_BEGINNER|SECURITY_PRIVACY
5f57556ea8d4a857cdd998a7,ACCOUNT_LIFECYCLE|ASSET_COVERAGE
57227da2ff8b376221f12093,GENERAL_SENTIMENT
184293577429646a33a2f3ce,GENERAL_SENTIMENT
fd1a2fe1bafce95b6ba12248,GENERAL_SENTIMENT
0a396fb6f72190be0d267c00,GENERAL_SENTIMENT
1acf822ca6e01b63237b9939,USABILITY_NAV
c9366f1d071391675b27dade,GENERAL_SENTIMENT
9ca516796d273c4892b2cc28,GENERAL_SENTIMENT
706d3841fcd286110febc7a3,USABILITY_NAV
ce9b72cd99da4f951ccf7900,USABILITY_NAV
27d952bd17ceefbd60870286,FUNDS_TRANSFER
d34c8f1e94d416a2ba2171cb,USABILITY_NAV
4b226afc004119bdf72f60eb,CRYPTO_SPECIFIC
a10b02f3e7cfedb9404c4cb1,TRADE_EXECUTION|USABILITY_NAV
35f440fe4549601c966bf8e3,ACCOUNT_ACCESS_AUTH|USABILITY_NAV
83f4c8b9719bf2fa72bdc255,USABILITY_NAV
87e49278718b44acef83023b,APP_STABILITY_PERFORMANCE|CUSTOMER_SUPPORT
e47150f1d8938558b5b531ca,CUSTOMER_SUPPORT
e6d8c544451737adaa447d73,ACCOUNT_ACCESS_AUTH
4d7bbc43cc9ca3e6c2c754c0,CRYPTO_SPECIFIC|CUSTOMER_SUPPORT
79227af07bd38673f5551567,ACCOUNT_ACCESS_AUTH
cdfc07d1471af46681374c15,FUNDS_TRANSFER
2b1c3fe8fdc9bb6bd2f5081b,ACCOUNT_ACCESS_AUTH
286b90ff663b6762953179b4,GENERAL_SENTIMENT
9f626d349c6d3c481d133151,ACCOUNT_LIFECYCLE|TRUST_FAIRNESS_REGULATORY
5533e07fc2c4fd67a3eb9765,CUSTOMER_SUPPORT|TRUST_FAIRNESS_REGULATORY
88a08b8deacb5952a0905493,GENERAL_SENTIMENT
955252b401c6126378d5efa6,USABILITY_NAV
c6affc5a2482a34d7da58c17,ACCOUNT_ACCESS_AUTH|FEES_SUBSCRIPTION
30a14a8cdaf49e1d6da1fad7,USABILITY_NAV
1743a1c1843ac671b73c0a6c,USABILITY_NAV
1a22bdca9e25627cfba99d86,TRADE_EXECUTION|CRYPTO_SPECIFIC
3762e745dbd77dfa52cd8043,ACCOUNT_ACCESS_AUTH|CUSTOMER_SUPPORT
01b704af309c1bafbabe73f3,USABILITY_NAV
ecb364907314aa6d550456ab,GENERAL_SENTIMENT
4a646974f5575a2b11cc1b4d,APP_STABILITY_PERFORMANCE|USABILITY_NAV
db6f0eec3eef8ffcd550eaeb,SECURITY_PRIVACY|FUNDS_TRANSFER
ddf5c1ee26d117b84b42ff11,GENERAL_SENTIMENT
52bb2886d3ffdc1cf6ee09d6,ACCOUNT_LIFECYCLE|CUSTOMER_SUPPORT
abf1f7521626dbc6be2234c2,APP_STABILITY_PERFORMANCE|FUNDS_TRANSFER
87661aa46bdbe6b72c6858c5,GENERAL_SENTIMENT
e82c35b986c955bb0a403d82,GENERAL_SENTIMENT
962feed198bdcb0582cff041,GENERAL_SENTIMENT
32478c0181be20f433d64576,GENERAL_SENTIMENT
b213ec5f7f581932ce740020,GENERAL_SENTIMENT
8fb6c8fc5787b7bd4ba8fe0a,TRADE_EXECUTION
cdcb39e228d723c8d7249fc3,FUNDS_TRANSFER
c960db3e765fdda2b640c2ea,GENERAL_SENTIMENT
dbb38c2c7189f647f5369a67,ONBOARDING_BEGINNER
a45d4b1ab36b9f17620f89f4,GENERAL_SENTIMENT
fd1cfd8930748e706735ea04,GENERAL_SENTIMENT
1012392f9628fab924abaf54,APP_STABILITY_PERFORMANCE
c2fc7ada434d96d461b56ea0,GENERAL_SENTIMENT
889891c2c9336d13ae3f9d20,GENERAL_SENTIMENT
8b64cc7743ae4af822b01ab0,GENERAL_SENTIMENT
d2ca29e248ab6b1ee89bd388,USABILITY_NAV
ddf163c18aa2bf306dd22ad5,ACCOUNT_LIFECYCLE|TRUST_FAIRNESS_REGULATORY
e6035255f09b0001daa4b618,USABILITY_NAV|FEES_SUBSCRIPTION
ebb54db6a1ad1842c64135c6,CUSTOMER_SUPPORT|GENERAL_SENTIMENT
6a60e39c6a2ea2677f7fd76a,FUNDS_TRANSFER|CUSTOMER_SUPPORT
4919fa10330aa317b68af107,GENERAL_SENTIMENT
f66692a68d8cf37ab1833c52,FUNDS_TRANSFER
433ac3033885fb947d79b10a,GENERAL_SENTIMENT
9aa1d1997ede9d02cdd31572,CUSTOMER_SUPPORT|APP_STABILITY_PERFORMANCE
60e14c5c422696ff8f8acd9c,USABILITY_NAV
3dbb97b98c3b89f441177ca7,ACCOUNT_ACCESS_AUTH
ad8f7cd36015d48968dcfe31,ACCOUNT_ACCESS_AUTH
715f42336dee62265f40625f,ACCOUNT_ACCESS_AUTH|CUSTOMER_SUPPORT
f5a431499339d81f08910d97,USABILITY_NAV
18b0c13c0339cbb5e1c45bc8,GENERAL_SENTIMENT
cf965930712d8598d0321130,GENERAL_SENTIMENT
3a8cab964739132f0c4efe24,GENERAL_SENTIMENT
0a5a414a690c3b7a144b3e72,TRADE_EXECUTION
ccce2e4f2f24133a1a06ec7a,ACCOUNT_ACCESS_AUTH
9cd1db6d08f9be7f9bfd08ca,GENERAL_SENTIMENT
49d472838b9ffd00fe35610b,GENERAL_SENTIMENT
a7e445724cf4df49d44423f4,APP_STABILITY_PERFORMANCE|TRADE_EXECUTION
8a485486bd435ec05695b4eb,ACCOUNT_ACCESS_AUTH
6dbed241f5965001454661ba,USABILITY_NAV
00aac39e4b4fe7366d8682c4,GENERAL_SENTIMENT
8b3537f9bc4da49e202af788,CHARTING_TOOLS
351b8d4a513b4c4b5732840e,USABILITY_NAV|CRYPTO_SPECIFIC
fc16e53939ca38c1c5070c8e,GENERAL_SENTIMENT
ebfc3aca9e778ca8ef3d8b24,ACCOUNT_ACCESS_AUTH
91c599298829d5335639933a,GENERAL_SENTIMENT
b3d944a632942d77fdca626e,USABILITY_NAV
b148f15d6edcfc3b44ec6323,ONBOARDING_BEGINNER
d0ad2af639cea3cc2362d16e,GENERAL_SENTIMENT
d76f5d2212e8514d220920c1,GENERAL_SENTIMENT
d0378080f0b76636892727f7,APP_STABILITY_PERFORMANCE|CHARTING_TOOLS
4ccccc99f4480d327d978cad,GENERAL_SENTIMENT
5d17a5a7706551f2cff82155,ACCOUNT_ACCESS_AUTH
49c3d9a9b8b6c41104265cea,USABILITY_NAV
bb392dd85802aca76f3c710b,APP_STABILITY_PERFORMANCE
8471ba1fbdfceab305949677,ONBOARDING_BEGINNER
78bcaf9fa4c5e6ca5fa981af,ACCOUNT_ACCESS_AUTH
60faabdb0cee04179a522ce9,GENERAL_SENTIMENT
ef8c10633cdf4580c549b78e,GENERAL_SENTIMENT
8b0a41dc51542c29f9ab62e0,ONBOARDING_BEGINNER
2832564dee4690f5f966d431,ONBOARDING_BEGINNER
89e9aa36ebcfa34732d3d9df,TRADE_EXECUTION
14b72533edb2b6a30cbe7919,GENERAL_SENTIMENT
b9d4de29bf662bec2cae9d59,GENERAL_SENTIMENT
6432ae7640730dd61f89ceea,ACCOUNT_ACCESS_AUTH
99d7068409449ed219a6cde7,USABILITY_NAV
aefd7b58ca6355be80b597b2,ACCOUNT_ACCESS_AUTH
14868d4273cbbf48a81e86c2,ACCOUNT_ACCESS_AUTH
018fde0abbdd7bc047a2e4e2,ONBOARDING_BEGINNER
b46790844b68c77ce7cae21f,GENERAL_SENTIMENT
ba91ebf2bbd0185254110fa1,GENERAL_SENTIMENT
0302ff5825d6a7649cdb9ccf,TRUST_FAIRNESS_REGULATORY
2618b2c12e36fbb1ec808c5a,FUNDS_TRANSFER|CRYPTO_SPECIFIC
7da9a91e0b9e45c251548f19,TRADE_EXECUTION
4157c4e1a8ae880b1a2905f5,ACCOUNT_ACCESS_AUTH
686b7141b79b35e6a574716c,CUSTOMER_SUPPORT
29937b9105c97af7200bc9e5,USABILITY_NAV|FEES_SUBSCRIPTION
839dcf8cc7cf53b49619fbbc,GENERAL_SENTIMENT
9ff479f172f46b78aa244f73,ACCOUNT_ACCESS_AUTH
2e96d18c8a4e76c8d9ce18ca,ACCOUNT_ACCESS_AUTH|APP_STABILITY_PERFORMANCE
0ef6a84c436d089d3d33e9ea,GENERAL_SENTIMENT
f9f0c13186251f03adbe34e9,GENERAL_SENTIMENT
283915dd7e90f7630b48023b,ONBOARDING_BEGINNER
584c72e08ba6c9aa04dae857,GENERAL_SENTIMENT
9c02c23506c2856185824e77,GENERAL_SENTIMENT
0e20af0f203c0f314f4f6548,USABILITY_NAV
03ca8bd777bf9a35546f28f0,GENERAL_SENTIMENT
c0443b153b28c10e3fac0aa2,APP_STABILITY_PERFORMANCE
98854c48460a64385763d8ed,ONBOARDING_BEGINNER
48707a183a901cae16c610fc,USABILITY_NAV
b28e75153170a54a5c4a36a8,USABILITY_NAV
df7f98e91881d6fae303c37b,USABILITY_NAV
53737ccc0fcf5d9d0df0d02f,GENERAL_SENTIMENT
7bb7e2b75bbc99c29349f81c,GENERAL_SENTIMENT
37291d6905c262e7fabf4f3c,GENERAL_SENTIMENT
1d65252d5ca99cbce627c2a3,GENERAL_SENTIMENT
2c0ad8384ccd4a1fa34a0277,GENERAL_SENTIMENT
8de8d61f91b46d63e94e0704,GENERAL_SENTIMENT
f889ca5a2677758c284933d1,GENERAL_SENTIMENT
80ae79d4664129d7b7cbe32b,GENERAL_SENTIMENT
92d010d0dbe89120f694eb7d,ACCOUNT_ACCESS_AUTH|APP_STABILITY_PERFORMANCE
8246e0177bb8ac5744129bcb,USABILITY_NAV|ONBOARDING_BEGINNER
51be32883c925fea1538e8ec,ONBOARDING_BEGINNER
ff6f0787907bfe448d1bd000,APP_STABILITY_PERFORMANCE|ACCOUNT_ACCESS_AUTH
2b4c80d0cfe32632fbb00163,FUNDS_TRANSFER
c78c354b20796f553a01a92f,ONBOARDING_BEGINNER
379e0cddd348c984dea25ab9,GENERAL_SENTIMENT
1f5b66ed01c399e5517c41b3,ONBOARDING_BEGINNER
6db36a3d3509b54822690361,GENERAL_SENTIMENT
5bdb7b7423d5caa7d3b7728c,ONBOARDING_BEGINNER
40738587b6119fb14a09940a,APP_STABILITY_PERFORMANCE
f7919f6b64efad11c25b6b6b,GENERAL_SENTIMENT
ec465e774e45b3ee8e994bbf,FEES_SUBSCRIPTION|ONBOARDING_BEGINNER
640acf65801591d6e150a376,GENERAL_SENTIMENT
01be4fab9b377360d58847e9,GENERAL_SENTIMENT
55f3ded65dce7fe0454d2c2c,USABILITY_NAV
fbddc94f7168dd84faf028fe,APP_STABILITY_PERFORMANCE
71d7329d75d923a4cfb73c79,ADVERTISING_NOTIFICATIONS
cdf6f0e9987ddfd060fc5e36,TRUST_FAIRNESS_REGULATORY|TRADE_EXECUTION
674399d9deb03d67de5402b4,TRADE_EXECUTION
56d87831a8b03ba801657033,USABILITY_NAV
1ba40554c99c6ad5d006455c,SECURITY_PRIVACY
e7bf76478b28f22734fef72a,GENERAL_SENTIMENT
96cd9825540eb563be5c8e73,GENERAL_SENTIMENT
4d2efecde3f8c10bb532185a,FUNDS_TRANSFER
3811ed9b69d764be3054b3cf,USABILITY_NAV|CRYPTO_SPECIFIC
6887b12ac94d6bf04b4cb1ae,GENERAL_SENTIMENT
1e0409f5e065161bb0b8d81f,USABILITY_NAV
97a666aad21aa478bb370606,ONBOARDING_BEGINNER
d781dace92a22d595647b774,ACCOUNT_LIFECYCLE
d2947152268cd99a9eec9c94,GENERAL_SENTIMENT
cb3b1166a1d492ad5b63c932,FUNDS_TRANSFER
663e2631b927ba7cf01bb537,USABILITY_NAV
90afc0ef281fce3722c48c38,APP_STABILITY_PERFORMANCE
19ef30cd0ace4bde4cb1a373,GENERAL_SENTIMENT
8b58539199c8a4ae96108872,GENERAL_SENTIMENT
1d8430c542b9ad0187a83c82,ACCOUNT_LIFECYCLE
9a3a1fa0961cc1f323e3bc00,CRYPTO_SPECIFIC
04151d74f3f4384e33d060cd,GENERAL_SENTIMENT
8e6bd2558fd906149ead2869,USABILITY_NAV
3be6c969a4d4c07171da8c14,GENERAL_SENTIMENT
9c43a63d0eb1ef1ed477410b,CRYPTO_SPECIFIC|ACCOUNT_ACCESS_AUTH
431b84d0761498d0aa877b26,ONBOARDING_BEGINNER
75ba1f9a421233de9224689d,ACCOUNT_ACCESS_AUTH|CUSTOMER_SUPPORT
1362ad7c1174533e24df0e08,GENERAL_SENTIMENT
793f9fac75146d53940fdbd9,SECURITY_PRIVACY|TRUST_FAIRNESS_REGULATORY
8f2e1ab11d64e7a7de0ba156,APP_STABILITY_PERFORMANCE
ece39da75434fa5c26b4faee,APP_STABILITY_PERFORMANCE
9cdc842d235da7a947417c52,GENERAL_SENTIMENT
b9c5f01361529413a354bef7,GENERAL_SENTIMENT
4dfefc244daf0271de410b7f,TRADE_EXECUTION|TRUST_FAIRNESS_REGULATORY
c032d843e9dc2db77331ba63,ONBOARDING_BEGINNER
7e284b77391fbdc259e18a49,GENERAL_SENTIMENT
0e7ab144fc9966cb28acf838,TRADE_EXECUTION|TRUST_FAIRNESS_REGULATORY
ed33e92850e2f9543f043aa1,GENERAL_SENTIMENT
0601b344712a4295d4cf103f,CUSTOMER_SUPPORT|ACCOUNT_LIFECYCLE
eb495af4c2fbea10ebc6b0dc,CRYPTO_SPECIFIC|CHARTING_TOOLS
f42f1921042bf6a84bf1c9bf,GENERAL_SENTIMENT
71d344ab6cdd635d32b66c65,CUSTOMER_SUPPORT|ACCOUNT_ACCESS_AUTH
fb3462bce86d394e00b2f573,GENERAL_SENTIMENT
4a487751700284f27f86047d,GENERAL_SENTIMENT
2e5ff886182fd14ae51eacf6,GENERAL_SENTIMENT
d8b04204d502ba8e946476c0,FEES_SUBSCRIPTION
a63e34c064ff56373380c3ca,GENERAL_SENTIMENT
7a8acc8dfc2bb0e821446d67,APP_STABILITY_PERFORMANCE
95d52381e6f4feb7a3de0dec,GENERAL_SENTIMENT
0f4b5bc8e080892c19aa2949,FEES_SUBSCRIPTION
0a145af0fd212e7ad9307708,USABILITY_NAV|ONBOARDING_BEGINNER
a7d92e4b139e8d6a12f39440,CRYPTO_SPECIFIC|FUNDS_TRANSFER
159829ac455c0183cd84a786,FUNDS_TRANSFER
1dcf867f00d3f355e3ab8560,USABILITY_NAV
2392ad18b9e4a0eb518ab94b,GENERAL_SENTIMENT
1e4a916aa2b159c040d401d0,GENERAL_SENTIMENT
7a7d005448fa9da6549f0630,GENERAL_SENTIMENT
f301b377985dd59cbfaa12c4,GENERAL_SENTIMENT
8dbaa112f7d22f234cf87370,FUNDS_TRANSFER
658ed4e408a036f3cfdff293,ONBOARDING_BEGINNER
2038deb370416f1f972cb748,USABILITY_NAV
222ad2613602b07debb84f5b,APP_STABILITY_PERFORMANCE
f3389b84fab9b42ba55dc65e,GENERAL_SENTIMENT
323540b0c91cfc75bc4ec2a6,USABILITY_NAV
1b9c3767a81a733d6827198f,GENERAL_SENTIMENT
25957ba005c37e994e667801,CUSTOMER_SUPPORT
91a1e3977a6d769823453a44,ACCOUNT_LIFECYCLE
6ff96e0c4157ba3cdaa309c3,GENERAL_SENTIMENT
95dec12b08b7a991decaf965,USABILITY_NAV
71e9d614751bc1ca7b3a0e38,GENERAL_SENTIMENT
04e1d93e8b494a33c046eaf9,CUSTOMER_SUPPORT
0562d9ac8b229c4d8a7cb179,USABILITY_NAV
e47496310a9f527adee46665,FUNDS_TRANSFER
61a16a34282a77b752d8b66d,TRADE_EXECUTION|USABILITY_NAV
86704a518ced6458119ce626,ACCOUNT_ACCESS_AUTH
823a85050491a7d63cea33d6,SECURITY_PRIVACY
b392213f91d4d13664e257c3,USABILITY_NAV
a86fc66f91ac59fa4dfe34f3,GENERAL_SENTIMENT
712e2ed1927a629ce28e5edf,USABILITY_NAV
ad5ff147fa48b0118c7d4bdb,GENERAL_SENTIMENT
f287273a8619ce6748280d83,ONBOARDING_BEGINNER
e840e5c5aec3d09664e9e6fa,FUNDS_TRANSFER|CUSTOMER_SUPPORT
8a38051fe84bb97d0d768986,APP_STABILITY_PERFORMANCE|TRADE_EXECUTION
fd6a015117746aab82ee89d3,TRUST_FAIRNESS_REGULATORY|FEES_SUBSCRIPTION
db4dba344724c32f183a293c,GENERAL_SENTIMENT
c61ea471f1a00f709e1620f8,GENERAL_SENTIMENT
b7667b6b84d023104cf14c38,ASSET_COVERAGE|USABILITY_NAV
076ba403ccb62d43e4a2100c,GENERAL_SENTIMENT
0e1adbcef76dd3628c6b28b7,GENERAL_SENTIMENT
41213edc7e98f499b3e511c6,TRUST_FAIRNESS_REGULATORY
114cafd213b16edb04542cdc,SECURITY_PRIVACY|CUSTOMER_SUPPORT
147d6c2a54959acc17790033,PREDICTION_MARKETS|TRUST_FAIRNESS_REGULATORY
8035ec4790bfba877a590020,FUNDS_TRANSFER
c97e37e0f3dc0c79a2a0bcab,APP_STABILITY_PERFORMANCE
1bd44848a52811d3a329a8e5,ONBOARDING_BEGINNER
8d0b3804f62d637540190ebb,SECURITY_PRIVACY|CRYPTO_SPECIFIC
7b38e2ae3e9f374e30959f25,GENERAL_SENTIMENT
f59b873b9b450caab6225c16,FUNDS_TRANSFER|FEES_SUBSCRIPTION
5a0e720bf1b3c33821de0e0a,FEES_SUBSCRIPTION
56513dce788c5b9323d1ad8f,GENERAL_SENTIMENT
fb1355732c81162b5a0ac6e3,GENERAL_SENTIMENT
76eaceaaf5cc5518a1b384c7,FEES_SUBSCRIPTION|USABILITY_NAV
37baf84b15312fe7a52dc6a4,ACCOUNT_LIFECYCLE
64b2620cc0736f57e9803900,USABILITY_NAV
7e5ae77130baa90be8b48977,USABILITY_NAV
947fff21173d231daa855853,GENERAL_SENTIMENT
ad41c436c314a36932b47754,USABILITY_NAV
8ee4967bee37a1f5a87a466c,GENERAL_SENTIMENT
9b52b53830010756be0a33ee,APP_STABILITY_PERFORMANCE
59ca20e751ded7f0ce1df18b,GENERAL_SENTIMENT
5052129deae08c1d3be2052e,APP_STABILITY_PERFORMANCE
add7c3bf1761b0fa90ac4181,APP_STABILITY_PERFORMANCE|CRYPTO_SPECIFIC
8fbecf949cc47f0caa745b3a,GENERAL_SENTIMENT
fbaf1cd9a48fe9ae7dbcef3c,APP_STABILITY_PERFORMANCE
a6ca10ed97c3f30bf75bfef6,ONBOARDING_BEGINNER
14b5a6668f235e0c6f8014d8,GENERAL_SENTIMENT
8289cdbec50b74a7bacc4276,GENERAL_SENTIMENT
95cfbebe3592c1dd3e6e47fb,USABILITY_NAV
77c32eb6c272dcd68b5df001,ONBOARDING_BEGINNER
e93990a64b39f4dd9a26529e,ASSET_COVERAGE
643102d5ea3e7ffa6e34f447,CUSTOMER_SUPPORT
61ff6493f4079f96bd58c715,TRUST_FAIRNESS_REGULATORY
5e2bc95e522139396803aa64,USABILITY_NAV
6870b9a228b1c8cf589b16f7,GENERAL_SENTIMENT
c9ccf98c02fd6d872c71c6cd,GENERAL_SENTIMENT
4248872cebab256d2ddedf32,ACCOUNT_ACCESS_AUTH|TRUST_FAIRNESS_REGULATORY
13c89d75bbca192baf5edc79,ACCOUNT_LIFECYCLE
aa77fa21f7d287b5e16cc818,ONBOARDING_BEGINNER
3cfd1e735b47c31831caac4a,FUNDS_TRANSFER|CUSTOMER_SUPPORT
03dddc775af035db64ffd339,GENERAL_SENTIMENT
a9a91c8b91061e540c095a47,GENERAL_SENTIMENT
50a1d35493ca23be7daade25,GENERAL_SENTIMENT
ebd9bbcb87f1e4cac6ad5dac,ACCOUNT_ACCESS_AUTH|CUSTOMER_SUPPORT
4f007ce82b330348ece69021,ONBOARDING_BEGINNER
7ed6fe45333ae7d84d8bc914,GENERAL_SENTIMENT
de52f3e048b62be3f751f4a2,USABILITY_NAV|FUNDS_TRANSFER
da99e999c7cb28623e891581,CRYPTO_SPECIFIC|CUSTOMER_SUPPORT
1dab84f4178c3aeb6c257733,ACCOUNT_ACCESS_AUTH|CUSTOMER_SUPPORT
fc2e5081bb5da59c75a868ec,USABILITY_NAV
80936a06230c55802ad183b9,GENERAL_SENTIMENT
a6e91beff6f725dabf6ecdf8,GENERAL_SENTIMENT
575d84af9b5d997c12321d7f,GENERAL_SENTIMENT
eca4d6a318dc96d2c7662e07,GENERAL_SENTIMENT
f49d9ac8875da73f313fb09f,USABILITY_NAV
b578da16a8e368ce26d1d09b,ACCOUNT_ACCESS_AUTH|APP_STABILITY_PERFORMANCE
2805ab6bdb66dbc2081a62fc,GENERAL_SENTIMENT
19c32c249746a1541915c9cd,GENERAL_SENTIMENT
d95e82e0464d8ba2fe837bbb,ONBOARDING_BEGINNER
abf36ae7fb1fb58c6c7aaa86,USABILITY_NAV
2b321b489d3a76bc08ca5c07,ACCOUNT_ACCESS_AUTH
2f13b1dc3709235aecf60f12,SECURITY_PRIVACY|ACCOUNT_LIFECYCLE
40af4b262b89e4c132bbea13,GENERAL_SENTIMENT
86a63ec77d76cd72437b3daa,ACCOUNT_ACCESS_AUTH
34ad91b035f627e5c09b6451,GENERAL_SENTIMENT
677fc3aef87342b1a9779ce3,CUSTOMER_SUPPORT|CRYPTO_SPECIFIC
801c2d8d76d0c4b59afad227,USABILITY_NAV
ca39abc13ab16fde4f07934e,GENERAL_SENTIMENT
ca51f52c437b90bfe61c0814,USABILITY_NAV
e0ba68e6a48a06a2618c796c,GENERAL_SENTIMENT
2eafd016de393621fa5b0bdc,GENERAL_SENTIMENT
ed2dcbb73aaaf6f63bbb5de0,USABILITY_NAV
13de0f8975c900c1023dc5eb,GENERAL_SENTIMENT
12e034fef48e40b3b1f6ddf7,GENERAL_SENTIMENT
2743711c5a661a3dede3fd8c,GENERAL_SENTIMENT
6694b43b6e3cc4796726eb6e,GENERAL_SENTIMENT
954cfa7c52a3897b20d17822,FEES_SUBSCRIPTION|TRUST_FAIRNESS_REGULATORY
7cd4fc0644febd4c256120d2,GENERAL_SENTIMENT
706fc283ad22ee763637e75d,GENERAL_SENTIMENT
3bfa1d78b709a35fa5b4d310,USABILITY_NAV
8b7a681859168f2c69e2bc78,GENERAL_SENTIMENT
352b33ce18d22b98a65c25f1,APP_STABILITY_PERFORMANCE|PREDICTION_MARKETS
ca87712b045a4c8900d8b267,ACCOUNT_ACCESS_AUTH
f4f640695ea4e8827e3ff420,APP_STABILITY_PERFORMANCE|ACCOUNT_ACCESS_AUTH
2eca4f8343e11832c1c39dae,GENERAL_SENTIMENT
0d5af2352e7bef429271188b,USABILITY_NAV
1e033bb5b4900571f24ed27d,FUNDS_TRANSFER|APP_STABILITY_PERFORMANCE
6a77af92e083650d4081cfe0,USABILITY_NAV
762e94487d109b532f621653,GENERAL_SENTIMENT
ed001760571adf3006ced769,ACCOUNT_LIFECYCLE
59f472124fba8d8fb7bd63c6,GENERAL_SENTIMENT
2ca3a6fed52eab05cd0bd154,SECURITY_PRIVACY|CUSTOMER_SUPPORT
f5ff6d24132ff6fb8f35d4d4,ACCOUNT_ACCESS_AUTH
4ed4837647afa8e43a3eddb9,GENERAL_SENTIMENT
4aac751dcab9d14bb3cdbf92,PREDICTION_MARKETS|TRUST_FAIRNESS_REGULATORY
11e7578c5b88f4fe987e89d1,GENERAL_SENTIMENT
87ef3946342956354d993df8,USABILITY_NAV
06a205474db5f5903d0b68b2,GENERAL_SENTIMENT
c0e50d240c783d490ac82328,GENERAL_SENTIMENT
490782934ba6e6b86d626ce5,APP_STABILITY_PERFORMANCE
a8736dd7d9338b63130fb771,FUNDS_TRANSFER|CUSTOMER_SUPPORT
f98bef24ddd1955dfd0609d9,GENERAL_SENTIMENT
e360211e160682fbf7b682bf,USABILITY_NAV
ce65ac025fda7f5c2d001ae3,ONBOARDING_BEGINNER
952b37bb24f13b933fc81e37,GENERAL_SENTIMENT
182269812b539694b4a4dc25,APP_STABILITY_PERFORMANCE|ACCOUNT_ACCESS_AUTH
683a98ca263d9cba4e92a9e8,GENERAL_SENTIMENT
a233853593fb21e999274273,GENERAL_SENTIMENT
506a63003ab071bb749e0673,GENERAL_SENTIMENT
4c88cbaf0a0e1dc83f1dd729,GENERAL_SENTIMENT
74b18de3f60fb8f0f722ce03,GENERAL_SENTIMENT
80b2967d26039cc20f6bb663,SECURITY_PRIVACY
76a5ffe5ca8e608b20487d58,ACCOUNT_ACCESS_AUTH
4ba6634e2814563619d3d8c3,ONBOARDING_BEGINNER
bd07be35c3761bd9f1230914,GENERAL_SENTIMENT
075f70ff4a1415d33b5a7e58,TRUST_FAIRNESS_REGULATORY|FEES_SUBSCRIPTION
550e5965a68a467c39b7fc43,GENERAL_SENTIMENT
d984197e3e63848f9988bfaa,CUSTOMER_SUPPORT|FEES_SUBSCRIPTION|SECURITY_PRIVACY
ade265c34513373b21a113fb,GENERAL_SENTIMENT
5c51e3e1bb0c83ca8e9c561d,USABILITY_NAV
6b0125313c72498a779c4377,ACCOUNT_ACCESS_AUTH|FUNDS_TRANSFER
d2909fb79285b6cb1b6b1aee,ACCOUNT_ACCESS_AUTH
531b970f7f171c66d2cb426b,USABILITY_NAV
928c0a0031a4c2ad528800fc,ONBOARDING_BEGINNER
6250498f2d355ef0a94dbd53,USABILITY_NAV
33c9a5176e3145faeef2d12a,GENERAL_SENTIMENT
cdb2b36894928c0e1b92762f,USABILITY_NAV
3b34ac6d16e157add1c13c79,TRADE_EXECUTION
9477982c729603a50dbd86c5,USABILITY_NAV
1919024cd564b087b1cb2150,GENERAL_SENTIMENT
16c38f15fddee4de832348df,GENERAL_SENTIMENT
8e66ab92fae35412e625b911,GENERAL_SENTIMENT
5bed56cf98cde0d937b12a11,ONBOARDING_BEGINNER
44b7baa08eb0c7886ab53d32,USABILITY_NAV|FEES_SUBSCRIPTION
12bfcd7fb6a72c06eed5bdfc,GENERAL_SENTIMENT
c9b712575cfc88c2f9f029dc,TRUST_FAIRNESS_REGULATORY
0dd9de7131ee7549f7bfeac4,FUNDS_TRANSFER
24defa4548f114cf9ca1a2b1,USABILITY_NAV
d01b96fee9983c7dd1a8772c,CRYPTO_SPECIFIC|CUSTOMER_SUPPORT|APP_STABILITY_PERFORMANCE
e624d5170dc074fdcb786090,GENERAL_SENTIMENT
8f3d4bbd400e2024e6167e21,GENERAL_SENTIMENT
b7e3367af04b512bc9583e86,GENERAL_SENTIMENT
4fc845e7a67577144a9c36a4,USABILITY_NAV
b14f9acf08d8f8f145478e82,GENERAL_SENTIMENT
2228c9d5dd2609c7234db45f,CRYPTO_SPECIFIC|CUSTOMER_SUPPORT
41ee7f2297ea2714f3873f45,USABILITY_NAV|CHARTING_TOOLS
7f593ca41da337bb6fa38cec,ONBOARDING_BEGINNER
125a681c662cbb200faee9a9,TRUST_FAIRNESS_REGULATORY
ca745796b1fd2de756b21d7a,GENERAL_SENTIMENT
66a65c9d8c1d8c4aebdfa55f,ACCOUNT_ACCESS_AUTH
d7baf16849fe0cf40c8249d6,USABILITY_NAV|FUNDS_TRANSFER
6df6e43afd2b1aeac40ee76d,APP_STABILITY_PERFORMANCE
7755da6c3be1783b43c48f84,GENERAL_SENTIMENT
6e39d2f94b52ca3197eb0d5d,GENERAL_SENTIMENT
4bc919b529a7bb4c74f8e3b7,GENERAL_SENTIMENT
adeb50a17f34c8ffc7769713,USABILITY_NAV
715ab5462c6350b1c2555d20,FUNDS_TRANSFER|APP_STABILITY_PERFORMANCE|CUSTOMER_SUPPORT
01ac9767224939c4b2c791b6,USABILITY_NAV
43cbc199bec97270e6c080a6,USABILITY_NAV
f90c24b584c1dd558b982b40,USABILITY_NAV
ab76c8c3624ad90144cb6425,GENERAL_SENTIMENT
b6731381d600ec068d6e73a3,TRUST_FAIRNESS_REGULATORY
d9619d5fd802fb5c6b14ecef,SECURITY_PRIVACY
de75c00caa2ba57a96d041b8,TRUST_FAIRNESS_REGULATORY|FUNDS_TRANSFER
10f638e8cd5830dc63498d44,ASSET_COVERAGE
6394d5a171fbc8c3adc69139,GENERAL_SENTIMENT
6837d9fa93f46b473fe77a29,GENERAL_SENTIMENT
52529874a07b27778ee0b4e8,TRADE_EXECUTION|ASSET_COVERAGE
16535cde820ea9e0dd2da9c0,FEES_SUBSCRIPTION|TRUST_FAIRNESS_REGULATORY
f1186c48af9bd61875b05de4,USABILITY_NAV
02876c74189fd3955cb75411,CRYPTO_SPECIFIC
0001b68bee55fa3a5acfe1e9,USABILITY_NAV
1ecfb43487349ee8be99d396,APP_STABILITY_PERFORMANCE
cb37054b66773f88fd0ac8cd,GENERAL_SENTIMENT
743e8f081900ab82c2f898e0,ASSET_COVERAGE
a5f9afeea2665694135c7ce2,SECURITY_PRIVACY|CUSTOMER_SUPPORT
37e965e32ce757f08b31a0b4,USABILITY_NAV
7aaa5a69cf62ad0678745e08,GENERAL_SENTIMENT
d467a805a9f5d4cd004445c9,GENERAL_SENTIMENT
cb6186837eb9e249b16533d2,GENERAL_SENTIMENT
c77f348b23bea4ac3f3db4a0,GENERAL_SENTIMENT
44bd7c4d7366f78132293dfb,USABILITY_NAV|FEES_SUBSCRIPTION|SECURITY_PRIVACY
5e90023ae0cd07979c789a60,GENERAL_SENTIMENT
8c572b49bbf8c76ae3a87154,TRUST_FAIRNESS_REGULATORY|TRADE_EXECUTION
09145f5e09e9a5453342dbde,CUSTOMER_SUPPORT|TRADE_EXECUTION
2510e8f5030e78d136202ddf,GENERAL_SENTIMENT
a3c66f7a260f191c0098090d,GENERAL_SENTIMENT
060957a70c7a7edf55ec5e64,GENERAL_SENTIMENT
009d38e32ef4f80cc098ff32,GENERAL_SENTIMENT
0fdcebd1388a14e58b6b6046,FUNDS_TRANSFER|ACCOUNT_ACCESS_AUTH|CRYPTO_SPECIFIC
34ad7534d57ba38dc31e18f4,TRUST_FAIRNESS_REGULATORY
c60edcd917164a98e6d0ec9d,FUNDS_TRANSFER|CUSTOMER_SUPPORT|ACCOUNT_LIFECYCLE
99811066c846887decc7af39,USABILITY_NAV
017a06147a866e5159f106a9,CRYPTO_SPECIFIC|FUNDS_TRANSFER
83371c580b33b59afb0af698,GENERAL_SENTIMENT
6f84ea5b97b22ce64ac8864a,GENERAL_SENTIMENT
a985cda6c6ae5ac1ec950fb5,ONBOARDING_BEGINNER|FUNDS_TRANSFER
a11d921d99517df019ebc188,APP_STABILITY_PERFORMANCE
5e85fc2b7b10f9b3e45ec73b,GENERAL_SENTIMENT
9857a54d0d7dfbc4222a04b2,GENERAL_SENTIMENT
524617527b66c028ee66aaf9,SECURITY_PRIVACY|USABILITY_NAV
fcab5fff81333018158af1e8,ACCOUNT_LIFECYCLE|CUSTOMER_SUPPORT|SECURITY_PRIVACY
587b866c6b59036c7a98bb82,GENERAL_SENTIMENT
769450e853f6f14777da8786,GENERAL_SENTIMENT
1061841887ff00aba4ad4d48,USABILITY_NAV
1db9e3d46df2f62c6c2bd89f,GENERAL_SENTIMENT
c80e94fb0baa4bc44bd736d9,GENERAL_SENTIMENT
f5381b829d2c4f15dd16b067,USABILITY_NAV
c40a7ae7760eda934290d831,APP_STABILITY_PERFORMANCE
4d7c21276e53e49b31eca4aa,USABILITY_NAV
b86b439414b9dfd64366bbc0,FEES_SUBSCRIPTION
45c6760c1f4e4f37e754ef0b,GENERAL_SENTIMENT
ebd58215b486bff3b04c7537,GENERAL_SENTIMENT
6c66d7d290d10ec4e1ccb1fe,USABILITY_NAV
5d57af0e93a788bc0b0557aa,GENERAL_SENTIMENT
62aa25e2002a5e667e389a77,GENERAL_SENTIMENT
a54aeafe3ed13cb4c509f50e,ONBOARDING_BEGINNER
57baa813d5589cc70b20e9b4,GENERAL_SENTIMENT
f3262598514e74a1cffced6c,ACCOUNT_ACCESS_AUTH
2e3a5d79c5a07b4719c5fd42,GENERAL_SENTIMENT
a8990729184791791c5a895e,FEES_SUBSCRIPTION|USABILITY_NAV
f2145eff9597dd2ca8912fb9,ONBOARDING_BEGINNER
a181f006ed6cf83237072e7f,TRADE_EXECUTION|TRUST_FAIRNESS_REGULATORY
8baf5073cbfa61c0d1dad6d2,APP_STABILITY_PERFORMANCE|ACCOUNT_ACCESS_AUTH
951297800af5820a13bc666d,USABILITY_NAV|CUSTOMER_SUPPORT
a9aacfb34a059ddc95a2d064,APP_STABILITY_PERFORMANCE
feb578225fd4d0641331c9d4,USABILITY_NAV|FUNDS_TRANSFER
ffe392276764e5e6183c7d03,GENERAL_SENTIMENT
4dbcb252fee9e1f2959bcfdf,APP_STABILITY_PERFORMANCE|USABILITY_NAV
f36b11a4c35447baa5a0473e,GENERAL_SENTIMENT
a23a3bc1d10e034cd665adde,GENERAL_SENTIMENT
119a0bf1c51aae722584de98,TRADE_EXECUTION
a3c79e066eb6bb5a503a0cde,GENERAL_SENTIMENT
a233cc92d74c6e9251a0faee,APP_STABILITY_PERFORMANCE
bbbd822db0c65c63bb210d43,ACCOUNT_ACCESS_AUTH|CUSTOMER_SUPPORT
91a0e95eda75fed2831739fd,TRADE_EXECUTION
eda279a6b34a78a38f00b86f,GENERAL_SENTIMENT
b2d648012ac2ae31dd1940d8,ADVERTISING_NOTIFICATIONS
d7f885039c6f901276196fa0,CRYPTO_SPECIFIC
c9cc51ae837591ea0029bd64,CRYPTO_SPECIFIC
fc5c820d497e20260025c287,FEES_SUBSCRIPTION|CRYPTO_SPECIFIC
b85ab05d9d4117af202cabf4,SECURITY_PRIVACY
7031416334ba1a6ea7d4fb2b,GENERAL_SENTIMENT
2091a81c5967f0d91f81ed0c,ONBOARDING_BEGINNER
7dd87ea706d9dae1f6049e19,USABILITY_NAV|SECURITY_PRIVACY
5ba0247a10694704f8c2d7fd,APP_STABILITY_PERFORMANCE
2d83cdb0b1aa989c10e945ed,GENERAL_SENTIMENT
6e1dee993639ccf82d3a4cdd,GENERAL_SENTIMENT
bc3fce350ef192121da17f3a,USABILITY_NAV
7bb23c4ca05fe17feb84a2b4,CUSTOMER_SUPPORT
34e97706caea43280cb9f4e4,APP_STABILITY_PERFORMANCE
f343c9c7d12dd3e52be77d86,APP_STABILITY_PERFORMANCE|CRYPTO_SPECIFIC
6ef5e4375103b9f6a915246a,TRUST_FAIRNESS_REGULATORY
a3783f849fd6808d3bb9854e,USABILITY_NAV
0e93ab088314abc30634f656,GENERAL_SENTIMENT
029237c8a6fc80ddd0a2bc8b,GENERAL_SENTIMENT
29a50fd3013b745d638d5382,GENERAL_SENTIMENT
8a6b00ae9ab420ac8d3d3a4c,CRYPTO_SPECIFIC
46ec2b98130d3c36cc391466,GENERAL_SENTIMENT
ace6f96cfef12892028f6f7d,GENERAL_SENTIMENT
ab9547b2c065ab0884ba9efd,ACCOUNT_ACCESS_AUTH
e468238ed86c92a8339e1bf5,ACCOUNT_ACCESS_AUTH
a1efa52a6b1d347255678ebb,SECURITY_PRIVACY
99eb260665096e6fd26fc0df,USABILITY_NAV
96bc31b959fb458ce3454d99,ACCOUNT_ACCESS_AUTH
a068fa21a807d5cedcce2449,USABILITY_NAV
362e8bbebb8f43efa979753e,FUNDS_TRANSFER|CUSTOMER_SUPPORT|TRUST_FAIRNESS_REGULATORY
63c2c9dfca57366ca6124792,USABILITY_NAV
fe90f00a640f215b798de709,GENERAL_SENTIMENT
d8f28ead2bd184749a96bb0d,USABILITY_NAV
0c853060167d7c2dc5511b40,GENERAL_SENTIMENT
8583ed475936c93fb80f0af7,ONBOARDING_BEGINNER
54e18d742cebc4c577a811ce,ONBOARDING_BEGINNER
5c341d1fd0f989318d96cedc,TRUST_FAIRNESS_REGULATORY
e6b5038b7ae6b28d1ba7120e,CUSTOMER_SUPPORT|APP_STABILITY_PERFORMANCE
70b47f0a5595e92ae084adad,GENERAL_SENTIMENT
c1e3d0b745833ccda4210e51,APP_STABILITY_PERFORMANCE|USABILITY_NAV
60c9143ae592b3a1e52b1051,USABILITY_NAV|APP_STABILITY_PERFORMANCE
cb6c62f1221e3d87fcb8ac81,ONBOARDING_BEGINNER
569a84fd59d19fc8bcc35e0a,FEES_SUBSCRIPTION
52ec8baa58434562f33123b3,GENERAL_SENTIMENT
759ac244a5927126ad24b328,TRUST_FAIRNESS_REGULATORY
3a965984ee2507b1232d2da2,APP_STABILITY_PERFORMANCE|CRYPTO_SPECIFIC
03729d6a8b31ae5fe1a870c4,FEES_SUBSCRIPTION
3c1255ac6d7252dde5fa981b,USABILITY_NAV
7b9c9b5702744bbe1daaf39e,SECURITY_PRIVACY
183f4d1a153fcb39859af798,ASSET_COVERAGE
a4c7aaf7ee1aad00e2f0d0ae,GENERAL_SENTIMENT
b95e58aa6d481e4e616d6ac9,APP_STABILITY_PERFORMANCE|ONBOARDING_BEGINNER
a6bff7fb3836874cbccd1118,GENERAL_SENTIMENT
d779e8a4021dbb4b2e72cc0c,GENERAL_SENTIMENT
c0faf96458ee551b2eabd275,ACCOUNT_LIFECYCLE|ACCOUNT_ACCESS_AUTH
b5281b52d13f849386b65ed7,ACCOUNT_LIFECYCLE|CUSTOMER_SUPPORT
fb5c56aa5df485ae1e269023,APP_STABILITY_PERFORMANCE
e9d2525c0deb6f643ca1b3ae,GENERAL_SENTIMENT
d56a680b4ee5083d2694f52b,GENERAL_SENTIMENT
71717a387d8d0d9cf6cdfa3a,TRUST_FAIRNESS_REGULATORY|FEES_SUBSCRIPTION
53a1401d269b98f41bbce348,GENERAL_SENTIMENT
341a56b49aa680148711a37d,GENERAL_SENTIMENT
e450607f8e58869aea1f4a4f,ONBOARDING_BEGINNER
6be810bedfbe63c4690499bc,ACCOUNT_ACCESS_AUTH
8450d387aef928c3171b2c2c,APP_STABILITY_PERFORMANCE|CUSTOMER_SUPPORT
06fc53c0076c586a5b1a0de8,TRUST_FAIRNESS_REGULATORY|CUSTOMER_SUPPORT
9660f4a5fbe851540169262a,USABILITY_NAV|ADVERTISING_NOTIFICATIONS
ac448a0bcebda983bfd42029,GENERAL_SENTIMENT
626dba0ff740c6ff59efa8fa,TRUST_FAIRNESS_REGULATORY|FUNDS_TRANSFER
c50adb82bb0b3b628188aa27,GENERAL_SENTIMENT
56fe39538c375a1624ad6b77,ACCOUNT_ACCESS_AUTH
847420a84cf91df814b287a3,APP_STABILITY_PERFORMANCE
c32ac632757189be0126427b,APP_STABILITY_PERFORMANCE
a26f5ef815108edf8263cb1c,TRUST_FAIRNESS_REGULATORY
a8f0c6692552522b99f465f0,FEES_SUBSCRIPTION
893449903c14793e5f1cb100,CRYPTO_SPECIFIC|ADVERTISING_NOTIFICATIONS
4c5299063a0c014146ba5f12,USABILITY_NAV
5c310c8b6aa6d0fb882b28be,USABILITY_NAV
2e56a468a753e2d18cc04f1d,ONBOARDING_BEGINNER
c1bb1caaac5e837da62f28e8,USABILITY_NAV
080369082ef078d9858c2054,SECURITY_PRIVACY|CUSTOMER_SUPPORT|ACCOUNT_LIFECYCLE
c18fffeb2a4278e258896624,ONBOARDING_BEGINNER
f2b35902bf450d47efcb95ca,USABILITY_NAV
aacac064b9e01c3733acc433,FEES_SUBSCRIPTION
1a96c15021934f84cebbd0d1,ACCOUNT_ACCESS_AUTH
74714bdd784653a042854a12,ONBOARDING_BEGINNER
928bea52c8b7a65ca61ebcb0,ACCOUNT_LIFECYCLE|FUNDS_TRANSFER
fe538c371f9d9692f8517693,ONBOARDING_BEGINNER
83849d7669e60abb4e640504,FUNDS_TRANSFER
64c1429ae7df1e3461c30d9c,GENERAL_SENTIMENT
f69b42d54cf8debc9605c353,GENERAL_SENTIMENT
70564c57cf6bb49561ee019f,USABILITY_NAV
6b9e9b4c3733a8478089b2fc,GENERAL_SENTIMENT
f407eeb15cec77800a668979,ONBOARDING_BEGINNER
88a769fe2564407a8b33e81c,GENERAL_SENTIMENT
44045246c054cd31ca7a0ce0,GENERAL_SENTIMENT
0b09088246a0bb0f8c8b6fb9,SECURITY_PRIVACY
baa725d7af0c28b15015feab,APP_STABILITY_PERFORMANCE|TRADE_EXECUTION
ec350a713927cc4675e9816f,GENERAL_SENTIMENT
f8c9a0665c557cfb7686a30c,APP_STABILITY_PERFORMANCE|USABILITY_NAV
2f464fad3303600d593c5676,ADVERTISING_NOTIFICATIONS|USABILITY_NAV
490a8acef67f773e97bd0725,USABILITY_NAV
2b868faff16fce2dbb2cbeec,USABILITY_NAV
48085c65d0cee6574fe1a095,USABILITY_NAV
787bd41fa5a325d74179f0b9,USABILITY_NAV
159fb7e8027f844a9e41514d,ONBOARDING_BEGINNER
c7bc487190d65f325a069ec7,APP_STABILITY_PERFORMANCE
17aa18278b48b60a64996774,APP_STABILITY_PERFORMANCE
02bd874d699471d409dc2556,FUNDS_TRANSFER|SECURITY_PRIVACY
018a5088cd9f7c5ebdaa0ae6,USABILITY_NAV
022fc646174e07450ae5fdbf,GENERAL_SENTIMENT
4c18a6f7bc5a594bdd9d0f83,APP_STABILITY_PERFORMANCE
16d5c07f59d30af66eb2d391,GENERAL_SENTIMENT
f050594ddfd0fd139146f095,GENERAL_SENTIMENT
1791f50bed09b008c799ebbd,GENERAL_SENTIMENT
432e74dc58df807df584821e,USABILITY_NAV
3ad42c82fd369f6b1df55e9f,CHARTING_TOOLS
0da1e8b8659ee30445caa33d,GENERAL_SENTIMENT
d95267057425261991689afe,CUSTOMER_SUPPORT
b2b7da68b7f7483e8134044f,APP_STABILITY_PERFORMANCE
cdd8e618b4272d8cdc957ed0,GENERAL_SENTIMENT
02d9c7492508bbebfc855723,GENERAL_SENTIMENT
46908da9cf7c4b04759b11c7,SECURITY_PRIVACY|ACCOUNT_ACCESS_AUTH
972e397e2dce06f2684adc9f,GENERAL_SENTIMENT
ec74e2f6a54759f6c7881c82,GENERAL_SENTIMENT
6fc24b4993fd4c0c4f981ad8,ONBOARDING_BEGINNER
a39374e7c0abc3e2c52a0dad,GENERAL_SENTIMENT
9cbf31c5ca2ca94514ff2ced,ONBOARDING_BEGINNER
c65a7ca374d905df4e65eb48,ONBOARDING_BEGINNER
6ec525356ec624980b3f40fc,ONBOARDING_BEGINNER
37095f8a45b21c13f53671ec,GENERAL_SENTIMENT
ade5c83e6c03baa170d5e891,USABILITY_NAV
ceda2c53d3d13d03455f9d05,USABILITY_NAV|FEES_SUBSCRIPTION
b517e8b78f7a5adad5d82eb2,GENERAL_SENTIMENT
37f47fef22b8d8b82dc61584,USABILITY_NAV
4c2bef80d2edbb04f2020760,GENERAL_SENTIMENT
a5fd592ec665ada3e9a3c8c1,ASSET_COVERAGE
6bb884c5fe2a93962ce88a30,GENERAL_SENTIMENT
364b29857393692a5b31abca,ONBOARDING_BEGINNER
bd1ede529f18860ff62a0291,GENERAL_SENTIMENT
164314a31dbbdd935da8c5c8,GENERAL_SENTIMENT
eeacf21eae1db966557ff747,GENERAL_SENTIMENT
91ce65a06a242b4563c3db58,APP_STABILITY_PERFORMANCE|CUSTOMER_SUPPORT
c32b2d369733bdd02e417bce,ACCOUNT_LIFECYCLE|USABILITY_NAV
267e381a113c0325ee6fcaa7,ONBOARDING_BEGINNER
e8eeb1d80e9bcb4268ac84ee,GENERAL_SENTIMENT
fc01b465e7ba643f3e35e3c9,GENERAL_SENTIMENT
2186d418f196c44058c4fe27,CHARTING_TOOLS|USABILITY_NAV
6eabf4bda271e23ef1be7cb3,USABILITY_NAV
647dc9459dd62b98c322b7c5,USABILITY_NAV|CHARTING_TOOLS
16b8113751a035ba857a586a,APP_STABILITY_PERFORMANCE|FEES_SUBSCRIPTION
3865892fb3bb557856971a7b,TRUST_FAIRNESS_REGULATORY|FEES_SUBSCRIPTION
47236eee6423608adaf09e74,GENERAL_SENTIMENT
0b8b1b8e5cb3f34b613b1540,ACCOUNT_ACCESS_AUTH|CUSTOMER_SUPPORT|USABILITY_NAV|PREDICTION_MARKETS
7057a0207b048ef0e69ec7b6,GENERAL_SENTIMENT
84b3deeb9b981e96775e19ba,ONBOARDING_BEGINNER
248508e1e7732e74664f587b,ACCOUNT_ACCESS_AUTH
3927f559f2f1b799c34ee76b,USABILITY_NAV
3447dde385053e3d4112912a,GENERAL_SENTIMENT
a47635b35be50b6e431179cf,ONBOARDING_BEGINNER
0151c561b2fed38fd3c49c20,CUSTOMER_SUPPORT
e81a5f520e003ab9882e1471,ONBOARDING_BEGINNER
bf872a60afe70d87cc96a55f,ASSET_COVERAGE
1cc881de477d7a97d6b59440,ACCOUNT_ACCESS_AUTH|CUSTOMER_SUPPORT
9cd4622a832a940ab4e7ce2d,GENERAL_SENTIMENT
14aa8de2dba11814f0f7a53c,USABILITY_NAV
0965b76355bf362096617149,ADVERTISING_NOTIFICATIONS
83fdeadbe29a4fb639618098,SECURITY_PRIVACY
db5aaf9ff610f45f22a137b4,GENERAL_SENTIMENT
d79c8170416580fce0829507,CUSTOMER_SUPPORT
2775bc47b9b89424616ea021,USABILITY_NAV
be5df76f0e42f24f7646a87c,FUNDS_TRANSFER
67ccfc956a69329dfaaabbba,GENERAL_SENTIMENT
6736ac94650b23736f680663,GENERAL_SENTIMENT
f18741db2b7bbea94ece6550,USABILITY_NAV
f981836e1ef0fa9cd865478f,GENERAL_SENTIMENT
47ae0df71e098d2ec52ed686,GENERAL_SENTIMENT
38b07d313ea88e7afd61d15d,USABILITY_NAV
c770d099db9706cbfde11031,GENERAL_SENTIMENT
d5f748db8baadcd5621bca98,GENERAL_SENTIMENT
2ee866dd829f8aad8f98663c,ONBOARDING_BEGINNER
1ccecf0a1705afb614113a06,GENERAL_SENTIMENT
d9b54d3655f113ba9ffba08c,ONBOARDING_BEGINNER
67da191d78fc80f88a918673,GENERAL_SENTIMENT
7656d237f634858e44a5e37b,FEES_SUBSCRIPTION|ACCOUNT_LIFECYCLE
2e2c4a10a4a53a987248eff5,TRUST_FAIRNESS_REGULATORY|SECURITY_PRIVACY
4140af7dfdf737dfb457a735,FUNDS_TRANSFER|TRUST_FAIRNESS_REGULATORY
8a946c58dbd869fd40fb7290,USABILITY_NAV
d3b3d5b89470f4f376217503,FEES_SUBSCRIPTION|USABILITY_NAV
1a88a1ebd01df0c09f38f0ae,TRADE_EXECUTION|TRUST_FAIRNESS_REGULATORY
0419ae12eddf55f9543f6e16,APP_STABILITY_PERFORMANCE
83f83d6179b0f294055a7562,ONBOARDING_BEGINNER
16799b47c07b04c9904c4fa9,APP_STABILITY_PERFORMANCE
b26265c47533cd54abae9a3f,CRYPTO_SPECIFIC
558c2307aa057ad0ec705970,USABILITY_NAV|APP_STABILITY_PERFORMANCE
57f28daa554eb22e93ccb49d,GENERAL_SENTIMENT
816bf0da48e8c7da8e235690,USABILITY_NAV|CRYPTO_SPECIFIC
22d8103b870a3f2a4d6ca3aa,GENERAL_SENTIMENT
3919dc9cf0645f6069f9a1a1,FEES_SUBSCRIPTION
ba2493fe7b26f127bd5c9556,GENERAL_SENTIMENT
5db8b216fc7a88f8908129c7,GENERAL_SENTIMENT
87df77031449d9d3b8a327cf,TRUST_FAIRNESS_REGULATORY|CRYPTO_SPECIFIC
e4c37c642fb7ad51d78d578b,FEES_SUBSCRIPTION|CRYPTO_SPECIFIC|ASSET_COVERAGE
51e8fef828f24c1351023450,APP_STABILITY_PERFORMANCE
8427dcd104c897715aac6f0b,GENERAL_SENTIMENT
5a45d55b1355a9651bc2d259,TRUST_FAIRNESS_REGULATORY
a5033ac6ade07239ae2e3ac9,APP_STABILITY_PERFORMANCE|FUNDS_TRANSFER
2dbd6e4bf8978c7db75d36b5,USABILITY_NAV
34f3c491d4c6ff0489aeffa2,USABILITY_NAV
52bdcbfbc07eb5ecbe463744,TRADE_EXECUTION
634032373ae4f4d4e187b8ae,USABILITY_NAV
70ad1c50b494946c8f38cb27,TRADE_EXECUTION|TRUST_FAIRNESS_REGULATORY
a7bc4db4d97ba5cabf91d749,CHARTING_TOOLS
65924d005d7d1aaa4b35348f,GENERAL_SENTIMENT
4aca8882fbdce964c21beaf7,USABILITY_NAV|FEES_SUBSCRIPTION
58649b58ad6671fc863445fd,USABILITY_NAV
ff322de3980dbbe7b2487135,ACCOUNT_LIFECYCLE
db0049ec4b00f407e98fc770,USABILITY_NAV|SECURITY_PRIVACY
c492b699757a2edbbde49236,GENERAL_SENTIMENT
58ec733bb2a006a68c6451d2,ONBOARDING_BEGINNER
c0534ddf2a159f0744060a8e,ONBOARDING_BEGINNER|CRYPTO_SPECIFIC
7fd785948f55bfd7d8a9ba40,TRUST_FAIRNESS_REGULATORY|ONBOARDING_BEGINNER
34e45ef7bb870c804641e62d,USABILITY_NAV
b993c3c7ac24ab58a4c78e07,GENERAL_SENTIMENT
8038eb0e9d265ac9d4fe6611,USABILITY_NAV|FUNDS_TRANSFER
053728fcf252c87d77abf1b7,ACCOUNT_ACCESS_AUTH|CUSTOMER_SUPPORT
051c8b6078ee4a8818620a16,ACCOUNT_ACCESS_AUTH
5ae3ac8c9f26fcf248aa6647,USABILITY_NAV
571969f52d8ae77ce29ccc7e,GENERAL_SENTIMENT
eb8c86daa58989263a998f3d,USABILITY_NAV
e801129464e363f73f0afee0,USABILITY_NAV
e5329872d8defe5e7a63a051,ONBOARDING_BEGINNER|CRYPTO_SPECIFIC
73b9a87bd7c8c065b59a7781,ACCOUNT_ACCESS_AUTH|TRUST_FAIRNESS_REGULATORY
8e6261d183b4f3332c2e5eb1,GENERAL_SENTIMENT
6d6f288348aafdbfb8d92ea6,GENERAL_SENTIMENT
f104090f8c66f200505f3b31,GENERAL_SENTIMENT
98fed3ac4004bda148002643,APP_STABILITY_PERFORMANCE
a640d3529cb14ec193c0cbd8,ONBOARDING_BEGINNER
ad51d3916a3f65c603eec7de,APP_STABILITY_PERFORMANCE|TRADE_EXECUTION|CHARTING_TOOLS|FEES_SUBSCRIPTION|ASSET_COVERAGE
45cd23725e51f188e24fd75c,GENERAL_SENTIMENT
4393ac9d0b3164a328c98e12,CRYPTO_SPECIFIC|USABILITY_NAV
7240619cc33d8b8053bb2ded,CUSTOMER_SUPPORT
de9c5a6376fc52d51f3b5e7d,GENERAL_SENTIMENT
176bab5bc993371f45dc7802,GENERAL_SENTIMENT
b583eb635dbd584f83194b78,GENERAL_SENTIMENT
483173dcb815385bba2fc27a,SECURITY_PRIVACY
997c9e36260f4729837a04ec,GENERAL_SENTIMENT
e4e751d821e006ce67996171,USABILITY_NAV
efe3d58afa460e1c8297e461,USABILITY_NAV|CRYPTO_SPECIFIC
5a2d25f2c19fb9df828c5d41,ACCOUNT_ACCESS_AUTH
3fb9be0092c2c7f63b89e511,CRYPTO_SPECIFIC
49a14e6cac771e533988a313,ACCOUNT_ACCESS_AUTH
73df1f30cb7c3350de547677,ACCOUNT_ACCESS_AUTH|CUSTOMER_SUPPORT
136d0889d048c75c623f380b,ACCOUNT_LIFECYCLE
6b2b70ae8f085c4e4951d011,GENERAL_SENTIMENT
5cb0624755d951b18226e1f1,ACCOUNT_ACCESS_AUTH
c8ce678762f12b9ef4cf7595,GENERAL_SENTIMENT
a33e506ac83365c26ab04fec,CRYPTO_SPECIFIC
36f3685388d1a0882a2da037,GENERAL_SENTIMENT
1b319fcd186b444a5820240a,GENERAL_SENTIMENT
17bc1025edad1d9996b1be4d,ONBOARDING_BEGINNER|USABILITY_NAV
eda8d587a76120f5f3eaf7b5,TRADE_EXECUTION|TRUST_FAIRNESS_REGULATORY
e698aba8d8bf1492e44201e1,USABILITY_NAV|APP_STABILITY_PERFORMANCE|SECURITY_PRIVACY
b0c9852ac2519bc4e60a93e9,ONBOARDING_BEGINNER
17f0a249db04bb8df562ea16,TRUST_FAIRNESS_REGULATORY|SECURITY_PRIVACY
dd941f69cea435db9bcd08a6,APP_STABILITY_PERFORMANCE
84af8ce42de70c48f57ddeea,USABILITY_NAV|CUSTOMER_SUPPORT
f408393da6f9f460f59d8587,FEES_SUBSCRIPTION|CUSTOMER_SUPPORT|ACCOUNT_ACCESS_AUTH|ASSET_COVERAGE
976e6e39aa5eee75876244aa,USABILITY_NAV|ACCOUNT_LIFECYCLE
d3501621fcce694365e35b06,GENERAL_SENTIMENT
ab2581942ae7ef90dc24eb12,GENERAL_SENTIMENT
28ef4d7edce13f46281640ee,GENERAL_SENTIMENT
22db9ffa8063ff08a3263a49,GENERAL_SENTIMENT
d0821b5c088d7bcacd08cc13,TRADE_EXECUTION|TRUST_FAIRNESS_REGULATORY
f201680fbe45169fb2d7a912,GENERAL_SENTIMENT
fb0db7b8e48edeca599a8dc3,ONBOARDING_BEGINNER
bf75a73116963decb0f535d9,GENERAL_SENTIMENT
e2a8c3cad02eb882e69cabba,FEES_SUBSCRIPTION
48b7fd3bf3b626b650b7f5e1,USABILITY_NAV
602872528c47cace9d170f9d,CUSTOMER_SUPPORT|FUNDS_TRANSFER|TRADE_EXECUTION
61d36b4a2e97f471c777a4f2,ONBOARDING_BEGINNER|USABILITY_NAV
223a1a1b2f1e2bb0290cbc37,CUSTOMER_SUPPORT|ACCOUNT_ACCESS_AUTH
a829705fc69df5cd34850878,GENERAL_SENTIMENT
1324b516fe6a187cb924395d,USABILITY_NAV
a2900f6bc6e1faa2dbd9d180,USABILITY_NAV
f0bc451ef56a9765f7e94c77,APP_STABILITY_PERFORMANCE
372640c8cf6c1d84bdbbb72e,ADVERTISING_NOTIFICATIONS
d2e540874c9b1127e7a51194,GENERAL_SENTIMENT
efd2a8f83d0cb093fe01ff42,GENERAL_SENTIMENT
f8a539d5052e60c88623b402,ACCOUNT_ACCESS_AUTH|APP_STABILITY_PERFORMANCE
2ad8f6e5d28e21b28cb66a77,ACCOUNT_LIFECYCLE
6e11f2ce20c1ddeab5a6fad8,GENERAL_SENTIMENT
d47242150dcfeb9b0c680d7f,GENERAL_SENTIMENT
da3f88f419c9ee9fa3b349af,GENERAL_SENTIMENT
bf29cec026c885cd3b7705bb,CUSTOMER_SUPPORT
4a36e88d61ebe1987e9ef4ad,GENERAL_SENTIMENT
c619ad58621e15b64609363e,APP_STABILITY_PERFORMANCE
7ba81309a594ccc74114ec6d,CUSTOMER_SUPPORT
f6abc7e9df6074fceda417c3,ACCOUNT_ACCESS_AUTH|APP_STABILITY_PERFORMANCE
9d3be188b05f3551c8be2de9,CHARTING_TOOLS|APP_STABILITY_PERFORMANCE
2a0b9b58f03037bcb54bc381,GENERAL_SENTIMENT
115258fdd3527d87266de868,USABILITY_NAV
56dba2fc9c64159dc138faa0,ONBOARDING_BEGINNER
3943da43c8cf60bf83b83975,GENERAL_SENTIMENT
29e5d1337a8e61300ccdf5fd,USABILITY_NAV|TRADE_EXECUTION
22787e06ee2023b0db7f83a2,ACCOUNT_LIFECYCLE|FUNDS_TRANSFER
071c2ba63798dca8eb1c06e0,CUSTOMER_SUPPORT|FUNDS_TRANSFER|TRADE_EXECUTION|SECURITY_PRIVACY|FEES_SUBSCRIPTION
5f0c7b08140c1243fdfb6173,CUSTOMER_SUPPORT|ACCOUNT_ACCESS_AUTH
cc4f7361d0152b3f06476c44,APP_STABILITY_PERFORMANCE
09df1209fdc4036836db24bd,ONBOARDING_BEGINNER
9c7c833a523939145830af16,USABILITY_NAV
62c6b3aebc2ec04bc02b1649,GENERAL_SENTIMENT
c94bc270f16617b9b7cd07b2,USABILITY_NAV
69bd0b3d3d325cc176165f41,TRADE_EXECUTION
291fab6cc8dd90d6c4f5bceb,GENERAL_SENTIMENT
83f5d5ce700450628620ccaf,FUNDS_TRANSFER
44426d8341bd454d909a389e,ONBOARDING_BEGINNER
d8fe8d25657f49555f94fd47,ACCOUNT_ACCESS_AUTH|ADVERTISING_NOTIFICATIONS
2624755aef1b1c960a0b56fa,GENERAL_SENTIMENT
5205be7bebb0d7135bcb4265,GENERAL_SENTIMENT
0960df7d9a4773217669e667,ONBOARDING_BEGINNER
ce6eee2024384dbbb3c7e6ef,USABILITY_NAV
c049d06fa73bb9ddbd5c3c03,TRADE_EXECUTION|USABILITY_NAV|FUNDS_TRANSFER
c4d222bb01024f254930ce28,GENERAL_SENTIMENT
39678b89c58c19641bba57e7,CRYPTO_SPECIFIC|CUSTOMER_SUPPORT
948196d9f9fb01452f9cf55d,USABILITY_NAV
d1330ddef291d94dea199d57,GENERAL_SENTIMENT
984c72dcbda945599898d67c,CUSTOMER_SUPPORT|FUNDS_TRANSFER
0989fcfe46ab23e319bb0a4e,TRADE_EXECUTION
8373dd3d209a9182103b8d93,GENERAL_SENTIMENT
c9860cef52a807c3ee5224e8,APP_STABILITY_PERFORMANCE
a4b0bd34a557fd1da6e1fee8,USABILITY_NAV
f31538a854c98785e7639f27,USABILITY_NAV|CUSTOMER_SUPPORT
53f0458cd346118d8c20f00a,APP_STABILITY_PERFORMANCE
3d7a08e340e5533b3e7b2c37,PREDICTION_MARKETS|APP_STABILITY_PERFORMANCE
09a11fa7e9a83f078e267fee,GENERAL_SENTIMENT
e7ecbab4f205fb2040e1a0d4,GENERAL_SENTIMENT
268c61c333e350adb6a6feba,USABILITY_NAV
035d33dd36a94c71264ddc8f,APP_STABILITY_PERFORMANCE|TRADE_EXECUTION
05df7c066342c91362cc2098,GENERAL_SENTIMENT
3e6d5149fc8382fd7f8a3096,USABILITY_NAV|CRYPTO_SPECIFIC
c6ca2e35d029acf84fe371f6,CUSTOMER_SUPPORT|FUNDS_TRANSFER
ea33fa3e922b8f3be81222b9,ONBOARDING_BEGINNER|USABILITY_NAV
ef8eb20db50e33788d0b6c67,APP_STABILITY_PERFORMANCE
a862bdb712391fb1f843df4b,USABILITY_NAV
e697b02d7f073f1a55c10a96,ONBOARDING_BEGINNER
fe3a789a9a2cde8cc6cd949d,GENERAL_SENTIMENT
a9e93eba098974a72b2e6cd9,APP_STABILITY_PERFORMANCE
f54f46d9dff53dd3585226e4,ASSET_COVERAGE
4eb12f889335d1078a2c7a2d,ONBOARDING_BEGINNER|USABILITY_NAV|FEES_SUBSCRIPTION
b87f00617e745293cc54e489,CUSTOMER_SUPPORT|ACCOUNT_ACCESS_AUTH
e7f5de1c8db573ab768db4b5,ACCOUNT_ACCESS_AUTH|CUSTOMER_SUPPORT
a8b8a645ad7b52112211f384,FUNDS_TRANSFER|TRUST_FAIRNESS_REGULATORY
3ef9d8330a09b29274b6bd6d,CRYPTO_SPECIFIC|SECURITY_PRIVACY
055260230623b5b04e5be795,GENERAL_SENTIMENT
95cbd9f95b7d10392a2ea43e,TRADE_EXECUTION|FUNDS_TRANSFER
d4dbeaa254efc4419a66870a,CUSTOMER_SUPPORT
bcf55d610e3be659139ad231,ACCOUNT_ACCESS_AUTH|CUSTOMER_SUPPORT
f6826dc2c8088a5e25305dab,GENERAL_SENTIMENT
28ba0e07c215fe4a3a9ffc7b,GENERAL_SENTIMENT
fdb03464c70646ae7daebac3,GENERAL_SENTIMENT
fb35ae06c668bbb664a24c14,CRYPTO_SPECIFIC|USABILITY_NAV
e0374199b19422c1edfa504b,APP_STABILITY_PERFORMANCE|ACCOUNT_ACCESS_AUTH
fcdb34a1ca6be7eedd39cbc6,GENERAL_SENTIMENT
7b703a99b1e1dc7275a951d9,SECURITY_PRIVACY|CRYPTO_SPECIFIC
a8a8a05b941de6d16ef23b30,GENERAL_SENTIMENT
bff24542f78c97688ceb308d,ACCOUNT_ACCESS_AUTH|FUNDS_TRANSFER|APP_STABILITY_PERFORMANCE
246d1331576b734213a53825,GENERAL_SENTIMENT
df72bef715b1600d178b14bb,ACCOUNT_ACCESS_AUTH|ACCOUNT_LIFECYCLE
c832df1db9c82ae52382bdb7,USABILITY_NAV
bccd3086a7c4b570e1e5f621,GENERAL_SENTIMENT
2ad99b354690a96eb96a1bb7,USABILITY_NAV
9518732712934d843cfa4af0,GENERAL_SENTIMENT
e1068fc13fb28937a379e7ee,FEES_SUBSCRIPTION|TRUST_FAIRNESS_REGULATORY
1961a229820a092f6f1c2161,GENERAL_SENTIMENT
0b15f0d3ffe2db8bd69a6505,GENERAL_SENTIMENT
553d228142d086c95ea693d7,GENERAL_SENTIMENT
f6146092ea5f92f4c87efacd,ACCOUNT_ACCESS_AUTH|APP_STABILITY_PERFORMANCE
4463015af8e6807783d84383,GENERAL_SENTIMENT
cf7fbad654f63742986d1dfd,GENERAL_SENTIMENT
2bf06e2e808bda7395ad2ea9,APP_STABILITY_PERFORMANCE|TRADE_EXECUTION
85b76bf7f824dfc17056ede8,ONBOARDING_BEGINNER
6ca4fb7841b9cd286505a1dc,USABILITY_NAV
c0195a83a2e2f10d473796c9,USABILITY_NAV
d021bcadcf5eb69789bf04bb,USABILITY_NAV|ADVERTISING_NOTIFICATIONS
03946fe04da0b2eb61217921,GENERAL_SENTIMENT
f7653db810f2d825f3faf8bf,APP_STABILITY_PERFORMANCE
54c718001cdf8224d422dc67,USABILITY_NAV
6ac5b3a8d5e96d1e805748f9,GENERAL_SENTIMENT
5d631c50a4a7b94974c2ef43,FUNDS_TRANSFER|TRUST_FAIRNESS_REGULATORY
6fdf4197f288a9610fdc8793,CRYPTO_SPECIFIC
a79a565844546589967dfff6,GENERAL_SENTIMENT
94e4d2f266096e8074987e02,GENERAL_SENTIMENT
b2bad8844ee0c21e92c8be8e,GENERAL_SENTIMENT
45de9e69b7261eed88b26800,GENERAL_SENTIMENT
4b2fa2a2d0e7ed1240857cb7,USABILITY_NAV
d4e5753f5d63b48a89dd7bcc,USABILITY_NAV|TRADE_EXECUTION
b4c8a426036ee678d24b8328,GENERAL_SENTIMENT
517749f79d9c6a1fa438cf71,ACCOUNT_LIFECYCLE|ACCOUNT_ACCESS_AUTH|ADVERTISING_NOTIFICATIONS
44044bcee0edca99c541add2,ONBOARDING_BEGINNER
30c16945d1d12fd2206f853b,GENERAL_SENTIMENT
5d0cd90b557ec401fd4b2b8d,USABILITY_NAV
a273650764741373b22b3330,USABILITY_NAV
a5883fdfca8350b4d329d073,FUNDS_TRANSFER
f941378ef94b2bbf1a8d2f06,USABILITY_NAV
31b6e2a109ded3795d691192,ONBOARDING_BEGINNER|CRYPTO_SPECIFIC
586ca0bb79e2a58ebff87477,ACCOUNT_LIFECYCLE
ad2ee5ecf613fad28597a8d2,GENERAL_SENTIMENT
7f3acbdfa7a997c723a3d0d3,CRYPTO_SPECIFIC|TRUST_FAIRNESS_REGULATORY|CUSTOMER_SUPPORT|SECURITY_PRIVACY
d74854a8fb7cb95d6a0f6ecc,USABILITY_NAV
204c8a44a1685ac9fead4912,USABILITY_NAV
50f9bdec9b9547211df38e9f,TRADE_EXECUTION
ca9f74bc153699f5bf3df26c,FUNDS_TRANSFER|CUSTOMER_SUPPORT|TRUST_FAIRNESS_REGULATORY
429a4fe7d78e974227d27296,ACCOUNT_LIFECYCLE|FUNDS_TRANSFER
c1ab8be34cfe2eb2d5e62483,APP_STABILITY_PERFORMANCE
d7e85f997a69a18ead09b0ca,GENERAL_SENTIMENT
58085708165393098324e7ac,GENERAL_SENTIMENT
054ca40b19362acc3f998b7e,GENERAL_SENTIMENT
b3a7be1417291022574e684f,GENERAL_SENTIMENT
06c3b107d222e40f48806b50,GENERAL_SENTIMENT
0be8ad4d21eabde82a752040,USABILITY_NAV
173c0df25b36caf78d95ad65,GENERAL_SENTIMENT
9bc06c60c9eba7c892c4c17f,ASSET_COVERAGE
ec005045044f83c54b20cd48,APP_STABILITY_PERFORMANCE
a009f73adcb451be6e933f2d,USABILITY_NAV
afc7411add0ba3fd212fe2e2,APP_STABILITY_PERFORMANCE
e70b0b1fef0ca89608588edb,CUSTOMER_SUPPORT|ACCOUNT_ACCESS_AUTH|FUNDS_TRANSFER
fb4885af33f1ebdf5a007c0d,USABILITY_NAV
edc0310f1da23f507227d9d3,PREDICTION_MARKETS
19ca1f5e37121ba32200fc7e,USABILITY_NAV|FEES_SUBSCRIPTION
8cf11963c0686a240f505b1a,GENERAL_SENTIMENT
7258c83d0a7b6dc7cd680df5,GENERAL_SENTIMENT
5203f3fbc6108805fbdbc845,USABILITY_NAV
e9f09cd6aa41ffc75487cdf8,TRADE_EXECUTION|USABILITY_NAV
06cf2481107f0ad507a52a4d,ONBOARDING_BEGINNER
86d025176e575941baf57e30,USABILITY_NAV
53178a09887ddb632da87410,GENERAL_SENTIMENT
6d35c6002b43a57d026c5845,ONBOARDING_BEGINNER
0269044dda313229279cb185,GENERAL_SENTIMENT
7f0d6383a5cad147bd7623d1,GENERAL_SENTIMENT
50cae1bbe77411b1e99cf1fa,GENERAL_SENTIMENT
37f6742ce5d11a617c621634,USABILITY_NAV
54e24150e7ca0d1bf8a670c7,CRYPTO_SPECIFIC
8f9aef1e814cf763d0375e9d,USABILITY_NAV
17d45586a9139043217c0b59,GENERAL_SENTIMENT
e59fec927f765bc56e05d660,GENERAL_SENTIMENT
37c0fe8443db78290ca03c69,USABILITY_NAV
da66cd2cf118baa0c98722d6,USABILITY_NAV
d6ccca3707f8976a8ad685d5,USABILITY_NAV
b6801bbc5ac03aa2b38443c9,GENERAL_SENTIMENT
d855d22f8320447120140ca3,GENERAL_SENTIMENT
5357ef67bae7a3cea5a5cbb0,GENERAL_SENTIMENT
c7a74774c9fcdf13dc821e62,APP_STABILITY_PERFORMANCE
f3fa731da0c2a9a6c24905c3,SECURITY_PRIVACY|FUNDS_TRANSFER|TRUST_FAIRNESS_REGULATORY
290ab889090face2132f30dd,USABILITY_NAV|FEES_SUBSCRIPTION
2273c18ed8061288725561f2,USABILITY_NAV
1049d4f5246d0bddd4a7038f,SECURITY_PRIVACY
592cc0794f4ee9ce3d30daae,GENERAL_SENTIMENT
315545a9d0455ec2f702ae9c,GENERAL_SENTIMENT
54d213c08671084b138813c2,GENERAL_SENTIMENT
4df48d201308b06cae24fae4,GENERAL_SENTIMENT
2f3c8d696c6630fc6e3cbbea,PREDICTION_MARKETS
abc73b69822e13830e128b31,APP_STABILITY_PERFORMANCE|ONBOARDING_BEGINNER
f6b35363682be53bcab1814d,GENERAL_SENTIMENT
fc2946d4b3644a8ae87249b7,GENERAL_SENTIMENT
ecba30a2650dabd5a98f4fce,USABILITY_NAV|ONBOARDING_BEGINNER
6dec8143141b3fc7eb46ab82,GENERAL_SENTIMENT
d0e455dec393d743321af598,TRADE_EXECUTION|TRUST_FAIRNESS_REGULATORY
ef34c903f3a0c9f75037f7ae,USABILITY_NAV|FEES_SUBSCRIPTION
a0c825a44ffdbf5d27ac7e0d,GENERAL_SENTIMENT
7ac2661f163f104f478787e0,GENERAL_SENTIMENT
ed36c6c17efc7c7bb4367bdd,GENERAL_SENTIMENT
75bc797ad53b6f2d5f764eaf,ONBOARDING_BEGINNER
0886cc6aaaa1cb7c4508e9c6,GENERAL_SENTIMENT
cbb35aaba86eb7f7cfdbb12b,USABILITY_NAV|TRADE_EXECUTION
7484f8526d151e7febbccafe,USABILITY_NAV
bd2d70cfd112c4a997ffd64f,GENERAL_SENTIMENT
8edea71bb22b52f433c29982,ASSET_COVERAGE
654ad554891745f158779821,ACCOUNT_ACCESS_AUTH
ff0b7609a4fe22567cbfdd49,USABILITY_NAV
950d544a90a545d64b2c3784,GENERAL_SENTIMENT
e859ecd23e58fc25c1c412d6,FUNDS_TRANSFER|TRUST_FAIRNESS_REGULATORY
568b520d2a28c48d93dcb747,ACCOUNT_ACCESS_AUTH|CUSTOMER_SUPPORT|ACCOUNT_LIFECYCLE
ac1b0088763200af0618ff16,GENERAL_SENTIMENT
39d2fb4f9751640b40998378,ONBOARDING_BEGINNER|TRUST_FAIRNESS_REGULATORY
4ce5ab1b199af00395e628bb,ACCOUNT_LIFECYCLE
66405613c5c9a2303d3207d3,ACCOUNT_ACCESS_AUTH|CUSTOMER_SUPPORT
1e78cded437b3f3e47fc5786,GENERAL_SENTIMENT
628183595c4b6a7acfd027b8,FUNDS_TRANSFER|ACCOUNT_ACCESS_AUTH
1f59c15715efd9e5f32d54c9,ONBOARDING_BEGINNER|FEES_SUBSCRIPTION
a62d5858bb81e7ab571e011f,USABILITY_NAV
c58de60c6ad11962c696b68e,FUNDS_TRANSFER
5ec96f94b809c052a3bb8d00,ACCOUNT_ACCESS_AUTH
9cd054cd86270b8807b5d82c,ONBOARDING_BEGINNER
f3a7d61e02d550195d81cb51,USABILITY_NAV
f1e9f171575f5fb109b508f2,USABILITY_NAV
b3d481bd6c7d288f88033c3c,USABILITY_NAV
dd39d59d372422c5970d0345,GENERAL_SENTIMENT
2dd7d653ce7289c1b2ed8ca7,GENERAL_SENTIMENT
c545ce2d7dcbdf1554f06279,GENERAL_SENTIMENT
0611a6aa9c0b413b0a4e0288,ACCOUNT_ACCESS_AUTH
9553e9d6015f077f20808e11,USABILITY_NAV
c11ce2cab1f01c57d3c20c9f,GENERAL_SENTIMENT
9b3333f24a544ae749724edd,USABILITY_NAV|SECURITY_PRIVACY
ffeffa8dc3b77e61ca0bd9a2,CRYPTO_SPECIFIC
19aa9399cca7795804d4b216,ACCOUNT_ACCESS_AUTH|CUSTOMER_SUPPORT
d3e90cc181ea1b8b039b648d,GENERAL_SENTIMENT
58a7756dbf0330a5fc420540,FUNDS_TRANSFER|ACCOUNT_ACCESS_AUTH|CUSTOMER_SUPPORT
b24f460a89caa96990e4e761,FUNDS_TRANSFER|TRUST_FAIRNESS_REGULATORY
b787d3614e413f42735f723b,GENERAL_SENTIMENT
bff1ba1914ac9c8a55af571f,GENERAL_SENTIMENT
2eba3b8841c0382e9c7d7618,FEES_SUBSCRIPTION|FUNDS_TRANSFER|TRUST_FAIRNESS_REGULATORY
6886055890a55b0cbf0215ae,FUNDS_TRANSFER|FEES_SUBSCRIPTION
1877ff459d4a0c833a9933af,APP_STABILITY_PERFORMANCE|CUSTOMER_SUPPORT
b6e18e58ba36673d25787c86,GENERAL_SENTIMENT
474d4622a9688be6821dc30f,APP_STABILITY_PERFORMANCE
5d18dea265425a817432d06e,ACCOUNT_ACCESS_AUTH
1bf2c523c2bf67654c57556a,CRYPTO_SPECIFIC
2bb4c21c6b194c67d0ea8360,TRUST_FAIRNESS_REGULATORY
bef337513d8d9e726cdbfe49,APP_STABILITY_PERFORMANCE|CUSTOMER_SUPPORT
063a4a4913ef2f47c915171a,CUSTOMER_SUPPORT
141619344a0a0b2216734012,USABILITY_NAV
86d7935f8c9da7df14123e4b,USABILITY_NAV
b31373d4c2dba1ef56d1bd67,APP_STABILITY_PERFORMANCE
2ba08222d6ddcbcbbf8fa485,GENERAL_SENTIMENT
ab95daf84299f9c0e32ea071,ONBOARDING_BEGINNER
429796cdeb3a35026bb097e0,ONBOARDING_BEGINNER
aefd91193d85442619fe72ef,ACCOUNT_ACCESS_AUTH|SECURITY_PRIVACY
9e9266ca703842bfa0fe81e3,GENERAL_SENTIMENT
d93a3b82e9b2ae698b01ea9c,GENERAL_SENTIMENT
b63ed8f965be1f5d0908d77f,GENERAL_SENTIMENT
af9fe85a1c9f8b717134a817,CUSTOMER_SUPPORT
597c5da4deb7214555a04927,APP_STABILITY_PERFORMANCE
ae9d48086c94d50a69aac280,ACCOUNT_ACCESS_AUTH
0f706e672a0a19bd365d9119,GENERAL_SENTIMENT
f3ec77cb152e7585cc95c668,GENERAL_SENTIMENT
589b7e801e9ce86f92336cb9,GENERAL_SENTIMENT
41c52e9b7e343ea220b3dccf,ONBOARDING_BEGINNER
426fca84773c3ae1d8364edc,USABILITY_NAV
707ffafe7392f8644617bcc0,USABILITY_NAV
6704523219742aebce0877bf,ACCOUNT_LIFECYCLE|CUSTOMER_SUPPORT
fee1bea82a723cb3a345727e,GENERAL_SENTIMENT
5b7d869b140b614d521f59eb,USABILITY_NAV
971b0f3a7e759290948c38e4,GENERAL_SENTIMENT
41a135c3e7b93ee090af4833,CUSTOMER_SUPPORT|FEES_SUBSCRIPTION|CRYPTO_SPECIFIC|TRUST_FAIRNESS_REGULATORY
c21e7866c77112c2475f4f29,ONBOARDING_BEGINNER
57f9fab39952d7ed50bcd11e,ACCOUNT_ACCESS_AUTH
2480d38dc23f61cfb2399e58,USABILITY_NAV
18c92df997be636d11c4f385,GENERAL_SENTIMENT
36f23ee43abf0991e4a2f813,USABILITY_NAV
d1ae6df98dfb0205371e7a1a,USABILITY_NAV
6a95f616e61374a0093df434,GENERAL_SENTIMENT
46b0fe6fa28ce0401fbec07f,GENERAL_SENTIMENT
180b38aa7f307b9001823e88,ACCOUNT_ACCESS_AUTH
55b9647df1276aaacd490bd2,TRADE_EXECUTION|CHARTING_TOOLS
61eb4057d7ef796d752e223a,ONBOARDING_BEGINNER
3d85755d6fc5194875e74f37,GENERAL_SENTIMENT
963d60100dcb8ffd810f87a0,USABILITY_NAV
4fdf24251d8eb272d0dc8684,USABILITY_NAV
9f75deb478fd0c6becb7e703,FUNDS_TRANSFER|CUSTOMER_SUPPORT
0e8d2cccaf63f82d09dc2739,TRADE_EXECUTION|TRUST_FAIRNESS_REGULATORY
b7db18b2a65116d8cf55bc29,USABILITY_NAV
e7fbf08e13c873cd623ab93f,SECURITY_PRIVACY
81aa6113ff3c752bf39b2182,USABILITY_NAV
8a6769085aa72b12be341daf,GENERAL_SENTIMENT
adfe709e63ca04a3e74b6ea4,TRUST_FAIRNESS_REGULATORY|TRADE_EXECUTION|APP_STABILITY_PERFORMANCE
8e05783c227032be9610a042,USABILITY_NAV
4592f29c1d92023d0e1c2815,ACCOUNT_ACCESS_AUTH|CUSTOMER_SUPPORT|FUNDS_TRANSFER
9f9d4828f8c66819ba14f14e,GENERAL_SENTIMENT
9dc0459d4927475a6190d9e6,ASSET_COVERAGE|CRYPTO_SPECIFIC
a932e50cf3d1e31e27d8688d,ACCOUNT_ACCESS_AUTH
6efb184c6c77b66fbc291cbb,APP_STABILITY_PERFORMANCE|FEES_SUBSCRIPTION|FUNDS_TRANSFER|TRADE_EXECUTION
19fb8a3c02c41a2f41521c38,GENERAL_SENTIMENT
a797da66cea2424395cf28be,USABILITY_NAV
1408ca0a72bf5e6c222ff9aa,APP_STABILITY_PERFORMANCE
8de99b71e33591f31d8cb90b,GENERAL_SENTIMENT
5e378ce45da44485e5015db8,GENERAL_SENTIMENT
eff8a5a8ba48fad84b6f301a,USABILITY_NAV
92704ba25b9b866ca5666669,GENERAL_SENTIMENT
603da35fc8b8e5c895d77330,TRADE_EXECUTION
6545c4f575f2160d38211b1e,GENERAL_SENTIMENT
9de1a19107a954b85be9355c,USABILITY_NAV
e4385636b27602202eea9bdb,GENERAL_SENTIMENT
2149531f843c80556dc73fa3,APP_STABILITY_PERFORMANCE
533298cfc295e95360e43a47,USABILITY_NAV|ACCOUNT_LIFECYCLE
d7a9ead33f3b91e3e099a81b,GENERAL_SENTIMENT
91d76540b1b99ff50417ed63,GENERAL_SENTIMENT
a2b4a71eb5dcd4f9dbf26f32,USABILITY_NAV
a271f129ca82201255db2b77,USABILITY_NAV
a80d75416508d8a869adb8d4,USABILITY_NAV
fb8c80e07384108406d7566e,GENERAL_SENTIMENT
c2546a67b9d61546fea4e87d,GENERAL_SENTIMENT
58de76e3845454f3bb0cc710,USABILITY_NAV|FUNDS_TRANSFER
9216d228fe419bf2de3a7c09,ACCOUNT_ACCESS_AUTH
a01c937adde2fc041945e441,ACCOUNT_ACCESS_AUTH|SECURITY_PRIVACY
a3215d689bf43a04d65ea29a,ADVERTISING_NOTIFICATIONS
62e699c0f0e17a1766d4e88b,ONBOARDING_BEGINNER|CRYPTO_SPECIFIC
eae297c9a0622673feba0b66,USABILITY_NAV|TRUST_FAIRNESS_REGULATORY
7513740f15f57409cb79a450,USABILITY_NAV
9920d5f96d6747e849b51a90,ACCOUNT_ACCESS_AUTH|USABILITY_NAV
abce81073c35d42eb3dce2c8,USABILITY_NAV
355c53b154c812cb975fc9a1,CUSTOMER_SUPPORT
ca5e2f05eba11d14d7485878,USABILITY_NAV
a43083cf42232fec3cf31d84,ONBOARDING_BEGINNER
12b63b75a1e0368906efd462,GENERAL_SENTIMENT
335d540049aa76a6fc55c92f,GENERAL_SENTIMENT
95f019b017ddab1ae1ad2a84,ONBOARDING_BEGINNER
1b7be0860628254a97185b60,GENERAL_SENTIMENT
1e907eb5952025c3ed3ffecf,USABILITY_NAV
651fe8abcca458ba3e35a4a3,APP_STABILITY_PERFORMANCE|CRYPTO_SPECIFIC
4deab64ea5eebd4ce6de4a1d,CRYPTO_SPECIFIC|FUNDS_TRANSFER
c7052f07a92e2b8a5383be6d,USABILITY_NAV
39cc1ea8d04ccfd77dada924,GENERAL_SENTIMENT
59354bc44cb7a2f57f3fe4e9,FEES_SUBSCRIPTION|TRUST_FAIRNESS_REGULATORY
0c3790b91a17b7f91df30efd,CRYPTO_SPECIFIC
82e75adcc84d24288b05931d,GENERAL_SENTIMENT
48cbe2990229dd6fcac54b74,USABILITY_NAV
1bddd47853bba33707d8171c,USABILITY_NAV|FEES_SUBSCRIPTION
43b15a0e87ba770b279fb6e6,USABILITY_NAV
241149d56191e4cfaa7c7b53,USABILITY_NAV
87219ac8e1851f5714d1dc9e,CRYPTO_SPECIFIC
c99db60a34f433c84d006f10,ONBOARDING_BEGINNER
2f17c536d72fcb1c7b0e6750,USABILITY_NAV|CUSTOMER_SUPPORT
9f5a09145d6b9c919874d87b,CRYPTO_SPECIFIC|ONBOARDING_BEGINNER
43e5d5ac939331323b522737,USABILITY_NAV
9debd77dea2d86f4a12f4211,GENERAL_SENTIMENT
baafbdc5be70e65f865b51c2,GENERAL_SENTIMENT
87f7f84353a3e8d1fe0c2b12,USABILITY_NAV
a4a3134bbe06a64b065a8b79,CRYPTO_SPECIFIC
c88d6d8ca1c3849f4a4ff7a1,GENERAL_SENTIMENT
d68858df24af7dc9a3ff130f,GENERAL_SENTIMENT
736e16a3d09d57f78dd4b152,GENERAL_SENTIMENT
9988e588d7a1a21b7885920f,FEES_SUBSCRIPTION|CRYPTO_SPECIFIC|TRUST_FAIRNESS_REGULATORY
30c5da4f2874ad6da8c5c8c1,USABILITY_NAV
2f892e8610eb25d1606813fb,GENERAL_SENTIMENT
9a0d992947b1cd51731079f0,CHARTING_TOOLS
e0bd98d5b60502f2eca7230c,GENERAL_SENTIMENT
c8412015a989ea2a16b8da6a,USABILITY_NAV
83844d1ded220fd4e1ae62e2,CRYPTO_SPECIFIC|FUNDS_TRANSFER
0485b9f9592fe8852e97c6f4,USABILITY_NAV
346f64f5ded5cc126f7feadc,ONBOARDING_BEGINNER
bb7c693da37f1b40a861c108,GENERAL_SENTIMENT
ac243aed9d33d99344c81693,GENERAL_SENTIMENT
c8dff89046e203d97f9cf019,GENERAL_SENTIMENT
a3536ea3c1cb196bed8c685f,ACCOUNT_ACCESS_AUTH
bcc88640c3ecaf61c26f7f4d,GENERAL_SENTIMENT
934484e1d9511ac0a4032896,ACCOUNT_ACCESS_AUTH
2da4b26b98bd29550ef2fc3f,ACCOUNT_ACCESS_AUTH|ACCOUNT_LIFECYCLE
ca71f4e30a1462047ebc0e07,GENERAL_SENTIMENT
4f898cd5b664f18295120746,APP_STABILITY_PERFORMANCE
ce5253f2c9b47c4017584586,SECURITY_PRIVACY
7f6e6ddd56754cee1607d0f5,FUNDS_TRANSFER
031fe2e4eb6a50a5ce015eff,ASSET_COVERAGE
508c0d366ee8520b366d4ef2,ASSET_COVERAGE
6ae75bc78cf07bf293e1c00a,ACCOUNT_ACCESS_AUTH
1502a5490726ca8a70c2d1d0,USABILITY_NAV
f4081662ec2efb80f743ed8a,ACCOUNT_ACCESS_AUTH
e2c6b39720a2e57d80b17e9e,APP_STABILITY_PERFORMANCE
2e25241ee13878c9c31e773c,SECURITY_PRIVACY|USABILITY_NAV
e7aa812f9f017d9794c6c611,CRYPTO_SPECIFIC|FEES_SUBSCRIPTION
695df68b0b4b9711e405934d,USABILITY_NAV
432aa3b464ad5f54aea1e915,TRADE_EXECUTION|TRUST_FAIRNESS_REGULATORY
d6c2a155320a8d909dbe6dc1,GENERAL_SENTIMENT
5f5171273f5291ca8785e573,CUSTOMER_SUPPORT
336cc6da37f82c6e71efe432,ACCOUNT_LIFECYCLE|FUNDS_TRANSFER
167e6c7d23ddadb5c275f4fb,GENERAL_SENTIMENT
bfa6c69d0d9b9753172b4daa,GENERAL_SENTIMENT
bcd029765b573b1a9c1c8dda,ACCOUNT_ACCESS_AUTH|CUSTOMER_SUPPORT
41e36c7fbae982a0c62d3407,GENERAL_SENTIMENT
c7be6dc288a3e59849576e08,GENERAL_SENTIMENT
f76e63ed6218f81696df666b,GENERAL_SENTIMENT
fa2601801945fe85a11dfbcd,GENERAL_SENTIMENT
afd50a27230309181c5071d1,FUNDS_TRANSFER|CUSTOMER_SUPPORT|USABILITY_NAV
cb8a0a191cb4f2428fc0aa54,USABILITY_NAV|CUSTOMER_SUPPORT
3cd9624c1f4730c8c32abc21,FUNDS_TRANSFER|FEES_SUBSCRIPTION
89bf5935684190a4cb833614,GENERAL_SENTIMENT
44ea4d5104ed4282ee9f649a,APP_STABILITY_PERFORMANCE|CUSTOMER_SUPPORT
c961d9626b08242d55b9174d,ACCOUNT_ACCESS_AUTH|CUSTOMER_SUPPORT|FUNDS_TRANSFER
88bc09a0e8ba3f07af789052,GENERAL_SENTIMENT
d2f1a3bb91549bae8449a4ad,USABILITY_NAV
a5124d2275b8f956b23131d9,GENERAL_SENTIMENT
f9c26a2ca781c41af1924fae,GENERAL_SENTIMENT
edf85ac64b7d68a19280d4a9,GENERAL_SENTIMENT
5f884ef5c728afc1fadda427,SECURITY_PRIVACY
00a0c8b0117e44249290d9be,GENERAL_SENTIMENT
10166293cfd2f6bf17b128a9,FUNDS_TRANSFER|TRUST_FAIRNESS_REGULATORY
086f105afe47f924500a3e42,USABILITY_NAV|CUSTOMER_SUPPORT
210b554338173f77a7b1472a,GENERAL_SENTIMENT
771a665d3418a71454e0d458,APP_STABILITY_PERFORMANCE
e6a54d5e921ee93e27c20c5f,GENERAL_SENTIMENT
105f2aae35844aff4d761ae4,GENERAL_SENTIMENT
bb386c28a8a145199ed4d879,ONBOARDING_BEGINNER
4df4eb96ccbb08b31f1586ed,ACCOUNT_ACCESS_AUTH
5e479125c686ee8f5f51072a,TRADE_EXECUTION
f354acf6078038c1202d5d11,USABILITY_NAV
6bf099456005f3d7658a55c7,GENERAL_SENTIMENT
022ef4e85eb880c19d655e1f,GENERAL_SENTIMENT
8122f05fddf4401ac38a6191,ONBOARDING_BEGINNER
14910e4fbad6ba66dd8e8921,CRYPTO_SPECIFIC|FUNDS_TRANSFER
f32a131280526208591368e9,CUSTOMER_SUPPORT|TRUST_FAIRNESS_REGULATORY
ef8468189236ed650015c0a6,GENERAL_SENTIMENT
ce3403302fb6a06ad0f48e41,ACCOUNT_ACCESS_AUTH
7753be8c7591bc72b9650ccb,GENERAL_SENTIMENT
0e5264790a781e36927ea985,APP_STABILITY_PERFORMANCE
04fd995e392a1259db18d813,APP_STABILITY_PERFORMANCE|FUNDS_TRANSFER
4510208248675f64a7f469f6,GENERAL_SENTIMENT
2e6b03bb24c47a3df5ee2c44,GENERAL_SENTIMENT
9572b46a8beefad6b37d31b4,USABILITY_NAV
11e808d232a1edd69a59a85c,CUSTOMER_SUPPORT
6203b46af377b7ec15084d7a,CRYPTO_SPECIFIC
59797531e2e44a411482bb4f,APP_STABILITY_PERFORMANCE|CHARTING_TOOLS|TRADE_EXECUTION
8ac0c4349827c304d3a75505,APP_STABILITY_PERFORMANCE
7ee8e69ddc33a218fc6646ea,ACCOUNT_ACCESS_AUTH|ACCOUNT_LIFECYCLE
118a0cf3af2b46514420c91c,GENERAL_SENTIMENT
c34903bbbd09a373b102f39a,USABILITY_NAV
284e33266b8a5e58b7e8341e,GENERAL_SENTIMENT
f859c9d9824b743bd3acdb09,ASSET_COVERAGE
4737018b682ea13b642330aa,GENERAL_SENTIMENT
6bac369998cc93b0ebc58baa,ACCOUNT_ACCESS_AUTH|CUSTOMER_SUPPORT
fc25f48d356e1ef2b582fbad,GENERAL_SENTIMENT
a3cde4af831bc8e63b533240,ONBOARDING_BEGINNER
bd8e440e1a982bee9cb03066,GENERAL_SENTIMENT
2ae11bea7b246ae3d207baee,GENERAL_SENTIMENT
b532a5138f6c829a22a7a28a,GENERAL_SENTIMENT
eabda4c868f789c92e30108c,GENERAL_SENTIMENT
4c408d93cb8c17cd750ff1a8,USABILITY_NAV
fbd16e9e8a0753c50157b4f3,FEES_SUBSCRIPTION
60b8987044ea627b6eaaca3f,GENERAL_SENTIMENT
a1e056c26a4a79cdd254825f,GENERAL_SENTIMENT
bec85ab2d5818f26e38457e4,ACCOUNT_ACCESS_AUTH
bbf739f993a17ac2600c9635,GENERAL_SENTIMENT
152e1b9a75ea599858edc12b,GENERAL_SENTIMENT
24d9d622b9f094f964b3352c,USABILITY_NAV
70846835b6e9f5a4dedb58ce,GENERAL_SENTIMENT
52bf4055503e6b20c15b7633,ACCOUNT_ACCESS_AUTH
0609031076dc5adac3dc7dcf,GENERAL_SENTIMENT
4494695171ab8770d87fc6bf,USABILITY_NAV
ef4f72087b672acccb07c484,APP_STABILITY_PERFORMANCE
6c93e6b39a7c82f04c8b458a,GENERAL_SENTIMENT
5db38f38de31ee688572c72c,USABILITY_NAV|CHARTING_TOOLS
f334bf5f62b77da27319c4cd,ACCOUNT_ACCESS_AUTH|SECURITY_PRIVACY
19688a75c1a53706e838452e,USABILITY_NAV|ADVERTISING_NOTIFICATIONS
7c7f87003d3f90151d24f802,FUNDS_TRANSFER|APP_STABILITY_PERFORMANCE
c7b758bff8771ee507f5d946,GENERAL_SENTIMENT
2247a9392aa8dbba238d9e8a,ACCOUNT_ACCESS_AUTH
d92e55e95352412f6df15aa0,USABILITY_NAV
dfa20fa689b82a8b662ad853,CUSTOMER_SUPPORT
e811c2586c1e4b6fbd6d7093,SECURITY_PRIVACY|TRUST_FAIRNESS_REGULATORY
a68c8709fdb90d66022b9b99,GENERAL_SENTIMENT
020d938874ca67a27779dbca,GENERAL_SENTIMENT
6e7f60b0115259006a5af7e8,FUNDS_TRANSFER|TRUST_FAIRNESS_REGULATORY
b839efd7fec37d4920647153,USABILITY_NAV
0e72b376c4eaa2543d6e76d1,GENERAL_SENTIMENT
5bea640b7c49dabba1227fa3,USABILITY_NAV|CUSTOMER_SUPPORT
708b2e2c9cfed25b6014a4d7,CUSTOMER_SUPPORT|TRUST_FAIRNESS_REGULATORY
6fd40dc33de0f9fb27dab73c,CUSTOMER_SUPPORT|FUNDS_TRANSFER|SECURITY_PRIVACY
1930ccc2f1c8117dc7ca54af,GENERAL_SENTIMENT
07a1c1c68eb4f937fb047b51,USABILITY_NAV
93f63ef0541b916d8ebaf886,TRADE_EXECUTION|APP_STABILITY_PERFORMANCE
01c5d267d810a79ca62993b3,GENERAL_SENTIMENT
d0e10b80051531e500174dfc,APP_STABILITY_PERFORMANCE
c9106ed334da728522fe8bbf,GENERAL_SENTIMENT
6946034ee11c62af3e28f33a,TRADE_EXECUTION|APP_STABILITY_PERFORMANCE
0053500368b691af544d7043,USABILITY_NAV
3e5d8dde057f79c4a5d87139,GENERAL_SENTIMENT
86076a88198390fdc337db89,TRUST_FAIRNESS_REGULATORY
209dbc2d844241fe924a0fc1,TRADE_EXECUTION|TRUST_FAIRNESS_REGULATORY|FUNDS_TRANSFER
b1ebbd476da482ff8d998dfc,USABILITY_NAV
201d1ad8b2a5bd10f5763cc8,USABILITY_NAV
359b732f9704e21ecf5a39b9,GENERAL_SENTIMENT
539882963f19728c9de5a0e1,USABILITY_NAV
377f3d53e654e47efef9f0c9,GENERAL_SENTIMENT
07dc50cb0eacbb931c3135cc,USABILITY_NAV
71917ae8f833316c8e04c674,CHARTING_TOOLS|USABILITY_NAV|TRADE_EXECUTION
efe381eaea0d866feeee54d8,GENERAL_SENTIMENT
63adcefc6a9e9851736e80f8,GENERAL_SENTIMENT
9e7693653dde1a294a991812,GENERAL_SENTIMENT
f9859fb9954d4dea7dd4aa8c,TRADE_EXECUTION|APP_STABILITY_PERFORMANCE
3879a52212e28b5136855f11,ACCOUNT_LIFECYCLE|APP_STABILITY_PERFORMANCE
f6a7bafd2fac59afc5a24e1f,USABILITY_NAV
bdfce3b7bbbb53b34c759104,GENERAL_SENTIMENT
89509c3f66aa46249192a12b,GENERAL_SENTIMENT
f203e00e240b2411c80187f8,APP_STABILITY_PERFORMANCE
9e91659bdc1cfb11a7c982b4,APP_STABILITY_PERFORMANCE
41c331cc7c20a6b586a71280,ONBOARDING_BEGINNER
0fade73defb4751c08f65ac3,ADVERTISING_NOTIFICATIONS|ACCOUNT_LIFECYCLE
c75eae6137610c827952eb05,GENERAL_SENTIMENT
cddd102b0754fdb1f5abb0c9,ACCOUNT_ACCESS_AUTH
f32cf61b7dca75d2218e86f4,GENERAL_SENTIMENT
1996a1a300d1fa66ccc2eebf,USABILITY_NAV
ea7c0b146ed1efd2e3a29633,USABILITY_NAV
1fe6591dcc563bc763f4ba07,TRUST_FAIRNESS_REGULATORY
fb3b9ba04a39232c7dc0b360,GENERAL_SENTIMENT
709cbbb42f1f0a9f1549f508,GENERAL_SENTIMENT
9473acaafe845c2dfc66e90c,GENERAL_SENTIMENT
4af58989868762d013ab54e0,ADVERTISING_NOTIFICATIONS|USABILITY_NAV
4460641e2d93f34cce137d06,USABILITY_NAV
17b2da7e33dab0bd2d2ecdbd,CUSTOMER_SUPPORT|ACCOUNT_LIFECYCLE
8edc0a38f7a98f372a666c26,GENERAL_SENTIMENT
6e859b674b02ebdd0aab1b61,GENERAL_SENTIMENT
4a4be531aa656fbc03f8da20,CRYPTO_SPECIFIC|CUSTOMER_SUPPORT
b47cc014fe150fdc400fa19b,USABILITY_NAV
beeeda598afec43d3a63a1c0,GENERAL_SENTIMENT
0c5a2270a65964ef5f7ef5fc,USABILITY_NAV|FUNDS_TRANSFER
f892de68f357a259d630ee87,USABILITY_NAV
1875496f5a5c91001e262665,APP_STABILITY_PERFORMANCE
148830b0e40212877db67ca7,GENERAL_SENTIMENT
4a66060e23ad9c40c8f8f23e,GENERAL_SENTIMENT
1b2766c02d0efed0b36475be,GENERAL_SENTIMENT
177f2a96ceb3518148c0de2b,FUNDS_TRANSFER
34d104558b53f881ded8a203,USABILITY_NAV
194a2874bc4c185db6ad7430,ACCOUNT_ACCESS_AUTH
76b5c29423002161b705df11,GENERAL_SENTIMENT
2bb8862144f491fb5966085d,GENERAL_SENTIMENT
703087769311658dc7ed4034,FUNDS_TRANSFER|CUSTOMER_SUPPORT
bb82acbd369dd62758f2e832,ACCOUNT_LIFECYCLE|FUNDS_TRANSFER|CUSTOMER_SUPPORT
1c465d357879c739f8fd26e4,GENERAL_SENTIMENT
213a431641f5a46d7a9e4272,APP_STABILITY_PERFORMANCE|CHARTING_TOOLS|TRADE_EXECUTION
dbd858f65aaac91b88f2ab57,GENERAL_SENTIMENT
102182bbe5706c753b9997c3,TRADE_EXECUTION|USABILITY_NAV
796521bb42a73c98a45fb471,USABILITY_NAV
ddabb58665900ec219a4e775,USABILITY_NAV
047d8417b503ae03cb5c7a11,GENERAL_SENTIMENT
6061bcda1e3782b5e224e7dd,USABILITY_NAV
a4bccc9932a8e8004deaeedd,FUNDS_TRANSFER
838eb3c0bcc8c5435ac2fef2,USABILITY_NAV|APP_STABILITY_PERFORMANCE
e846b57c0a38cf3008d6eead,GENERAL_SENTIMENT
4053f837d4e8379c25f67b3d,GENERAL_SENTIMENT
d540937b46f2f67fa179cfa8,APP_STABILITY_PERFORMANCE
f8226c237d8f29932fbec4b4,GENERAL_SENTIMENT
a77e9bcd7436376a3b91abd2,GENERAL_SENTIMENT
d061a59dce23a87974342080,USABILITY_NAV
7917fcc07be2ad0d7fc5c051,USABILITY_NAV
6e5c3eafb3a69d9ee1a9f557,APP_STABILITY_PERFORMANCE|ACCOUNT_ACCESS_AUTH
ec3c6a10df6018c2f161ebd2,FUNDS_TRANSFER|CRYPTO_SPECIFIC
272d0d806bd61ac8699d6980,GENERAL_SENTIMENT
515cde3a876d6ecb6a1cdf95,USABILITY_NAV
b25f31e63c7109f60f44caed,GENERAL_SENTIMENT
c4844461597f8375c3e9aca4,ACCOUNT_LIFECYCLE|ACCOUNT_ACCESS_AUTH
eb558b8e3f5cdf7d4ff0c5cd,USABILITY_NAV
c31798220b5eb39b85535be0,SECURITY_PRIVACY|CUSTOMER_SUPPORT
0fb81b99b7a240c6a937fbd3,USABILITY_NAV
3cb63b84f35f92c54fe1ae1c,ACCOUNT_ACCESS_AUTH
1f4c7109eeb728ea83385545,USABILITY_NAV
c0b50d7bc3efa67b216beaa0,SECURITY_PRIVACY
120c29015a0665472dfe18ad,ASSET_COVERAGE
c888d9fa2ddaa1ca72b00e1b,GENERAL_SENTIMENT
246e43e74c932f4b0715e7ac,GENERAL_SENTIMENT
58c23f6f57fa1166982f8bf6,ACCOUNT_LIFECYCLE|CUSTOMER_SUPPORT
f01f81ade8fc59ad8795dd7d,GENERAL_SENTIMENT
e32c8a9308259d0e06cff0ca,GENERAL_SENTIMENT
5f690cd4f97cd0691bc08399,ONBOARDING_BEGINNER
57733ca122991f99ab7aa3eb,ADVERTISING_NOTIFICATIONS
1805aa9a48df9d3c09817365,ACCOUNT_LIFECYCLE
1e81be6845a5d8c74800f398,ONBOARDING_BEGINNER
e127a09b829e2af19ec479a0,FUNDS_TRANSFER
c0d6331fda9e724fa57e6972,GENERAL_SENTIMENT
92dc1137b0f1029b1666e658,APP_STABILITY_PERFORMANCE|FUNDS_TRANSFER
b6742270a4c2cadadcde0432,GENERAL_SENTIMENT
6464c3ddfbf2848fa8b38fbd,USABILITY_NAV
9aac098f01364a5b8307b567,FEES_SUBSCRIPTION
177a6abc0efb51c6bd9df043,USABILITY_NAV|APP_STABILITY_PERFORMANCE
266ca6c36b26f45301445121,CRYPTO_SPECIFIC
fad04d442083de92464fd5cd,FUNDS_TRANSFER|ACCOUNT_ACCESS_AUTH
d2032749d54e83262ba20e99,FUNDS_TRANSFER
ffc5e13edbd157ae5f84421f,ACCOUNT_LIFECYCLE
cd173fc16da4f56b4aeaa6ed,GENERAL_SENTIMENT
872bfd2743db2bcadb44b160,GENERAL_SENTIMENT
eb735bc4f69162c1b0c3226d,APP_STABILITY_PERFORMANCE
71eb60eaaa3a14c0c054ac60,GENERAL_SENTIMENT
245153f736de94eaccfd8479,GENERAL_SENTIMENT
a1495dabb04cdc661e68b0ad,GENERAL_SENTIMENT
543495ba7f4506fb38b4acf0,GENERAL_SENTIMENT
446b36a903c7461f2434bf9e,GENERAL_SENTIMENT
e57de68a28dd6490503e599d,ONBOARDING_BEGINNER
f585ae316065c4c9f6dd5dcb,CRYPTO_SPECIFIC|ACCOUNT_ACCESS_AUTH|CUSTOMER_SUPPORT|FEES_SUBSCRIPTION
f88dd72ff50313af5e6e202c,USABILITY_NAV
40327ba10cb5d1fbe5473d4a,TRADE_EXECUTION
31daf9ee2f0faf631e9b33bb,APP_STABILITY_PERFORMANCE|ACCOUNT_ACCESS_AUTH
efc247012e540a101965f6b5,GENERAL_SENTIMENT
f7c06d18c759c0e19502fb68,USABILITY_NAV
f816c677d845c2233f76e88d,GENERAL_SENTIMENT
5a8b7dabb3d861023eb7e672,USABILITY_NAV
83c82bb5223208197dee5f8c,GENERAL_SENTIMENT
0c635d3fbd7b8ed26dbba957,ADVERTISING_NOTIFICATIONS|TRUST_FAIRNESS_REGULATORY
0fd921eb467c394423f4234a,USABILITY_NAV
bae1f15637a57ad500445b7b,TRADE_EXECUTION
43474e869a37e6cc3015fc37,GENERAL_SENTIMENT
952197a011a92b7b75f93977,ACCOUNT_LIFECYCLE
2a3c90b17d4169c56ce1d111,GENERAL_SENTIMENT
d1accd633a10aa95e31ae963,USABILITY_NAV
b3c38cb88063da0c152ed548,GENERAL_SENTIMENT
cbf344d28f01b34c1bd38ebf,GENERAL_SENTIMENT
5b2846f0debdeba4668cdbbc,USABILITY_NAV
c4f8904186b2e13760eb3d32,ACCOUNT_LIFECYCLE|USABILITY_NAV
b4593d05f5387ac788ccf91b,GENERAL_SENTIMENT
f488b08f4197559a351afe91,CHARTING_TOOLS|APP_STABILITY_PERFORMANCE
81d2078889bcb0a79d2cbb86,GENERAL_SENTIMENT
cccfb9ad097761b6389a2a6d,ONBOARDING_BEGINNER
a55c7aa5e4a28f30c1ef9512,USABILITY_NAV|ACCOUNT_LIFECYCLE
b51b9aa770d004aeac1a1bba,TRUST_FAIRNESS_REGULATORY
dd4acfe94d65c40e2b6c7a05,APP_STABILITY_PERFORMANCE|TRADE_EXECUTION
0e5946100093072742f9af61,CRYPTO_SPECIFIC
55aa235f50590b1a9653bea2,GENERAL_SENTIMENT
bc7f0d4c956c64f7cd8fb91a,GENERAL_SENTIMENT
8eea1d8e7b665776ecb28011,USABILITY_NAV
570b6d4064c519d300d54769,GENERAL_SENTIMENT
c49a94cbe5d0df45dab11431,CRYPTO_SPECIFIC
ee134a149a5170ae18a5555f,SECURITY_PRIVACY|FUNDS_TRANSFER|CUSTOMER_SUPPORT
e8ac0d962ff101287e157d5d,GENERAL_SENTIMENT
b57af8dbcc642a9be7e68124,USABILITY_NAV
600ce3fa566fc02ad50d778a,APP_STABILITY_PERFORMANCE|USABILITY_NAV
cdb8b3f1444c4256927f2f89,ONBOARDING_BEGINNER
8d56ee7a82ea7f69d50f73f7,GENERAL_SENTIMENT
52929ff9fdb330c8beafd052,GENERAL_SENTIMENT
7ac6a4d8f8b6793a1fc65edc,GENERAL_SENTIMENT
19d0b770a2899be4160caafb,APP_STABILITY_PERFORMANCE
4ef0ad9a6b4cf581afb55883,TRADE_EXECUTION
c174836c47882a74618ee64f,ACCOUNT_LIFECYCLE
7043edbfea846317f1bd723a,APP_STABILITY_PERFORMANCE
86ef496710fb243df824db4d,GENERAL_SENTIMENT
72a4084674d977753a51ccd2,USABILITY_NAV|ONBOARDING_BEGINNER
ad343b5f300db43f1f22ca80,FUNDS_TRANSFER
7021e956cedb9ccc69845551,APP_STABILITY_PERFORMANCE
e1283029afbd7f9dfa5facb6,ACCOUNT_ACCESS_AUTH|FUNDS_TRANSFER|APP_STABILITY_PERFORMANCE|USABILITY_NAV
cb2e56884a92e3e88280a020,ACCOUNT_ACCESS_AUTH|CUSTOMER_SUPPORT
07dd76d35e96c4e93e920db2,APP_STABILITY_PERFORMANCE|TRADE_EXECUTION
8e1650472d0c19aaa46aeb1d,GENERAL_SENTIMENT
9788f682c97408de52701abf,CRYPTO_SPECIFIC
0e9abdc0e29f0909e36a5d7c,ACCOUNT_ACCESS_AUTH|FUNDS_TRANSFER
127c0527aaf387ec0768d889,USABILITY_NAV
0a5a6c7c5705e8be9af560a4,USABILITY_NAV
bb4e38bc008698aca807b18d,ACCOUNT_ACCESS_AUTH
733e4ede8c3a7ade21c242e7,ACCOUNT_ACCESS_AUTH
5a55f6a983b565f9f7c9be3c,ACCOUNT_LIFECYCLE
698c2a8c20e9a8858cc2547d,USABILITY_NAV
30b36a928977ab36955119f5,FEES_SUBSCRIPTION
7d481cd2eee30c9edec9acb3,FEES_SUBSCRIPTION|FUNDS_TRANSFER
39fd11c6537d14b628c9f74c,USABILITY_NAV|TRADE_EXECUTION
449d43a76e3c7fe6a071b61f,ACCOUNT_ACCESS_AUTH
c9f7c1554cf9e312dd669785,ONBOARDING_BEGINNER
185ed4591e33633f8d33bc62,APP_STABILITY_PERFORMANCE
43b067ec1abcb34db652cc83,ONBOARDING_BEGINNER
227793907bedfe4cb3c455b7,GENERAL_SENTIMENT
5dea76bf133335b709f3d801,ACCOUNT_LIFECYCLE|APP_STABILITY_PERFORMANCE
0666eba97e69d5f1e09a3bbe,USABILITY_NAV
c828f0b613b62503c7216962,USABILITY_NAV|FUNDS_TRANSFER
3460bdf610373b30009c448e,USABILITY_NAV
e63b2711de25090b85100f78,GENERAL_SENTIMENT
5d7423cd2befbc19467c2f17,GENERAL_SENTIMENT
eea537875282735cc9cd3f1c,GENERAL_SENTIMENT
7ce8d8a14090c3844be2054c,GENERAL_SENTIMENT
918c5ee968c2cd9b51b239f5,GENERAL_SENTIMENT
ad05c0ccdb637007a5d0e440,APP_STABILITY_PERFORMANCE|TRADE_EXECUTION|CUSTOMER_SUPPORT
2e9905946db926f0749bad2c,FUNDS_TRANSFER|CUSTOMER_SUPPORT
d285383d340763929175b323,FUNDS_TRANSFER|FEES_SUBSCRIPTION
6f9ec10d1fb5c210da250dae,ONBOARDING_BEGINNER
67d5b4c2fea49f7a5ce9fe52,GENERAL_SENTIMENT
3cdeaaf50c9d4046817ccd94,USABILITY_NAV
4fb3f401770c1a6e44f91be4,ONBOARDING_BEGINNER
c8e3d5460ba9e93ed5204661,CRYPTO_SPECIFIC|ASSET_COVERAGE
55f236f3fcf06f32d43fa08c,GENERAL_SENTIMENT
a66679f6abda758a6cb7c131,CUSTOMER_SUPPORT
4ea2e2a1ff53c70902493e0c,SECURITY_PRIVACY|APP_STABILITY_PERFORMANCE
36c1dccce4920f404137b155,USABILITY_NAV
278ef437c7e51ded2ff2b20c,GENERAL_SENTIMENT
83b7b916abcf7ecb1d8ba041,CRYPTO_SPECIFIC|CUSTOMER_SUPPORT
7b997159a5b7035f84be955f,GENERAL_SENTIMENT
58ba44e52fbfa3a399e482cc,GENERAL_SENTIMENT
618030cbef2d11a16496d63f,ONBOARDING_BEGINNER
67e3de4fd02cb1cd75329889,TRUST_FAIRNESS_REGULATORY
36586e71120893673557dc06,CUSTOMER_SUPPORT
6a9425da7f901c8cbe35508f,GENERAL_SENTIMENT
ff292374feb221fb18b35799,FUNDS_TRANSFER|CUSTOMER_SUPPORT
e56ecd17967e9e5a819b2fbf,USABILITY_NAV
bfa68eb76c3e8fdfadc1b68b,ONBOARDING_BEGINNER
349dce21415e11b8db3244f4,PREDICTION_MARKETS|TRUST_FAIRNESS_REGULATORY
61e522974b352f259c8a9a59,CHARTING_TOOLS|APP_STABILITY_PERFORMANCE
4331f3826a943fd73dc81a0a,CUSTOMER_SUPPORT|APP_STABILITY_PERFORMANCE|CRYPTO_SPECIFIC
fd9bd6c4b68872f6b90ea46d,FEES_SUBSCRIPTION
0f19c5a8c01d93e64526baf7,CUSTOMER_SUPPORT
528be30510fc17ff0f66ab18,GENERAL_SENTIMENT
e55c25f9b15f56df536adec3,ACCOUNT_ACCESS_AUTH|ACCOUNT_LIFECYCLE
ec4f2d52622a56bc27337c24,ONBOARDING_BEGINNER
09a4cd8a7c851b7814b2ab60,GENERAL_SENTIMENT
752ef86c140c73179f62f9b6,GENERAL_SENTIMENT
7492eb12bd5dbb8f0d4fc4d0,ASSET_COVERAGE
d4abe738c1f2acc9d68051e2,GENERAL_SENTIMENT
6009c4565d9a2d826c9fd5eb,USABILITY_NAV
d2905bb8978bc1056c4e82db,GENERAL_SENTIMENT
3f3869cd2870b5664bb4c67c,USABILITY_NAV
1239689044b9807db81b9bc0,ONBOARDING_BEGINNER|USABILITY_NAV
d6ca07ead4e7fbd5efa106e3,GENERAL_SENTIMENT
65306b32fdeed5daf4d8dfd3,ACCOUNT_ACCESS_AUTH|CRYPTO_SPECIFIC
3f3b01da17672f014180db58,GENERAL_SENTIMENT
d95a5c4a324bc5c5958d6596,GENERAL_SENTIMENT
271d9d7a688ee21c58e06266,USABILITY_NAV
c7dadf838717b0b446ed3bbc,GENERAL_SENTIMENT
f200bc9c98e245488ecce8a9,FUNDS_TRANSFER
0065e6f50d2b0fb661b866d0,CUSTOMER_SUPPORT|ACCOUNT_ACCESS_AUTH|ACCOUNT_LIFECYCLE
6b3c362819255796fcbfce1b,USABILITY_NAV
6ebc0659cc3f20a558bd5119,GENERAL_SENTIMENT
02d0dbd643168d9e58ba5a74,GENERAL_SENTIMENT|ASSET_COVERAGE
d4bc80abcff5fcb1f300dcec,GENERAL_SENTIMENT
8f6e3a68b593ed4ac9e5edf7,GENERAL_SENTIMENT
287f20995bbb7020cd67d4e5,GENERAL_SENTIMENT
1f5d4cd0e3cd481a7f1e8b0d,USABILITY_NAV
2725366a68c8f4b6651b703f,GENERAL_SENTIMENT
61ec4861e3392d6001ef547e,GENERAL_SENTIMENT
7f69c6bbf51ddbdc850cc935,ONBOARDING_BEGINNER
7f0815f8a60e35a1442f3d26,FEES_SUBSCRIPTION|ACCOUNT_LIFECYCLE
02f374fcea86d6ffc0f785fd,CRYPTO_SPECIFIC
c70f3bfe1c6e09262dece0f3,GENERAL_SENTIMENT
5a2d335ae8ae058d1aba4927,ONBOARDING_BEGINNER
47cabd70c7285aacc7a844ea,FUNDS_TRANSFER
0e29ec3d4eca11b33bd5c6b1,USABILITY_NAV|ACCOUNT_ACCESS_AUTH
07e57f586438c35c5f1ca3fd,USABILITY_NAV
4569f8b743ba7deaf2f6606c,GENERAL_SENTIMENT
38c5393068d40b61a2541204,FEES_SUBSCRIPTION
b574476654faec8f37bc327f,FEES_SUBSCRIPTION|CRYPTO_SPECIFIC
dd30d909509f561fc04da0e2,GENERAL_SENTIMENT
7c889905f33087629afda392,APP_STABILITY_PERFORMANCE
1034f677da5dcac488ff2eb2,FUNDS_TRANSFER
95eb406d94ac2a88612b2d93,USABILITY_NAV|TRADE_EXECUTION
a343819691daf295b1f1c03d,ACCOUNT_ACCESS_AUTH|USABILITY_NAV
c960dea5263d57f5cfaa1aac,TRUST_FAIRNESS_REGULATORY
2567c3cf51c4d12999f595be,CRYPTO_SPECIFIC|USABILITY_NAV
f2af56c15e0ddcfc3c194ff3,USABILITY_NAV
3e77e96d2acb8cf56d72fd59,GENERAL_SENTIMENT
3907eb7dba71c5ea5b264e3b,USABILITY_NAV
62e591677b54592bd474342d,FUNDS_TRANSFER|CUSTOMER_SUPPORT
96b1ead7a8dd9c48ceae407a,GENERAL_SENTIMENT
4a546ee4f938a1c791b457a5,USABILITY_NAV
0e44f410e1aae3895a91b680,TRUST_FAIRNESS_REGULATORY
ca49c7cb45d8c12f1febe9aa,FUNDS_TRANSFER|CRYPTO_SPECIFIC|CUSTOMER_SUPPORT
59b4451f42fbeb88b9100f00,FEES_SUBSCRIPTION|APP_STABILITY_PERFORMANCE|ACCOUNT_LIFECYCLE
88bf0ca05ed7fcc529f974f0,GENERAL_SENTIMENT
b73ccdeadc48a8e15323ebb8,FUNDS_TRANSFER|FEES_SUBSCRIPTION
b5d10a6b397056e9089e4ab2,GENERAL_SENTIMENT
c9c0418ad1e84b160883b0aa,USABILITY_NAV|FUNDS_TRANSFER
0e6bb961e456acadaa88909c,GENERAL_SENTIMENT
58ca1bc64ee4a71b376e232f,USABILITY_NAV|SECURITY_PRIVACY
d143ea94261396c554c3f01c,ONBOARDING_BEGINNER
4f2d2be4ff336123786be550,ACCOUNT_ACCESS_AUTH|CUSTOMER_SUPPORT|ACCOUNT_LIFECYCLE
268e370d1dc19c524e7d2462,GENERAL_SENTIMENT
ec234920096e19155e0763d0,APP_STABILITY_PERFORMANCE
4b5aa7fa6ee4e6255caeac2f,ONBOARDING_BEGINNER
da544641ee97ae450374e3da,USABILITY_NAV
5dfaf53f95bd5d90c9f249a5,GENERAL_SENTIMENT
ef76a739b2c44cdad09bd9fe,GENERAL_SENTIMENT
c7074fd59aef1b623d0efa74,GENERAL_SENTIMENT
9dc6d62d3783dbac99556b8d,GENERAL_SENTIMENT
9ce59def111d8e3f5f19ada2,CRYPTO_SPECIFIC
bdede9f1a372971ee2e82c21,USABILITY_NAV|TRADE_EXECUTION|CUSTOMER_SUPPORT
b51af5ac5fcc4b5a299a8c9f,USABILITY_NAV
4ec866df7c379f6083f3a7c8,GENERAL_SENTIMENT
d6bad004c9f19c553d0e6885,GENERAL_SENTIMENT
6f7c350ea283b0357b7b792c,GENERAL_SENTIMENT
03d934030558183695760f05,GENERAL_SENTIMENT
55b33a471fd229cc570bafd6,USABILITY_NAV
8e168318ea0dd50c31eb9394,GENERAL_SENTIMENT
3daab6457a15a0fd592b3422,APP_STABILITY_PERFORMANCE
04925be87dd0cff8c3efbce7,USABILITY_NAV
ccd7678e0340615a6859a346,USABILITY_NAV
2201f6371677e6fa384b8836,CUSTOMER_SUPPORT|FUNDS_TRANSFER
aace79ff447474d370dd49d0,ACCOUNT_ACCESS_AUTH
189b3ed55416cc227bf077a2,CUSTOMER_SUPPORT
4eb8a82548c1bc370307c445,GENERAL_SENTIMENT
6d05b016635678b1aa2644e4,USABILITY_NAV
9175a007fe22dabe2cf767f9,SECURITY_PRIVACY|USABILITY_NAV
97f220bb896cafa54e63dcff,USABILITY_NAV
95474fd3a0b7c1200043624b,FUNDS_TRANSFER|TRUST_FAIRNESS_REGULATORY
78283946a4ad5d90ee09c6bf,GENERAL_SENTIMENT
536824101ff69ae5bc90c897,FEES_SUBSCRIPTION|CRYPTO_SPECIFIC
ba027fc65e6ebcd14d93032b,GENERAL_SENTIMENT
d34a749ddfd9a37bb5ef53fd,USABILITY_NAV|ONBOARDING_BEGINNER
f58c02c7541609c0f15e7962,CRYPTO_SPECIFIC|FUNDS_TRANSFER|APP_STABILITY_PERFORMANCE
9f30c4811dd8678200d2cf26,GENERAL_SENTIMENT
01495a3a6f33f51181326ebe,GENERAL_SENTIMENT
3d28931b5a48264865282d97,GENERAL_SENTIMENT
211d39ae918257daa14ddae7,USABILITY_NAV
113d32f8d190d14a7a707f98,ACCOUNT_ACCESS_AUTH|CUSTOMER_SUPPORT|ACCOUNT_LIFECYCLE
a29e9e9500be2278a281bfd1,FEES_SUBSCRIPTION
c5b86021026bfee6a62b21c0,USABILITY_NAV|APP_STABILITY_PERFORMANCE
6de88d3a65ec480c4bcaed01,GENERAL_SENTIMENT
00aa2c469cd563f373806adb,GENERAL_SENTIMENT
4483e394deea76c4d062219e,APP_STABILITY_PERFORMANCE|TRADE_EXECUTION
edae5602b7709c83e920f1fe,GENERAL_SENTIMENT
e5b4f2612741ba5cdc81021f,USABILITY_NAV
7f845f7c82ba17befefb2335,GENERAL_SENTIMENT
215c0db4834747389d54e910,USABILITY_NAV
8e32a3a2d5bc6fc55f19f20d,FUNDS_TRANSFER|CUSTOMER_SUPPORT
40ca466ba42d958623b9c8aa,USABILITY_NAV
1d9552283ebc47f37a82d67b,USABILITY_NAV|ONBOARDING_BEGINNER
21ae8645e3cdf1e0ebd01076,GENERAL_SENTIMENT
5978b0aeb87075685c529b84,APP_STABILITY_PERFORMANCE|FUNDS_TRANSFER
2a6ddb9983a5241052609d82,USABILITY_NAV
8699ffd2b747efce9564c4dc,TRUST_FAIRNESS_REGULATORY
4814065fa18946d62d5d47c5,APP_STABILITY_PERFORMANCE
6116a353299334474181a20b,ONBOARDING_BEGINNER
eca5187f039cbc6b05241881,ACCOUNT_ACCESS_AUTH
b37a7c2603401f11fcb767a1,USABILITY_NAV
4fea7e8082dd617a71f13277,USABILITY_NAV|CHARTING_TOOLS
380e6610fe697bc71ad8d4ec,USABILITY_NAV|ADVERTISING_NOTIFICATIONS
39ca2e1b12a3f0c52fe98115,FUNDS_TRANSFER|FEES_SUBSCRIPTION
65d8893ae821b9ce4523555d,ACCOUNT_ACCESS_AUTH
437a43f737a1a86de6245e7f,SECURITY_PRIVACY
bdb3c8df38be457b9833f9b1,GENERAL_SENTIMENT
ae69ff74e884e94ab98b1052,ACCOUNT_ACCESS_AUTH|APP_STABILITY_PERFORMANCE
307f3932b959fa97c0b87a76,GENERAL_SENTIMENT
cdcd13ddf345322234e25036,GENERAL_SENTIMENT
ac1b08d8c81ed1683eddc070,CUSTOMER_SUPPORT
1f3c24f50468051b319d7c8b,GENERAL_SENTIMENT
d2d1d2cffea72c43e300f1fd,ONBOARDING_BEGINNER|USABILITY_NAV
02ae712343c5d72ca22bc0ea,FEES_SUBSCRIPTION
dd6b558b68a07c8fd03b51ec,ACCOUNT_ACCESS_AUTH
f5bcff6729c860a0642e35fa,GENERAL_SENTIMENT
816d1b304074cc48b9f738f6,USABILITY_NAV
95ea2e45e4578acd4be3aea6,CRYPTO_SPECIFIC
54aab33b5b434a3a2faaff95,FUNDS_TRANSFER|ACCOUNT_ACCESS_AUTH|TRUST_FAIRNESS_REGULATORY
94a1855a0661330665c9b67b,ACCOUNT_LIFECYCLE|FUNDS_TRANSFER
ab029041943fab3d2cbde1e0,TRADE_EXECUTION|TRUST_FAIRNESS_REGULATORY
6d3f79c07967e41f206d1f45,ACCOUNT_ACCESS_AUTH
1ef379a307a82f4961056206,USABILITY_NAV
492728579cc5ff8719fdab9b,USABILITY_NAV|TRADE_EXECUTION
708808393cb872032534949b,ONBOARDING_BEGINNER
5e9cce01b1f53744615e64a8,GENERAL_SENTIMENT
2fb1b7a0c45a2d9c6dad372b,ACCOUNT_ACCESS_AUTH|CUSTOMER_SUPPORT|TRUST_FAIRNESS_REGULATORY
42dabb8694a16af089fd27a8,USABILITY_NAV
159b2ed4bfc52f9495bb0f8d,FUNDS_TRANSFER
5913de46495a6e735f7a6fc5,ACCOUNT_ACCESS_AUTH|CUSTOMER_SUPPORT|FUNDS_TRANSFER
2ee7dc26b1d7f3fc298df54b,CUSTOMER_SUPPORT
a634d091499f532b0bf4cd7a,ONBOARDING_BEGINNER|CRYPTO_SPECIFIC
41600c4e6126169d3fccc95b,CUSTOMER_SUPPORT
ae2cd1006d5f4fdb1f49f01b,USABILITY_NAV|CHARTING_TOOLS
a9a2f558811c486193ecbc34,GENERAL_SENTIMENT
6ef0402c3d24d1d8ee3c761f,ONBOARDING_BEGINNER|USABILITY_NAV
ceb31fb4538ea987e5b5ed3f,GENERAL_SENTIMENT
ddb2e9ed53e313adf9a1e07e,ACCOUNT_ACCESS_AUTH|TRADE_EXECUTION|TRUST_FAIRNESS_REGULATORY
1caf9d3b22f8c1b2263bb9c1,GENERAL_SENTIMENT
3e3065f8b20d2ae6786a1c52,USABILITY_NAV
b9f3fb04860e01485d12f438,FEES_SUBSCRIPTION|CUSTOMER_SUPPORT
579ed4b17f9880234df2c6d2,USABILITY_NAV
2ad7a954f26ac8317e639361,TRUST_FAIRNESS_REGULATORY
3d98b8c121b32056ae53bbbe,ONBOARDING_BEGINNER
222b5b30367703a1f85bcae2,FEES_SUBSCRIPTION
fdf9c87e4b1cadc5e5017de9,FEES_SUBSCRIPTION|CUSTOMER_SUPPORT
6fe3adfed6d7a958751cc1f4,CHARTING_TOOLS|ONBOARDING_BEGINNER
59444e46c7d4642360060ef8,USABILITY_NAV
c57861b939262d7f6dab98a5,USABILITY_NAV
fb7617e615170f71dd1eea7f,ONBOARDING_BEGINNER|CRYPTO_SPECIFIC
544be1b788296b71b4f8bb29,TRUST_FAIRNESS_REGULATORY
5b1d2932dfd9900965db9c2b,GENERAL_SENTIMENT
6bf6fe1b7f2759b2d16c013f,GENERAL_SENTIMENT
ee6dab49e63a93773ea34cf1,APP_STABILITY_PERFORMANCE
e996729a4a70a65e939e2527,USABILITY_NAV
0ba28b804f89b1d6dc1bfcdb,ACCOUNT_LIFECYCLE
a7111c3ca7b1cc009889c4c9,GENERAL_SENTIMENT
6456870678d31de1862ef1a3,USABILITY_NAV|FUNDS_TRANSFER
a20b55c5e5792cb7267f6d77,ONBOARDING_BEGINNER|USABILITY_NAV
a74869e69e9b3df7e7b461ed,USABILITY_NAV
6eb972a45e29663c07be8d37,APP_STABILITY_PERFORMANCE|CUSTOMER_SUPPORT
7aa639b8427c5dcde6635d01,CRYPTO_SPECIFIC
47e787826d80d03f504b2b08,GENERAL_SENTIMENT
f45e516572b7b08c57783090,USABILITY_NAV
4471ed40123178da422a5630,FUNDS_TRANSFER|CUSTOMER_SUPPORT
d49ceaf6de0c2a30ca89c60f,USABILITY_NAV|CRYPTO_SPECIFIC|ONBOARDING_BEGINNER
6e86fcd9880ee5193662bd5c,GENERAL_SENTIMENT
c289518152d36a26a0829cc0,TRADE_EXECUTION|TRUST_FAIRNESS_REGULATORY
8cecc10bfce64fbf98f3f81a,ACCOUNT_ACCESS_AUTH|ASSET_COVERAGE
9a10120761835bc2497b39ff,GENERAL_SENTIMENT
1cd9c46ac58c333bb0dbc244,ACCOUNT_LIFECYCLE|FUNDS_TRANSFER
8ecfd40f0bc7222fc5921dfe,ACCOUNT_ACCESS_AUTH|FUNDS_TRANSFER
0cef506a7c03ad875ff9091b,GENERAL_SENTIMENT
28b2c406bcaa8c94085a8d91,APP_STABILITY_PERFORMANCE|SECURITY_PRIVACY
0ecc62e2a2b8099562d1b73e,USABILITY_NAV
0e1dd0dff3c9fb9184c098b4,USABILITY_NAV
53dd796b34e3d12f559ee7fd,ONBOARDING_BEGINNER|USABILITY_NAV
a7de9a24a0605156623ba905,APP_STABILITY_PERFORMANCE
bc19d5c2965426d25a532a1d,SECURITY_PRIVACY|APP_STABILITY_PERFORMANCE
12515f74871693615e36698d,ONBOARDING_BEGINNER|USABILITY_NAV
00aea5679aa0b10ea166e7cd,TRADE_EXECUTION
f08e29015d0ca1bab9fd02ae,CRYPTO_SPECIFIC|ONBOARDING_BEGINNER
da3242454ff5e12fc15a40c7,ONBOARDING_BEGINNER|CRYPTO_SPECIFIC
a8630760dc3b098062c9809f,TRADE_EXECUTION
e33a988cca549d7fc9a015d4,APP_STABILITY_PERFORMANCE
27c8712e6b008748ddeea4a6,CRYPTO_SPECIFIC|FUNDS_TRANSFER
4ec9395ba97f472005faa880,CHARTING_TOOLS|TRADE_EXECUTION
58fc7a374fc3b31c56c36c02,APP_STABILITY_PERFORMANCE
08c42c01e4b720becb03b9dc,CUSTOMER_SUPPORT
717b27989443a53a2076c52b,CRYPTO_SPECIFIC|USABILITY_NAV|FEES_SUBSCRIPTION
b24d89db9d47156c28ca25be,APP_STABILITY_PERFORMANCE
3426a3f541fed77f2799867f,CUSTOMER_SUPPORT
f03ce8722f435e2493e9caab,GENERAL_SENTIMENT
73bcea8598365e0bd3ce2106,ACCOUNT_ACCESS_AUTH
d3381aa6b2f014b548f66ad1,ACCOUNT_ACCESS_AUTH|CUSTOMER_SUPPORT|TRUST_FAIRNESS_REGULATORY
3f0a1892d9b0f5fd93af74f3,GENERAL_SENTIMENT
672ef0d10f3046d8d632bc5a,USABILITY_NAV|APP_STABILITY_PERFORMANCE
da10753c7b4aab081345ea54,USABILITY_NAV
2b33859b8f3635f8a7c7f5d0,TRADE_EXECUTION
0372854de57607383f758b1e,USABILITY_NAV
2f33828a6f8f1d2f2b0470dd,CHARTING_TOOLS|APP_STABILITY_PERFORMANCE
0fa6345b5c32670615755f55,FUNDS_TRANSFER|TRUST_FAIRNESS_REGULATORY
4fe35000a3092f4119e266ce,ONBOARDING_BEGINNER
a0ffbc5a1351e9879c185391,APP_STABILITY_PERFORMANCE
4b2f02bcc668eb365acaf0fc,ACCOUNT_ACCESS_AUTH
27df8398d6b7964fa69198d4,GENERAL_SENTIMENT
4bef6ca2eeed5505348fa545,GENERAL_SENTIMENT
1475cacee4603548db0acdf7,FUNDS_TRANSFER|CUSTOMER_SUPPORT
385a9bfad96809e0363216e8,GENERAL_SENTIMENT
81932c2ffaaf293759d9e618,USABILITY_NAV
0edbe5a614428d5859f742c2,GENERAL_SENTIMENT
5ddd17dfa607875f78d63e6b,GENERAL_SENTIMENT
ab0780bc0afe8f1dd67fb7a1,ONBOARDING_BEGINNER
2104ceeb20c39fa2e55fd101,GENERAL_SENTIMENT
5af6e29e1450ca6b19daade7,FUNDS_TRANSFER
e7c8a0c2a277572b1fb56e4e,ACCOUNT_ACCESS_AUTH
ca6b092367230050246b6922,USABILITY_NAV|CRYPTO_SPECIFIC
b37eda80773e60b4ebc27d6c,TRUST_FAIRNESS_REGULATORY
