review_id_hash,app,platform,rating,review_date,review_text,source_tag
585b13a32bf32d008b83147d,Coinbase,google_play,1,2025-06-15T08:50:51+00:00,terrible user experience. I tried to use it and had my account locked for suspicious activity. I provided all the documentation requested for a security review and a month later in still locked out.,base
8f850f8c17ed531717ff7c57,Coinbase,google_play,1,2026-07-25T02:29:40+00:00,it a scam and it for people who can hack in your account to sell your money from your bank account,booster:SECURITY_PRIVACY
64d626330a4d87615c2fa2b9,Coinbase,google_play,5,2025-07-28T21:43:44+00:00,very quick and easy layout,base
199e2a86114f635794b70197,Robinhood,google_play,4,2025-01-01T04:51:21+00:00,"I've had a good time learning how to invest using this app. It is very easy to navigate around and pretty straightforward. The only problem I have, is that I no longer have a pie chart and breakdown of the sectors of my portfolio. It was there when I first downloaded the app a year ago. But it is no longer there. Ive spent a long time trying to find it again, and it is just gone. I would really like to see that feature again.",base
3b8a713ff4e049eeef82f92d,Coinbase,google_play,1,2025-09-25T08:09:10+00:00,The app is borderline unusable because of the constant freezes and getting stuck loading.,base
36f631a79905d2f8bd918f49,Trading 212,google_play,1,2026-07-08T17:53:51+00:00,issue with the auto re invest in pies. please update.,base
edd63191b85d3129c4727a85,Coinbase,google_play,5,2024-11-22T18:42:20+00:00,good,base
61ca120bb30dcf5dd993a7a6,Robinhood,app_store,4,2026-05-18T01:33:48-07:00,The app is responsive but the iPad display needs to be bigger and more option to see few trade screens as one. I am talking about full size iPad 12”.,base
6421600f2179a91ac139e8ac,Coinbase,google_play,1,2026-07-15T14:32:14+00:00,I sent a $5k deposit from another exchange (after a small test deposit) and they held it for a day without notifying (not my first time depositing). All I saw was an empty account for a day and half.,base
e4d025a3b55ebedbb8993922,Coinbase,google_play,1,2025-11-10T08:10:51+00:00,Ethiopia is not included why??,base
78e3dc13e1ea3fde4cdc138b,Robinhood,google_play,4,2025-01-17T16:17:44+00:00,Wish I could do more than 1 limit order. IE set a stop loss and another for a upper sell.,base
e9c803d94fa5b92604cb2456,Coinbase,google_play,5,2024-09-15T13:46:45+00:00,Great,base
de290120d5febbf07ad319f6,Trading 212,google_play,5,2025-09-07T22:29:16+00:00,"Works well, very intuitive UI, no problems with speed or connection, happy user!",base
dad79f9d8aa706e07c784fa4,Robinhood,google_play,5,2025-04-23T05:00:33+00:00,Cool stuff 😎 👌 👍🏻 very responsive and accurate ..... all good so far !,base
4026e0f926fb5cb34962469b,Coinbase,google_play,5,2024-09-01T16:03:28+00:00,Love this app,base
05cfa6d711aa5e42dbd0b7ae,Robinhood,google_play,1,2025-10-23T16:19:42+00:00,this app sucks. Couldn't get verified to trade options. the support is offshore and doesn't even speak english,base
7a3df7b60c1695cbe9b97eed,Trading 212,google_play,5,2025-07-31T23:21:25+00:00,very easy to use and informative..highly recommended,base
0f469a30c66b9886e69a7454,Robinhood,google_play,1,2025-04-09T14:28:22+00:00,Robinhood acted like Robbing hood all right I have $10000.00 in charges to my bank account unathorized beware,base
f00dd67365ff47a56b663509,Robinhood,google_play,3,2026-02-17T14:55:12+00:00,I am having issues with my bank accounts and making screenshots in the app. App has improved since adding ability to sell individual tax lots in cash account but need to do same for IRA accounts. Robinhood did not get any of my IRA rollover for this reason.,base
79857522e234fcec2e0d1d27,Robinhood,google_play,5,2026-08-10T22:47:44+00:00,easy to use. the desktop site has awesomes charts,base
25f37c5eae5a4e76b0f5c5a3,Coinbase,google_play,1,2025-10-12T07:53:45+00:00,scam platform. the app was down during the biggest crash in history. prices were different from other exchanges like binance and trading view app. one coin was $3 on those. while on coinbase it was $4,base
fbcca94d06f206ec410a008e,Robinhood,google_play,5,2024-11-29T05:33:56+00:00,"Easy to use for me, a beginner in trading and increasing. I really like it",base
5d7e3cc6f60ee89c2f2fe6d0,Coinbase,google_play,1,2025-02-08T13:01:56+00:00,"Why aren't yall updating crypto price changes on the line graph and such. We want to see what's going on, about to withdrawal and go to another app💯",base
7ced3c3ae61862502b8fbe4d,Trading 212,google_play,5,2024-10-30T23:41:08+00:00,"v good service, format on app is easy to use, have transferred ISA to my 212 account. would recommend",booster:ASSET_COVERAGE
090aeb70fd5814b6af0ef89c,Robinhood,google_play,1,2024-08-16T22:43:21+00:00,"Gambling is bad, mmkay?",booster:PREDICTION_MARKETS
c99cc0a0b60f72da161c9805,Coinbase,google_play,1,2025-08-09T05:29:57+00:00,"if I could give the app a 0, I would! I am going through identity theft and my biometrics repeatedly get disabled. My account information is constantly unverifiable, and I have to re-add my bank account information. I lose sight of my account and balance for prolonged periods. In addition, my Coinbase debit card no longer works and my card is repeatedly declined when I have more than enough balance in my account to cover the miniscule purchases that are constantly declining. pretty useless, $0",booster:SECURITY_PRIVACY
fae39729fdb86443d3c7d1dd,Coinbase,google_play,5,2025-12-02T21:38:23+00:00,excellent service,base
f0917dd3bbffd01fc111c7c8,Coinbase,google_play,1,2026-06-24T19:53:21+00:00,terrible app. stuck in a loop with signing in as this is an old account and recently seen coinbase has allowed someone else to change the phone number on the account. so I can't even lock the account because the app takes me to the login and when I click on customer support it takes me to customer service. such poor service.,base
d7947b092c095a60d09be752,Robinhood,google_play,1,2024-08-20T22:49:18+00:00,Do not depend on their cash card. They will randomly flag anything as suspect and shut you down for a month. Also I want my money back.,base
2c7364763817b3691da6ae85,Coinbase,app_store,5,2026-03-16T05:17:59-07:00,Rien à dire,base
958e06507046aea9379421ea,Coinbase,google_play,5,2026-05-02T19:11:45+00:00,great,base
8fa8d0917c8da87987eba403,Robinhood,google_play,4,2025-01-21T19:27:05+00:00,Very easy to work with,base
ef378f5e6f3673c0bc9a5626,Coinbase,google_play,1,2025-02-26T16:49:57+00:00,It's incredible how often this app is lagging to the point that you cannot sell your coins when you need to. I've been trying to do so for the last hour and it's hung up. Over and over and over again.,base
168a48afbfe2f6b6324e23a4,Robinhood,google_play,5,2025-03-20T18:56:55+00:00,"Just started up, it was super intuitive and easy to get going",base
0b97de41e6d1faf7acd69f67,Robinhood,google_play,4,2025-03-20T00:33:38+00:00,Robinhood does not offer swapping options for stocks or crypto.,base
555dfe9e928400c816162627,Coinbase,google_play,1,2025-12-14T08:34:24+00:00,"SCAMMING GARBAGE....DO NOT USE, BEWARE",base
9458bdc547ac9314d423e934,Trading 212,google_play,5,2026-06-11T09:41:06+00:00,"Was very nervous about transferring a 40k cash ISA to Trading 212. I don't think I've researched into anything as much as I did with this prior to hitting the button. So far so good, impressed by the app. Would be great if widgets were introduced for Android to have a visual graphs for investment pies and individual stocks.",booster:ASSET_COVERAGE
a9a4e0b7aba6b36fca62a137,Robinhood,google_play,2,2025-02-13T11:54:32+00:00,Weak trading app compared to many others!,base
ce3447859804406303fde6e1,Robinhood,google_play,5,2026-05-09T03:34:50+00:00,"A simple and easy app to navigate and make money on stocks, Crypto and betting! Been a member since 2019 and my portfolio has grown ever since!",booster:PREDICTION_MARKETS
e15d359a5c5de99c46190395,Coinbase,google_play,5,2025-10-27T00:47:46+00:00,love toshi and this new experience,base
0d05c3422564c34c1b5631fd,Coinbase,google_play,1,2024-12-30T06:02:51+00:00,I use this platform for a little and ur average prices change and they don't reflect the price you buy the coins at.... Even your average price will jump without buying anything.,base
44285e1c09718a140378ffa4,Coinbase,google_play,1,2024-12-07T01:15:38+00:00,"LOGIN ISSUES. TERRIBLE CUSTOMER SERVICE. FORTUNATELY I DO NOT KEEP MY TOKENS ON THE DAMN SITE. YOU CONTACT ME, I'LL DELETE POST.",base
654247d3073fd1bf2c542415,Trading 212,google_play,1,2025-12-21T12:53:59+00:00,new UI awful,base
043a5f4cc483d1a126d8b964,Coinbase,google_play,5,2025-02-26T17:37:59+00:00,Best bit coin app there is hands down. They actually pay you to learn.,base
cd421c1b2863eb456cd6a826,Trading 212,google_play,5,2025-01-03T14:46:10+00:00,"Overall, it's pretty good and simple to use, minimum problems and a lot easier and better to understand and use then Robinhood who don't even have an etf or allow an ISA.",booster:ASSET_COVERAGE
1ca06060bdceca2e0bff5104,Robinhood,google_play,1,2025-03-14T15:38:24+00:00,Pray that you don't need to solve a small issue with the support and back team. It takes months to get solved or not! Im still in the rabbit hole after 3 months.,base
f21b6a863d387540de33dce6,Coinbase,google_play,1,2025-12-03T16:38:04+00:00,Constantly loading. The amount of times over the years I have to close this app and refresh it and it still just refuses to load ANYTHING. I feel like I'm in a dial up connection using this app.,base
e919cf4e17a7af94ef1ffeae,Robinhood,google_play,5,2025-01-09T21:40:03+00:00,"Excellent, Informational, and Secure!!",base
3bed273a3567a6c9531c0b4c,Coinbase,google_play,5,2025-10-24T01:39:19+00:00,A+,base
89a8dd4a5b0d2b67e5e3778e,Robinhood,google_play,1,2025-12-05T14:28:35+00:00,"my app is not opening up, I have tried everything!!!! what's going ???? I need into my account!",base
97cf1e8e79372483f6c646a5,Robinhood,google_play,1,2025-12-19T12:50:20+00:00,gambling on a finance app is awful and predatory. ugly ui,booster:PREDICTION_MARKETS
6e4a5770d90184d21c6abcaa,Robinhood,google_play,5,2025-03-10T03:49:35+00:00,It is very user friendly but can be used for more complicated trading strategies.,base
0edf758008fbdc74d639d71f,Trading 212,google_play,5,2024-12-10T15:48:44+00:00,Very easy to use and great service from Trading212,base
05099c62ea3f5612ee6e3a1d,Robinhood,google_play,1,2025-04-08T22:01:23+00:00,"This app is for straight-up gambling degenerates. I downloaded it to show my subscribers how bad it was. They promote a gambling culture, and the majority of people who have Robinhood are here to be wannabe day traders",booster:PREDICTION_MARKETS
42ed5bdd7a699fe643b035d3,Trading 212,google_play,2,2025-08-04T11:17:20+00:00,Significantly reduced interest rates this year made other providers more attractive however good interest rates for new savers for a limited time only.,base
29709afc96ee4ce7b0e94622,Coinbase,google_play,5,2024-09-03T23:33:05+00:00,Great app,base
9f306534227b7b92ea718755,Coinbase,google_play,2,2025-04-15T00:15:49+00:00,hacked pages are floating around..developers work and hack thier own company...i have proof.,booster:SECURITY_PRIVACY
5b306e0fad918b0ca128582e,Coinbase,google_play,3,2025-11-23T05:55:23+00:00,"Ok, but unreliable. It's pretty much a crapshoot on if the app will actually load when you open it. I find myself having to close and open the app multiple times just to get to open the homepage and Credit card page.",base
8bc797fd2dcf346fd1e5fb4e,Coinbase,google_play,1,2025-01-02T04:08:11+00:00,"Horrible it says I have to get my acct reviewed to buy more crypto. I just bought some a couple months ago. I have "" suspicious activity"" on my acct. Also u can't talk to anyone but a ai!! Get a non leger do not use tcoj base at all! U been warned",base
5c6d1d121b056ba9d9d87c1d,Robinhood,google_play,5,2025-01-06T21:40:09+00:00,#1 Trading app! Hands down the way to go. Great customer service.,base
317313abfae0a4b26e0ef83d,Coinbase,google_play,5,2024-10-28T20:15:46+00:00,Great app,base
aa978e4b142fb4540b9409df,Coinbase,google_play,4,2024-10-19T21:52:39+00:00,Just getting started but it's a learning process.,base
20e8c0976629eafefcecdb3b,Coinbase,google_play,1,2025-09-18T18:30:02+00:00,"Não usem CoinBase!!!! essa plataforma é uma fraude, te prometem recompensas e não entregam, bloquearam ativos de vários usuários sem nenhum motivo. eles só querem pegar seu dinheiro",base
018e96e4754cf5d6d4676b96,Robinhood,google_play,5,2026-05-13T19:18:30+00:00,great app very user friendly,base
30e2e41339fd03e4b63dcdf4,Coinbase,google_play,5,2025-10-03T02:26:54+00:00,still learning and im greatly pleased with this app,base
c754893cbcb2f8d256d25b09,Robinhood,google_play,3,2025-07-02T18:54:49+00:00,good but not excellent I am looking for ISA stocks and shares,booster:ASSET_COVERAGE
bb3208d9690c82fe6031b895,Coinbase,google_play,5,2025-10-11T10:00:12+00:00,The 👌 👍 Best,base
cacb093ca1ad180326920c7f,Coinbase,google_play,5,2024-10-31T22:30:03+00:00,superb!,base
1341e2f8bd25584503d629c6,Coinbase,google_play,5,2025-01-08T06:59:05+00:00,"Great 👌 easy to use. And to top it off,,....,,, they actually pay you to learn more about making money 💰 That's unheard of, where else you going to find an app that pays you over 50 dollars on your lunch break to just learn more about crypto buying and trading!! Unbelievable !!! But it's so TRUE !! So if u enjoy having money half as much as I do, then u are gonna love Coinbase, without a doubt.. I strongly urge anyone and everyone to just simply check it out for yourself and start staking !!",base
7282575725071fb5d5f92046,Coinbase,google_play,1,2024-12-27T23:24:23+00:00,They keep placing holds on my purchases for up to a week after telling me I'll be able to trade and transfer it before buying,base
263bd25bfb1e49f7037429fc,Coinbase,google_play,5,2025-08-27T05:44:38+00:00,awesome,base
38151ebe9414f970373dc10b,Trading 212,google_play,5,2025-12-16T13:47:28+00:00,good broker,base
ca605c00e472caad3c13d1ad,Robinhood,google_play,1,2025-09-10T19:41:01+00:00,"check the stock market each morning to see my investments and how we started that day. usually takes about 5 minutes of clicking through ads, and telling them I dont want an IPO repeatedly just to check a balance. wouldnt Luigi them myself but would celebrate such action with cheesecake",booster:ASSET_COVERAGE
94fb40ac03de28f0b35470c1,Coinbase,app_store,2,2025-08-08T01:58:37-07:00,Impossible de charger la mis à jour elle reste bloquée. À à chaque fois qu’on veux rentrer à l’application elle demande la mise à jour !!!,base
f7ffe57c5527508a9efab277,Robinhood,google_play,5,2025-02-08T17:12:36+00:00,perfect trading,base
838ca31d2b9779384c7f5ccd,Trading 212,google_play,2,2025-04-28T10:45:34+00:00,I have for the cash isa and it is fine. the app should auto logout when you close it. this is a poor security feature and I can't see a way to enable it. every other banking app auto logs out either immediately or after about 5 minutes but this can stay logged in indefinitely.,booster:ASSET_COVERAGE
5be7c4f13ba690af627b3485,Robinhood,google_play,5,2025-02-05T01:33:38+00:00,Very good app,base
a3827d24f1014268be36a60c,Coinbase,google_play,1,2026-03-25T06:30:13+00:00,"This app is such a scam. When you buy, buy price increase with 20%, when you withdraw pay 3%, when you sell it's less than value. There is always some fee you have to pay. Just avoid it",base
2658f43cc080fbac9e9bf6c2,Coinbase,google_play,5,2026-01-12T01:02:52+00:00,so far so good,base
f7f3674bf06f4620dfcb8a71,Coinbase,google_play,1,2025-11-14T06:30:15+00:00,EDITING THIS....I am highly disappointed..... I got my account hacked into and they spent money off my debit card and transferred my cryto to another wallet. Luckily my bank refunded what they spent off my card. When I locked my account and called support they put it in as fraud. Finally hearing back from their fraud team they pretty much told me I authorized those transactions and the money I got refunded back from my bank they now say I OWE THEM and froze my account. DO NOT USE COINBASE,booster:SECURITY_PRIVACY
89615ff26f35ff4bbf122db4,Coinbase,google_play,1,2025-07-19T05:09:34+00:00,"App Unreliable: ""Something's Not Right"" Error. Not Recommended. ""This app is consistently unreliable. I frequently get the 'Something's not right' error (M-6EAEEEDAD), especially from Friday night to Monday morning, but also other days. It prevents me from accessing my portfolio or trading. Reinstalling didn't fix it. Unacceptable for a financial app; leads to missed opportunities. Due to these issues, I do not recommend this app for reliable trading.""",base
bfa9be8506f21583f98102d8,Coinbase,google_play,3,2026-01-30T12:25:38+00:00,could be better could be worse they added a prediction market cool ig if u gamble umm i use kalshi for all that i wish they added meme coins from fomo or something cause transfers are slow they dont support any credit or prepaids (cashapp card chime card ect) and some buttons wont work but tradings perfectly fine good market i use coinbase to connect with my trading view,booster:PREDICTION_MARKETS
6c7dde78d2feb80d06e48e21,Robinhood,google_play,1,2024-12-12T23:06:28+00:00,"Update: Now this horrible app wont let me cancel my subscription. Somehow there's a service error every single time I've tried, which is in the hundreds, but they can process the things they make money on no problem at all. I guess they haven't read the recent FTC ruling which makes this illegal. Gonna be fun reporting them. Enjoy the fines!",base
a88442f6ef5e1b37e54d61c0,Coinbase,google_play,1,2026-06-24T11:40:55+00:00,"I've been trying to start a new account but the website keeps kicking me out once I click open new account. Can someone tell me what to do now because I'd had to open a account with you and once I've put money into my account it crashes, is this a usual thing? Now that I'm in, I can't get my money out of counbase. This website may have a major bug. I continue to get emails of withdrawals from my account however I haven't been able to access this account in years. Your system won't recognize me.",booster:ACCOUNT_LIFECYCLE
1304420c91329d75a8e48b9a,Coinbase,google_play,5,2025-08-31T17:26:00+00:00,easy,base
6031b666d617998d656efc94,Robinhood,google_play,5,2024-11-26T18:41:21+00:00,I wanted to hate RH after the gamestop issue in 2021 but the UX is unmatched. They've won me back with their innovative products and deposit incentives.,base
c3b56edecfb0c8b05f4cd4a2,Coinbase,google_play,5,2025-08-06T22:17:48+00:00,is good,base
50029126aa82baae608a2680,Coinbase,google_play,1,2025-10-15T19:52:52+00:00,I can't believe I lost around $200 just because I cleared my fingerprints and I put a new fingerprint on my phone 🥹💔,base
93a58b44b7ac2e5476cd0731,Coinbase,google_play,5,2025-04-14T11:19:55+00:00,easy as always simple great app,base
2104edc88542ab12e6233cd3,Robinhood,google_play,1,2024-12-25T21:18:11+00:00,horrible and now suddenly the retrict my account,base
49200dc26c49879037cc3efa,Robinhood,google_play,3,2024-11-21T01:47:27+00:00,The app is excellent. Well put together and does what it claims to (not the get rich part) disclousure Robin Hood never promises that. The market is just gambling.,booster:PREDICTION_MARKETS
919b4982b604197e929a21ed,Coinbase,google_play,1,2026-02-08T14:56:19+00:00,"how can these people be in the business of handling money if your app never works. ive looked to see if it needs updated noo not that, look im trying to get to the point where money don't mean nothing you know like you guys act with other people's money. id hate to work for you guys I couldn't I respect people and thier money im skilled trades taught. ya alllll need to do better. im to the point of getting my attorney general into this just to see if he can do something. Just do better Coinbase",base
31cacefd9ec25fd7cf3cb538,Coinbase,google_play,5,2025-02-14T08:25:22+00:00,"Great app , easy and efficient.",base
d247774d164e5d626353751a,Robinhood,google_play,5,2026-05-27T00:10:16+00:00,been a great app! and company,base
b953e23925c6c20953b5c84c,Robinhood,google_play,5,2026-08-09T22:39:03+00:00,"uesing it for 2 years now. everything on here is self explanatory. easy to figure out, and is the real market. no games.",base
def2980115d63d7c90d34cb7,Coinbase,google_play,1,2025-10-25T22:18:53+00:00,"the app and website only gives me EU countries as my country of residence. I live in America. there doesn't seem to be a way around this. if the website and app are this out of whack, I can only imagine that the service overall is sub par and glitchy. No thanks. I'll buy via cash app instead.",booster:SECURITY_PRIVACY
aa38dc5ba4f5af2bb2c521a5,Robinhood,google_play,1,2026-04-03T06:27:04+00:00,"My Account was inactive for a while and decided to do some investing again. When I log in, I get a prompt to reactivate my account. Spent five hours with six different tech support personnel trying to reactive my account. Error, Error, Error. Can't create a new account as it says I already have an account. Can't permanently delete the dysfunctional account so I can create a new account because federal regulations prevent deletions. So happy I didn't have any funds in my account to lose.",booster:ACCOUNT_LIFECYCLE
083872f241799e3ebd3f35ea,Robinhood,google_play,4,2025-09-18T11:20:02+00:00,Personally never had an issue with app! 1st tried app in 2020. Had 0 investment experience. This app let me learn quickly with the easy to understand interface. I lost interest(distrust)when they wouldnt allow customers to sell stocks that were very volatile in 2020. Took5 years to get over that but now it seems things have changed so app use is a little more tricky but my money was still there. I successfully withdrew money twice so no complaints other than trade pricing isn't always exact....,base
ba6b210328bbd6e7fd472120,Coinbase,google_play,1,2024-12-09T03:50:37+00:00,"This is a friendly reminder that we will be discontinuing retail exchange services to your above-mentioned account. And so on After that email, my coinbase account is closed and all assets in my account lost. When ask to coinbase support. Only reply no helpful login problems solutions. Guys avoid this wallet please if you don't want to lose your money. I'm serious.",base
1feeed63a989f31aad896cd7,Trading 212,google_play,1,2024-09-25T17:14:02+00:00,"BANNED🚫 They banned me just cauz I lost my old phone and tried to get my account back on my new phone.🚫🚫 This is what they had to say !! . . We have recently reviewed Your Account(s) and have made a business decision to close all of Your Accounts with immediate effect. Please consider this email to constitute a notice of immediate termination of Your Trading 212 Account(s), as allowed by our Agreement and/or Terms. Art. 31.5. of the Invest Terms. Your Account(s) will be set immediately.",base
294ed47fcb9838e1de9abe03,Trading 212,app_store,5,2026-06-01T02:41:19-07:00,Opening an ISA account was very easy and adding funds was also simple. I also like the app adding interest pending each day so you can see your money growing.,booster:ASSET_COVERAGE
019cf69320705a442ac0f781,Robinhood,google_play,2,2025-03-21T20:31:11+00:00,"Functionally of the app for trading and associated items is okay. All the banners pushing upsale items being ""in your face"" and sher volume of them is beyond annoying, and actually I'm very close to transferring my stocks out and closing the account. Your app is worse than YouTube or Google! The only plus is the ""instant"" deposit. I have SoFi, Moomoo, Fidelity and Robin Hood to see which one I like best. Right now you and SoFi are last. SoFi sucks on the options portion but your ads are worse!",booster:ACCOUNT_LIFECYCLE
abc381252c8ff067c7c7f742,Trading 212,google_play,5,2025-10-07T01:09:19+00:00,why do I have to prove my address to save cash?,base
191da18ce561128bc997a089,Coinbase,google_play,5,2025-01-12T23:56:38+00:00,Excited to be a part of the future!,base
bb7ff70bbc9eac17dc584f1c,Coinbase,google_play,5,2025-08-18T18:15:27+00:00,Nice app,base
1a093dc25b49c2d85b95e576,Coinbase,google_play,5,2024-11-27T19:03:37+00:00,"Woke up 18000 in the hole because I had my account hacked, luckily my bank flagged it for fraudulent early enough. Lord knows how many times I would have had to create a service ticket before I got anywhere. *Update- I've started back up with this app and have had a far better experience this go round.! Recommend for the convenience and versatile options to access, trade, capitalize, spend my crypto!",booster:SECURITY_PRIVACY
9dfac7ed323884d1037e0fc4,Trading 212,google_play,5,2024-12-11T11:33:25+00:00,"Great platform. Simple to use. I signed up for the Cash ISA, and once I experienced the app, it was simple to switch in my S+S ISA",booster:ASSET_COVERAGE
5944c788751559e6575be170,Robinhood,google_play,5,2026-05-07T23:03:47+00:00,great,base
f3eb97514499529014d8f8c9,Robinhood,google_play,5,2024-10-12T23:37:42+00:00,I want to know how to invest in disighn,base
ddd80aab28e492a8839561ea,Robinhood,google_play,5,2025-03-09T16:58:07+00:00,Really easy to use for beginners like myself,base
f388e3c9a30388258a1ed2a9,Coinbase,google_play,5,2025-06-11T04:05:11+00:00,it's fun!,base
fa3910887108a755a806a854,Coinbase,google_play,1,2025-01-26T00:20:03+00:00,"Bought Etherium on Coinbase a couple weeks ago, just last week I got an email telling my my Etherium was successfully sent,the problem is I was not even on the app so how in the hell did that happen? Yup I was somehow hacked, but then I get a hold of customer service, the guy was from India and it was hard to understand but he was able to get me to forward the email that notified me of the sent Etherium. 10 minutes later he calls me back and says that there's nothing they can do.😠",booster:SECURITY_PRIVACY
e06917ec13e03ae661506971,Coinbase,google_play,5,2025-11-12T00:53:33+00:00,Best crypto platform period.,base
7956c900b206aa1ee55730ef,Robinhood,google_play,5,2024-10-02T21:26:23+00:00,Easy to use information at my fingertips. Outstanding.,base
39a59635ae486e68ab89dc71,Trading 212,google_play,5,2025-08-28T10:29:31+00:00,nice app,base
acc8b8061d2410008befe982,Coinbase,google_play,4,2025-10-07T00:52:55+00:00,The widget is bad it doesn't allow for the coin I own to be shown. Limited watchlist ability.,base
6f4eac4c33cfd850dd4e0dac,Trading 212,google_play,5,2025-09-30T07:26:01+00:00,"Grand! Made profit and bank transfers are easy, low commission, To newbies or those wanting to avoid losing money, it's recommended to not use CFD as its risky but instead headnfor the stocks and shares isa, a steady but guaranteed way to make some scratch.",booster:ASSET_COVERAGE
96712d57f5a172c6f0a0ccc4,Robinhood,google_play,5,2025-04-09T08:28:30+00:00,No fee is the best,base
4d1a13bc4b1819baf241046d,Robinhood,google_play,5,2024-08-24T02:07:48+00:00,Makes trading easy. Started 6 months ago and can't believe my portfolio amount already.,base
3384a162d5d6add477b32b15,Trading 212,google_play,4,2025-06-13T09:29:07+00:00,yeah decent,base
314d8d445a14966884c205cb,Coinbase,google_play,5,2025-09-03T03:26:01+00:00,Easy app to use: People friendly,base
a5e3d204a55261cbfd0799d2,Robinhood,google_play,1,2025-07-15T20:46:15+00:00,no wonder gamestop caused such a mess they can't even look up your account for you if you lose you phone and login id- they get your social and address and everything then can't do nothing they are terrible people,base
9b3d72a9273bbe96e9920672,Robinhood,google_play,5,2024-08-24T00:04:32+00:00,Excellent 👌,base
a977e30811c4c7acd62b6bd7,Robinhood,google_play,1,2026-05-05T09:19:55+00:00,First time user. Robin Hood has been NO help to me.,base
725489b14eaab229961bff64,Coinbase,google_play,5,2025-01-24T03:54:25+00:00,"Simple, easy to use interface and great customer service.. 5/5 stars.",base
13750f09ec908829cb25b90c,Robinhood,google_play,4,2026-02-16T14:41:01+00:00,"No complaints with Robinhood over the years. Great platform, UI, UX, and clear descriptions of option strategies. However, with the recent push for prediction markets they have placed that section above the cash and investment areas on the ""investments"" tab. I hope this is only an A/B test because right now I loathe that UI placement decision. Update: They responded promptly and reverted the UI change on my app but my buying power is empty when it should show a value.",booster:PREDICTION_MARKETS
aec0593c2441a134f72b52f2,Trading 212,google_play,1,2026-05-13T20:51:10+00:00,"DO NOT USE THIS APP. I tried to add funds to my account using a Visa card. I entered my card number, expiration date, security code and name on card. When I clicked ""pay"" my phone shut down and the screen started blinking in a weird way, almost like it was hacked.",booster:SECURITY_PRIVACY
6e32e3af5a4fd0a4b45c48f7,Trading 212,google_play,4,2025-01-27T19:10:51+00:00,enjoyable,base
195fa1947df8652cf76f6e99,Trading 212,google_play,1,2026-06-24T23:25:11+00:00,something wrong with the app. trying to create Stock ISA account and when I click on set up account - nothing comes on account on Samsung S26 Ultra. please fix this,booster:ASSET_COVERAGE
1b38063d72a4f7b6f7d11753,Coinbase,google_play,5,2025-07-28T02:25:23+00:00,good,base
b65644baf5b7ceb6618d5f7e,Coinbase,google_play,1,2025-05-24T17:52:25+00:00,"Terrible customer service. Couldn't get answer on why my account was suspended or how to unsuspend. Update- So the reply I got emphasizes how useless their customer service is - they pointed me to their help chat which I already did, and I talked to customer service time twice. Still useless",base
3e67679712631345e85a1559,Coinbase,google_play,1,2026-02-01T16:41:06+00:00,"Your customer service is remarkably horrible. I have money being drawn from my account, yet I cant access my coin base account to stop anything. now I have overdraft fees, and bs I have to deal with. I did not previously, and simultaneously will not be a part of your 2fa, nor use any type of ""passkey"" connect me to a person who can detach my card, and delete my account. Edit: I wish i could leave 1million poor reviews. This ""app"" should be shut down",booster:ACCOUNT_LIFECYCLE
c709e5898417adfb4af7b77e,Robinhood,google_play,5,2025-03-06T19:06:52+00:00,The easiest way a no knowledge person can get started...I love it,base
a4776f8b61686dd55929e4cc,Robinhood,google_play,5,2025-04-18T20:53:03+00:00,"Like the Robinhood App. my daughter recommended it. I find that it is easy to use, informational and educational. Try it you might like it too. Your stocks are right there with all the information you need.",base
9db8ce1c9e04c198dac4de81,Coinbase,google_play,1,2024-11-09T04:29:28+00:00,I already my coinbase app. But still i cannot open my app.,base
7bd30a736980dd08971ad31a,Coinbase,google_play,1,2025-09-09T20:27:31+00:00,worst crypto app you can get holds your assets till there done loaning it out they are scamers an cheaters do not get this app unless you want them to take money from your account 30 dollars exactly ever month witch you did not sign up for do not use them trust me save your money,base
f7e2d0d9901f425ee7ec3da6,Robinhood,google_play,1,2025-09-10T07:18:43+00:00,"no option to delete account on app or no web page, deactivation department will refuse to delete account and tell you to go to the app where there is no option to delete the account",booster:ACCOUNT_LIFECYCLE
ed940ef06074469a4dea645d,Trading 212,google_play,5,2026-01-04T20:32:13+00:00,Great app,base
0a231e82dd7d6061105d30d0,Robinhood,google_play,1,2024-09-07T00:19:44+00:00,Holdd your money for a week so you can't invest then when you place an order it also takes a week junk app would not use just save your money bc you won't get it back,base
d9677f9e70bc4e4d638920f9,Coinbase,google_play,5,2025-12-06T22:28:36+00:00,I have had Coinbase for many years. To be completely honest I feel very safe with how they do have your back!!,base
ad5b568463b239dd64af7357,Coinbase,google_play,5,2025-12-15T22:49:14+00:00,User friendly,base
fa167f3c2a494b6d59bde65b,Robinhood,google_play,5,2024-09-30T16:25:24+00:00,Great app and service.,base
7ef1c22857dc70af799fa06c,Coinbase,google_play,5,2025-07-20T10:54:29+00:00,I have good experience with you guys and family,base
1de57d9d57b51ab782ae40d5,Coinbase,google_play,3,2025-08-31T02:38:33+00:00,not good,base
6d8a8dee74b44745bd1d7e26,Coinbase,google_play,5,2025-10-13T03:18:54+00:00,it nice,base
125d2b43bd226533294a5937,Robinhood,google_play,5,2025-04-28T16:21:03+00:00,I have used Robinhood for many years and it is easy to use for the most part,base
d595b6323efaf93d48cd66f3,Robinhood,google_play,2,2026-01-27T22:06:20+00:00,"Been trading on this app along with a cpl others for a while. If your long-term trading/ purchasing securities to hold for a while it's good with low costs. If your goal is high speed day trading it's definitely not great. Order fill speed is pretty slow on momentum plays, no live news or real-time info, random glitches & freezes, interface is clunky and doesn't provide info other brokers do like announce markets close early on july 3rd. Robinhood ""gamefies"" trading reducing success overall",base
7f899e07f552fd3ce22a0f43,Robinhood,google_play,5,2025-03-05T23:54:08+00:00,Liars,base
9ef72fdf4f9030864bf9627d,Robinhood,google_play,5,2026-05-28T23:47:22+00:00,"Fun game. Like an idea/product or just have a feeling? Put a little money into it and track it's growth. Articles to keep you informed on economic trends. App allows you to dip your toes into stocks with little investments untill you teach yourself and feel more comfortable, but big enough to support all your investments. Easy to access, monitor and move when needed.",base
f9d6a2df327bda5aba0dde4d,Trading 212,google_play,4,2026-07-02T19:20:35+00:00,"Enjoying the app so far, time will tell.",base
a453a8ac2d659e9968399145,Robinhood,google_play,1,2025-07-05T18:29:25+00:00,Been on the waitlist for 14 months for my Robinhood credit card. What's the hold up? willing to up my rating if they can figure out their credit card roll out and stop delaying.,base
39a1628f5f9ae8f21ebfad1f,Trading 212,google_play,2,2025-06-06T13:18:05+00:00,"App seems ok but WOW. To transfer in a cash ISA is ridiculous. It's in a queue and they expect to start the process in 30 days. Having initially made it look like it was my old account holder's fault for being slow I'm now wondering if I could go elsewhere quicker. For all the good the special interest rate does you, you start by missing a month's worth of it.",booster:ASSET_COVERAGE
2c7e6f33f30b1a106aedea4a,Robinhood,google_play,3,2025-03-12T18:48:46+00:00,Never stops asking you to rate the app. Advertises at you constantly.,base
7d68f3ac504308495c9ad504,Robinhood,google_play,5,2025-10-27T22:05:44+00:00,Trustworthy.,base
9b67a1d88a013ce24046e0f4,Trading 212,google_play,5,2025-06-30T19:48:31+00:00,Works well and looks great. Very user friendly and easy to customise.,base
2db9151d6ac8d2400a891152,Coinbase,google_play,1,2026-02-27T18:24:27+00:00,go to sign in put in all my details it understand i have account even put in varificaion code and says sucessfully signed out why wont you let me access my account/ sign in ?,base
1ad4a4c507278c430f48a553,Robinhood,google_play,2,2025-01-17T00:59:18+00:00,Too much pop ups and spam trying to sell me sht....makes the app almost not worth having,base
92e262afd6586ed1f17cd949,Robinhood,google_play,4,2025-02-13T16:49:15+00:00,More information then other stock apps.,base
741274437d776df0f89216ba,Trading 212,app_store,3,2026-06-29T02:48:17-07:00,"Grundsätzlich finde ich die Bank gut, allerdings ist die App für mich im Alltag nicht immer intuitiv. Bei Überweisungen vermisse ich insbesondere die Möglichkeit, einen Betreff bzw. Zahlungsgrund einzutragen. Das würde die Nutzung deutlich erleichtern.

Mich wundert etwas, dass dieses Thema bisher kaum angesprochen wird. Vielleicht wäre das eine sinnvolle Verbesserung für zukünftige Updates.",base
3b41652ac1a6b855b83698c4,Robinhood,google_play,1,2025-05-28T06:40:55+00:00,annoying pop ups every day,base
68c1d821d270d8785839451a,Robinhood,google_play,1,2024-12-09T21:09:29+00:00,Not user friendly,base
a9772899b4942100e255407d,Coinbase,google_play,1,2024-11-15T05:48:04+00:00,I sent money to coinbase and it hasn't showed up its been 5 months and they kept telling me to wait a day or two because it's something on their end now when I try contacting support the conversation gets closed immediately. I sent quite a bit of money now I don't know if I'll ever see it again,base
ec41bc81645cc0dc162ad7c3,Robinhood,google_play,5,2025-08-07T08:50:23+00:00,"I'm getting what I want, a streamlined app for trading! Certainly wish organization was a little easier and customizable, but if picking so many different ETFs is my biggest problem then that's a luxurious issue!",base
773870c3e145c7194ee5b0e6,Trading 212,google_play,5,2024-11-13T13:30:39+00:00,Fantastic cash ISA.,booster:ASSET_COVERAGE
b1cdb8bcf0fb3a1ccafb8c68,Coinbase,google_play,1,2025-03-06T16:45:00+00:00,App no longer compatible with my Google pixel...boo dumb,base
8e20d76408a46fed4289be87,Robinhood,google_play,2,2026-01-26T18:32:45+00:00,"Pseudo-gambling and crypto have driven me elsewhere, but what's caused me to write this review is just how difficult closing my account is. Multiple issues with actually getting the app to register I have done everything required to close the account, the app has begun to log me out regularly. This service was a decent idea turned ""how can we extract more money"" as soon as the initial wave ended. At least big brokers take things seriously.",booster:ACCOUNT_LIFECYCLE
63e1be68da74092356ca1741,Coinbase,google_play,1,2025-06-08T14:45:05+00:00,download this app if you want hackers to have full remote access to your phone and relieve you of all your assets.,booster:SECURITY_PRIVACY
c7d507fd8dc0d7432d955b5a,Trading 212,google_play,1,2026-07-27T20:23:56+00:00,"My son recently opened a Trading212 ISA. Chip ISA has recently reduced their rate so I thought I might transfer to Trading212. I have a good credit history but during the process of opening the account I ran into problems. Spoke with customer service who stated ""We have made a business decision not to offer you an account at this time"". I've never ever been refused a savings account until I came across Trading212. Diabolical.",booster:ASSET_COVERAGE
b8e0a923df25be030cd0a185,Coinbase,google_play,1,2026-01-28T19:16:48+00:00,"How am I supposed to know what's out there to buy if I can't see all the coins. You cannot see all the base coins because the app doesn't scroll very far. It's not just my phone, other people I know can't scroll all the way either. FIX YOU SCROLLING GLITCH.",base
5be01dbc564e2dbd56f769fe,Trading 212,google_play,5,2025-09-22T09:38:24+00:00,for now everything is going smoothly and the app deserves it's accolades for making investment easy.. but still everyone needs understanding of the market before going in.. so invest what you can afford to lose,base
a762fcd09377ce2b768aa300,Robinhood,google_play,1,2026-05-20T20:00:11+00:00,there are better investment apps and easier to set up,base
45335f84d83673f5deeb8680,Coinbase,google_play,1,2025-06-11T20:09:17+00:00,"They block your account with a series of privacy intrusing questions. EDIT TO RESPOND: This has been going on for months, stuck in the same loop all over again with no resolution whatsoever. STAY AWAY FROM Coinbase!",booster:SECURITY_PRIVACY
1c65a787192e6cdf7c8fde42,Coinbase,google_play,3,2025-05-11T01:23:42+00:00,would like to sell more than one of these DOGE coins,base
7d26e4b16fb7d185205defeb,Trading 212,google_play,5,2026-07-28T20:42:22+00:00,so easy you just got to stop thinking Get Rich Quick as this is not !,base
fa6282583ec4dd1f09f706ce,Coinbase,google_play,3,2026-02-05T15:59:09+00:00,app keeps crashing when trying to change my PW from the awful suggestion pw.,base
a536510535d5be6a293d6b99,Coinbase,google_play,1,2026-08-02T05:15:46+00:00,great,base
9801cd787a3ebbfbcc65bbd6,Coinbase,google_play,5,2025-01-04T02:35:44+00:00,Love coin base! Best rates and fees ever! Drop me some sol,base
535e4925a4e4550740515b4f,Coinbase,google_play,1,2026-06-23T20:27:00+00:00,can't even open the app. just telling me to check my internet connection.,base
78393c9cf5de1b6c3f1aeed5,Robinhood,google_play,5,2025-04-25T19:02:50+00:00,awesome platform,base
c4ce5d78fbe3c0ca31a8ac80,Coinbase,google_play,5,2024-12-07T14:33:25+00:00,Just getting started in crypto and coinbase. So much fun to watch and learn!,base
1d94bd96548cd9f34f17b802,Trading 212,google_play,1,2025-01-17T16:27:19+00:00,Having lots of issues with the app. Have to uninstall and reinstall too often. Can't log in now. Will try web instead,base
86247a9eae2110b869754310,Coinbase,google_play,5,2025-12-12T08:14:33+00:00,excellent,base
fcacb9e730eb5bb0abb05912,Coinbase,google_play,5,2026-07-16T06:23:50+00:00,very simple and value for money to purchase crypto,base
be8e9f8e76e407dde17a8ddf,Robinhood,google_play,5,2024-11-01T14:23:03+00:00,Very good,base
8ac878503cd4840298d117ff,Robinhood,google_play,5,2025-05-04T17:24:25+00:00,Good investment app with many options.,base
2e44e7f920a45bc872caf351,Robinhood,google_play,5,2024-10-27T02:32:42+00:00,Super easy to use for investing,base
32b0a9e9adce34a130c4db42,Trading 212,google_play,1,2025-12-29T13:59:21+00:00,"new UI terrible. No idea where anything is, it's all changed and .ales absolutely zero sense. Used to be pretty straightforward and intuitive to use and now I have no idea where anything is. Why do developers do stupid things to a system that already works.",base
f39112b2ba438bf527020570,Coinbase,google_play,5,2025-03-28T19:55:27+00:00,awesome,base
5b61f6a4214ced0926cc7251,Coinbase,google_play,5,2025-08-11T16:40:37+00:00,easy to use,base
7f69becb2d7d2686a8d19c3c,Coinbase,google_play,1,2024-11-20T19:53:36+00:00,Impossible to get real help. Been trying for 5 days and can't contact a human for help. Very frustrating,base
41345519f7965245e58a50a4,Robinhood,google_play,2,2025-08-13T20:57:43+00:00,"I like it overall, but why do you guys even offer IPO's if you can only fill one share per person? That's a joke.",booster:ASSET_COVERAGE
81ed114e33f624ae9c229622,Robinhood,google_play,1,2024-12-05T21:51:49+00:00,Holds fundss for way too long (unable to withdraw for multiple days) when compared to other exchanges. Not acceptable.,base
aceba6c803112285ee3b09b4,Coinbase,google_play,1,2024-12-05T05:33:16+00:00,All day trying to upload my id my license and won't take it . I ended up deleting it and close the account,booster:ACCOUNT_LIFECYCLE
7323b65f25f76e8c5438666f,Robinhood,google_play,5,2024-11-25T05:36:30+00:00,"Good app, easy to use.",base
7c12b5eb8e9882f70f02d1ff,Coinbase,google_play,5,2024-10-02T15:25:43+00:00,"Great app, customer service is decent.",base
7ddd3a7cb638ff68ee30c83e,Coinbase,google_play,3,2024-09-18T14:02:43+00:00,Coinbase doesn't treat UK customers fairly in comparison GBP versus $ trading pairs. The advance GUI only has a few GBP pairs and not on the same playing field as dollar pairs. GB customers will have to pay higher fews if the coin/token is in basic category. Totally unfair and should sort out at government level.,booster:ASSET_COVERAGE
b456fe7ab16eef3c54fd3640,Coinbase,google_play,5,2024-08-17T02:10:51+00:00,On the way to real wealth,base
76d8b79b97c71d66783ec03c,Trading 212,google_play,5,2026-06-18T12:22:14+00:00,Trading is Easy!,base
7096373686722927a652594b,Coinbase,google_play,5,2025-10-16T10:53:39+00:00,So easy to use. Instant trade action. Instant fund transfers back to bank accounts. Happy customer here.,base
de6c7d9cebd0dc783ea6b49e,Robinhood,google_play,5,2025-06-30T00:18:18+00:00,simple intuitive,base
45075d8f068dd9abed9f81c4,Trading 212,google_play,1,2025-05-20T11:39:22+00:00,It's getting worse every time they update it.,base
aa23e700271c783296feecda,Robinhood,google_play,3,2026-04-25T03:59:33+00:00,They're pushing predictions markets hard. its crazy how they place the betting section before I can get to see my holdings as I scroll down the app. promoting gambling instead of investing doesnt sit well with me.,booster:PREDICTION_MARKETS
c0de5cdb31db29643b0bdcd4,Robinhood,google_play,2,2024-10-18T05:39:19+00:00,"It is a cool app, they locked my account pretty soon after I opened it. There is zero customer service. The only option they give you is email that they won't respond to. They essentially decided to delete my account after a week or more of waiting. Now I have to wait for them to delete my account so I can get my money back hopefully! No one will respond to me so I have no idea what is going on.",booster:ACCOUNT_LIFECYCLE
aadc6a68b8cbb7cc34eb1708,Coinbase,google_play,5,2025-05-13T14:42:19+00:00,seems promising,base
b825d06251bcbcf57ff9561a,Coinbase,google_play,1,2025-03-10T12:13:19+00:00,"I'm also having a lot of difficulties, no problem taking my money. Then deciding staff, and a bunch of fraud on their call.supports. 4 or 5incidents, deposit money, then I can't even send my crypto? My money is held hostage, always before a big run. But the. They all of a sudden have my funds Disappear. Theyve never fixed anything, let alone my deposit sign in bonus, to 6.5k missing and doesn't show up on stmt. messing with coinbase is just more troubled then good...",base
2b1951fd7ddeba68da6a2de1,Trading 212,app_store,1,2025-06-16T18:00:53-07:00,"The support agent I'm dealing with is so slow. He responds once every 24 hours with a single, unhelpful question. Resolving a simple issue has now taken over a week. This delay is costing me trading opportunities.",base
617865d64a76059ba022e048,Coinbase,google_play,1,2026-02-22T22:30:59+00:00,company bleeding cash while charging such ridiculous fees is actually insane. side note taking 33% of the total bet from prediction markets? GTFO of here,booster:PREDICTION_MARKETS
77c0d1d415e3c289b65f5d64,Trading 212,google_play,4,2025-10-17T12:22:35+00:00,So far is easy to use as a beginner.,base
c02f9678fe99bc0063afd041,Coinbase,google_play,5,2024-12-13T05:56:45+00:00,Very easy to use.,base
9fb4879449554c5b26aa779c,Coinbase,google_play,3,2025-06-30T17:33:31+00:00,goWill change after account activated,base
39974dc6721f2fb5343741e4,Robinhood,google_play,1,2024-11-29T20:40:21+00:00,Will not allow me to reopen or create a new spending account after unauthorized attempts to withdraw.,booster:SECURITY_PRIVACY
ddb396f8e7a2c666e173280e,Robinhood,google_play,5,2024-11-20T16:10:51+00:00,This is a good app I recommended for everybody,base
a74c5ac06f818d7e964e9385,Robinhood,google_play,1,2025-12-30T02:03:42+00:00,app spams me with notifications for sports betting. sports betting shouldn't be in an investment app ever.,booster:PREDICTION_MARKETS
c433f848dcda243ba1e66e04,Robinhood,google_play,1,2025-01-17T09:22:02+00:00,Sucks,base
eadf6016e239a9c083fb9c79,Trading 212,google_play,1,2025-10-29T14:33:34+00:00,"now force you to add a 6 digit password, like we haven't enough hundreds of password and pins to remember now comes with the 6 digits. i tough we are going passwordless.",base
74ca04fddd8db5f5b3821807,Coinbase,google_play,1,2024-12-30T14:52:16+00:00,Totally scam.,base
1942e55fb392305a0cc6a2e7,Robinhood,google_play,5,2026-06-04T18:37:42+00:00,Easy to use for a beginner like me.,base
196bdfafa835ecef9dc31c18,Coinbase,google_play,5,2024-09-01T19:35:53+00:00,Pretty good app 👍,base
874677b08a9c1ea435dc5f04,Trading 212,app_store,1,2026-05-05T07:25:04-07:00,If you want to open an account be warned! Your patience will be tested. When you try to upload your photo you will see half a message telling you what to do. Why it doesn’t appear fully is anyone’s guess. Personally I’ve given up- there are other platforms after all.,booster:ACCOUNT_LIFECYCLE
3a7f6a288a3f9724f7747b95,Coinbase,google_play,5,2025-07-26T06:39:17+00:00,😊,base
b6525b7e505e132f950c3d0e,Coinbase,google_play,5,2025-08-12T12:56:09+00:00,It is crypto tech friendly and 100% honest.,base
7e99f26619c3856a2627e4bf,Coinbase,google_play,5,2024-11-08T01:23:48+00:00,If you know you know LFG #DivineGang,base
c88e7bb89211e23ceec311aa,Coinbase,google_play,1,2025-10-06T19:47:28+00:00,"Worst exchange ever. still doesn't work smoothly for android. Trying to buy or sell, and it'll load forever. Keeping you locked in a trade. My brother got his account hacked 4eth disappeared wasn't even notified that it happened. If there is an exchange owned by the elites, it's this one. Dont give coinbase ur info period. Now I cant see what im holding while using advanced trading. BOYCOTT COINBASE",booster:SECURITY_PRIVACY
08391f414a2194d7141129da,Robinhood,google_play,1,2025-06-05T17:47:03+00:00,well done . robinBET,base
673b6b684188eb5038c9dba5,Robinhood,google_play,5,2025-06-26T15:50:33+00:00,Big fan of the app. Great way for a novice or experienced person to invest. I've used it for a while now and I'm very happy with the app.,base
543052a8f90a8f858f2c1930,Robinhood,google_play,4,2025-01-01T14:42:13+00:00,"Ez way to make a higher interest rate on savings. But be careful, of course.",base
582ca5b1f203e6f44dee0f18,Trading 212,google_play,5,2024-09-09T11:04:47+00:00,Everything on the app works smooth . I am happy with it,base
3df3888cd46fef6aacd53953,Robinhood,google_play,1,2026-05-20T02:37:11+00:00,Shady CEO. Hope you get sued to the ground. Garbage app and Garbage company,base
4248a322406137ad38235758,Robinhood,google_play,5,2025-09-23T23:07:16+00:00,awesome,base
2fc6a22d182a58a1e0f9f05d,Trading 212,app_store,5,2026-07-22T04:32:52-07:00,This app is so easy and it moves money much faster than it says it will. I use the instant ISA as my short term savings account. Brilliant. Recommend highly,booster:ASSET_COVERAGE
7e1877855ec7761a2f5ceab2,Robinhood,google_play,5,2024-12-11T00:31:10+00:00,"So far, so good! No complaints!",base
bbf74ab95e6f9edb08275032,Robinhood,google_play,5,2025-03-19T17:29:43+00:00,I love it's ease of use and low cost transactions!,base
5f6f75f9b384d694b5b277e5,Robinhood,google_play,5,2026-03-17T17:25:43+00:00,cool,base
3bea43742843a216584dd4a0,Coinbase,google_play,5,2025-02-21T15:22:04+00:00,Awesome,base
e68d8dca40014b50e33a8316,Robinhood,google_play,3,2026-05-09T20:30:50+00:00,Intuitive and easy way to trade. Unfortunately the ui started to prioritize all their gambling and crypto over offerings over stock trading,booster:PREDICTION_MARKETS
70d33821833def688c471bb6,Trading 212,google_play,5,2025-01-27T20:07:09+00:00,Great rates and easy to use app,base
4daf2255ed5951feb242cb35,Coinbase,google_play,5,2025-02-18T07:47:32+00:00,"Excellent, 1sttimer so wish me luck and not to dig me a deeper whole Ty 🙏🏽",base
6d9de4b3435b12cc8dde5f49,Robinhood,google_play,1,2025-06-05T22:13:42+00:00,setting up an account gets stuck an a loop and never let me open an account.,booster:ACCOUNT_LIFECYCLE
ff91f64a07427cfa3e9b8acf,Coinbase,google_play,5,2024-11-12T03:01:58+00:00,"Love the easy function ability and accessibility of this application. Great job coinbase I can actually find all your buttons like staking, that uphold makes so complicated to figure out!",base
e08a10d773c9faac42867851,Robinhood,google_play,5,2025-02-20T02:54:38+00:00,Buy stocks with ease,base
dde1502410587b7c10ba0237,Trading 212,google_play,3,2025-04-02T11:38:24+00:00,good app for checking funds but will not allow you to set up a reoccurring/monthly deposit into my cash isa account. you can add in lump sums only.,booster:ASSET_COVERAGE
3faa11b969720b24f4df56ad,Robinhood,google_play,1,2025-11-24T18:08:31+00:00,prediction market they took away your ability to see how much is wagered on each side now only can see total volume. Waiting for a response from the reviews team now.,booster:PREDICTION_MARKETS
55b642c8034582d66406a01e,Coinbase,google_play,1,2025-01-17T11:58:20+00:00,"This app is horrible, the lag is unacceptable. I cant make a transfer when needed, i cant sell when needed. It conveniently freezes everytime i try. Garbage app will not be using this anymore",base
1a35f57f5ec09dda7f867cf4,Robinhood,google_play,1,2026-04-28T20:04:15+00:00,"someone hacked into my account, i called customer service and they just hung up on me without even getting enough information to verify my account what the actual fudge,",booster:SECURITY_PRIVACY
37a7131719474e2de3b99b53,Trading 212,google_play,5,2025-11-23T11:04:31+00:00,a good isa service to have,booster:ASSET_COVERAGE
d77dadd448d85a643d8f887f,Coinbase,google_play,1,2024-09-30T21:34:52+00:00,They allowed someone to hack my account and steal all my funds they robbed me of everything,booster:SECURITY_PRIVACY
c3f4bc0d479eb815dc8502f8,Coinbase,google_play,5,2025-07-10T21:40:14+00:00,great information,base
5db5717966404332c88bb84d,Robinhood,google_play,1,2025-06-04T09:46:30+00:00,im having a difficult time logging into my account,base
3407e8e0a66163539f8968e9,Trading 212,google_play,1,2026-08-05T18:41:36+00:00,algorithm scam app. Don't waste your money on this app... I filed the form about scams on CFDs. I had scammed more than 500€ in cfds I compare with others graphics with the same CFD and the target price doesn't hit the lose amount. It is confirmed 212 has an algorithm scam on CFDs be careful and don't waste any money in this app.. I will share all in reddit,base
b1febc16b1b40a7e3e80324d,Robinhood,google_play,3,2024-10-02T04:51:22+00:00,I just got it. I really don't know. Review is so app can stop asking to review,base
3c6202b5b9d84e8034df9ee5,Coinbase,google_play,1,2024-11-21T04:09:03+00:00,"takes 2 hours to transfer between accounts, and thats the minimum. status has been pending for the past 2 almost 3 hours and havnt been sent yet. ""direct transfer between accounts"" isnt direct. still also takes 2 hours minimum",base
16a4886cc615a755e41230a6,Coinbase,google_play,4,2025-06-10T22:48:41+00:00,ok,base
2a3a59b9b79056ed7c0a2b09,Coinbase,google_play,1,2024-11-22T04:22:50+00:00,I've been trying to get my 17$ for weeks. Every time I try it says my account is under review. I do this over and over. Then it won't even let me close the account. This is trash.,booster:ACCOUNT_LIFECYCLE
ee0a7432cd0ba890afddd140,Robinhood,google_play,1,2025-10-04T01:09:06+00:00,"Lacks Performance metrics for trading and trade results. Contact support tab does not work or even show sometimes. Like it's just outside the viewable screen boundary, that is unacceptable. Event Contract fees are egregious way too expensive to use on a regular basis. Also events should have their own dedicated tab and performance data and metrics.",booster:PREDICTION_MARKETS
c7d9fb0ea97a26258195c51c,Robinhood,google_play,4,2025-08-21T17:13:40+00:00,I liked the app until they started restrictiing trading on some securities (that I wasn't even trading). This is market manipulation and they will probably be sued out of existence. I am withdrawing my funds and closing the account.,booster:ACCOUNT_LIFECYCLE
087962e4daa4970f3fa89a21,Coinbase,google_play,5,2025-02-14T10:40:01+00:00,Ease of app use and sign up,base
0db370e6f571e58a982315c8,Coinbase,google_play,1,2025-01-11T00:12:24+00:00,Unauthorized transaction occurred without proper notification. COINBASE blamed me and offered no assistance. Now all my crypro gone in Coinbase. Extremely disappointed.,booster:SECURITY_PRIVACY
050178afdd0d25772aefc522,Coinbase,google_play,5,2026-03-04T14:20:23+00:00,excellent platform,base
8003e4a3d908e59b614e562f,Coinbase,google_play,3,2026-04-02T11:54:51+00:00,good,base
583edc77807a82c7e992f210,Robinhood,google_play,4,2025-03-19T15:06:43+00:00,Horrible crypto transaction. Takes a long time for available funds to credit after transaction. Would not recommend. Restricted retail investors from buying when they choose to for no legitimate reason.,base
0333ba33f0c9818485bff104,Coinbase,google_play,1,2024-10-12T08:40:14+00:00,DO NOT USE THIS APP. VERY EASY TO GET HACKED! USE Robinhood app. Robinhood is more secure 100%.,booster:SECURITY_PRIVACY
361882d7ec50e25743444b77,Robinhood,google_play,1,2026-07-31T00:53:26+00:00,"EASY ACCESS TO MANY FORMS OF GAMBLING (Sports, elections, etc.) I don't mind Robinhood for investing, but I can't recommend it to anyone due to the gambling options that I do not support and should be either completely separate or heavily restricted.",booster:PREDICTION_MARKETS
17d32783afb7b46a28199d4a,Coinbase,google_play,1,2024-08-24T13:04:28+00:00,"I had a free trial up til September 10th ,they just sneaked in and took out 29.99 for coinbase one from my PayPal.. August 24th I will never trust you thieves again I'm closing account after I get my money back bunch of bloodsucking vampires",booster:ACCOUNT_LIFECYCLE
e440eccf5149aca8f2ab2672,Coinbase,google_play,1,2025-07-02T00:28:15+00:00,"very bad experience, no account verification, also not receiving OTP on mobile number+ No support. Give me a support person link AI instead.",base
77cbff031aca3e9cde11f3c4,Coinbase,app_store,1,2025-04-22T14:33:34-07:00,"Performance metrics have been gone for so long now. It makes it pretty much unusable as a trading app if you have no way of telling if you have made or lost on each coin. I’ve spoken to two agents on the phone. I’ve spoken to the online chat. Some I have spoke to say there is not a problem and it’s just me. Others at Coinbase have said it is a problem they are working on for many customers. 
Please sort it out Coinbase. At the moment I have no faith if you cannot get rid of a bud, how do you fend off hackers. I feel a very under appreciated customer at the moment. I will be looking to move my assets to a more reliable platform",booster:SECURITY_PRIVACY
b3dc414c25c5c97cdd013e8b,Coinbase,google_play,5,2024-08-16T02:48:45+00:00,The technology in app is top knotch. I used Coinbase as a beginner and find the app beautifully designed and easy to navigate. They also offer advanced security features that give you peace of mind knowing that your funds are safe. I think the best way to trade is to Hodl. The markets are tricky and unpredictable.,base
1d425fa9c10abd45dfd5f89d,Trading 212,google_play,4,2024-11-27T15:20:45+00:00,good.,base
45449492a3ad640e0504811f,Trading 212,google_play,5,2024-10-21T12:47:05+00:00,"so far, so good!",base
55972e2f1c512cca9e123054,Robinhood,google_play,5,2024-10-26T06:58:59+00:00,Its great I went in to it with no knowledge and lost alot but it was my own fault. Keep it invest little have extra account.,base
277fdbca115f12aa9c6f08e3,Coinbase,google_play,5,2024-11-25T13:52:03+00:00,App works perfectly,base
5594913984ea92c0ee286d98,Coinbase,google_play,1,2025-05-18T03:54:47+00:00,"I am no longer being allowed to login to my account. I have no idea what changed, but today it's suddenly not allowing me to login using my email and password as I always have, and of course, no real human to answer a call or reply to my texts/chats. Ive been waiting in line for over 2 hours with no movement. Very frustrating not even being able to make sure my crypto is still there and safe, especially considering they just had a major hack.",booster:SECURITY_PRIVACY
896f0ecc7c18f286be08f61e,Coinbase,google_play,5,2025-12-11T16:43:48+00:00,"Coinbase is an awesome app! It has allowed me, normal everyday person to have some control over how I'm able to secure my financial future. For that I'm so grateful.",base
459ffd6f662a092a58626084,Coinbase,google_play,1,2024-10-13T07:14:30+00:00,App can't protect you. I lost all my crypto to a phishing scam. Scammers had my phone number and email by hacking Coinbase APIs,booster:SECURITY_PRIVACY
4ad71ba73ad45c2dbbc1dc0d,Robinhood,google_play,1,2026-04-08T20:20:30+00:00,"I am a UK customer. There is no account overview to keep track of current positions, placed orders, and past trades. It feels like Robinhood is trying to keep you in the dark deliberately, so you only ever have a vague idea of the true state of your account. Serious about trading? Avoid Robinhood! Reply to reply: I already have been in touch with one of your customer service agents about this issue. He admitted that Robinhood is falling short of account overviews.",booster:ASSET_COVERAGE
c5bfbc6f8a06fa6fa9baa000,Trading 212,google_play,5,2024-08-19T11:13:21+00:00,very easy to use and fantastic interest on savings. wish I'd changed over from the rubbish isa I had woth Barclays before - 1.6% compared to 5.2%!,base
6cec284053d5aa55ef61c552,Robinhood,google_play,5,2025-01-12T08:21:35+00:00,Great app easy to use its my go to trading platform I love it!,base
6c034b72b520411736a61ca3,Coinbase,google_play,2,2025-04-24T03:53:35+00:00,way more fees than Robinhood. save your money and invest in other apps that don't overcharge you for everything you do,base
8f7fe7979c2073e470342b70,Coinbase,google_play,5,2025-01-23T19:15:31+00:00,easy to use,base
7f8a61cfbfed8003003af60c,Trading 212,google_play,5,2025-07-07T13:03:54+00:00,"easy to use , ISA transfer from old ISA straight forward took about 3 days. get updates and can see daily interest",booster:ASSET_COVERAGE
92f37407b2a40a4970b32951,Robinhood,google_play,1,2025-08-14T18:31:55+00:00,My account was hacked and now Robinhood wants me to add money to a account that has money in it. I tried emailing no answer I tried calling no answer.,booster:SECURITY_PRIVACY
c8440e62573308d6737ee09c,Robinhood,google_play,5,2026-06-15T22:21:36+00:00,Easy to work with. Great customer service if needed and EARLY IPO ACCESS!!! what are you waiting for? Sign up today.,booster:ASSET_COVERAGE
cb2f36b3a10584c1a5aebcc9,Coinbase,google_play,1,2024-11-22T01:06:30+00:00,"be careful using Coinbase it can steal from you and pass blame back to you the account registerer. There help department operates a lot like cashapp expect no cooperation what so_ever. My account were hacked and they tried charging me for the money that I deposited. nearly 9,000 and the wiped my coinbase wallet clean. Authorities claim they wouldn't cooperate in my investigation and Federal Crime taken place through their site.",booster:SECURITY_PRIVACY
abe29262f48e54cab7c0c083,Robinhood,google_play,1,2026-08-09T04:21:47+00:00,This company sold out to Wall St. Now it's just a platform designed to lure in young investors to push trash products like prediction market trading and high-risk options trading that they factually know that statistically will financially cripple young new investors.,booster:PREDICTION_MARKETS
61e803695d58c8fb5673304e,Robinhood,google_play,1,2026-03-29T10:20:27+00:00,Not interested in gambling.,booster:PREDICTION_MARKETS
bf9eae5e7140f0151559e8de,Coinbase,google_play,1,2025-10-24T17:01:43+00:00,"Cannot verify my identity because after answering the question about my employment status the app crashes (after numerous attempts) with message ""Oops, something went wrong."" Update 2025/10/24: Pixel9, Android16, the app crashes on Signin, lol.",base
6b64fa6c101ec8719a698372,Coinbase,google_play,5,2025-02-17T03:35:35+00:00,Simple yo navigate.,base
84624e3b7a60067b32c0f896,Coinbase,google_play,5,2024-11-02T02:35:08+00:00,Good,base
5094067e58850e9ce3558297,Trading 212,google_play,5,2025-10-27T10:28:28+00:00,I can't believe how easy and available using Trading 212 is.,base
df0fc4885a5b546d91d9283d,Coinbase,app_store,1,2026-01-01T14:56:08-07:00,Hatte jetzt das Problem das mein Konto gehackt wurde und Coinbase nicht getan hat,booster:SECURITY_PRIVACY
bd08083657c2d3ce63915ce3,Coinbase,google_play,2,2026-04-07T06:49:33+00:00,good application,base
56edb6640e03af4b5b3c16f2,Trading 212,google_play,5,2026-02-11T17:12:21+00:00,Does the job for me.,base
3921e066681f9d23f6bd09b7,Coinbase,google_play,5,2025-09-15T21:15:52+00:00,more lambos,base
4155136dfc16a16d2ac7068f,Coinbase,google_play,1,2024-11-24T19:26:50+00:00,Can't close my account,booster:ACCOUNT_LIFECYCLE
e03c01bf9c0f253c3f4d1ab5,Trading 212,google_play,5,2025-11-16T23:42:25+00:00,so easy to use,base
71679aae0be741c6e965dddd,Trading 212,google_play,5,2025-06-05T13:28:20+00:00,simple to use,base
1267b496d26a0149cc675ab1,Coinbase,google_play,1,2026-01-16T15:16:07+00:00,doesn't work on my phone,base
1c2e99fa2fea6c38c7eb55f7,Robinhood,google_play,5,2024-11-18T06:17:55+00:00,Was referred to this app and I love its its truly easy to navigate has lots of helpful tool to teach about hot to invest love it,base
98ae0d97687d495846b48450,Coinbase,google_play,5,2026-03-03T03:03:29+00:00,easy app,base
05a3f875c35db15df9167c84,Robinhood,google_play,3,2026-05-26T15:23:48+00:00,very easy to use,base
1a2f4fd1245aeef2419eee56,Robinhood,google_play,5,2026-05-17T16:04:01+00:00,Im making $$$$$$$,base
9ddf52f827b5365da2575e4f,Trading 212,google_play,1,2025-01-08T18:56:49+00:00,Annoying,base
462b27cf713cd1dcc73ea5fd,Coinbase,google_play,5,2025-01-17T04:15:46+00:00,Very good!,base
2e4fc49bc9c0d6497ea3b71f,Coinbase,google_play,5,2024-10-16T10:21:04+00:00,Great good experience,base
93b68cbd54d406bc945b36e1,Robinhood,google_play,5,2024-12-31T04:13:03+00:00,Its good,base
d2f078938ae03ac56cdaa13a,Coinbase,google_play,2,2025-04-10T22:56:24+00:00,"draconian account recovery procedures. Upon FINALLY getting it ""unlocked,"" I get a text saying ""Coinbase has verified your ID. You can now sign in and trade as usual."" Upon going to the app and trying to ""sign in as usual,"" I got this message: ""Sign in with the device that started recovery We don’t recognize this device or browser, please complete Account Recovery on your previous device or browser."" I'VE ONLY EVER USED THIS DEVICE. @COINBASE FIX THIS.",base
3088f3bacb678c619e005ed7,Trading 212,google_play,5,2024-10-07T11:22:19+00:00,"What you see is what you get , good strong , backed up , interest rate for your 0ne Year Isa . Best on the surrounding market .",booster:ASSET_COVERAGE
e58ddbbefd8583d12b17fe33,Coinbase,google_play,5,2024-12-27T22:34:38+00:00,Best friend of brett,base
faf969a39e90ea29d1a60d8f,Trading 212,google_play,2,2025-12-23T11:33:17+00:00,"it's okay to use, it's missing a lot of functionality as a banking app mostly, but the most annoying thing is that they change the freaking interface almost on a weekly basis. use your time and resources in making the thing better rather than just changing the way it looks and annoying everyone in the process.",base
c28aeb0be302b4e4a758a059,Coinbase,google_play,1,2025-01-28T13:17:12+00:00,"I've submitted all the required documents,Contacted coinbase over 10 times sent over 10 emails on live chat they say everything received nothing more required working with the utmost urgency top priority,Specialists have taken over will be resolved. it's been 2 months now all they do is give you a link and same story every time. Absolutely useless this is unacceptable and plus it's the bull run I can't use my account because of Coinbase incompetence. Need to fix this asap",base
529e79909df093b345e8b9a7,Coinbase,google_play,1,2025-07-05T05:13:20+00:00,"worst experience ever... I already contacted them twice on call, but they are of no help either.",base
282751606597f7fbca149c4d,Trading 212,google_play,3,2025-01-17T16:28:50+00:00,"This new UI. Why do I need the headline banner to be ""stocks and shares isa""? This is pointless information. Worse.. Now the live balance is lost to this? Ridiculous. I have to hop into abother menu to see it. Rate of return? Also nonsense. What most care about is net value vs deposits and a percentage difference. Its great to see if you're 20pc up or 20pc down overall. Rate of return? It's meaningless.",booster:ASSET_COVERAGE
65a2638436dde0f915848eb7,Robinhood,google_play,5,2026-02-04T05:04:28+00:00,"Best app UI, best feature set, best interest rates on cash, 3% cash back on credit card, AI digests with sourced news, prediction markets, and a great desktop dashboard. Gold members really have a premium experience. Incredible work Robinhood team. You should be proud.",booster:PREDICTION_MARKETS
adad2356c891ca58c6e8724f,Coinbase,google_play,5,2025-03-18T03:09:04+00:00,great app love earning free tokens for small task,base
2222fffa221969b62547383a,Coinbase,google_play,5,2025-11-18T16:29:20+00:00,cool,base
7eb52fd641cf05687e6b56e2,Robinhood,google_play,5,2025-04-23T13:09:02+00:00,"Some things are more intuitive on the app than on desktop, and vice versa. I don't like the new gambling features",booster:PREDICTION_MARKETS
9405751fd04ae8ad2e2b8fcc,Robinhood,google_play,5,2024-09-13T16:47:37+00:00,Easy to use,base
1f84cdb4b34d81cf721be3ad,Robinhood,google_play,5,2025-04-12T07:22:03+00:00,"best app for overall stock and crypto trading(buy,send,recieve), really great gold member extras, really good cash back/rewards. I love it.",base
b5dd8b5aa26883c0fd9c8178,Robinhood,google_play,4,2025-08-12T21:03:09+00:00,please allow for multiple accounts! I want to try different strategies!!!,base
5422c043c222455f4ca12408,Trading 212,google_play,5,2025-06-26T16:51:18+00:00,Great app with an easy to use interface.,base
f4afff0936adf7e93b75df40,Coinbase,google_play,2,2025-03-13T22:37:37+00:00,This app crashes send you straight online had to do another kyc now have to wait on manual review🤔 wonder why it crash 2nd time and have 2 step engage on app,base
82b9c3e190b52216462ea784,Robinhood,google_play,5,2024-08-29T21:32:33+00:00,This app makes it easy for starters,base
3190bec6699599a60f3c0d25,Robinhood,app_store,5,2025-12-22T15:29:31-07:00,"I’m not a finance company employee or anything close . The last 20 years I have been self employed. Due to the !&@$”£& at No 10.  Since 2008 understood the importance of the financial world,  compliments
Of Bloomberg . On many occasions, I have tried to purchase shares of companies that have potential. Nvidia was only at $80. I wish to purchase them. The mechanism was not there . I’m so pleased that Robin Hood. is available United Kingdom gives you the scope for so many different investments. I wish to purchase your shares in a smaller company was told by my other investment company 10,000 pound minimum. We back in time I wanted to get involved in GameStop in the UK not happening. Take my hat off to Robinhood. well done have a great Christmas.",base
5bed848fef9d47e6c6f868fc,Coinbase,google_play,1,2025-06-27T19:24:25+00:00,worst trade site,base
7fabf75b8ebed03190006a4a,Robinhood,google_play,1,2024-12-22T20:55:53+00:00,You don't own anything.,base
25140138f42e44d874c1701e,Robinhood,app_store,2,2025-01-01T04:39:50-07:00,"I hope this is a test run to ease Robinhood into uk market but until you have an option for ISA accounts this will never be a major player in the UK. If it does as well as add options, more uk stock choices etc it will easily be the #1 trading app in the UK as most people dont like t212",booster:ASSET_COVERAGE
ef40254f9acfc21733a33b1f,Coinbase,google_play,1,2026-03-04T15:12:22+00:00,coinbase has the power to sell all your crypto w/o your permission. they also have the power to TAKE money from your bank account even if your coinbase account is deactivated & the app is deleted. I do not do business with this app anymore because they have too much power over your money & banks whichever info you use with them. YOUVE BEEN WARNED 03/04/2026,booster:ACCOUNT_LIFECYCLE
b7956badc4e408ea38766799,Coinbase,google_play,1,2025-11-12T04:05:47+00:00,"too slow, when the market low, I want to buy not easy. lag and show "" something wrong...."" I will close. y account soon. toooooooooo baddddddddddddddddddddd - 0 star.",base
272229cabb1467297682eef3,Robinhood,google_play,1,2025-10-19T16:41:34+00:00,I got hacked.. I can't contact support. and it keeps making me go though the selfie verification over and over. ples I advise everyone not to use this platform,booster:SECURITY_PRIVACY
75f89f4880c9e491ce9a32b4,Robinhood,google_play,3,2025-10-22T07:17:58+00:00,"Crashes at least once a week and half the time, I can't view anything in the app during overnight hours",base
7662871aa51a913ac60a6848,Coinbase,google_play,5,2025-06-29T13:49:28+00:00,fantastic,base
a878e45da975b53ee5d85054,Robinhood,google_play,1,2025-09-15T21:07:36+00:00,they already screwed over the people once who's to say they won't do it again,base
ad5570c6430127290bdba633,Coinbase,google_play,5,2025-08-01T22:44:32+00:00,great,base
d749ee4fc5d52736c2be8b65,Coinbase,google_play,1,2024-12-22T06:30:47+00:00,They won't close my account,booster:ACCOUNT_LIFECYCLE
8c5d09e8c1c248885b5803e2,Robinhood,google_play,1,2025-04-16T16:40:24+00:00,the app was good no problems for the past couple of years all of a sudden it says I'm in a deficit and proceeds to sell all my stocks and take the money this app sucks it took 100s away from me for no reason,base
269cd556283b96b200de7fa5,Coinbase,google_play,5,2025-04-03T19:17:57+00:00,great and fast operations,base
72d2b8f2db9838a9a7c49ae6,Coinbase,google_play,5,2025-01-16T22:05:35+00:00,"Have never had an issue buying, selling or cashing out!",base
d634e15b495bff616e6080b5,Robinhood,app_store,3,2025-12-12T13:24:35-07:00,"Have tried a few trading platforms and by far the best of the best in terms of being user friendly, simple to understand, clarity, showing charts extensively, layout and all,  is TRADING212. It beats them all. Robinhood, I think you can do better. I found your platform and layout too basic in comparison in terms  of candle charts etc. and just to make a transaction takes much longer than it needs to be. Overall it’s ok but once you’re used to something better, you don’t want to go back to something that seems a bit primitive in my opinion.",base
7943ae5b1dcf51c83ee54c61,Robinhood,google_play,5,2024-12-29T00:32:48+00:00,Learning how to invest . Never done this before and it offers a lot of ways to learn.,base
2662ee4a756e5fb332791486,Robinhood,google_play,5,2024-08-17T06:05:13+00:00,Just start using. Very comfortable interface,base
cf8320bc2ea96355dbae517c,Coinbase,google_play,3,2026-06-07T23:32:49+00:00,App is very sluggish. Live scores in prediction market do not update correctly during event so it is difficult to tell how accurate the other information presented is. Overall good app for crypto transactions but performance is shaky at best.,booster:PREDICTION_MARKETS
7f38be80f26e79aeb1e9f847,Robinhood,google_play,2,2025-07-10T09:37:43+00:00,"don't accept the free stock, its a trap. I try to deactivate my account but it says I need a balance of zero. but the amount of free stock given to me is too small of an amount to sell because it's a partial share. so now I have 5 dollars stuck on my account and I can't sell or delete it.",booster:ACCOUNT_LIFECYCLE
095ebeaa796a813c194fbf96,Robinhood,google_play,5,2024-10-29T14:07:34+00:00,"I am new ,but the robinhood app is very good for new learners.",base
aa6ef3ceb71836211367eefb,Robinhood,google_play,1,2026-04-03T23:43:45+00:00,"Continues to charge me a $5 fee after YEARS of me canceling the subscription and stopped using the app. complete fraud! and IMPOSSIBLE to have them stop charging me!! I have to call the bank every month to stop them from trying to take $5 even after CONTINUOUS emails back and forth with robin hood support about them canceling the payment. They say ""we are not taking any money out of the account"" as I have tons of bank statements showing otherwise. complete and under embarrassment of a so company",base
b5898db49d49e86dcaa7f3fe,Coinbase,google_play,5,2025-04-12T16:28:24+00:00,used this for years works better now,base
27a54a918614e88919e27b21,Robinhood,google_play,2,2025-05-08T12:06:01+00:00,Does not allow day trading unless you have deposited a large sum of funds.,base
1196ea58e72b45109d2cb79b,Robinhood,google_play,5,2024-12-09T14:47:18+00:00,Love this app,base
044264e459de1d0b606975cd,Robinhood,google_play,5,2026-04-05T08:19:54+00:00,"awesome app. low fees, very secure, easy to use",base
85db5db863c97b63317a10e8,Robinhood,google_play,1,2024-08-23T20:53:56+00:00,Can't log n,base
a2568197042c7ba1ca3a9d92,Coinbase,google_play,1,2025-07-31T04:42:30+00:00,"been unable to redo my kyc for a few years now. can't even view my balance. they keep on sending me emails about updating my kyc, I fill in the details and nothing happens. you literally can't do anything on this app. do not use",base
4e9cd2572a8c0a07075d0793,Trading 212,google_play,5,2025-02-05T14:00:05+00:00,"stocks are like gambling dont be fooled, but the core of this app is its good and easy and offers MORE thank the stockmarket.",booster:PREDICTION_MARKETS
c7d55d9985d39e8774446501,Robinhood,google_play,1,2025-10-11T01:03:50+00:00,nothing like trying to trade and your servers can't handle the volume. you cost me money today. I wish your stock bad juju but I own it 😔 fix your service and quit dropping the ball!,base
92f711c59be31a3f8c378d8e,Robinhood,google_play,1,2024-12-22T00:25:32+00:00,Won't accept my email address.,base
f97285f46aa68fafed3b6f6e,Coinbase,google_play,5,2025-11-14T04:50:46+00:00,Learn the path of the Samurai,base
cae6a9586434aeaf893cc7c4,Coinbase,google_play,5,2026-07-06T09:02:38+00:00,Great platform for especially beginners buy any amount of $ and sell anytime in an instant withdrawals.,base
87b628b62cdc91c1e80db953,Coinbase,google_play,5,2025-05-25T01:18:45+00:00,so far coinbase has been great and is super easy to use. Haven't had any issues at all.,base
b7e0e3c1e03815e402f402ad,Coinbase,google_play,5,2025-12-05T14:25:08+00:00,I'm having a problem with web3 transition.,base
114d455800a762d3381ba296,Trading 212,google_play,2,2026-01-05T13:41:18+00:00,"The app started getting updates for the sake of updates. Don't like the latest version at all- cannot easily see all the investments, need to use pull up menu, the same with created lists. It is very easy to click on something that you not intended to click on. Very bad and glitchy interface.",base
1733520246823cc1f147e7d4,Coinbase,google_play,5,2025-04-13T21:13:28+00:00,Great App,base
1bb261777a0bd957f096af52,Coinbase,google_play,1,2024-11-29T02:52:25+00:00,"Received an email that someone opened an account using my info. Called the contact page and was immediately routed to the worst programmed bot I've ever seen. Impossible to report on the options listed given that you have to 1) Login to the account to report issues, 2) Be on the same phone associated with the account to lock it, or 3) Have very specific non-scam related options they can deal with instead. This company is a farce and should be ashamed.",base
1233d6ae9e04181412eb8070,Robinhood,google_play,2,2025-12-29T07:35:15+00:00,"Ads (used as reward videos within other apps) consistently fail to load-- a black screen shows with a corner X (which, when pressed, gives a message that you ""won't be rewarded unless you watch the full video."" The blank video that failed to load...) When I click the black screen, I'm brought to this page. I'd suggest the devs either quit pushing ads or make sure they actually work properly; I would not trust software with my money if a simpler thing like ads are carelessly-developed.",base
9be307d9508341890a3276a4,Coinbase,google_play,1,2026-02-06T09:47:58+00:00,App has gone way downhill and now I can't even stake crypto in Canada anymore 😐. The coinbase support team is horrible and I'd advise anyone reading this to use a different crypto app.,base
a05e7ccec940940990313348,Trading 212,google_play,5,2025-05-10T14:48:00+00:00,Love this for investment. also a very responsive team. thanks!,base
c505f38c945f07ef4883e579,Coinbase,google_play,5,2025-06-02T17:55:12+00:00,great app,base
63fd4fb4e33c06d4a24212a0,Coinbase,google_play,2,2026-05-30T08:58:32+00:00,"I don't trust this app anymore. I can't access my account. Then they want you to run a marathon of ""security steps"" and something always goes wrong.",base
c45dbde3cefc2ebd41b0c495,Coinbase,google_play,5,2024-12-06T03:05:01+00:00,Good,base
d08afa88a932771f82ab0bcf,Coinbase,google_play,1,2025-07-15T21:00:28+00:00,So on my mobile am unable to sign in to my Coinbase account simply becsuse the new App of Coinbase (UK) resets or refresh the screen in auto everytime I return to enter the authentification code generated by another app. Can you fix this please?,base
5ae6ac234b2171cf208edd42,Coinbase,google_play,5,2025-02-18T07:19:27+00:00,Excthanks for coin bàse.,base
a20e2789e5c14b16f089723e,Coinbase,google_play,5,2025-08-08T21:08:50+00:00,With over five years as a customer I have witnessed numerous changes with their platform and the addition of additional alt coins. Security is amazing coupled with my banking information. I have never lost crypto or my banking information hacked. Coinbase has numerous videos to enhance your knowledge about new crypto emerging and supplying you with their currency. I would recommend Coinbase to any new and existing investor to begin their journey into crypto. customer service is also a plus.,booster:SECURITY_PRIVACY
6e45a0584bd4b0d40da11d25,Trading 212,google_play,5,2025-01-29T01:37:30+00:00,Would 100% recommend. Gives constant updates about popular stocks when they go up and down and you don't need to open a cash isa on this as if you deposit money and don't invest it the interest is added regardless,booster:ASSET_COVERAGE
ef4dbd012300fbc62691ee9a,Robinhood,google_play,1,2025-10-15T00:53:42+00:00,"If you start winning, this app will unnecessarily require you to upload multiple selfies at various angles, also the front and back of your photo ID. Now they risk leaking this info to hackers.",booster:SECURITY_PRIVACY
599b84bbc10453cdff946622,Trading 212,google_play,2,2024-11-09T13:45:34+00:00,"I opened my account the other day and stupidly didn't write down my password. I've been given a link to the app to reset it, however there is nowhere to do this apart from a button to change password which when you click on it, it requires your old password to do it. Considering closing the account. Do not feel confident that my money is safe. Martin Lewis is usually spot on not this time though. Only contact you can make is with a bot that sends you round in circles.",booster:ACCOUNT_LIFECYCLE
6b55cd5c41981bc44baeafb9,Trading 212,google_play,4,2025-06-14T10:31:24+00:00,"I am stuck on a social page and I've no idea how to return the the home page. would you please advise? also, how do you withdraw cash from a cash ISA? there is no button for this function in the app thanks The issue is caused because I have dark mode enabled on my phone. Therefore the menu does not show up in the app. If I disable dark mode it works.",booster:ASSET_COVERAGE
9fb8863c4e2e7b9df8c3ab3b,Coinbase,google_play,5,2025-06-02T01:22:42+00:00,very easy to follow the instructions for a beginner like me,base
515dc71c382fe2722e72e37f,Trading 212,google_play,5,2025-06-19T22:53:41+00:00,"Great stock app, friendly support too used trading 212 for some years now, probably the best Stocks and Shares ISA. Had to use their customer support for various issues that i have stumbled upon, and all have been resolved. 212 also has forums on their website to note. 10/10",base
ecbf0b177f7cab2c8e17c698,Coinbase,google_play,5,2025-12-03T00:26:10+00:00,easy to use and you can do so much with your money here. would recommend for sure,base
bb24c522cb0a81636efe8015,Coinbase,google_play,1,2025-07-08T19:44:56+00:00,"Designed for your loss, like gambling",booster:PREDICTION_MARKETS
901f9bb783b4b3fd8c446849,Trading 212,app_store,3,2026-05-20T18:01:05-07:00,"Great app and easy to use, very friendly however I do not have access to the stocks ISA option even though I live within the UK",booster:ASSET_COVERAGE
d12265f517d62d30f99f3856,Robinhood,google_play,1,2025-04-08T01:04:44+00:00,"this is the worst app I've ever had, it has locked me out. customer service sucks they don't answer their phone you can spend two and a half hours on the phone for them to call you back and they don't. I can't even deactivate my account because it's compromised by somebody else. I don't recommend this app or this service to anybody.",booster:ACCOUNT_LIFECYCLE
8d96f0cb5f8abce79f0c6b51,Coinbase,google_play,1,2024-11-25T13:59:47+00:00,"Worst app ever to buy or sell crypto, they have fees for all of the transactions, you buy and have a fee, you sell and have a fee, you transfer and you have a fee.... and if you want to withdrawal your money you need to wait for days or even for weeks. I am selling all my crypto and deleting my account. If you are starting in this world of crypto think twice in opening an account with this scammers!",booster:ACCOUNT_LIFECYCLE
8b67a952fb9a3136db6061e9,Robinhood,google_play,3,2025-05-03T02:44:51+00:00,DO NOT GET THIS APP! ROBINHOOD WILL SCREW YOU OVER TO HELP OUT OTHER COMPANIES AND HEDGEFUNDS!,base
ba7711900d6756b54a74ded6,Robinhood,google_play,5,2025-02-05T17:46:54+00:00,Very easy to trade,base
73e4d48d6c6fbb4c0e30bee8,Coinbase,google_play,5,2025-02-15T03:18:06+00:00,What's up to the whole app team with coin base. You all rock. Love y'all.,base
dc1f0f3d74ec4cea61d46a76,Robinhood,google_play,1,2025-12-28T20:52:07+00:00,UPDATE: Contacted the email below and I still 100% stand by my claims. They told me they would give me 3% and reimburse the transfer fee and every rep I spoke to is now backtracking on that promise. OLD REVIEW: The 3% transfer match is SCAM - DO NOT FALL FOR IT. Their customer support agents are terrible and refuse to honor it. They will reject your request multiple times and demand extra documents to make sure that by the time your transfer settles that you won't receive the promised bonus,base
799123ae96a080a3f647b99a,Coinbase,google_play,1,2025-08-11T18:47:04+00:00,"They lure you in with reward incentives and they don't follow through. Google it. Huge scam. I have reached out for a month today, fully followed ever stipulation to a T. I have spent hours on chat ""resolving"" the matter. Always end up with nothing. I won't stop reaching out- this is called a breach of contract on their end.",base
1d94fc460e2fc9bbac23b39d,Coinbase,google_play,5,2024-11-19T06:39:30+00:00,"Great experience, enjoy buying cryptos, and the research into all of them. Great source of info into the market and info to help the beginning idiots like myself",base
206fafc69eb1ec369bec1d20,Robinhood,google_play,1,2026-04-06T20:37:22+00:00,"Robin Hood closed my account for no legitimate reason whatsoever. They have deactivated my account and I still have $1,000 in the account there and have no way to reach support to find out what are the next steps for them to transfer my money back to my bank account where it originally came from. They have disabled support chat and are not answering my emails. I filed a complaint with the DFPI in CA for theft of my money and will be filing a lawsuit if necessary.",booster:ACCOUNT_LIFECYCLE
cba75aff24ebbdc5cae625ac,Robinhood,google_play,1,2026-01-16T16:40:24+00:00,"app disaster you not able finish application you not able close account,and support center not able to help you , don't download Robinhood.",booster:ACCOUNT_LIFECYCLE
918fc43692dd8f55ed5724b3,Robinhood,google_play,1,2024-12-04T08:00:52+00:00,Robinhood customer service let an hacker high jack my account sold all my shiba brought Bitcoin with Robinhood instead deposit. Knowing they every all user locations old ping locations and new location and where all identification was being scanned and still let my account get hacked. Their IT department changed my email. And guess what it's been over 2 months. They opened up golds member and Roth IRA and froze my account.I demand compensation and explanation!,booster:SECURITY_PRIVACY
b0e38cc61f642a21be66226e,Robinhood,google_play,1,2026-03-02T15:22:32+00:00,new update to prediction markets sucks. let users sort by events like prior.,booster:PREDICTION_MARKETS
2bc261b0f1ab038d5d47d61e,Robinhood,google_play,5,2025-03-31T23:03:41+00:00,"I'm almost 2, 6 and it's not too early. it's never too early to start saving for your future and retirement.",base
7bf425b6acf25ab0c77b4396,Coinbase,app_store,1,2025-05-15T14:46:48-07:00,Never had any issues in the past and now I can’t even bey into my account!,base
6c651a502ea3faed3dca34b6,Coinbase,google_play,5,2026-04-22T19:02:53+00:00,Easy to buy/sell or borrow major cryptocurrencies. A true banking experience.,base
441c895d5dc8efc63eabb6a1,Robinhood,google_play,1,2024-08-27T15:45:17+00:00,They will literally steal your money ive had almost every transaction changed I have screen shots of this app literally stealing money from me DO NOT USE THIS APP... they looked into my concern and did nothing but give excuses definitely did not fix the issue,base
3ad784bd000e37750f76e0e2,Robinhood,google_play,2,2025-12-02T18:21:10+00:00,"Disappointed by the presence of ""predictive markets"" aka gambling. Really undermines the Robinhood platform for me as a whole, and makes me want to leave",booster:PREDICTION_MARKETS
c7db675759db34ff2a85a733,Coinbase,google_play,5,2024-08-26T07:52:16+00:00,COINBASE IS THE BEST AND MOST FRIENDLY APPLICATION BUY XRP NOW!!,base
b79b032ff57c1372bd371ca9,Robinhood,google_play,5,2026-06-15T01:18:44+00:00,Love this investing platform and app. use it for my roth ira. Robinhood gold absolutely worth it. A lot of perks and ai daily digests. New access to ipos and futures if youre feeling froggy. Would absolutely recommend to someone how wants to learn or an experienced investor.,base
fc3a1bd16469bb205e4be89b,Robinhood,google_play,5,2024-12-19T00:49:07+00:00,get experience,base
5600fea603de8cdc68f81497,Robinhood,google_play,5,2025-02-17T02:15:05+00:00,Love it! I forgot that I had an account with them up until recently when I'd got an email about my investment. So now I'm back to using it.,base
2b546071be15f9d2d27dca32,Robinhood,google_play,2,2025-12-16T08:14:01+00:00,"App says update, app store doesn't have an Update button. App makes me ""identify"" myself with a picture numerous times. App doesn't allow me to purchase anything until account is fully verified. App Camera functions are irritating to use because it doesn't even display the camera. Do people still use this app? Serious question.",base
93d044c587f8b61913ec4b4f,Robinhood,google_play,1,2026-05-31T02:32:49+00:00,"use to be a good platform. Im probably pulling my account and moving it elsewhere though. They now push the ""prediction market"" to the top and theres no way to turn it off which is basically begging its users to go gamble.",booster:PREDICTION_MARKETS
030faed61d2395a8307b18d6,Coinbase,google_play,1,2024-12-10T04:40:03+00:00,í was shorted $50 in Bitcoin. I received half of what I transferred from my account on crypto.çom. now I can't even get hold of anyone. There customer service sucks.,base
123edb01332947db9c3ad823,Coinbase,google_play,5,2025-04-12T13:22:04+00:00,killer platform,base
2381d06c30ab8ac55eb1fbde,Trading 212,app_store,3,2026-05-20T01:02:25-07:00,"I requested a switch of my cash ISA to another provider and they’ve barely communicated at all, I’ve had to rely on the other provider. The app uses misleading terminology and when asking the chatbot, it gives conflicting answers because it hasn’t been trained properly.",booster:ASSET_COVERAGE
851bb58e303105e639560b84,Coinbase,google_play,5,2024-10-10T21:00:44+00:00,"Easy to use, great way to get into crypto!",base
459310fb9ace2db8b7109746,Robinhood,google_play,5,2026-05-10T03:54:54+00:00,"smooth transactions, easy interface and I'm able to do a UTMA account with ease from my phone",base
040f4bb4765a0516a40c5f3b,Robinhood,google_play,5,2026-05-07T03:31:42+00:00,Easy to use. I'd recommend it to anyone.,base
55d1104fd37d2d7be4c8ff63,Coinbase,google_play,5,2024-11-14T23:35:01+00:00,Its easy to navigate for new users,base
19693132d5588d045cd43907,Coinbase,google_play,1,2026-08-12T14:07:15+00:00,super awesome app. b4 coinbase turned themselves into Las Vegas. they should have a separate app. now mine freezes or wheel spinning constantly. moving to another crypto platform that doesn't want to be a gambling hub. I loved coinbase. now its absolutely makes me sick with all the gambling. sad sad sad update: jesus is king!,booster:PREDICTION_MARKETS
8db17465c99aace8cb857c63,Robinhood,google_play,5,2024-12-26T16:01:00+00:00,"I love this app, good for gambling stocks. I use fidelity for real investments, but Robinhood is the best for messing around with stocks and options. Much easier to use IMO",booster:PREDICTION_MARKETS
6a74f9f8459a28f78a9364ec,Coinbase,google_play,5,2025-07-12T16:23:19+00:00,Easy to understand and use,base
183b274854e5d9b9a0ef9665,Robinhood,app_store,5,2025-09-02T07:34:03-07:00,"Great for use in the UK, when Stake stopped brokering in the Uk I looked to Robinhood who are a cheap brokerage to use and have a wide range of stocks",base
85e2ea16d1b24587138f750f,Coinbase,google_play,1,2025-01-22T03:46:03+00:00,Very poor in making account not like binance or other crypto exchanges I try to make account from 2 days but not do some issues,base
7dd4ebe8ee3254f841a27e77,Coinbase,google_play,5,2024-09-13T15:54:30+00:00,great app,base
e0dc69013f09327853259535,Coinbase,google_play,5,2024-10-09T09:15:54+00:00,"So far I really love it. It's really a supper dupper game changer for all, especially for the rookies who don't know or still lack a complete understanding of the crypto world. By far one of my smartest apps I've ever downloaded. This one really does pay & pays well. I'm so glad I got this oppertunity to better myself & actually put some real crypto in my pockets & in my accounts to do with what ever I want",base
99e85ff1eba6ef9878da9e9a,Coinbase,google_play,1,2025-05-21T16:02:27+00:00,I experienced a very bad thing with this apps. The safety is very low and customer service is worst . My account got hacked last year and they were not able to find my account but the cut off their fees . If you want to get stroke coinbase can give it to you.,booster:SECURITY_PRIVACY
7a641cb82dcf6fdb73bfdb13,Trading 212,app_store,5,2026-07-19T10:01:14-07:00,Brilliant and easy to use 😍,base
21245853857f7a54c87284be,Coinbase,google_play,5,2024-10-28T18:35:17+00:00,Great way to learn crypto while truly earning free crypto,base
572fac703659ce3c017b2b0d,Robinhood,google_play,1,2026-06-12T06:12:59+00:00,rip off. I wanted to get in on the SpaceX IPO. I logged into the Robin Hood app and told me that I could do it and then it told me that I needed to transfer the money into the account to cover the purchase and the second the transfer completed it said the window to purchase the SpaceX has closed the only reason I even uploaded the money in there was to buy that IPO and now to get my money back out to put back into my account they want to charge me a $3 fee they're deceptive they lie and they rob,booster:ASSET_COVERAGE
bd6db62320eddf9cdac55cc7,Robinhood,google_play,1,2025-06-11T08:00:45+00:00,"I got locked out of my previous account because I lost my email, and is still pulling money for saving.. that's fine but when I try to update my emaili get ""you need to update this app to the newest version"" I just downloaded.. new phone..",base
87d158a5b7b462f1f46db964,Coinbase,google_play,2,2025-09-23T04:34:24+00:00,So far it functions sometimes and sometimes certain options and menus are locked out or don't work. The way the taxes are accounted for seem to be distorted.,base
2a4fb105c5947d556f865392,Trading 212,google_play,5,2026-06-30T00:06:56+00:00,easy quick 👌 😎,base
820a572e5954024b1c481faa,Robinhood,google_play,3,2026-05-21T14:30:29+00:00,"there are times I get my confirmation back and the price per share is off. i get slippage but when I'm watching an active ticker and I've placed a limit order, why is my confirmation off?",base
f9f27f5fdadd55dd8dffa65d,Coinbase,google_play,5,2024-11-17T21:45:08+00:00,I've managed to earn money by trading bitcoins back an forth.,base
79361f203338b0e5f336a706,Coinbase,google_play,5,2024-11-19T18:57:28+00:00,"Awesome, easy to utilize.",base
14cd99103f5e4ad2520e5ed1,Trading 212,google_play,5,2025-01-04T16:26:09+00:00,"High interest rate for ISA, very simple and easy to use app.",booster:ASSET_COVERAGE
59efff86ec1119be971a254e,Robinhood,google_play,1,2025-09-11T15:51:20+00:00,Options are a dark pool SCAM. Go to a legit platform. UI is fine,base
5891ef3e9db4214cbf4905cb,Robinhood,google_play,1,2025-03-19T17:28:59+00:00,screwed retail and deserves to go bk in my opinion. I only use because I buy long term and hold. DAY TRADING its total garbage,base
1c6c3b2c0c9e4e959495c49b,Robinhood,google_play,1,2026-08-04T23:26:26+00:00,"Someone broke into my account. Trying to change the password on app but it gets stuck on a waiting screen. And does not give any other info like ohine or anything. There is only two sign in choices. Log in or sign up. And forgot password link on bottom. I do the forgot password. And it leads me through a long chain, like 5 or 6 verifications. All lookig schitchy. Then freezes towards the end and changes the waiting and never does anything elae. Tried to make a charge with my attached card.",booster:SECURITY_PRIVACY
7e37a1b4a5b27a392e819166,Trading 212,google_play,2,2025-10-20T13:25:39+00:00,"Was great, now lower interest rates and unannounced intrusive video security measures where they hold your money hostage. Avoid",base
03dd51c8f09971b0f59af3c2,Coinbase,google_play,2,2025-04-08T16:47:52+00:00,"Never works anymore. Haven't been able to see port returns in months. ""Support"" gives you the run around.",base
81d36a8ba31786387f791548,Robinhood,google_play,1,2025-12-27T02:32:51+00:00,Was on the screen for the holiday countdown and it all went black. What a waste of time this company is,base
3b329d0f6f557e4d05642561,Robinhood,google_play,1,2026-08-06T03:25:45+00:00,"Absolute trash of a business and app peddling and forcing prediction markets on me when I specifically asked for them to be removed. Customer service is useless, and you're often left to wait hours or days with no resolution.",booster:PREDICTION_MARKETS
b2d02651aad51f529781e24d,Trading 212,google_play,4,2025-10-12T11:57:07+00:00,Trading 212 is a fantastic place to buy fractional shares. some crypto and even save with decent interest. Everything under one roof. Absoultly no issues and lots of info provided. love it..💕,base
042b8d4060a301783c1447e9,Coinbase,google_play,5,2024-09-27T21:55:37+00:00,"I don't understand much when it comes to crypto, so I like how coinbase gives little rewards to taking mini courses.",base
7376dce2e479f7251981499c,Robinhood,google_play,5,2026-05-09T02:48:57+00:00,Such a great app,base
792c9a75135bc259f8b3dbdf,Robinhood,google_play,5,2026-05-07T17:12:02+00:00,The best of the best,base
f2fcc75fbe30a7727279a8cd,Coinbase,google_play,3,2025-11-11T13:16:04+00:00,Not support ethiopia country phone number to create account,booster:ACCOUNT_LIFECYCLE
90b5259348986bfe32cb3a06,Coinbase,google_play,5,2024-12-31T14:48:49+00:00,Very good app,base
21f2ecae816b296e7568f289,Coinbase,google_play,1,2025-09-02T11:39:52+00:00,not good. Told me to.get verified submitted id and selfie 3 times instant rejection and threatening to close my account. Not amused and unhappy with this nonsense.,booster:ACCOUNT_LIFECYCLE
36bbae618ec1e6d834a21c16,Coinbase,google_play,5,2025-01-04T15:49:30+00:00,After initial login issues has been a beautiful app. First hash coin app I haven't had months worth of issues with,base
1a4445367da48900cd2a3e92,Coinbase,google_play,3,2024-09-13T14:46:16+00:00,"They should really look at including a price breakdown in the transaction preview. For example I needed 2k cash for an emergency and after cashing out 2k worth of my tokens the ""fee"" they charged me came off the top of my profits and I only received $1,964.00 instead of 2k. Now not only am I getting less money in that moment I needed it but I'm still paying my cap gain taxes on that fee they just took off the top. It might be easier to just park some fiat in my account for CB to pull fees from.",base
c505eed595e8c21b02db2bf4,Coinbase,google_play,5,2024-12-09T13:15:57+00:00,Never any issues.,base
67634c851fe368670755858f,Coinbase,google_play,2,2025-04-30T17:59:53+00:00,keeps logging me out,base
1ccc1e2380e1d61f737f989e,Coinbase,google_play,1,2024-08-27T18:55:16+00:00,Terrible they would not send me the code to open my account,base
a320ca8ae3dc715553abd61e,Trading 212,google_play,3,2025-01-14T14:13:35+00:00,Passable app but has lost banking app integration and has gotten UI downgrades,base
e9679a605bd606f8ff689d5f,Coinbase,google_play,5,2025-03-03T21:31:56+00:00,Coinbase Is great and easy to use,base
237ddae166c5858128016bb5,Trading 212,google_play,5,2026-06-12T20:20:35+00:00,Just learning,base
88446b60a431bb4d20754077,Robinhood,google_play,1,2026-03-05T03:25:33+00:00,"scam won't let me deactivate because I have 100 dollars in it but it won't let me withdraw it but it charges me 5 dollars a month for using it even though I don't agree the it, wish I read the reviews before I used it",booster:ACCOUNT_LIFECYCLE
e885d99faf32327a05f14c89,Robinhood,google_play,5,2025-05-28T07:41:42+00:00,good thank you,base
f984ae286d4ac4275f3cb959,Coinbase,google_play,1,2024-09-21T15:29:57+00:00,"Country of residence is not available in the list, it only shows a dozen or so of European countries. I am in Canada, not even other N. And S. American countries are avaible.",base
b7967c4435148ee17ffaef2f,Robinhood,google_play,5,2026-04-15T21:27:58+00:00,Good app doesn't take a genius to figure it out .,base
990caf9ad527a48f4a71e7b7,Coinbase,google_play,5,2026-06-08T08:49:23+00:00,has been a great experience for me and I love the updates and features great job everyone. ⭐🌟🤘😁🤘,base
e2d770aa3b9377ee48d0aa45,Robinhood,google_play,3,2026-01-27T15:19:21+00:00,"I really wish they would let us hide anything related to prediction markets and crypto. Not that I don't invest in crypto I just prefer publicly traded. The prediction markets though really need to go. I come to invest not gamble. I wish they would road map for investors also, the last summit they had was like. ""hey gamblers come see what we are up to!"" Robinhood needs a self managed robo advisory service. or wide assortment of direct indexing options.",booster:PREDICTION_MARKETS
626132b89be4e8a91eb5a612,Coinbase,google_play,1,2026-03-10T16:48:02+00:00,"They've added a Polymarket style prediction market. This used to be a safe and reliable on-ramp, but gambling is a problem for me. I'll have to stop using them.",booster:PREDICTION_MARKETS
84c9fc8d5c239e891c544d08,Coinbase,google_play,1,2024-10-19T04:09:44+00:00,App refresh is terrible,base
6c12ef5dda988772e85a3336,Robinhood,google_play,5,2025-06-16T15:16:51+00:00,good,base
31aca9cfeb4ebd731c6b35ef,Robinhood,google_play,1,2026-02-23T18:48:58+00:00,It doesn't let me enter the amount. It has a glitch. I deleted the cache and reinstalled it. It didn't work.,base
cbf6f6a8b92a98e75e1e1f07,Coinbase,google_play,1,2025-11-01T21:05:01+00:00,"é impossível logar, criar conta, qualquer coisa....",booster:ASSET_COVERAGE
c291c87d5e0b0b347ab26b68,Robinhood,google_play,5,2026-06-15T22:22:37+00:00,Robinhood is for the people!,base
cd5f1c1fd6326f7aba700306,Trading 212,app_store,5,2026-01-21T11:23:11-07:00,"One of the best investing apps I’ve used so far. The interface is clean, intuitive, and very easy to navigate. I especially like the performance overview for stocks and ETFs with daily, weekly, and monthly views.

The only feature I feel is missing is a Year-to-Date (YTD) performance view. Adding YTD would make tracking long-term progress much easier and would significantly improve portfolio analysis.

Overall, an excellent app with just a small improvement needed to make it even better.",base
2dfb9bda77c8a70c75e79fee,Robinhood,google_play,1,2026-01-02T15:44:10+00:00,"I've tried logging on numerous times last year and just now yet it takes all my personal data, send me mail saying it'll charge me weather I use it or not and I cant even get in to do anything",base
8cd42022760b4d0234c61329,Robinhood,google_play,5,2024-10-11T15:00:44+00:00,Excellent for beginner and intermediate traders simple easy access easy to understand and fantastic customer service when you need it...,base
5d4b792ff1ec21b672ca3cfa,Coinbase,google_play,1,2026-01-18T22:08:06+00:00,"Got HACKED, LOST THOUSANDS.",booster:SECURITY_PRIVACY
a589aa8e54105bea9c77d14b,Robinhood,google_play,5,2025-04-07T23:54:24+00:00,it's good. had it for years and overtime they have improved . I don't like them getting into gambling so much but gotta make that money.,booster:PREDICTION_MARKETS
73e6c88e9bdccb5f7c1988ab,Coinbase,google_play,5,2025-08-04T07:28:22+00:00,Good,base
dcc4641cc296d2a60b853bbd,Robinhood,google_play,5,2025-08-20T17:13:27+00:00,Good honest trading. Recommend upgrading to gold.,base
c1f22286e3e0a2713c850bc5,Coinbase,google_play,5,2024-11-27T23:16:36+00:00,Legit,base
9742f35b96596b2eef470601,Trading 212,google_play,4,2024-12-13T08:40:43+00:00,I know virtually nothing about investing. But I'm playing with this app and👍,base
c8cc1f0580363a7f465b46e0,Coinbase,google_play,1,2025-07-22T16:17:56+00:00,"do not use this exchange. they will make every excuse possible to try to prevent you from using it as you intend to. this includes sending money outside of the exchange and performing any types of transactions. they are not in the business to help you. they will steal your money. I have less than $100 tied up with that app and they won't let me transfer it out for over a MONTH!!! don't waste your time or money. now that the market is heating up, I expect it to get worse.",base
388b31e0c9eabe422a47ab9e,Robinhood,google_play,5,2024-12-01T14:36:58+00:00,Easy to use.,base
5562b1511c39d4a825b28172,Trading 212,google_play,5,2025-08-08T10:20:09+00:00,great app and very easy to use,base
9d6808c1398eb291d734e169,Trading 212,google_play,2,2025-06-12T08:08:14+00:00,terrible experience depositing funds and now 3 days later issue not resolved after bank verification,base
c6db0858d6d20358aed5abaa,Coinbase,google_play,1,2024-09-14T03:06:24+00:00,Worked great for several months then when you deposit money like pulling teeth to withdraw with large fees. DO NOT USE,base
2de39bfe02ef0343a36ef061,Robinhood,google_play,3,2025-01-25T15:38:27+00:00,One day in so far ok,base
e8109dea006bab0a6dff6b46,Trading 212,google_play,2,2025-12-18T20:16:08+00:00,"waa really liking this app. .Unfortunately, they've made some really unpopular changes. Most annoying for me is the awful dark themed asset size iustration. Ita so awful, I can hardly look at it, it's bad on the eye A real shame if they won't change it back. it was nice previously",base
5a5fad9df544907f413b0458,Coinbase,google_play,5,2025-08-08T12:16:40+00:00,love the app so easy to use,base
a796e4a54bd11f5f2689f1c4,Coinbase,google_play,1,2026-02-20T01:38:09+00:00,Coinbase as a company has completely gone off a cliff. I have spent over an hour on two occasions with the impenetrable imbecilic AI wall for alleged customer support. there is no possible way to speak with a hu-man. I can only do so after I log in which the website and app both refuse me entry. I have to reverify myself with ID and selfies. Then it's another 24 hours before someone reaches out by email. I'm getting PayPal notifications for transactions I didn't make? Robin Hood lookin' good!,base
497cacc8635011beffcb5d50,Robinhood,google_play,1,2024-11-13T14:46:16+00:00,Bad customer service and they'll slowly take everything from you. Have to pay to have anything. Coinbase I recommend.,base
e6ee2915d62d48b9f0e6334f,Coinbase,google_play,1,2025-07-15T23:50:26+00:00,"Fees on fees. Legal scam artist company right here. And on top of those fees, nk care in the world when stuff gets hacked into and your account drained. ggz",booster:SECURITY_PRIVACY
4007f4697f7fc81c107b072c,Trading 212,google_play,5,2025-08-30T22:05:03+00:00,Amazing experience,base
43e8b538cc7d29d5979ef6d6,Robinhood,google_play,1,2024-11-08T04:28:24+00:00,App breaks when trying to transfer money out.,base
3c67751f604d545d9a9a5a4b,Robinhood,google_play,3,2024-08-17T00:23:29+00:00,"Not as much access to the market compared to my broker. It gets convoluted sometimes, trying to navigate the app, buy, and trade. Keep finding random stocks. I don't remember purchasing or approving some shares. It's not for everyone, and if you value privacy and security at the highest levels and you already have a broker, this is probably not for you. Small time trades, low risk investment, that's what I would recommend using this for. It's fun just watching the market from here.",booster:SECURITY_PRIVACY
23ad1ba278db6be752b31254,Robinhood,google_play,5,2025-03-15T14:25:55+00:00,very good app,base
71a9a40beaf8b86eb0eaaa22,Trading 212,app_store,5,2026-07-31T01:09:14-07:00,Awesome,base
210fb4cc64d040685c21c366,Coinbase,google_play,1,2025-10-22T22:46:05+00:00,If I could make this app a Zero I would. Charges me different BTC amount higher then what is shows in stocks. Preserve others wealth like RobinHood has done in the past if you read the bad comments.,base
42bc5ef8278270520405c25d,Coinbase,google_play,1,2026-07-16T16:18:52+00:00,"can't verify identity with my perfectly adequate drivers license, joke of an app",base
9972b109f6a9b8b898a3f07f,Trading 212,google_play,5,2026-04-13T13:10:59+00:00,great isa rates with easy to use app,booster:ASSET_COVERAGE
60215e395868e31bf405f21c,Robinhood,google_play,1,2025-07-03T23:52:59+00:00,They make it difficult to create an account that links with your bank account. They make it impossible to deactivate the account as well.,booster:ACCOUNT_LIFECYCLE
d33d154ab15c58b2fdbbf30e,Coinbase,google_play,5,2024-08-30T03:01:18+00:00,Orsm.,base
bfebb0576a8c022fdbc82f5a,Trading 212,google_play,2,2026-06-12T14:15:14+00:00,"It would be GREAT if the app allowed depositing decimal amounts of cash (e.g £70.50), not just whole numbers of cash.",base
36bca1cfca26ef53db0a6fd3,Coinbase,google_play,5,2024-11-24T13:53:31+00:00,It has been very simplistic to buy crypto currency. Also the learn to earn is honestly the best I have seen. If you pay attention with the information it is easy. Coin base does a variety of cryptocurrency so you can essentially get a lot of bang for your time invested. This is much more for beginners so more advanced traders should go to another online platform.,base
739609bd46c0060e0265deff,Robinhood,google_play,3,2026-04-03T10:28:29+00:00,"I will admit, this app has improved a lot. Reporting and tracking is much better, and real time stats in the advanced menus bring this very close to its competitors. HOWEVER, it is still incredibly annoying to be shown ads and in-app marketing for prediction markets. let users and investors turn that off, no serious investor is looking at prediction markets.",booster:PREDICTION_MARKETS
3b430a84993066e1b4035601,Robinhood,google_play,1,2025-02-27T21:54:21+00:00,App not working at all. Balances not loaded. Keep showing a blank screen. This app has degenerated a lot.,base
fd9b090dfada1c6fd923fde8,Trading 212,app_store,5,2025-01-16T07:10:10-07:00,"Cool app for investing in stocks, i love the pies feature !",base
bd245b03c0c897a82fea745e,Coinbase,google_play,1,2025-01-24T09:01:57+00:00,Just found out that this application hacks into people's bank accounts do not download it,booster:SECURITY_PRIVACY
590db421918283cc33971c70,Coinbase,google_play,5,2025-06-07T19:20:52+00:00,great,base
c18661cd6a9c8e96311e316f,Trading 212,google_play,1,2026-07-01T15:12:46+00:00,"UPDATE: Increased card cashback restrictions on a card that already barely works half the time is ridiculous. Also heavily advertised the spacex ipo which was annoying and would have lost money. some other annoyances, like not being able to see details of a company from within your investment pie, instead having to search for them manually",booster:ASSET_COVERAGE
70afb46993ee754724ce4a3f,Trading 212,google_play,5,2026-06-02T09:01:37+00:00,good 👍,base
9a18fb54aba457ba71e02873,Coinbase,google_play,5,2024-09-29T05:37:53+00:00,Great App.Easy to use!,base
41d4e66fdac663f332bd3962,Robinhood,google_play,1,2026-02-05T15:19:59+00:00,Used to be good. last update it logged me off and it was nearly impossible to login. closing the account and find someone else to take care of my money.,booster:ACCOUNT_LIFECYCLE
57b5cc2009690875f8143b72,Coinbase,google_play,1,2026-08-15T21:07:07+00:00,gave me a gambling addiction,booster:PREDICTION_MARKETS
4555e327e5d71c3b46d13a3e,Robinhood,google_play,5,2025-04-30T18:55:51+00:00,FIVE ⭐'s and TEN 👍 Money transfers are instantaneous - all questions I've ever had have been answered immediately. Easiest APP for buying and selling stock. Will ONLY use ROBINHOOD!,base
b0ae8608275f3ba2aed14772,Robinhood,google_play,1,2025-05-27T16:59:46+00:00,"Frustrating as hell!! someone hacked into my account, changed the password and contact email, changed the phone number and kicked me completely out of the account. no matter what I do to try to even report it to the company requires me to log in. the only phone number is garbage. I've had all my money stolen by now and I still can't report it....edit...the support is worse than terrible, I have had no way to even get a hold of anyone about this fraud on my account...,4 days later!!",booster:SECURITY_PRIVACY
d79e87433a3c4413b3936d91,Trading 212,google_play,1,2025-02-25T16:03:21+00:00,21 business days later and my cash ISA has still not been received by my new ISA company,booster:ASSET_COVERAGE
1c8b0b01115c917581d058c1,Robinhood,google_play,3,2025-04-10T07:42:29+00:00,"Not impressed with your move into gambling aka ""events contracts."" But whatever. I'm a little older than your demographic, so I can't imagine my opinion matters much. I guess now that the heat is off you can bring back the confetti emoji. But, the app has gotten really frustrating lately. I regularly restart my phone to make sure it's not me.",booster:PREDICTION_MARKETS
2f21178332948c586b540f17,Coinbase,google_play,3,2024-11-15T06:16:33+00:00,I don't appreciate having purchase limits that say $1900 2 days ago and 0 today and I did not have or spend $1900 I don't think I need limits on my account because I manage my money well I am 59 years old and I have never tried to overspend what I have to put in And have never tried to leave a negative balance,base
1dd5bf6cb816c2ef2a0754a8,Coinbase,google_play,5,2025-01-24T16:04:19+00:00,love it but done like to pay for extra stuff with the app,base
cdc36f4a330af6f186ce78cc,Trading 212,google_play,1,2026-01-25T13:55:02+00:00,App update is horrible. The new UI is an incoherent mess. Avoid if you can.,base
bd5ad033f97e37e62a442ccb,Trading 212,google_play,5,2026-01-10T17:57:39+00:00,cool,base
ee285f34296a39e8b48618bf,Coinbase,google_play,2,2024-12-13T10:59:59+00:00,"Why is Coinbase not working in Nigeria,am very angry about this allow us to invest with Coinbase, I'm from Nigeria and one of my account was deleted i have thousands of Shiba Inu coin there what is going on.",base
f76e1cade245f53a093913c5,Robinhood,google_play,5,2026-05-11T20:45:07+00:00,great,base
a04b12e91340ea7532125368,Robinhood,google_play,3,2026-08-12T01:17:17+00:00,"Please put back the daily, weekly, and yearly views in the bitcoin prediction markets.",booster:PREDICTION_MARKETS
3f739ad34834b64700138045,Robinhood,google_play,5,2026-05-07T17:24:33+00:00,"Robinhood has made my first brokerage experience delightful. Its intuitive, modern design. Especially with gamified elements. Made investing accessible to me as a new generation investor. The tiered benefits, like margin, day-trading options, and interest on cash, give rookies real value as they grow. I’ve benefited both from the platform’s simplicity and its features. Overall, I’m giving it 5 stars because Robinhood accelerated my success in investing.",base
b07a12429f28855c2f769a4d,Coinbase,google_play,5,2025-09-02T15:54:47+00:00,great for crypto currency and trading 👏,base
72f07ff99781c47852e8dde7,Robinhood,google_play,4,2025-04-24T01:55:30+00:00,Interface could be more intuitive,base
c52829760fe54a715df0320a,Coinbase,google_play,1,2025-07-11T01:07:17+00:00,"Don't know what happened to this app within the last few months, but wow! I have to change my password everyday to get back in, randomly sending money to who knows who out about 100.00 now, won't allow me to close my account, customer support is a joke...yeah I'm done.",booster:ACCOUNT_LIFECYCLE
2757d36a19758e55cdd17482,Coinbase,google_play,5,2026-03-16T06:18:42+00:00,so phar so phat!¡!¡!,base
4a4001238f354df4152109c3,Robinhood,google_play,5,2024-12-23T15:13:11+00:00,Very cool place to spend $$$,base
26a83b802b0eb2973526b78d,Coinbase,google_play,1,2026-06-05T22:49:45+00:00,broken 2FA so I just uninstalled it 😂,base
0675734843ebd0b444eca792,Coinbase,google_play,5,2026-02-06T12:14:47+00:00,easy to use,base
ebd048f5e0e7032eb94992a7,Robinhood,google_play,5,2026-06-05T04:59:01+00:00,"I like it. It's easy to work up to date the only problem i've ever had was trying to remove my xrp off of and that's why I stopped purchasing xrp on it, pada leone robinhood's stock",base
bc3f2eb7954009f4cfa9fa8b,Coinbase,google_play,5,2025-12-10T03:21:36+00:00,easy to use. better than other crypto trading.,base
3446be041007732359f39c85,Robinhood,google_play,3,2024-09-04T20:25:53+00:00,A little hard to use,base
a91866772ff94f9eab63c231,Coinbase,google_play,5,2024-12-19T15:57:14+00:00,Easy to use.,base
a8c4b5e43bfe36216a5175e8,Robinhood,google_play,1,2025-02-10T02:55:59+00:00,I have tried to close my account and they are charging me for a membership that I never consented for. There is no easy way just to close the account either.,booster:ACCOUNT_LIFECYCLE
c51150a29f4a6e6bffbd0770,Trading 212,google_play,3,2025-04-29T03:00:36+00:00,"very user friendly, just unable to purchase a lot of good shares",base
c0808b55203d7806800c5454,Robinhood,google_play,1,2026-04-18T05:28:07+00:00,"Twice when putting money in the prediction markets, live scores on the app have been completely wrong causing me to put money on orders I never would have chose with accurate information. Garbage thievery app is all this is.",booster:PREDICTION_MARKETS
486d62e12fb56b68274f2dcd,Coinbase,google_play,1,2025-01-04T11:28:39+00:00,"I'm trying to update my address, but I'm locked out. For some reason it's not accepting the proofs of address I sent (all of them within 3 months, including name, date and address) and I don't even have an email address to contact anyone. I'm logged out, please resolve this.",base
113361bd10d9b445b7087766,Robinhood,google_play,5,2024-08-19T23:21:01+00:00,"I Love Robinhood even tho they closed my spending account and wouldn't allow me to reopen it, even I after explained it wasn't my fault someone was trying to hack my account, but life goes on, and I'm still able to invest in my future with Robinhood. Great App & Great customer service 👍",booster:SECURITY_PRIVACY
c41da5430fffb8753d49045f,Coinbase,google_play,4,2024-10-30T17:54:37+00:00,"One issue, when I go to support there's a window saying ""sign In for personal support"" meanwhile I'm already signed in",base
3ac562ca0b0f3911f030a23e,Coinbase,google_play,5,2025-01-22T17:28:30+00:00,Ok,base
248bf9101ef2878109f9c43b,Coinbase,google_play,5,2024-12-10T18:45:31+00:00,I'm still learning how to trade crypto and this app seems to work well for it.,base
a6fb55c257e208b50725cd3d,Trading 212,google_play,4,2026-06-04T17:36:36+00:00,love this app,base
041a4258575c94c6e8656949,Robinhood,google_play,5,2024-12-31T00:53:19+00:00,Very helpful,base
159450ae00ecf6f60472cd5e,Coinbase,google_play,1,2024-11-16T17:05:58+00:00,Such a pain to recover my account. I've been trying for 4 hours,base
5d8ac7524234b268dce96db4,Coinbase,google_play,5,2025-04-26T06:42:41+00:00,Easy to use this app,base
999dd9872113b94c9cde97cb,Robinhood,app_store,4,2026-03-06T14:19:46-07:00,"Lots of good features, and good UI. Recently brought out S&S ISAs for UK users, but it’s still the US experience, with no UK market shares available (that I’ve noticed). Needs a local experience, hopefully in time it’s implemented :)",booster:ASSET_COVERAGE
e39aa7711656d3ab86070b5c,Robinhood,google_play,1,2026-08-04T09:52:52+00:00,Robinhood Prediction Markets is Legit. it's A SCAM your money. pay High 3 kinds Fee for. Buy and Fee Again For Selling Even you Not Making Money But Fee Must be Pay !!,booster:PREDICTION_MARKETS
11d41322849659a7370e3d6a,Trading 212,google_play,5,2025-11-30T02:04:17+00:00,There should be a way to spend from the ISA stocks and shares yet to be invested pot using the master card physical and virtual cards.,booster:ASSET_COVERAGE
73b5f58ebac24386f3f574e2,Trading 212,google_play,5,2025-10-24T06:56:36+00:00,Investment made easy. It's such a simple app to use. I love the way it breaks down the investments into different sections and gives you how much you are gaining as a %. Got free shares for encouraging friends to join as well. The 0 commissions for buying shares in the ISA is also a huge bonus.,booster:ASSET_COVERAGE
898f5d6a66bc78486a7ef3b0,Coinbase,google_play,5,2024-11-15T02:50:32+00:00,Best crypto platform,base
f452bc6761b7393c6bf020fc,Trading 212,google_play,5,2025-06-19T10:50:09+00:00,Recommend by Martin Lewis,base
3c23e2f0f3bbeedb7080c80f,Trading 212,google_play,1,2025-04-02T02:00:06+00:00,"I tried to open an account , was asked to wait 37 hrs for checks so deleted the account. then find out my data can be kept for 7 years possibly?why ?? id like it erased. this was not explained where I discovered the app.",booster:ACCOUNT_LIFECYCLE
de17a0752d736939c4d7a048,Trading 212,google_play,5,2026-02-15T11:35:09+00:00,Good app,base
6dade3823801e72d865c6434,Robinhood,google_play,5,2025-04-01T18:54:07+00:00,I've been using Robinhood for years now. It is so easy to use and learn. I'm constantly impressed with the newest features as they seem to focus on an 'all-in-one' approach for your finances.,base
9c30aca4b694f6c146be79df,Coinbase,google_play,1,2025-03-04T21:35:56+00:00,BEWARE! Coinbase will keep your money hostage if you change phone numbers. They will stupidly try to verify with the old phone number with NO OTHER option. Now how does that make any sense? Old phone number is deactivated so of course I'm not receiving that text. No live person to talk to and useless bot chat function. Deliberately making it impossible to access YOUR OWN MONEY! THAT'S CALLED THEFT AND I'M ABOUT TO REPORT YOU COINBASE.Edit: your reply is an automated response? Exactly what I mean,booster:ACCOUNT_LIFECYCLE
5f60f3476cb3de9a5158e039,Coinbase,google_play,5,2024-11-13T20:48:21+00:00,Great app! Has helped me learn cryptocurrancy in easily understood lessons and paid me to learn them!,base
679b9e685c96125655f3bfdd,Robinhood,google_play,1,2026-02-26T04:09:21+00:00,very poor. because you let someone hack my account and ruin my account. and you refuse to fix my account. and refuse to let me open a new account,booster:SECURITY_PRIVACY
ccfbe519e6fa88e315de8582,Robinhood,google_play,1,2025-08-14T18:29:31+00:00,"Please let the user remove ""cancelled"" transactions from any view. The reporting on Robinhood is trash, zero permanent filters. Also the app is becoming a bloatware. Let the user disable IRA, CRYPTO, spending account, prediction markets, the UI is getting worse and worse. let the user DISABLE what they don't use. Let the user displays what tabs they want! Horrible UX in this app! it's too much, if the user don't use it, let the user hide it!!!!!",booster:PREDICTION_MARKETS
856bc732f0c348c5e266f4ff,Robinhood,google_play,1,2026-06-09T23:04:36+00:00,won't let me create account,booster:ACCOUNT_LIFECYCLE
80fcb2369676b3902a5dd1cf,Robinhood,google_play,3,2026-01-22T21:35:17+00:00,"Phenomenal app for trading. The interface is super easy to use, which makes it great for getting started. However, a huge thing to keep in mind: if you have an addictive personality or have gambling issues in the past, be careful with this app. It mixes prediction markets, glorified gambling, and actual investments into one platform, which can be a slippery slope.",booster:PREDICTION_MARKETS
dd507e3d31007d55a7771444,Coinbase,google_play,1,2025-03-08T18:33:32+00:00,My account is restricted due to two email addresses owned by me. I do not have access to my funds for 30 days. My bank account would not freeze for my funds for 30 days. Why does coinbase? Customer support is located in a call center over Seas. Customer service can not supply documentation when required for case# or email of conversation. No notification of the account is restricted from coinbase. Terrible experience.,base
e7c6505dc2122930064d6c42,Robinhood,google_play,1,2025-05-28T14:17:44+00:00,"I have experience with robinhood for 4 years i knew robinhood was safe place to invest your money but now it's different because I got $6401 on account I try to withdraw my money robinhood said know and then close my account but it's fine and one day robinhood makes withdraw himself $4193 I am ok with that now I just woke I don't see the $2216 I want to know what's going on, it's look like robinhood start stealing money from people guys, I email them on support email they have nobody answer me",booster:ACCOUNT_LIFECYCLE
86076c4f5db9519aaa2a0fe1,Coinbase,google_play,5,2026-01-15T13:09:05+00:00,easy to use and all instructions clear and concise,base
1982e4ee1f57d4e5c061aa45,Robinhood,google_play,1,2026-04-27T04:05:27+00:00,"I quit using this app years ago, with Zero balance. I get an email saying someone is accessing my account, and I have to log in to approve and check my security. only problem, I CANT login myself, because I have a different phone number now. your security is an absolute joke. there is no way to fix this. attention Robinhood: find my account, delete it. permanently. I don't want your trash app, I will never use it again. delete my account !",booster:ACCOUNT_LIFECYCLE
21d976ee733e555b3f4d8992,Coinbase,google_play,5,2026-01-23T14:48:34+00:00,great,base
39faf5c966ca4a8d26a8cac4,Robinhood,google_play,5,2025-01-03T17:05:01+00:00,"I was able to create account and use it immediately. Easy to use, user friendly.",booster:ACCOUNT_LIFECYCLE
2f0f58aa312716bf8cd8aa99,Robinhood,google_play,5,2024-12-02T02:12:44+00:00,Easy to use and understand,base
91f23bb2ee6011f01b16a7fd,Robinhood,google_play,5,2025-01-09T20:15:49+00:00,This app will actually prevent you from making money by manipulating the market. DO NOT DOWNLOAD IT. Use other brokers.,base
9c42e34b746579ea43b3aadf,Robinhood,google_play,1,2025-09-17T22:31:03+00:00,latest update won't let me use my previous investments to reinvest my cash in my IRA. keeps telling me to update the app. I have updated and it still won't allow me.,base
deae463978c88b1ef88935ae,Coinbase,google_play,5,2025-12-22T09:35:01+00:00,fast and easy,base
fb39870ac13b34f975bdef68,Coinbase,google_play,1,2024-09-13T16:33:41+00:00,"Good for a while, then it appears my account was hacked, so I locked it. Now, I can't get back in and can't find any actual customer service contact info.",booster:SECURITY_PRIVACY
2741b90ed7e96fa4396d3e22,Robinhood,google_play,1,2025-01-18T16:47:59+00:00,They have horrible customer support. Be nice to see a lot change. Like when you change phone number and you get locked out. Or when you get money taken from your account and you want to clarify if it happened. Good luck. I believe 30$ came up missing not a lot. Still if its a bunch of people it adds up. I never was contacted about the case,base
303b969e9ba089d5da0043a6,Trading 212,google_play,3,2025-08-01T14:15:42+00:00,"Edit: the app is overall good, but I have had a lot of problems with customer support. They have good general knowledge and respond quickly, but they were completely uninformed and useless when it came to delisted stock information. They couldn't provide any information on what was going on and never bothered to investigate it or pass the case on to someone who did know. They don't even google publicly available information. Communication related to delisted stocks very much needs to improve.",base
cfe3c0aa9f696f99cc08c1fc,Trading 212,google_play,1,2026-05-08T11:33:46+00:00,worst broker no literally they advertise there spread but not session change over spread or any sort of new event volatility spread why?they use this excuse to take your stop loss don't believe me open an account with another broker and this one take the exact same trades and watch what happens t212 consistently misrepresents the live market conditions.at session change over. out of 8 different brokers accounts i have T212 spread widens 1000% - 2000% more than the others yes thousand 10x - 20x,booster:ACCOUNT_LIFECYCLE
685cf296714209aa4c6b4bb8,Robinhood,google_play,5,2025-01-21T22:58:48+00:00,Works as it should. User Friendly!,base
e22a84a1c9a6738fda292890,Coinbase,google_play,5,2026-05-10T14:24:54+00:00,"Ok, I've had issues way back and said some things I regret, for which I deeply apologize. Additionally, the app and Coinbase in general, has improved tremendously. I've read many of the reviews and believe a lot of the issues people are having may not be due to the Coinbase app at all. As a former IT tech, I have seen every problem under the Sun and before giving a negative review, I hope people have exhausted all other options that are very likely related to their phone/company, malware, apps.",base
20e3dd49181ffc1ea0d6db6f,Trading 212,google_play,5,2025-07-23T14:34:07+00:00,I'm still learning and this is the best platform to learn.,base
73d8c3922f25c65c047da3e3,Robinhood,google_play,1,2025-10-04T13:01:01+00:00,"I couldn't set up an account. The app kept taking me back to the same screens. Besides, the company employs people who discriminate against white people.",base
bd7b8670f0158253cbbef684,Robinhood,google_play,5,2024-12-12T16:15:53+00:00,"This is such a simple but robust app. This app offers many services that can be managed from a single location - Savings, Stocks, Crypto, Options, IRA. Navigating in the app and accessing services is very easy and well organized.",base
0a3889cb11bb153d3207ebfd,Coinbase,google_play,5,2024-12-26T19:20:06+00:00,They do very well on their point giving,base
c533e078aa5d35d01de722e6,Robinhood,google_play,1,2025-01-31T05:19:19+00:00,Customer support takes an incredibly long time to respond and then will end chat if you don't respond in a couple minutes. And then if you happen to get through a chat they always defer issues and do nothing.,base
37f0d281cf02f4af56326433,Coinbase,google_play,5,2025-08-29T01:59:58+00:00,Just make sure you have the best VPN. Or the next best VPN.,base
3b220f3e5f0bf413910f1623,Robinhood,google_play,5,2026-05-14T20:14:50+00:00,"awesome. very supportive.. easy to understand ,I love it",base
2ed1b63a5bd545589ec877d0,Robinhood,google_play,1,2024-11-30T22:48:48+00:00,My Account Was hacked you never restored it and since I got hacked you want me to pay 500+ dollars to fix this problem,booster:SECURITY_PRIVACY
aebb4dea548796312a7c378c,Robinhood,app_store,1,2025-06-27T05:59:04-07:00,"Be ware of dodgy stocks being sold here…
For UK customers stick to t212 don’t go near Robinhood",base
9fa07d4ae4a2b531cacde428,Coinbase,google_play,1,2024-11-16T17:12:50+00:00,When you want to withdraw your $$ you can't I want to close my account and get my $$. They need to make easier contact someone to close your account.,booster:ACCOUNT_LIFECYCLE
35f37e3d12c69b7f124e1392,Coinbase,google_play,4,2024-12-12T05:54:18+00:00,"I'm just learning it, but so far so good",base
ad66911194674a065a3ce34e,Coinbase,google_play,5,2025-11-22T12:42:58+00:00,Easy transaction,base
72ed523074d6e1039a44aa1b,Trading 212,google_play,5,2026-02-02T11:10:38+00:00,Good,base
c9f05a75489cf7f0bf44beda,Robinhood,google_play,5,2025-09-09T23:52:36+00:00,"l haven't been in my account for a couple of years. what is my status, do l have any thing left in my account? or others?",base
c184c4ece3cec7fd8c26b42b,Coinbase,app_store,5,2025-03-26T11:16:23-07:00,Really like the workings of Coinbase.,base
5ed70ba0caad408d57d53971,Trading 212,google_play,5,2025-05-09T10:52:42+00:00,"so far so good! very impressed plus a great interface! been simple enough to pick up and use! Sure there are some bits I haven't seen yet but I'm very impressed and does the job! Plus Trading 212 is regulated by the Financial Conduct Authority (FCA)!! So it's legit! Which is the main thing, ultimately! Just remember, it's for the long game (normally) and your money is at risk! It is effectively glorified gambling, but with a twist that makes it less so and more legit! 👍 Always Ups and Downs!",booster:PREDICTION_MARKETS
bfe5b3cc9e011686475b8fbf,Coinbase,google_play,5,2025-09-22T03:09:39+00:00,It's impossible to get in this account I can't even get in.,base
2071c302277b4d40e5dfd15d,Robinhood,google_play,5,2025-02-18T22:23:56+00:00,Easy to use and very convenient.,base
39d56546220c0cd4af2d7f50,Coinbase,google_play,5,2024-08-22T02:59:27+00:00,Awesome,base
2da86f08ec7626fe5e0fcfdd,Trading 212,google_play,5,2025-08-28T19:57:50+00:00,"wish id been doing this 25 years ago, apps brilliant.",base
159878b2c476c0f2a04026d7,Coinbase,google_play,4,2026-04-13T11:24:17+00:00,Easy to setup.,base
dbcfb2050cc424d738ecda1b,Robinhood,google_play,4,2024-11-08T01:29:14+00:00,"So far I love the app., I have limited experience with investment apps but to me, it's user friendly, full of information, and seems secure. I havnt seen any bugs or glitches, so I've enjoyed using it. I would give it 5 stars but I havnt used many of the features and although I've made purchases, I havnt sold any shares nor crypto so I'd rather only speak to what I've personally experienced.",base
53f7b98679b26f51a3ccd9f8,Coinbase,google_play,5,2026-03-04T20:04:13+00:00,intuitive and easy to use.,base
f508760aed1626c3271b233c,Coinbase,google_play,5,2025-01-22T07:32:26+00:00,"Incredibly Awesome, thanks",base
bfe7d9f525b4a16bd98db646,Coinbase,google_play,1,2025-07-10T09:54:25+00:00,"02/20/21 I had them at a 5 star review. Up until 2 month ago. when they locked my account for "" suspicious activity"" i asked support whats suspicious? done nothing different for 5 plus yrs. the answer is we can't tell u until our investigation is finished someone will contact you about it in 24 to 48 hrs. 2 months and I've got 0 emails from the security hush crew there. if it's my account,money and suspicious going on don't I have the right to know? nope not at coinbase. FYI just saying",base
8a97116bceae990ca5d78f0a,Robinhood,google_play,1,2025-04-28T13:45:50+00:00,"This is by far the worst trading platform. SEVERE LACK OF TRANSPARENCY! Ex.: call prices rise when stock prices drop, and limit orders change the graph drastically. None of that is real, and the purpose is making you buy at the worst possible price. You have to guess actual prices, and orders still might not be executed. Also, margin requirements change to force selling with losses when the position is about to print. Their agenda is making you lose money to benefit market makers, like Citadel.",base
d7c1250e1fdfde8bbe2ad534,Coinbase,google_play,1,2025-06-12T19:45:19+00:00,"really horrible app, signing up does not function correctly, wasted 2 hours of my time trying to set it up and it did no work.",base
e48d01e342ab077e2ae22650,Coinbase,google_play,5,2024-09-28T23:57:47+00:00,Good app,base
61cf1ab7d2f94a62beaf7c34,Coinbase,google_play,1,2024-09-24T10:03:10+00:00,Disgraceful experience 9months and counting to open an account. Little to no customer service. Complaints don't even reply. Avoid like the plague. One star is very generous!,booster:ACCOUNT_LIFECYCLE
e1e25e36da37a146976c6dc9,Trading 212,google_play,1,2026-02-17T17:14:46+00:00,they placed my ACC on close only order. this is now the third time. it's rediculouse. all because I'm placing to many trades a day use any other one but this. etoro is better if you plan on multiple trades a day,base
01ad36c9bf8dc248abccbed8,Coinbase,google_play,1,2025-08-05T03:33:34+00:00,It takes forever to sign you in or reset your password. I think I will delete my account. I have tried 8 different password reset links and they all just keep spinning and spinning never taking me to the next step. This is ridiculous and once I am able to get in I will definitely cancel my account and go elsewhere. The customers should be able to access their accounts at all times. Provide better support.,booster:ACCOUNT_LIFECYCLE
4ac41538c6e199ffa7d97e96,Coinbase,google_play,5,2024-10-04T02:46:46+00:00,No issues,base
487ce261f44db415c2dcb08e,Coinbase,google_play,1,2025-01-31T21:26:29+00:00,"Why cant this app autofill anything? Every app I use can autofill my info or credit card info but not this one, Why? I guess when your app is primarily used by criminals you need extra layers of security?",base
404e3079957882c5fd505521,Coinbase,google_play,5,2024-11-06T17:18:52+00:00,"2024- I updated my review to 5. Coinbase has made excellent progress especially in the wallet. They added in the features I was hoping for! Recommend to everyone! 2021-Coinbase is a great app for all levels of expertise. The reason I didn't 5 star this was because unlike some other trading/crypto/investing apps/platforms, Coinbase doesn't have the ""total percentage change"" from when you bought compared to where the price is now. My one suggestion for Coinbase would be to add that feature.",base
b14a528d87461238afd0aa0b,Coinbase,google_play,5,2024-12-05T04:24:17+00:00,Great web site,base
c4d535282431ff2c6715042b,Robinhood,google_play,2,2025-10-20T10:27:42+00:00,"Can't get on app. Website says bad gateway. Phone number says I have to get on app or website to get help. You can't get help if neither is working, which they aren't.",base
327e9f01f70dda972c0a3ea0,Robinhood,google_play,1,2025-10-07T22:40:21+00:00,my account has been hacked no one will help me they keep stealing and taking and gavking,booster:SECURITY_PRIVACY
647276885eaa37bfb5ea7a21,Trading 212,google_play,1,2026-07-25T11:47:54+00:00,"Colossal privacy and data hoarder. Edit: I have had to silence notifications because the news of irrelevant company trade prices kept popping up every 20 minutes or so, all of which were irrelevant to me but are under the trade category in the app notifications screen. So you either A) get spammed, or B) go without relevant trade information that you want.",booster:SECURITY_PRIVACY
a2e300a046118d0855bc85bc,Coinbase,google_play,1,2026-03-19T20:43:33+00:00,prediction markets are a scam. Users beware. They take your money and don't pay the contract when you are correct. Try to complain and you are put on hold for hours from a call center with individuals who don't speak English. Pitiful!,booster:PREDICTION_MARKETS
4b650627679e2cd47ae82406,Coinbase,google_play,1,2025-04-15T10:57:01+00:00,i bought crypto at $ 0.0275 the deal was complete i get the spread but it say that my avg coin cost me $0.0342 that might not seem like alot but its 24% the crypto hasnt been $0.0342 for over a month so why is the spread so much 24% is insane coinbase is the worst exchange i would give them zero stars if i could trash,base
3e88f8bc51d9e9c7d044b18a,Trading 212,app_store,5,2026-06-09T04:02:50-07:00,Great app to keep your eyes on your investments. I like how it’s laid out and the option to quickly hide your balance from prying eyes is genius,base
f63391309bd40c1acc82052a,Trading 212,google_play,5,2025-03-24T10:40:41+00:00,Seems easy to open an account. I'm waiting for ISA transfer in from another provide.,booster:ASSET_COVERAGE
a0c95de2fe0aa0d148ffdcb7,Robinhood,google_play,4,2025-04-02T23:09:52+00:00,easy to use and understand,base
fe0a1211c795d961f491339b,Trading 212,google_play,1,2026-07-16T19:40:04+00:00,tried to create account I couldn't as it my name was invalid Wow,booster:ACCOUNT_LIFECYCLE
c04a2f7f0f15653b5007994a,Trading 212,google_play,5,2025-06-06T13:34:01+00:00,New to this did stocks and shares Isa. Only invested 250 gbp atm doing ok up a little. Going to get quarter of pension tax free and invest up to the 20k allowance. You Tube have some good advice and will do some bigger trades. Hopefully find the next NVidia.,booster:ASSET_COVERAGE
8e4666bac652561dde232298,Trading 212,google_play,4,2024-12-10T10:23:05+00:00,"I was unsure at first because I didn't do online accounts before, but I took a leap of faith, and it's really good. I have a ISA",booster:ASSET_COVERAGE
8d06e28434e2df0c6ff35cf8,Coinbase,google_play,2,2025-11-17T16:12:40+00:00,"I never signed up for Coinbase One but started being charged 29.99 per month. Fortunately, I noticed this in my bank account relatively quickly, but Coinbase doesn't provide refunds for subscriptions even if they're unauthorized.",booster:SECURITY_PRIVACY
9cdf109b05d21a4efb53a93f,Coinbase,google_play,5,2025-02-17T18:04:04+00:00,Would recommend coinbase and their services over anyone else. Much more secure and professional then Moonpay.,base
94f2a3d64bd3979a82882373,Coinbase,app_store,5,2026-06-12T10:13:53-07:00,"I’ve been using Coinbase for a few years now, and it has been great!",base
