app,platform,review_id_hash,review_text,rating,review_date,app_version,thumbs_up_count,developer_reply_present
Trading 212,app_store,ce65ac025fda7f5c2d001ae3,"I am very impressed with Trading 212, I just wish I knew more about Stock Market trading.",5,2026-08-15T02:41:17-07:00,8.43.0,,
Trading 212,app_store,2881f64850cbc7e84dd6519d,Transferred my S&S ISA in some time ago. They confirmed the interest rate for me as it was in cash. Many months later I noticed the rate I was getting was vastly different. At first they acknowledged that ‘AI’ had given me the wrong info and apologised. They then said I should have double checked and it was my fault!! I have now transferred 125k of cash ISA’s out to another provider,1,2026-08-14T02:23:35-07:00,8.43.0,,
Trading 212,app_store,07726cffb9dda5d44657c2cc,Considering it’s called trading 212 they like to punish you for trading. Have received numerous bans with no reason other than too many trades ? If that’s the case put a limit number on it. It’s good for investing stocks and shares isa but wouldn’t bother trading.,1,2026-08-13T10:35:52-07:00,8.42.0,,
Trading 212,app_store,e89981a0a8139b0845b730c7,Excellent app,5,2026-08-13T10:02:27-07:00,8.42.0,,
Trading 212,app_store,c86e6b88a5c3cd11bd2bf6a0,"Great app, easy to work with.",5,2026-08-13T06:31:46-07:00,8.42.0,,
Trading 212,app_store,95cbd9f95b7d10392a2ea43e,Can’t even sell stocks that are up because “trading is temporary halted” but only on the stocks that’s are up?? tried to withdraw money 3 days ago still haven’t got it. So I guess it’s okay if you want to just keep putting money in but never take it out,3,2026-08-13T03:49:06-07:00,8.42.0,,
Trading 212,app_store,6c0bd0d7c5cef6313a89f39e,"I transferred an S&S ISA from Vanguard which took around 7-8 weeks. After I chased, it did finally land in my account the next day. By the time it arrived, I invested in the stocks that I had been tracking for weeks but unfortunately it was too late - invested at ATHs and the market dived soon after and I’m still paying for it now. But transfers can take time and I decided not to put this down to T212 solely.

Next I tried to partially transfer a workplace pension (while keeping it open to continue contributions). I accept these are more complex but again it was extremely slow to the point where they said they had not heard a response from my workplace provider. I called up my workplace provider to enquire why and they said T212 had not responded on the Origo transfer system to their question about whether it was a 95% or 100% transfer (for reference, I had ordered a 95.2% transfer). I went back to T212 and told them how to action the request - I did not receive an apology but was at least satisfied they actioned it. I understand it’s my money and my responsibility but why does the customer constantly have to follow-up if T212 fails to respond to a message? My workplace provider gave me a transfer date on the phone and I will maintain contact with T212 through the app as that seems to be the only way to contact them. 

Overall, the app experience has been great and I don’t have any burning issues with it, but transfers have been something I would advise people to be proactive and vigilant about. It’s been a mixed first few months but look forward to continue to use the app once the transfers have been sorted out.",3,2026-08-13T03:38:04-07:00,8.42.0,,
Trading 212,app_store,d10ce6b666d7590eac2acdd7,Very useful,5,2026-08-12T17:10:51-07:00,8.42.0,,
Trading 212,app_store,527048e86d7f28caa942bf81,Best even if you don’t invest. ISA offer is better they any traditional bank,5,2026-08-12T02:32:29-07:00,8.42.0,,
Trading 212,app_store,d37f79772b653f15cb05a5e0,The best trading platform ever,5,2026-08-11T14:43:57-07:00,8.42.0,,
Trading 212,app_store,84e4f00ee7007778c9ef1515,Great site with great deals,5,2026-08-11T12:57:42-07:00,8.42.0,,
Trading 212,app_store,db9562511cd1e33993ce8c63,"Look no further! Been using this app for the last 2 years and I’m very satisfied, very user friendly and I like how they offer a wealth of content. The community is great and there’s a lot of support for young investors to veterans.",5,2026-08-11T12:44:30-07:00,8.42.0,,
Trading 212,app_store,c0f8e91086849927a3d2338c,"If you need help with knowing how to invest, visit REBEL FINANCE SCHOOL for free videos; outstanding couple aiming to educate us clueless public!",5,2026-08-11T06:37:08-07:00,8.42.0,,
Trading 212,app_store,2bb4c21c6b194c67d0ea8360,Guarantees money loss,1,2026-08-11T06:11:14-07:00,8.42.0,,
Trading 212,app_store,e9c0212fdd23358542b22231,Using it for years now,5,2026-08-11T05:04:29-07:00,8.42.0,,
Trading 212,app_store,39e977a6a5e923a135b81a58,Very easy to navigate and it's very fast as well.,5,2026-08-11T04:56:27-07:00,8.42.0,,
Trading 212,app_store,724bcaacd1de636cc180f8bb,I started investing for the first time with this app. What a blessing! Thank you!,5,2026-08-11T00:57:25-07:00,8.42.0,,
Trading 212,app_store,a6743830e6637f5554c7b573,Easy to access,5,2026-08-10T23:08:51-07:00,8.42.0,,
Trading 212,app_store,28b716aff7e35eaacc59211d,"The best financial decision I’ve made, cashback on all transactions, a great daily interest rate on cash that’s uninvested in my ISA and the opportunity to invest in the stock market at no cost, it’s a no brainer. The app is also very user friendly and I can’t fault it.",5,2026-08-10T10:42:32-07:00,8.42.0,,
Trading 212,app_store,528223a9ac9cbeee4d060d7d,"App is good, albeit the ‘pies’ function can be a bit clunky as individual holdings can’t be controlled. 

However, biggest bugbear is the AI assistant, it seems to lack access to key details within my portfolio (couldn’t even list all my stocks). When I asked it how I could view the £ change per stock in my portfolio that day, it lied and offered a solution which it then lacked the capability to follow through on. No trust whatsoever in that function",3,2026-08-10T03:53:10-07:00,8.42.0,,
Trading 212,app_store,f144a6a970fbfc5fd2ab38dc,This is a great Trading platform for everyone x if I can work my way around it any one can x all the best,5,2026-08-10T03:24:18-07:00,8.42.0,,
Trading 212,app_store,e1df81b4a5287701cc113a63,Trading 212 makes investing and trading easy.,5,2026-08-10T03:03:04-07:00,8.42.0,,
Trading 212,app_store,4c352ad363f26309433dc90b,Easy to use and no unnecessary fee makes it one way f the best platform for trading.,5,2026-08-10T03:02:24-07:00,8.42.0,,
Trading 212,app_store,749fe4d7debb8efff7203346,Love it !,4,2026-08-10T02:34:49-07:00,8.42.0,,
Trading 212,app_store,9f684a1ad0ce74b35c512ab5,Uk number one app. Service is great,5,2026-08-10T01:50:45-07:00,8.42.0,,
Trading 212,app_store,e31fea319e90f53a56ffc782,"I have been using trading212 for the past year and it’s great, I can withdraw money super quickly, and deposits quickly too.",5,2026-08-08T07:54:39-07:00,8.42.0,,
Trading 212,app_store,ee22cff6ab3cb0871fa29182,"Nagging for rating is against Apple’s terms and highly annoying. This 1* review should learn ya.

You don’t force clients to leave a review, you can’t, but you nag which is against Fiverr terms.

Baffling massively complex interface with way too much going on, hard to find deposit and withdraw, hard to tell if money is just deposited or invested. Try usability testing the app with users 🤡

I don’t want you to tell me how to do this I want you to usability test your app. 5 people in a room who don’t know how it works, give them 5 tasks each zero prompting. I guarantee non will understand how the app works.",1,2026-08-08T02:57:07-07:00,8.41.0,,
Trading 212,app_store,13598dfe232dbfe8cd3363b4,Easy to use and navigate shows daily changes which are much better than monthly views on other sites,5,2026-08-07T09:49:37-07:00,8.42.0,,
Trading 212,app_store,a96954285a728aa893a6b3e1,"Brilliant app, works great, very intuitive & everything you need before you realised you needed it 😁",5,2026-08-07T08:49:56-07:00,8.42.0,,
Trading 212,app_store,b5225ade062f066743523447,Daily calendar for released profit result please,4,2026-08-07T08:18:58-07:00,8.42.0,,
Trading 212,app_store,d53f772c56c39eb615de612c,"It’s great, use it",5,2026-08-07T07:54:16-07:00,8.42.0,,
Trading 212,app_store,24fcc80515cb4ed0f10f5018,"They have the best rates on everything, and year interface. Happy they’ve joined the SIPP game, just transferred mine over from FreeTrade 🙌🏼",5,2026-08-07T06:36:06-07:00,8.42.0,,
Trading 212,app_store,1c973144ac225428b511b87c,Brilliant app. Hope this platform everyone made a fortune.,5,2026-08-06T06:34:03-07:00,8.41.0,,
Trading 212,app_store,95831396df9e0b80e7eba8ec,"I found Trading212 through Martin Lewis and I’m really happy with it. The app is super easy, regular updates on how my ISA is doing and I’ve also started dipping into a stocks and shares ISA. The process was scary at first but if you do your research and don’t put in more than you’re happy to lose then it’s a lot of fun. I have another ISA which is worlds apart, much harder to navigate. I highly recommend.",5,2026-08-06T03:02:08-07:00,8.41.0,,
Trading 212,app_store,218b7ecebabbca4c34133ebd,Brilliant to use and get information,4,2026-08-06T01:36:28-07:00,8.41.0,,
Trading 212,app_store,ca989bb93b7dea7d2884f6b0,"Functionally a great app once logged-in however the iPad app on modern iPads with off-centre cameras has been broken for at least a year now as you cannot verify your identity using the camera in portrait, and the app won’t let you turn the iPad to landscape to fix the centre position … the end result is you have to verify with an authentication app every time.",1,2026-08-05T08:07:33-07:00,8.41.0,,
Trading 212,app_store,49eb80b80c5bdf6db88c4988,I’ve used Trading 212 for a while as it is very easy to navigate and and learn about the stock market. I would highly recommend!,5,2026-08-05T02:56:11-07:00,8.41.0,,
Trading 212,app_store,cec9ea9ff585dbd7835e2772,I’m new to investing but find this App easy to navigate,5,2026-08-05T02:49:00-07:00,8.41.0,,
Trading 212,app_store,4e7beede16143da34a02de93,"Terrible customer support , you chat only to a bot that does not solve the issue. The email “support” doesn’t even bother to acknowledge you’ve contacted them. For this reason alone , I’ll stick to company with phone support, there should be a phone support as a last resort, I wouldn’t mind paying $5 to make that call when necessary",5,2026-08-05T02:07:52-07:00,8.41.0,,
Trading 212,app_store,ebaa9c9d4072bcb42a312dca,I have no idea how to trade or understand what’s going on with all these companies and numbers but I listen pretty good and I’m making great gains every other day without investing stupid amounts of money. So if I can do it so can a wolf.,5,2026-08-05T01:51:46-07:00,8.41.0,,
Trading 212,app_store,14ef63e729c7919027faf9f8,"I find this platform very useful and helpful for trading, as I’m a novice",5,2026-08-04T22:42:24-07:00,8.41.0,,
Trading 212,app_store,a1aa95f87a2d89b797a05eef,Cool when buying and selling stocks. However when you buy CFDs and are in a winning position and start to close your positions a pop up will come up with the “rate trading 212 on the App Store notification” which makes u unable to close your trade. Which is time critical. However I’ve never seen this pop up when closing losing positions. I went from +50 to -25 by stalling me in this way. Completely unethical.,1,2026-08-04T14:04:21-07:00,8.41.0,,
Trading 212,app_store,d937b86620425a31412cacd7,Until a few months ago this used to be the best investment app you could find. They used to have a great cashback reinvest function and good customer support. In the last few months they have started cutting the nicer services and their customer support has become a dreadful AI bot. They also introduced needless glitchy functions in the app thst ruin the user experience. Massive own goal.,2,2026-08-04T13:02:30-07:00,8.41.0,,
Trading 212,app_store,f5e1eba0d3bf66804415c234,Excellent app and service.,5,2026-08-04T11:50:49-07:00,8.41.0,,
Trading 212,app_store,cdfc07d1471af46681374c15,"This is a safe app, you can get your money out quick too, made some money",5,2026-08-04T10:20:18-07:00,8.41.0,,
Trading 212,app_store,8758fed92d5ec974c5de937f,5 stars for me,5,2026-08-04T08:09:02-07:00,8.41.0,,
Trading 212,app_store,afc3c15bbd1bec35dd2c7cbc,I like the ease of using this App.,5,2026-08-04T00:57:00-07:00,8.41.0,,
Trading 212,app_store,a97f83d1a60da806c9713663,I am enjoying the App. I like the fact that I can comfortably monitor my investments with no hassle,5,2026-08-03T06:35:02-07:00,8.41.0,,
Trading 212,app_store,3db0f3737e9b5e693de48a11,"A straightforward online investment platform, ideal for newbies and established investors alike. Intuitive dashboard with a clear picture of investment status.",5,2026-08-03T01:11:48-07:00,8.41.0,,
Trading 212,app_store,b66fa3772c1df03c3375dea5,Great and simple app,5,2026-08-03T00:25:22-07:00,8.41.0,,
Trading 212,app_store,279de20749cf1b8da4a34ce9,Great app but I would love it if you could see the number of shares you have I each pie holding without having to select each one. I can only see the % gain and the total value. They should make it so you can see no of shares as well on this screen,5,2026-08-02T15:37:11-07:00,8.41.0,,
Trading 212,app_store,3d8ce80f81309b62ed90e48f,Really easy to use and excellent return,5,2026-08-01T03:28:36-07:00,8.41.0,,
Trading 212,app_store,844999077c712d7b7079d802,"To support my YouTube channel : You Are Moving Up, I started using trading 212 to buy and sell shares, and creating videos of my investing adventure all thanks to trading 212 who have made share investing simple available to all and fun👍👍👍",5,2026-07-31T01:44:45-07:00,8.41.0,,
Trading 212,app_store,71a9a40beaf8b86eb0eaaa22,Awesome,5,2026-07-31T01:09:14-07:00,8.41.0,,
Trading 212,app_store,8d5a6c20f176cddbdfe1822a,"I first started using 212 this year January and I must say it’s not half bad when it comes to their stocks and shares accounts. As a new investor I’ve made my fair share of money especially in a year like 2026. But my problem with 212 is this, the cfds are absolutely choppy and laggy and a scam account to rob you. For those who don’t know, cfds are otc (over the counter) leveraged derivatives and your broker takes the other side of the trade. Naturally you profiting means they need to pay you even if their entire clientele takes the same side of the trade and it turns out to be a winner. Now this very morning as the market opened it was very clear that a certain asset was going to go up in value after certain news came out. At the open of the London session it absolutely froze. A message came up displaying “You can place market orders after the instrument receives a new price. Pending orders are still accepted”. Not even allowing me to close my overnight positions that were in the opposite direction. Not only did I miss out on the opportunity to make a couple quid, I lost more than I would have if only i had been allowed to close my trade. Further more i see real time price differences for identical assets in the stocks and shares account and the cfd account. This broker doesn’t want you to win. They’re as good as wall street in the US. They want your liquidity they want you bankrupt. And they don’t want to pay you a dime even when you’re in the right. Thanks for ruining my morning. I’ll be changing brokers soon.",5,2026-07-31T00:59:41-07:00,8.41.0,,
Trading 212,app_store,dd64cfaf4e3733fa55dc0593,I’m enjoying it,5,2026-07-30T23:43:04-07:00,8.41.0,,
Trading 212,app_store,5614a2632e924e554831fd1a,Can’t trade properly with trading holds middle of trades,5,2026-07-30T07:44:13-07:00,8.40.0,,
Trading 212,app_store,18dc4cd63088140d8741852d,"Have been using Trading 212 for three years, best investment app out there!",5,2026-07-30T07:01:40-07:00,8.40.0,,
Trading 212,app_store,333a078645ca607a5a7bace9,Keeps flipping out with its tokens and authentication when using  your Google account.  So annoying only app I’ve downloaded that won’t let you authenticate after you sign in and pass challenges!,1,2026-07-30T02:23:38-07:00,8.40.0,,
Trading 212,app_store,cfa43fa0f138085a64141274,It’s a brilliant app and really easy to use and good for alerts when the market changes.,5,2026-07-29T12:55:44-07:00,8.40.0,,
Trading 212,app_store,5d3f9199d094fff1ec7a4f39,Easier to use than XTB. I really like its UI better than the other apps. I really Appreciate the developers.,5,2026-07-29T08:38:51-07:00,8.40.0,,
Trading 212,app_store,678a1d2bb5b955cadb88b753,"Sick of it, moved everything out as can’t be bothered with verifying my account t every month or what ever.",1,2026-07-29T08:06:14-07:00,8.40.0,,
Trading 212,app_store,a17cb02658304a11cc119f69,Very friendly investment,5,2026-07-29T02:41:24-07:00,8.40.0,,
Trading 212,app_store,d09457edb689886e9ddd73e8,"Well done I’m 85 and can view at the click on my iPad 
Harry 🍷🍷🍷",5,2026-07-27T23:30:02-07:00,8.40.0,,
Trading 212,app_store,a0ddd151ccb600b520d9b257,Been using Trading 212 for a few years now and I really like the clean display and controls. The mobile app is also very easy to use.,5,2026-07-27T07:48:19-07:00,8.40.0,,
Trading 212,app_store,7c26a231b6ef8d38078c4ff6,💪,5,2026-07-27T07:02:49-07:00,8.40.0,,
Trading 212,app_store,15ac00fddd5e9de80d2d930f,"It’s made me a few £££ but only because I had the right money at the right time. If IAG had not crashed during Covid, I would have probably lost the lot.",4,2026-07-27T04:56:43-07:00,8.40.0,,
Trading 212,app_store,2c35e98cff84a8eea271cf71,Easy to use and very reliable,5,2026-07-27T04:52:18-07:00,8.40.0,,
Trading 212,app_store,7dcf9e05bf71268d799d14d5,"Trading 212 is a great platform for the casual trader , however be careful when entering and exiting a trade. It you leave the execution to the best next available price then you could be getting a costly entry or exit , I was placed a trade $3 more than my current ask price 🥵",5,2026-07-27T02:17:44-07:00,8.40.0,,
Trading 212,app_store,4789b642524c21f88593cb2f,"Very intuitive, easy to use and interactive app! I love it!!",5,2026-07-27T01:46:49-07:00,8.40.0,,
Trading 212,app_store,89884a96ccf928b01c06317d,UX is really bad. You cannot find easily what you want. Its not intuitive,3,2026-07-26T11:00:14-07:00,8.40.0,,
Trading 212,app_store,264e09fd6d6c8377efa8e95b,A trading app that works! Great app. Supportive information,5,2026-07-26T09:58:32-07:00,8.40.0,,
Trading 212,app_store,5ac4613ec48e129c949961fd,"The app as a whole is almost perfect and I’m on it daily checking my investments and buying and selling, there is one thing I would suggest and appreciate based on my own investments…. Could there be a button that is pressed inside a pie that would change the target percentages to the current holdings within the pies percentages.. as I have a few long term investments in a pie that is  unbalanced but with a large number of individual stocks in the pie it would be a useful tool for me.. thanks in advance! 💰",5,2026-07-25T01:08:20-07:00,8.40.0,,
Trading 212,app_store,02fe67309a44e898ffb28f40,brillant,5,2026-07-24T20:31:11-07:00,8.40.0,,
Trading 212,app_store,d31ed2f2f8d19fd4e68e341b,Gud yes gud yes gud yes gud,5,2026-07-24T11:16:39-07:00,8.40.0,,
Trading 212,app_store,db6704add363179bf43906e7,"Fantastic app, simple and easy to use, great support and excellent value throughout",5,2026-07-23T03:42:32-07:00,8.39.1,,
Trading 212,app_store,67614e623cc9dfc11ec7d38f,Very easy to use and clear outcomes.,5,2026-07-23T02:25:47-07:00,8.39.1,,
Trading 212,app_store,65d003759a99231cf57e8066,"this app will manipulate the figures to catch your stop loss,, it's happened 50+ times to me and the stock was going in the direction i wanted so how every single time it hits the stop loss is literally unbelievable,, DO NOT USE A STOP LOSS!! set an alert instead don't let these vultures take your money",1,2026-07-22T23:50:12-07:00,8.39.1,,
Trading 212,app_store,af84b375c30c5f548191e14f,The app looks like a great way to manage ISAs and other investments. It would be great if there were more information around the basics of how to start using the investment services on offer. You have to be fairly knowledgeable to understand what to do. Money brought in to the platform to invest is sadly languishing in the cash ISA due to lack of knowledge and confidence to start investing.,3,2026-07-22T13:05:19-07:00,8.39.1,,
Trading 212,app_store,2ed75370b76d88feec1d6810,"Doesn’t show level 2 market data. 
Cannot modify order 
Order history bottom of a page difficult to find and search
Order cancellation takes time. Not instant.",3,2026-07-22T11:39:11-07:00,8.39.1,,
Trading 212,app_store,207c1fdd526d8eec12429214,"Terrible response and contact, no reason to not let me invest",1,2026-07-22T11:16:50-07:00,8.39.1,,
Trading 212,app_store,e58798d45c5339f041a04890,Works well just slow in transferring funds from an external account to T212. Don’t understand why this is such a slow process.,3,2026-07-22T04:55:30-07:00,8.39.1,,
Trading 212,app_store,2fc6a22d182a58a1e0f9f05d,This app is so easy and it moves money much faster than it says it will. I use the instant ISA as my short term savings account. Brilliant. Recommend highly,5,2026-07-22T04:32:52-07:00,8.39.1,,
Trading 212,app_store,5f64c4dc39cdb920438f4723,Such a contemporary look and feel.  Fractional shares and no buy or sell fees are a game changer for the retail investor!!,5,2026-07-22T02:21:38-07:00,8.39.1,,
Trading 212,app_store,70f2f7645b27c2b338aaa9be,Best place for your money many different options that I waited out the year long waiting list well worth it,5,2026-07-22T01:55:16-07:00,8.39.1,,
Trading 212,app_store,fa74e6d46a3a31385cf4e1a6,Since changing devices Ive had to do the face scan every time I close the app and re open,2,2026-07-21T05:13:56-07:00,8.39.1,,
Trading 212,app_store,5c59c0fa8b7d600333ba8f58,So far so good for one day,5,2026-07-21T04:12:01-07:00,8.39.1,,
Trading 212,app_store,837df3cc0eff3c9299635175,Easy to navigate than other investment websites.,5,2026-07-20T06:33:10-07:00,8.39.1,,
Trading 212,app_store,7ff0b5bac7a6c13398aede14,Stop asking for review,1,2026-07-20T03:18:53-07:00,8.39.1,,
Trading 212,app_store,7a641cb82dcf6fdb73bfdb13,Brilliant and easy to use 😍,5,2026-07-19T10:01:14-07:00,8.39.1,,
Trading 212,app_store,b867e2e0793dbc710c9ac5b8,Refused to let me create an account with no explanation as to why. Awful customer service,1,2026-07-18T03:18:06-07:00,8.39.1,,
Trading 212,app_store,cd0a91dd82a18ed8ca03f1aa,Amazing app,4,2026-07-17T08:09:08-07:00,8.38.1,,
Trading 212,app_store,e08604307b341f2cb5158abb,"Absolute garbage designed app, you need your original card in order to withdraw any of your own money and have to go through mountains and valleys to verify the card instead of other more easier ways. Don’t waste your time unless you have every single one of your payments and cards documented",1,2026-07-17T07:32:41-07:00,8.38.1,,
Trading 212,app_store,4d883b266f234b7e7d6a2a72,Why are they lowest dividend,3,2026-07-17T01:27:27-07:00,8.38.1,,
Trading 212,app_store,4edb44b9fbc0b8f93465aada,"You get 50k training account to learn the ropes and you can earn up too £100s free if you share this app too friends through there link in settings menu , easy to navigate app , any new people reading this app is make a stock shares ISA acc if you want to trade safe",5,2026-07-17T00:52:14-07:00,8.38.1,,
Trading 212,app_store,53de04889393b7300c109b81,The app is really easy to use from MY experience I copied a pie that momentarily lost and after 2 weeks I started making a bunch of money I recommend starting with 212 100%,5,2026-07-16T17:26:54-07:00,8.38.1,,
Trading 212,app_store,91d87d65e42e6538f588754a,Great for beginners,5,2026-07-16T16:43:26-07:00,8.38.1,,
Trading 212,app_store,63aedf3acbb71bea4cdb4fc0,Great platform,5,2026-07-16T12:58:12-07:00,8.38.1,,
Trading 212,app_store,6f36c2a8822a834a049487b5,W for the first day,5,2026-07-15T23:39:22-07:00,8.38.1,,
Trading 212,app_store,df470557fce4414dc23d48e5,I am a happy customer as it is very easy to invest with Trading212,5,2026-07-15T06:37:15-07:00,8.38.1,,
Trading 212,app_store,d04b3a9827fb0238e0df21f2,"Good place to trade, easy to get funds in and out",5,2026-07-15T02:20:50-07:00,8.38.1,,
Trading 212,app_store,c7b59e464c17445fcd68c1fa,"Struggling to get that working correctly, last 3 months i have had to manually even tho it is set up. Just informs me that auto invest has failed 🙄",4,2026-07-15T00:11:53-07:00,8.38.1,,
Trading 212,app_store,1f8469d2f50bb8510c51e780,Great trading platform. Easy to use and provides good information,5,2026-07-14T23:52:57-07:00,8.38.1,,
Trading 212,app_store,d2db8d1c15e366c5fd390ada,Stop keep asking to allow notifications!,3,2026-07-14T23:04:25-07:00,8.38.1,,
Trading 212,app_store,45eec9cc967835aa52a0e89f,Educational and easy to use. Hope I can accomplish my goals with minimal devastation!,5,2026-07-14T12:06:54-07:00,8.38.1,,
Trading 212,app_store,2819049aaa258275bf5a0dbf,They are not very trustworthy.  Always have a reason not to follow their promise.,1,2026-07-14T11:09:56-07:00,8.38.1,,
Trading 212,app_store,706580e8677d72c0fc741245,Their advertising and schemes are misleading. You will only learn you are not eligible after you did everything they asked for and it is time for them to keep their word.,1,2026-07-14T10:52:09-07:00,8.38.1,,
Trading 212,app_store,fef30da11440fbcbec0db64c,Just started- £16 up in two weeks- let’s see how this pans out over a year,5,2026-07-14T10:20:38-07:00,8.38.1,,
Trading 212,app_store,f8044fd73232d1e5c7e3e3ed,"Invested in pennpetro energy, but I am unable to get my money back… not sure how many people are in this situation 
The money still shows there but there is some sort of investigation going on for a long time now and we are unable to withdraw to reinvested mmmmmm
Disappointed",1,2026-07-14T10:10:53-07:00,8.38.1,,
Trading 212,app_store,f26dad3bb6e4536f40f5b929,"Joined a week ago, through MSE ,no negative issues whatsoever",5,2026-07-14T02:36:12-07:00,8.38.1,,
Trading 212,app_store,296419266a3f77565834c7e9,Takes definitely time to play and learn but still is a good app,3,2026-07-13T12:56:27-07:00,8.38.1,,
Trading 212,app_store,c1807b341e1c5c57436d36fb,"This app is really good. I have been using it since 2019, for a basic equities investor there’s a lot of choice. More importantly, If you have any issues you can use the live chat function and the people on the other end will always ensure your issues and queries are met and resolved. One happy customer here",5,2026-07-13T11:24:34-07:00,8.38.1,,
Trading 212,app_store,2820e262f1c07ed22489df93,Easy to use and understandable,5,2026-07-13T08:32:32-07:00,8.38.1,,
Trading 212,app_store,314b5b8f4021d4713d31a01e,Just started on my trading journey looking forward to the future see what it holds for me in trading on the stock market .,5,2026-07-13T03:34:30-07:00,8.38.1,,
Trading 212,app_store,0746e15afa18a8a9fc0b36c5,Just learning my way round the app but so far looks good l,5,2026-07-13T02:58:38-07:00,8.38.1,,
Trading 212,app_store,b0e9751b8f31658f2263405f,Everyone has to start somewhere I think this a great beginning,5,2026-07-13T02:22:45-07:00,8.38.1,,
Trading 212,app_store,8cdd479e1c8272a64d119b36,"The app isn’t working, and I’m unable to log in to my account. Could you please help me resolve this issue?",1,2026-07-12T06:16:53-07:00,8.38.1,,
Trading 212,app_store,64b90b85ea2cd6d31de38ee6,So cheap and easy to use,5,2026-07-11T13:35:39-07:00,8.38.1,,
Trading 212,app_store,f57be9ab3473ab276801c34b,"As someone older and newer to online investing/ transferring of money, I have found this an easy site to navigate. Thank you!",5,2026-07-10T09:45:08-07:00,8.38.0,,
Trading 212,app_store,99e1cd600cfc4571ecbac2a9,"I had shares in SWR on LSE . They stopped trading on LSE and moved all stock to NYSE. Still waiting for it to be sorted .
Transferring S&S ISA from AJ Bell- stocks haven’t shown on AJ Bell for over a week now and getting no update from Trading 212.
Bought Kardigan on IPO day but was unable to trade due to a problem with Trading 212 system !",1,2026-07-10T02:19:59-07:00,8.38.0,,
Trading 212,app_store,4fb813d6e857bbd33e600eb4,I spend 8 hours a day on this app and can’t fault it in anyway,5,2026-07-10T01:18:00-07:00,8.38.0,,
Trading 212,app_store,3bf7c83253eb6a9cb294df1a,"Great time to seek investment with this platform. It’s easy, well readable and is a really good introduction into this world!",5,2026-07-09T23:24:51-07:00,8.38.0,,
Trading 212,app_store,8719f8511545488f6aa2688b,My understanding is that not all companies are equal. My experience with Trading 212 is positive. I found setting up a cash ISA easy and receive daily updates on interest received which I find quietly reassuring. It doesn’t feel like you’ve invested your money and don’t know what’s going on with it for months.,5,2026-07-09T02:34:59-07:00,8.37.0,,
Trading 212,app_store,e69b3ec83ddf1c5e1647bdc1,"The application overall is excellent with an intuitive design and ease of use. The app is responsive and has complex features built-into the app just like the web version.  App is consistent and supports a range of devices. 

I would like to see the devs add a feature where it’s easier to move between accounts. 

Personally, I use t212 on my phone and tablet as they are more convenient for me. I have a General, ISA and CFD accounts which I use all 3 regularly. Swapping between the accounts becomes a hassle. If the devs could add a feature where you could swipe from the edges (left to right) and (right to left) to navigate between the pages - that would be awesome. 

With thanks,

A really lazy guy <3",5,2026-07-08T23:40:35-07:00,8.37.0,,
Trading 212,app_store,66b893fc381b8d3a95ce3216,Why the old charts are being deleted on certain stocks i wanna able to see at least 10 years of that stock if not 5 years,4,2026-07-08T18:22:07-07:00,8.37.0,,
Trading 212,app_store,2a3fe681bfb0d63c7f36af20,PERFECT APP FOR FINANCIAL INVESTMENT👌 ✌️,5,2026-07-07T22:19:17-07:00,8.37.0,,
Trading 212,app_store,63297b6e30d93bcb5bbf610b,It’s lovely to see the app improving itself over the years. 4 years ago it wasn’t the best but now it is by far the cleanest!,5,2026-07-07T09:00:43-07:00,8.37.0,,
Trading 212,app_store,c8e23132e695793aee2c8b08,It’s a great app to use with lots of helpful advice so you can start investing and make the most of your money. They do have to do research as well into what companies you want to invest in but this is a great app which I recommend.,5,2026-07-07T07:04:40-07:00,8.37.0,,
Trading 212,app_store,0087a7855661e9abccda4269,Very much enjoying trading 212. Easy to use. Brilliant way to make a start in the world of trading.,5,2026-07-07T02:35:13-07:00,8.37.0,,
Trading 212,app_store,aed2e71ce1621cb3b9aacd1b,Easy to invest without stressing,5,2026-07-06T09:14:16-07:00,8.37.0,,
Trading 212,app_store,3822a40dd6c7406dd50133b0,I am slowly learning about how to trade.,5,2026-07-06T06:23:22-07:00,8.37.0,,
Trading 212,app_store,e0ad734ec9cdeded67fade11,"Don’t expect any support from them if you are stuck or needed further informations about your investment. 
Do your own research and due diligence. Thats it …",1,2026-07-06T06:20:22-07:00,8.37.0,,
Trading 212,app_store,4037c31d771e810fef33c28f,"As an IOM resident there are very few brokers that provide service here and I am so glad that you do. Faultless customer service; security and opportunity provided by your platform which my family and I are eternally grateful for. As an accountant, understanding the situation of creditors here on the IOM it is such a needed option that most do not realise. Thank you!",5,2026-07-06T03:46:45-07:00,8.37.0,,
Trading 212,app_store,dd6b966a43e7d425682d6127,"As one of many suffering extensive delays in HSBC ISA transfers, enquiries made to Trading 212 have been answered quickly, authorativly and comprehensively. Unlike the responses I have had from HSBC.",5,2026-07-06T03:32:04-07:00,8.37.0,,
Trading 212,app_store,4414c755d67a4e5c111c0079,Easy to use . 24hrs trading platform.,5,2026-07-06T03:12:34-07:00,8.37.0,,
Trading 212,app_store,33299d7d3efbcf68a5551be4,"I have opened a cash ISA, up to now the daily interest added a good insensitive to save tax free.

They are a bit pushy with CFDs but I am open minded at this stage.

Down load the app and take a look🫪",5,2026-07-06T02:57:42-07:00,8.37.0,,
Trading 212,app_store,cd4fa3e1b46f6faae3f923b5,"212 work well for entry or long term investors. I have not traded CFDs on 212. 
Although it can sometimes be challenging to get help from someone, generally they are friendly and supportive while staying professional. Recently had to pull money out of 212 and it was efficient and effective. Not as challenging as other brokers. Thanks.",5,2026-07-06T02:08:19-07:00,8.37.0,,
Trading 212,app_store,bfa52b938e8d3154a3289229,"The app immediately deactivated my account during verification , verification process is a mess takes 3 hours per app however it took 12 hours before email of verification was sent … very disappointing",1,2026-07-03T12:07:12-07:00,8.37.0,,
Trading 212,app_store,9b0ebf90e64f5e72762a4bec,"Yes, Trading 212 is one of the best intuitive investment platforms and I have made a decision to transfer my investments held elsewhere into Trading 212 since SIPP has been introduced. However, I have dropped one star as there is no automated controls within SIPP where HMRC tax relief cash can be automatically invested into my SIPP pie unless I manually go into my account and invest it myself. This is almost a given feature in other competitor platforms where investors can choose to invest any cash as soon as it lands into the account and I wish the devs take this feedback on board and introduce this feature to give set and forget investors an option not to having to log everytime tax relief arrives in the SIPP segment of the portfolio. Thanks",5,2026-07-03T06:05:15-07:00,8.37.0,,
Trading 212,app_store,4ebb33dec421a49668b0f07f,Love the app,5,2026-07-03T05:13:21-07:00,8.37.0,,
Trading 212,app_store,3671cdaca85c47239a5cf34e,"Really easy to use, buy and sell plus create the pie.  But some parts very clunky and feels like a Beta App",3,2026-07-03T01:24:16-07:00,8.37.0,,
Trading 212,app_store,12e54991753058f87cedb7ee,"It’s so easy to use, I’m continually impressed. I use it for my ISA and I never struggle to find info on past activity. Also, I love that transfers to my ISA from my current account are so easy to do. They also email you to tell you when funds have been deposited, this doesn’t happen with a lot of other ISA providers (surprisingly). One thing I’d love is a bit more info on comparing a stocks vs cash ISA. If it exists, I just haven’t found it…really happy customer though. Give your software engineers a raise 😂",5,2026-07-02T15:16:38-07:00,8.36.1,,
Trading 212,app_store,262f009af457affeb0fd3906,"No fees, easy to invest",5,2026-07-02T15:10:10-07:00,8.36.1,,
Trading 212,app_store,1a52e49071ac7e9ff47df923,"Stupid button sell is the same colour as buy, stupid UX need to be fixed",3,2026-07-02T13:03:23-07:00,8.36.1,,
Trading 212,app_store,2a9ab94444db2c58e1618c17,Started this year. Easy to use.,5,2026-07-02T12:07:18-07:00,8.36.1,,
Trading 212,app_store,8d9911b5e63ec350a6db713f,A really good platform: it allows me to hold cash at a reasonable interest rate in both.,4,2026-07-02T06:19:05-07:00,8.36.1,,
Trading 212,app_store,6a89ed776e4eb49a93045e4a,Safe and effective,5,2026-07-02T04:26:18-07:00,8.36.1,,
Trading 212,app_store,78bcaf9fa4c5e6ca5fa981af,Manual verification says after 2hr but even after 10hr not approved or rejected. Time wasting!!! And international misestimate. LIE,4,2026-07-02T00:47:39-07:00,8.36.1,,
Trading 212,app_store,b7e4ee3bdfbe7a65a5c14dcb,"I’ve had my ISA Account with Trading 212 for the past 3yrs & found it so easy to access, transfer monies in/out without any hassle at all. The interest can be seen in real time. I’m so glad I found this App prior to the ISA side of it I was using it for Global stocks & shares too. Combining the two in a simple App. I would recommend this to my family, which I have my wife & daughter use Trading 212",5,2026-07-01T14:49:05-07:00,8.36.1,,
Trading 212,app_store,0218bfd7d3caf5a97fe335fa,Easy to use. User friendly and intuitive. Happy with experience,5,2026-07-01T06:55:44-07:00,8.36.1,,
Trading 212,app_store,dcc899d784320d34fe4dc10a,Fab app to manage my investment portfolio. Easy to use and flexible,5,2026-07-01T06:36:06-07:00,8.36.1,,
Trading 212,app_store,384506c8888c5de14cec9ece,This is my first time trading - the app is intuitive and easy to navigate,5,2026-07-01T04:56:32-07:00,8.36.1,,
Trading 212,app_store,610132f2cc6d4d989b093ef0,Terrible app. So confusing. Nothing is intuitive about it and it is v complicated to just do simple tasks.,2,2026-07-01T00:52:10-07:00,8.36.1,,
Trading 212,app_store,cfbaaa835ff286d00bcf5390,"This is a fab site for those new to trading, so easy to use.",5,2026-07-01T00:16:50-07:00,8.36.1,,
Trading 212,app_store,1a73b1bb1da656efaf30ecdd,"Great platform in terms of features and everything you’d want. Would just love to see a cleaner UI and the main parts of account easier to access/see. 

I.e pie portfolio hidden in separate tab, lots of folders inside of folders.",5,2026-06-30T22:28:30-07:00,8.36.1,,
Trading 212,app_store,6dda9d0e552c21c8828f7c53,Auto invest too difficult to set up,1,2026-06-30T11:58:41-07:00,8.36.0,,
Trading 212,app_store,c20714a829ba82183fdcfd69,Cheapest quickest 24/7 investment app out there. Keep this level of service & the competition will all go bust. Aj bell charge ££25 in comparison of less than £1 on here,5,2026-06-30T11:51:22-07:00,8.36.0,,
Trading 212,app_store,7f08429b5f1ee6f8aa1863ca,I like the option to rebalance portfolio being automated but the way you have to do things and the ridiculous unintuitive way the app works is quite ridiculous.  I wanted to sell shares in one piece and use cash in another.  I had to export the shares however after pushing export the only way to proceed was to instruct the app to redistribute shares to other shares in pie. Doing this took shares out of pie. Having sold them moving funds into other pie was not quite as hard.  Concept is good but app is so clunky I will probably switch to another broker,2,2026-06-30T10:06:02-07:00,8.36.0,,
Trading 212,app_store,8f7a2a1c9be06728d6fff7b9,Really happy I got the app,5,2026-06-30T04:46:35-07:00,8.36.0,,
Trading 212,app_store,2c1fc2230c545687ff34d590,No idea what to do or use the app.,1,2026-06-29T12:45:30-07:00,8.36.0,,
Trading 212,app_store,93ee77bf49c08fd0e0728151,Wish me luck guys,5,2026-06-29T10:47:41-07:00,8.36.0,,
Trading 212,app_store,9b751eba0b6f4cdb09f5148e,This app is fairly easy to use for beginners. I know nothing about trading or investing but I’ve seen lots of recommendations and decided to download and start investing. It’s very simple. I’m still leaning as I go along,5,2026-06-29T06:32:12-07:00,8.36.0,,
Trading 212,app_store,94d84f8f007609d2e6c998ba,"Lots of cool features, and easy to use",5,2026-06-29T06:19:42-07:00,8.36.0,,
Trading 212,app_store,6e117d5e83547094ee3a0308,good,5,2026-06-29T03:33:04-07:00,8.36.0,,
Trading 212,app_store,3b7becf5a3b1c35f6b8f75b0,I’ve been using 212 since 2020 and I’m a huge fan - it’s easy to use and makes investing simple.,5,2026-06-28T02:16:50-07:00,8.36.0,,
Trading 212,app_store,d651f07d831be7d75060a123,"Hi, It should be open available in pakistan country. Whenever you buy sometimes it shows different price and also difficult to move currency asking to pay charges. Should be clear user friendly.",4,2026-06-26T01:58:13-07:00,8.36.0,,
Trading 212,app_store,122bb5273dd5afe09fceb54a,I signed up for trading 212 and it had great rates and the app was easy to use. But over time the interest rates seemed to get worse and worse. It’s almost as if they punish you for staying long term. In the end I left to go elsewhere. But even that dragged on for nearly 6 weeks to get my money out.,3,2026-06-25T05:33:35-07:00,8.35.0,,
Trading 212,app_store,ecf2a6bb77a540c31b29251d,"Loved this app, but when I changed device and no longer had the old one, it is insisting on a face scan. The face scan function doesn’t work on my iPad, but there is zero support or alternative, so now I’m locked out of my account indefinitely.",1,2026-06-24T11:31:01-07:00,8.35.0,,
Trading 212,app_store,71fd664f162f23b2f26f2d07,Been using this app for ages now and I can say whole heartedly that it’s easily the best app on my phone⭐️⭐️⭐️⭐️⭐️,5,2026-06-24T09:36:49-07:00,8.35.0,,
Trading 212,app_store,9c7f15a88797ef7216bd0bbd,I have recently downloaded the 212 app and I am thoroughly confused. I have deposited 1000 pounds and I want to invest. I can’t use the app,1,2026-06-24T05:39:27-07:00,8.35.0,,
Trading 212,app_store,8eafe9cd6c1f7b4a44a9a6ca,"Great app, loads of information to learn and sink in. Then how do you use all this information",5,2026-06-24T00:03:44-07:00,8.35.0,,
Trading 212,app_store,4ee1448c13f74e1ea9bd910c,Love the design and features,5,2026-06-23T10:50:27-07:00,8.35.0,,
Trading 212,app_store,60c9143ae592b3a1e52b1051,Easy to navigate and no bugs that I’ve experienced.,5,2026-06-23T03:17:10-07:00,8.35.0,,
Trading 212,app_store,eb7af9c5407bb880e8a22cac,"Managed to sell over 200k of shares last week because I didn’t fully close position in viewing order, could be made safer by possibly adding face to place orders, my fault and the 212 site is still very good.",5,2026-06-23T00:13:42-07:00,8.35.0,,
Trading 212,app_store,02da9426fe476e88ccb4b245,Easy to use and fun when your up you need the losses  to make the wins a bit sweeter,4,2026-06-22T13:26:31-07:00,8.35.0,,
Trading 212,app_store,d0f41600e40e467dc81fe749,Amazing BUT - not for the faint hearted but not just for the experienced. I had never traded and still do not completely understand but I’ve had a lot already - they do have a practice account where you can learn the basic concepts of trading but is still difficult! They have news updates and good notifications,5,2026-06-22T08:10:00-07:00,8.35.0,,
Trading 212,app_store,e56130f3db0de6a99bcd1052,"Really rate this app, better than its rivals for sure",5,2026-06-22T06:05:55-07:00,8.35.0,,
Trading 212,app_store,80237d1d01cc7f237ffb0842,This is a fantastic transparent and intuitive product/service,5,2026-06-22T04:12:16-07:00,8.35.0,,
Trading 212,app_store,3ffa2901df881e4fdea016ca,Terrible service when trying to withdraw my isa and put with another company. Been waiting much longer than the stated 15 days so I’m left on a really low rate of interest and losing money. No way to contact them other than the robot chat which is useless. Will never use trading 212 again.,1,2026-06-22T03:41:20-07:00,8.35.0,,
Trading 212,app_store,b7eedb6afac650488a02e12b,Very easy to use,5,2026-06-22T01:58:14-07:00,8.35.0,,
Trading 212,app_store,c6a94dfda437dfbf3c8c353a,Can’t go past NI stage on set up says it don’t recognise my Ni number ! It is so stupid I don’t know what type of people you have working running the app or website but they’re clearly incompetent I’ve been trying to sign up for a week and it keeps saying wrong Ni number when it clearly is the right Ni number and I’ve signed up before but deleted my account,1,2026-06-21T19:32:03-07:00,8.35.0,,
Trading 212,app_store,3b1eaeddd9ccf418b94ad6f2,⭐️⭐️⭐️⭐️⭐️⭐️⭐️,5,2026-06-21T05:24:53-07:00,8.35.0,,
Trading 212,app_store,8c01fe2d70238f956e66f4ff,Downloaded 212 as my first trading app an it’s done wonders. Incredibly easy to understand and the free fractional shares are great!,5,2026-06-21T04:43:18-07:00,8.35.0,,
Trading 212,app_store,c8d81a43b481b185dfd0cb6c,"So far, easy to start. Will update once I’ve got more experience.",5,2026-06-21T01:16:26-07:00,8.35.0,,
Trading 212,app_store,a30dbf9208e4d8e36b585ce9,Really good platform and easy to use,5,2026-06-20T14:05:16-07:00,8.35.0,,
Trading 212,app_store,951eda05df4700b3f14d6699,"Loving the user interface, very easy to navigate",5,2026-06-19T07:51:19-07:00,8.35.0,,
Trading 212,app_store,166be5b16889acae8f08e2f0,I’m so happy that I joined now I can save for my future,5,2026-06-19T06:39:51-07:00,8.35.0,,
Trading 212,app_store,e6af99a51649e8d859a713ff,Just started using Trading 212. Wanted to open a Stock and Cash ISA. Everything was fairly easy to do. So far so good,5,2026-06-17T23:26:32-07:00,8.34.0,,
Trading 212,app_store,4102b126f35ff817c7db0737,Great,5,2026-06-17T22:52:42-07:00,8.34.0,,
Trading 212,app_store,7e5e633a398fdf83e37ee02e,"I have tried all trading apps and switched to this app as I found it had better UK integration. I found it to be more trust worthy, quick payouts and great features",5,2026-06-17T09:07:57-07:00,8.34.0,,
Trading 212,app_store,81c6dd78b1c4e37d4763a34c,Not happy with roll over system,1,2026-06-17T07:05:16-07:00,8.34.0,,
Trading 212,app_store,d8fba5a750d58d2b368b113a,Cash ISA is perfect. Though I’d like more help with the stocks ISA. It’s very confusing,5,2026-06-16T14:50:06-07:00,8.34.0,,
Trading 212,app_store,a33a1518196d386f2600c78a,The best,5,2026-06-16T11:05:32-07:00,8.34.0,,
Trading 212,app_store,fc62fe749ea5b543367a5aed,"Enjoying building my portfolio up with trading 212, excited to see it grow, fingers crossed! Hopefully this platform is here to stay.",5,2026-06-16T06:32:25-07:00,8.34.0,,
Trading 212,app_store,0c879c1c44ed9adc7d6d81aa,Made investing easy,5,2026-06-16T02:30:14-07:00,8.34.0,,
Trading 212,app_store,c476e44903ad763199d858da,"The app is easy to use, have a wide range of options for investing, highly recommended to anybody regardless of the level of experience",5,2026-06-15T15:03:19-07:00,8.34.0,,
Trading 212,app_store,da5e86574ec72b91ee326083,Brilliant,5,2026-06-15T13:20:03-07:00,8.34.0,,
Trading 212,app_store,e0de4f63c51f593ff5ca25ab,Easy to access and use,5,2026-06-15T10:28:10-07:00,8.34.0,,
Trading 212,app_store,bcd3fef5d6b2739fded41efb,"Overall all the app is good it has multiple options for investing or trading so if that’s what you want and don’t need anything with a ton of features then it’s great. 

However the one issue I have with this is that as far as I can tell there is no integration with TradingView which is a huge deal to me and prevents me from using this service fully and the app from being good to great.",4,2026-06-15T10:23:07-07:00,8.34.0,,
Trading 212,app_store,f123c01c037aac84fd50d355,Seem easy enough app,5,2026-06-15T09:28:08-07:00,8.34.0,,
Trading 212,app_store,11ca939d1bd4bdf975e62f6d,Hi,5,2026-06-15T08:04:59-07:00,8.34.0,,
Trading 212,app_store,95b9893712cc51af6b50139a,"Moved here from eToro. Easier to use and I didn’t realise how much ££ I would have saved in fees if I moved to T212 sooner … oh well, lesson learned!",5,2026-06-15T04:19:35-07:00,8.34.0,,
Trading 212,app_store,e3b7796e669336f4c0a896f5,"Trading 212 the best trading app to invest. Its interface is simplified and user friendly. Also, it’s safe and its customer service is outstanding.",5,2026-06-15T04:09:23-07:00,8.34.0,,
Trading 212,app_store,7b2628d0241e326b4d1fb78d,"Just my experience not advice but investment is the great equaliser, and trading 212 makes it simple with a community that want you to win, great app.",5,2026-06-15T03:56:16-07:00,8.34.0,,
Trading 212,app_store,aad4a65409311f2b586ced2b,Why has my transfer not completed?,1,2026-06-15T02:29:27-07:00,8.34.0,,
Trading 212,app_store,25fbab306c1ba7cb7a679ca1,I’m really enjoying the app. I enjoy the process of buying investments. A lot of thought has gone into the UX and the build and as a user I really appreciate it.,5,2026-06-15T00:25:56-07:00,8.34.0,,
Trading 212,app_store,421a2df976e7de49115228a5,👍🏼,4,2026-06-14T15:06:25-07:00,8.34.0,,
Trading 212,app_store,3dcd93e59c2fc879d95d2139,"I have tried and tested mostly all trading & investing platform available in UK and I can say trading212 is a clear winner in all aspects, the ease of use, the app, the features, the list of etf’s, stocks that you can buy.
It is the absolute best!!!",5,2026-06-13T01:58:04-07:00,8.34.0,,
Trading 212,app_store,36d7134e93d1360192164375,Very nice,5,2026-06-13T00:21:41-07:00,8.34.0,,
Trading 212,app_store,bc37a91739ed9ad8e850224d,Scam  sat away !!!!!!!!!!!!!!!!!,1,2026-06-12T15:44:41-07:00,8.34.0,,
Trading 212,app_store,eae5acf25d5f2d085a602f59,Really easy to use and understand with good info about all companies you are about to invest in,5,2026-06-12T11:03:34-07:00,8.34.0,,
Trading 212,app_store,ce3754cf45c995b09c0be0f2,"Good app to use especially I think the pie is great. 
Initial experience wasn’t great to start but all now OK.",5,2026-06-12T09:30:59-07:00,8.34.0,,
Trading 212,app_store,5aead80e35a651e72a60f75f,"My account was locked randomly and I needed to verify my identify. I did so, after 10-20 attempts I was let back into my account and able to deposit funds again, as soon as I did so my account was locked and customer service are radio silent and will not help me out and keep closing help requests without answering.
If I could rate 0/5 I would. 
Dreadful customer service.",1,2026-06-12T07:55:58-07:00,8.34.0,,
Trading 212,app_store,0c963c033db408e879ddfa3c,Perfect for learning and good leverage to keep in control. Better than many firms,4,2026-06-12T06:44:10-07:00,8.34.0,,
Trading 212,app_store,290c07a69c3aac68dcf58d90,"Nice app, clean and slick.",5,2026-06-12T03:07:09-07:00,8.34.0,,
Trading 212,app_store,7b9f69409c81c99c2276e408,World class in performance and easy to use.,5,2026-06-12T02:48:04-07:00,8.34.0,,
Trading 212,app_store,0c970e8b26ac4e3778851059,"My cash isa is great, easy to use, responsive to my needs.  However I mistakenly opened a stocks account and almost immediately I realised that it wasn’t for me.  I requested that I close it and move the funds into my cash ISA.  They refused and said I had to close my cash isa too.  So sadly I am now shopping around.",2,2026-06-11T11:09:54-07:00,8.33.0,,
Trading 212,app_store,1de4e88b5d7bc41d11243bc2,Easy to access,5,2026-06-11T05:32:54-07:00,8.33.0,,
Trading 212,app_store,27aab335c2f0642000067ea0,Very easy to navigate and kept up to date daily.,5,2026-06-11T01:38:58-07:00,8.33.0,,
Trading 212,app_store,3b554e7b3aba03f8f66d037a,"It’s a terrible experience trying to put money into this account and I’ve just given up. Opened the account quite easy.
Then try to make a deposit on my phone it gives me a QR code to scan on my phone!! not very slick how the hell can you scan a QR code that’s on the phone?
From company that marks itself quite slick it is far from it",1,2026-06-10T16:32:36-07:00,8.33.0,,
Trading 212,app_store,70a39cef531644ae1f17d5ea,"While the app has limitations on cash equity trading with regards to take profits and stop losses for general investing I’d recommend no other. It gives you such a wide variety of European, UK and American companies to invest in, with ETF’s by banks holding other international companies. The UI is extremely friendly, easy to understand and use.",5,2026-06-10T07:52:12-07:00,8.33.0,,
Trading 212,app_store,a08279ac99a07ecde6b472af,Earning me loads of money 😘,5,2026-06-09T10:24:29-07:00,8.33.0,,
Trading 212,app_store,e65ce79d8129fa1ad893d9c8,What’s with the constant spacex notifications? It’s very annoying that t212 is continuously trying to push this sketchy IPO on its customers.,1,2026-06-09T09:06:49-07:00,8.33.0,,
Trading 212,app_store,8d1e2576ca4b40f29db26d34,Won’t stop spamming me about spaceX,1,2026-06-09T09:05:29-07:00,8.33.0,,
Trading 212,app_store,1857b7de23e6709aa3fb10d7,Clear and totally clear on what’s occurring!,5,2026-06-09T07:40:18-07:00,8.33.0,,
Trading 212,app_store,3e88f8bc51d9e9c7d044b18a,Great app to keep your eyes on your investments. I like how it’s laid out and the option to quickly hide your balance from prying eyes is genius,5,2026-06-09T04:02:50-07:00,8.33.0,,
Trading 212,app_store,6748e76b6614ebd200135839,The new updated is Goated. I’m so impressed with the flip thing. Is the best feature on the app,5,2026-06-09T02:53:27-07:00,8.33.0,,
Trading 212,app_store,5e8cca2637042314176a99c6,"I have used many share investments apps but I must say Trading 212 is one of the best.
Thanks to all who have put the effort into this user friendly app.
Well done guys…",5,2026-06-08T23:10:47-07:00,8.33.0,,
Trading 212,app_store,21a3891dfee19e9f49b5ffbe,"I’ve been a customer of 212 for more than two years now. I wanted to leave a review because this app has actually changed my life. Out of all the Brokers I’ve tried, this one has it all. Easy to get money in and out, see where everything is and move around. The interface is clean and easy to understand. Great selection of stocks and ETFs. It’s hard to find a platform that does all of this in one place. Easy to see where your Dividends are too.",5,2026-06-08T16:22:46-07:00,8.33.0,,
Trading 212,app_store,7058c1f99d764c6fe643a495,Amazing app makes trading so easy and also makes it easy to learn trading,5,2026-06-08T16:08:17-07:00,8.33.0,,
Trading 212,app_store,567afb26227e3a4e3f5a2527,Great for beginners.  Graphics and stats can be misleading (could do with some user interface improvements for clarity).,4,2026-06-08T14:36:49-07:00,8.33.0,,
Trading 212,app_store,22f9c066aab65f12d9ff86c2,Best in the game,5,2026-06-08T12:09:54-07:00,8.33.0,,
Trading 212,app_store,cad97f512814b216a7cc3ccc,"Trading 212 is one of the best online saving sites I have discovered, they have made it effortlessly streamlined to transfer money and keep track of my money. I’d recommend it to anyone,",5,2026-06-08T10:34:49-07:00,8.33.0,,
Trading 212,app_store,13b81ef3cfebf61f2dd4a201,I was new to trading on my own. I have had ISA’s but they were always managed by a 3rd party. But with Trading 212 I had the choice of using pre compiled TRADING 212 Pies as well as creating my own. One thing I did learn quick was not to use invest but the ISA side as being a tax payer this was the better option. Great App .,5,2026-06-08T09:59:54-07:00,8.33.0,,
Trading 212,app_store,91b74e4cbc8c291873ced6c8,I gave trading 212 a go after watching you tube videos of various people showing how to use the app and now have become auto learning more.,5,2026-06-08T07:47:07-07:00,8.33.0,,
Trading 212,app_store,8a5d5c2bf0178cffc481e172,This is worse than gambling! 🤑,1,2026-06-08T07:29:07-07:00,8.33.0,,
Trading 212,app_store,b3e1946a841057432cadc313,App is very good except it’s not obvious how you withdraw money from the account,4,2026-06-08T04:05:32-07:00,8.33.0,,
Trading 212,app_store,4844d13b015bfc64c0d41889,Trading blocked for far too long,1,2026-06-08T02:40:00-07:00,8.33.0,,
Trading 212,app_store,47e5fccce228a1bff0d2b524,"No fees, easy to read everything, quick transactions in and out. Can’t ask for much more.",5,2026-06-08T01:08:17-07:00,8.33.0,,
Trading 212,app_store,62a4b6aa74573ccc2ec47821,"So impressed with this app. Every detail seems to have been thought through, and actually used by the developers to understand how customers are going to use the app. 
Even after a transfer from my account within the app it takes me back to the app seamlessly, a step most app fail to implement. Normally your taken to the App Store to open the app. trading 212 app has implemented it as it should be. 

Fascinating to see daily interest learnt in real time, amazing motivator to save more.",5,2026-06-07T13:20:37-07:00,8.33.0,,
Trading 212,app_store,2ebba581e695fda6c18c64b9,Great simple to use and efficient,5,2026-06-07T04:40:56-07:00,8.33.0,,
Trading 212,app_store,fe689cd5a4438ad6cd9c870b,My default payment method to deposit money has mysteriously changed to Apple Pay. T212 lives off the fees.,1,2026-06-07T01:44:49-07:00,8.33.0,,
Trading 212,app_store,f8f8426d3ed09a62739af510,Great for experimenting,4,2026-06-06T06:00:12-07:00,8.33.0,,
Trading 212,app_store,2b083d8533bfd8907f0fe6f1,I’ve been using T212 for a year and tried many other platforms before settling on T212. It is so intuitive to use that it puts more established platforms to shame. I check it daily and feel completely in control of my investments!,5,2026-06-05T13:41:59-07:00,8.33.0,,
Trading 212,app_store,3138d4a523b1c7fd26163abb,"Very clean ui, does what I need it to do.",5,2026-06-05T12:55:31-07:00,8.33.0,,
Trading 212,app_store,a985cda6c6ae5ac1ec950fb5,"Been using this for 15 months now and really like it. Prior to taking the plunge I watched some YouTubers then copied one of their ETF Pies. 
I can add money to my T212 account and then swap money between the cash ISA, S&S ISA and uninvested funds really easily to capitalise on when the market is up or down. 
Even as a complete beginner my S&S fund value has far surpassed any cash ISA I’ve had before.",5,2026-06-05T00:46:30-07:00,8.33.0,,
Trading 212,app_store,1844597432f7b6aca1e033bd,"No mention at all about the new app requiring a facial recording for verification, what a disappointment to a previously good app and service",1,2026-06-04T09:41:12-07:00,8.32.0,,
Trading 212,app_store,4f5a34eef0ae1183ad5654c6,"I tried to move to another provider, despite multiple attempts Trading 212 didn’t respond made it difficult.

I believe they are obliged to let the transfer.",1,2026-06-04T06:19:30-07:00,8.32.0,,
Trading 212,app_store,57b09e8449ddab22dd6e5232,Takes a long time to pay dividends. Longer than its competitor AJ Bell and others I’m sure.,3,2026-06-04T05:47:33-07:00,8.32.0,,
Trading 212,app_store,ce9838423e5a2794660771fd,Cash Ida,1,2026-06-04T05:19:39-07:00,8.32.0,,
Trading 212,app_store,423cd85930877734664c4f7c,"Does the job really, no complaints at all!",5,2026-06-03T08:58:51-07:00,8.32.0,,
Trading 212,app_store,98d46b309d9acb7c4816c550,"Why have you removed the market status symbol from the product icons in the investment pie section of the app, now I have to open the specific stock or instrument to see whether that market is open. Also why do instruments or stocks not allow trailing stop losses in stocks and shares ISAs.
These would be simple things to include. This is a protest review as other wise the app would be great.",1,2026-06-03T08:37:38-07:00,8.32.0,,
Trading 212,app_store,284b7516ea124ceee8305ecf,The app is sweet and easy to use.,5,2026-06-03T01:18:05-07:00,8.32.0,,
Trading 212,app_store,147fb239ed69305144d43998,"Easy, accessible and understandable, it comes with a lot of help, I would love to be an ambassador or someone who could help promote the app I’ve got many into it and helped them also set up.",5,2026-06-02T12:50:51-07:00,8.32.0,,
Trading 212,app_store,9fcbfbbbcc5f0c32a006e90d,Saw the promotion for 4.76% interest for a cash isa. Clicked through and signed up. Wasted my time verifying who I am to then be then given 3.6%. Chat told me to deposit money. Why would you deposit money from your tax free allowance without the rate being confirmed. Mad,1,2026-06-02T10:58:00-07:00,8.32.0,,
Trading 212,app_store,1f2fcbc1ff52e195ad308596,Great app but colour blind support needed when using candles. Let us specify the colours used.,3,2026-06-02T08:04:10-07:00,8.32.0,,
Trading 212,app_store,0313fae643ceb29001e37634,"Very user friendly application, easy to navigate and loads of instruments available for investing.",5,2026-06-02T07:45:09-07:00,8.32.0,,
Trading 212,app_store,739d88b8bcb1acf6647cb5ca,As a very part time investor I love how easy the navigation is.,5,2026-06-02T03:05:04-07:00,8.32.0,,
Trading 212,app_store,4187d2f892c046e68917cf3e,"T212 is an excellent platform for both Cash ISA savings and Stocks + Shares speculation for the novice and seasoned investors alike.  Starting early is key to ensure users benefit from rising share prices where T212 offers a very simple, easy to use and understand App.  The real challenge here is encouraging more people to start investing in Stocks + Shares especially now the thresholds for investing have been rebalanced.  Don’t delay…..sign up now!",5,2026-06-02T01:23:10-07:00,8.32.0,,
Trading 212,app_store,e46171156c5986c2608c5440,Ye mate it’s a good app,5,2026-06-01T09:56:24-07:00,8.32.0,,
Trading 212,app_store,4617d336f38ed26a36855f98,"The very simple and effective design is very useful and sleek, and I’m a big fan. However it is clear it is gamifying the stock market which can be dangerous for investors",4,2026-06-01T08:40:57-07:00,8.32.0,,
Trading 212,app_store,7e33f6f5d65e526cb3c93421,Pay more Decent Interest,3,2026-06-01T08:10:16-07:00,8.32.0,,
Trading 212,app_store,20aaf14445150879f1a0abe9,Great app to get into investing.,5,2026-06-01T08:09:00-07:00,8.32.0,,
Trading 212,app_store,f516d7493b63a08749736aa8,Simple and easy nothing to complicated,5,2026-06-01T06:36:52-07:00,8.32.0,,
Trading 212,app_store,f39228171a86728d375f2d3d,Disgusting service,1,2026-06-01T05:20:20-07:00,8.32.0,,
Trading 212,app_store,ba48d8799a8a5f54c6950aca,W ISA,5,2026-06-01T04:40:41-07:00,8.32.0,,
Trading 212,app_store,3db83b484aa3e1e18386e9e6,Really easy to use.,5,2026-06-01T04:21:45-07:00,8.32.0,,
Trading 212,app_store,1697349fcfe8aca53c402c8f,so easy to set up use and the rates are competitive and fair,5,2026-06-01T03:31:28-07:00,8.32.0,,
Trading 212,app_store,de36c5d178fcc11741919bca,Trading 212 is a great app it lets you practice in practice mode and then start investing in real life. The best investing app I have ever used be far,5,2026-06-01T02:59:19-07:00,8.32.0,,
Trading 212,app_store,294ed47fcb9838e1de9abe03,Opening an ISA account was very easy and adding funds was also simple. I also like the app adding interest pending each day so you can see your money growing.,5,2026-06-01T02:41:19-07:00,8.32.0,,
Trading 212,app_store,81e1eb0d727500d8f16e3e1d,The best investment app out there. Period.,5,2026-06-01T02:25:35-07:00,8.32.0,,
Trading 212,app_store,7b29df2e95fba3b226ae07a2,Excellent high tech financial platform,5,2026-06-01T00:16:59-07:00,8.32.0,,
Trading 212,app_store,09d774c405768a9a31f0f5df,Love the UI,5,2026-05-31T14:40:09-07:00,8.32.0,,
Trading 212,app_store,1f5220f995a574f4e7722465,Love the platform. Setting up an auto investment always redirects you to the log in page with every click though…,4,2026-05-31T09:36:00-07:00,8.32.0,,
Trading 212,app_store,987f156b1d88e1eca9cbcc06,Love seeing my money growing on a daily basis. So much better than leaving it where it was.,5,2026-05-31T06:55:09-07:00,8.32.0,,
Trading 212,app_store,d1ed002653112140ff9dffa7,"I’m 50+ and years ago you had to invest in “one” share, for big companies it could be hundreds of pounds, now I can invest £100 pound month and splits over lots of companies as part shares, risk much lower. And it really fun.",5,2026-05-31T02:47:05-07:00,8.32.0,,
Trading 212,app_store,8bf51815af79308fa5d56e3f,I accidentally put my NI number by mistake and I realise that this app is a scam. I got myself worried to loose my disabled benefit,1,2026-05-30T11:43:32-07:00,8.32.0,,
Trading 212,app_store,1f63167b01f8277d8b83391c,First time buying shares very easy & useful app the navigate,5,2026-05-30T09:31:13-07:00,8.32.0,,
Trading 212,app_store,58f911a1cd25a1039e9bec88,"Easy to use, no fees, easy to transfer money.",5,2026-05-29T09:19:48-07:00,8.31.0,,
Trading 212,app_store,e8e6cc92852f3e96ee92575c,This is a great platform easy to use,5,2026-05-29T00:32:32-07:00,8.31.0,,
Trading 212,app_store,5076747c287d48e2fdb8247b,Easy to use for first timers,5,2026-05-28T22:20:12-07:00,8.31.0,,
Trading 212,app_store,e6aaa12ba89a8eda58e75135,"Flawless app, only few errors within the system but they are primarily minor, with good planning you can get almost 40 percent annual. Even without all that much hard work I got 22 percent from last year",5,2026-05-28T15:24:51-07:00,8.31.0,,
Trading 212,app_store,4eec772a7869a6778ce81d7b,Difficult to navigate and understand,1,2026-05-28T11:08:16-07:00,8.31.0,,
Trading 212,app_store,3f2397fbbf4dc827e82543b1,"For a finance application, it’s very easy to use and allows you to control your investments very easily",5,2026-05-28T10:02:13-07:00,8.31.0,,
Trading 212,app_store,00d620456d57be590a62f76d,Learning but seems simple,5,2026-05-28T08:14:56-07:00,8.31.0,,
Trading 212,app_store,54c4110b363c8a4cdf2e718c,"Easy to use
Good tutorials",5,2026-05-28T07:07:27-07:00,8.31.0,,
Trading 212,app_store,ce14da19c8eafd0fbdadce29,Simple to use does not over complicate.  Could do with following Robinhood’s lead and allow for AI agents to interstate for semi autonomous transactions.,4,2026-05-28T03:34:07-07:00,8.31.0,,
Trading 212,app_store,d39e36706f3753af78bab83c,"Good trading platform, just be careful with some buys as they aren’t always reflected well when placing the buy.",4,2026-05-27T11:46:28-07:00,8.31.0,,
Trading 212,app_store,3824b094c632a20f1a9340b2,"Great app and easy to use, could benefit from the addition of trailing stops though.",5,2026-05-26T12:19:46-07:00,8.31.0,,
Trading 212,app_store,1b10ade4f93c0404574701bc,so easy to get started on  your investing journey. The app is simple and easy to use. I'm so glad my friend put me on to this app.,5,2026-05-26T07:35:29-07:00,8.31.0,,
Trading 212,app_store,e2d6c988a90a71d8219662ec,"There is next to no competition to trading212, no commission, plenty of instruments and fantastic app design.",5,2026-05-25T20:57:52-07:00,8.31.0,,
Trading 212,app_store,f85ec73639ddb7ccffa2e93a,Fantastic easy 🤝👌🙋‍♂️,5,2026-05-25T16:11:55-07:00,8.31.0,,
Trading 212,app_store,1f4da62771970805afa9d5a9,Is best app ever seen fast response,5,2026-05-25T09:20:46-07:00,8.31.0,,
Trading 212,app_store,801be6350512ff5a9af1c14d,"Tried them all and nothing compares to Trading 212. Intuitive, structured and so easy to invest. Would be great to add Junior ISAs and SIPPs and eventually UK Gilts. Keep up the fantastic work.",5,2026-05-25T08:32:09-07:00,8.31.0,,
Trading 212,app_store,6b66b6b522aa4ed00a1c7f63,"New to this kind of thing but Trading 212 makes it easy to do, it’s long term for me, put the investments in place, feed it every week small amounts and let it go.",5,2026-05-25T07:43:55-07:00,8.31.0,,
Trading 212,app_store,2396e83a2d238834e3c7d7e4,Better get used to hearing that every time you’re trying to use this app. Dreadful stability. Always nagging about something. A truly demoralising experience.,1,2026-05-25T05:55:52-07:00,8.31.0,,
Trading 212,app_store,7086dd5400433b54fd6c0a20,"I have been having some issues with transferring money from bank to 212, but 212 have been very helpful,reassuring me that everything is done correctly.",5,2026-05-25T05:26:00-07:00,8.31.0,,
Trading 212,app_store,6a60e39c6a2ea2677f7fd76a,"It is extremely difficult to move your isa from Trading 212, i have been trying for over 2 months and i still haven’t completed it, they have no sort codes, and finding the account number isn’t easy. And if you want to call them forget that because there is no number. I can’t wait to get away from them. DO NOT USE TRADING 212!!!!",1,2026-05-25T03:16:00-07:00,8.31.0,,
Trading 212,app_store,92d602b8f5f4d9f297559525,"THE app for investing, such a great user experience, so easy to understand, along with such competitive fees and interest rates!!",5,2026-05-25T03:09:07-07:00,8.31.0,,
Trading 212,app_store,7007f1f65e3e2d6b2ec8dd42,Be careful with the interest. You need to enable it separately! I had cash in the account for a year assuming it was earning interest but it wasn't as I hadn't clicked enable interest... who wouldn't want interest. T212 please fix and compensate,2,2026-05-25T03:02:15-07:00,8.31.0,,
Trading 212,app_store,aa58e16abfd8e70a08fef7cc,Unlike Robinhood this app which I use does not show when you have previously bought a stock.,4,2026-05-25T03:01:51-07:00,8.31.0,,
Trading 212,app_store,692996391ee9ba8ec527245e,Too many stupid notifications,1,2026-05-25T02:37:28-07:00,8.31.0,,
Trading 212,app_store,91ff27a759f1e21a1397482d,Good app,4,2026-05-25T02:01:21-07:00,8.31.0,,
Trading 212,app_store,51fae6099adb443200920b35,Excellent platform to invest. Friendly app to navigate with variety of options and to switch between accounts. Money transaction thats in and out is quick and easy. Feel safe as well.,5,2026-05-25T01:59:35-07:00,8.31.0,,
Trading 212,app_store,e49c99c66401942fbbb5400c,"Just started with this platform and impressed with the lower fx fees, compared to the other investment firms I used in the past. Have to test it out over the next year to see if it really is cost effective, but very placed over the last month",5,2026-05-25T01:43:19-07:00,8.31.0,,
Trading 212,app_store,ba106483ec783743728084d5,Do your research before using this app if you do,5,2026-05-24T14:30:23-07:00,8.31.0,,
Trading 212,app_store,1f0aa57627fbe7d6494e76b6,Pretty sleek - easy to use and trade,5,2026-05-23T13:14:28-07:00,8.31.0,,
Trading 212,app_store,67bf08ece3fb27cc64255b8a,Great no fuss service easily managed app good rates.,5,2026-05-22T22:06:09-07:00,8.31.0,,
Trading 212,app_store,1aeeb58d58ce279ef010b7ce,Too App,5,2026-05-22T16:27:33-07:00,8.31.0,,
Trading 212,app_store,6f909b90624a6e160dc9b0fb,"I’ve used Trading 212 (alongside many other trading apps) and haven’t turned elsewhere. The app is easy to use, accounts are hassle free and my investing is effortless. Extremely low fees, plus I love that they’re only charged for trades and not monthly. Plenty of stocks available alongside EFTs and alternatives. AI advice is helpful too. I’d love to see a Trading 212 current account too. I just wished they didn’t use JP Morgan Chase as their depository bank and if you could call support when necessary.",5,2026-05-22T13:05:59-07:00,8.31.0,,
Trading 212,app_store,3b130a2093ae49c741abcbda,Left a trade going had 2 candles close above TP it was never taken,1,2026-05-22T11:03:50-07:00,8.31.0,,
Trading 212,app_store,7f50ed99f7e06aa04caeb6a5,"Trading 212 are the slowest provider for transferring out. After your impressive promo ends be warned you are left waiting. My new provider has been chasing for a month. I am now going to the
FOC as this is beyond acceptable",1,2026-05-21T11:51:36-07:00,8.31.0,,
Trading 212,app_store,b2cb833a79f68810eb086774,"There’s social media, TV, Pubs and hobbies, but there’s no activity that gives such a thrill in old age like competing with the market, occasionally losing, but more often winning.",5,2026-05-21T02:02:28-07:00,8.30.1,,
Trading 212,app_store,901f9bb783b4b3fd8c446849,"Great app and easy to use, very friendly however I do not have access to the stocks ISA option even though I live within the UK",3,2026-05-20T18:01:05-07:00,8.30.1,,
Trading 212,app_store,2381d06c30ab8ac55eb1fbde,"I requested a switch of my cash ISA to another provider and they’ve barely communicated at all, I’ve had to rely on the other provider. The app uses misleading terminology and when asking the chatbot, it gives conflicting answers because it hasn’t been trained properly.",3,2026-05-20T01:02:25-07:00,8.30.1,,
Trading 212,app_store,16fe2a4b082063b72db3e661,Easy to use,5,2026-05-19T21:42:47-07:00,8.30.1,,
Trading 212,app_store,18590013c9d515276e2ad20d,Really easy to use. Got me back into trading after a decade away.,5,2026-05-19T12:07:07-07:00,8.30.1,,
Trading 212,app_store,1d6a02947276056f41379642,Nice,5,2026-05-19T10:23:12-07:00,8.30.1,,
Trading 212,app_store,5356a1a7163ade148b915d41,"Recently joined Trading 212, really pleased with how easy it’s been to transfer my ISA’s and get a great rate too.",5,2026-05-19T01:16:00-07:00,8.30.1,,
Trading 212,app_store,81b53dbe55b46642f5c4d0ee,Simple to use small investments are ok and I can do this and learn,5,2026-05-19T00:22:05-07:00,8.30.1,,
Trading 212,app_store,1f1a48d661b9d864703a5bae,Accepted my information when first opened the stock. Now they have randomly notified me to close my account after I put a good source of my income in there. They’re going to close numerous of my GREAT positions that have prospective for growth. I am flooded with ads for them to take a bit of money with overnight interest then close my account. Ridiculous,1,2026-05-18T10:47:10-07:00,8.30.0,,
Trading 212,app_store,7a9881541a770d5f93ab55e3,"If you want to lose all your money, join the 212. All manipulated scam",1,2026-05-18T07:39:11-07:00,8.30.0,,
Trading 212,app_store,e09749740d47023daaac300b,What a great trading platform. Should have started it 20 years ago,5,2026-05-18T04:48:23-07:00,8.30.0,,
Trading 212,app_store,fe2be2156580678d013abc00,Despite “free” trading we get zapped for buying and selling non uk shares.,4,2026-05-18T02:51:38-07:00,8.30.0,,
Trading 212,app_store,e0b8a7cee60f4ea319f7641a,The app is easy to use as is the transfer.  I am also sure this would be a good experience if the background administration works.  The problem seems to be the admin team don’t have the correct industry contacts for my transfers and this has meant a 2/3 transfers have failed.  I have given up trying any further and will look to pull my money out.,2,2026-05-18T02:18:15-07:00,8.30.0,,
Trading 212,app_store,11f5218e531d6c28ddbc97bb,Absolutely love this app. Thank you so much!,5,2026-05-18T01:37:21-07:00,8.30.0,,
Trading 212,app_store,17755d88f5bff8f1dfaabf77,"Recently restarted using the app and put more effort into understanding investment as a whole.  The app is great for this, it looks great, has a natural feel to it in the main and having the widget helps to keep a quick eye on it (maybe too much looking 🤣) Let’s hope it makes me some profit 🤞",5,2026-05-17T15:46:37-07:00,8.30.0,,
Trading 212,app_store,a09965c9b4f3c229d0d3bab3,The penalty for a decent rate of interest is poor customer service. If you want to transfer an ISA out they take weeks to do anything.,1,2026-05-16T06:58:00-07:00,8.30.0,,
Trading 212,app_store,edb7890ff76176f6b885c81f,"I’ve been trading with 212 for many years now and they’re still as great as they were back when I first started. They don’t charge for trading unlike other platform apps and their customer service is absolutely amazing. I’ve never, not once had a problem with them in any shape or form, they’re honest and trustworthy in every aspect.
Thanks to Trading212 for everything you do 💎",5,2026-05-14T15:31:28-07:00,8.30.0,,
Trading 212,app_store,dc4443c196a30ffbedc06c79,"You are the reason I got enough courage to invest, all because your app is so well designed and I felt like as a beginner I could start to apply the little bits I learnt",5,2026-05-14T13:15:38-07:00,8.29.1,,
Trading 212,app_store,f85827168e44125a68802661,"They offer free shares if you refer a friend. I did this with my partner and she set up an account with the link I sent. Apparently there’s no link to it in her account. They’re happy to take your money, don’t expect anything back in return! This comes after months of chasing up!",1,2026-05-14T12:18:52-07:00,8.29.1,,
Trading 212,app_store,986135630b5ce3748ddd81cb,Amazing app,5,2026-05-14T08:27:54-07:00,8.29.1,,
Trading 212,app_store,4742c47cad50f3bb89bdd83d,Totally useless have been trying get my money back and close the account,1,2026-05-14T06:34:12-07:00,8.29.1,,
Trading 212,app_store,a7e80d85332ad7aeb654ff2d,It’s my first time with stocks and shares but it seems to be very informative so far,5,2026-05-14T05:33:48-07:00,8.29.1,,
Trading 212,app_store,3377e2a831561f3dcd88b8bf,"This app is fantastic, it’s so easy and simple to use, The pie feature makes the app even more attractive for investing multiple assets. and the bonus part is it low fees, Instant buy and sell so I highly recommend this app to anyone who is looking to get into investing",5,2026-05-13T03:31:00-07:00,8.29.1,,
Trading 212,app_store,a7705c0614033c3a0217dddd,Awesome,5,2026-05-13T03:21:42-07:00,8.29.1,,
Trading 212,app_store,8f3b5583860ebce9ef1b0c52,"Nothing to do with my phone, which is performing well otherwise. I have the latest version of the app and have tried everything.",1,2026-05-12T23:51:57-07:00,8.29.1,,
Trading 212,app_store,00710412c602a57a95077ce4,Lightning fast sales and responses,5,2026-05-12T23:33:43-07:00,8.29.1,,
Trading 212,app_store,775cda6ac74dcd8e965b6ef2,Awesome,5,2026-05-12T10:15:33-07:00,8.29.1,,
Trading 212,app_store,93f5acf15dc58c9a52c79dfe,"The Trading 212 app is probably the best app for investing I have seen. It has all the right information in the right place and is easy to use. Transaction costs are minimal and you can get started with a very small deposit. T212 also pays a decent interest on uninvested cash in the account. I would not recommend T121 for day trading or swing trading. The facilities for technical analysis are quite basic. But to be honest I would always want to use a decent size monitor for that, rather than the small screen of a phone. But for long term investment and fundamental analysis, T212 is fantastic. Recommended!",5,2026-05-12T09:18:19-07:00,8.29.1,,
Trading 212,app_store,9bd194dfce5fc57313df3fdb,Great stuff,5,2026-05-12T06:34:05-07:00,8.29.1,,
Trading 212,app_store,35dac5952fff5ddd5e095671,Very easy to use and navigate,5,2026-05-12T00:25:23-07:00,8.29.1,,
Trading 212,app_store,d5668dbca200e8660a4735aa,I’m,5,2026-05-11T14:25:12-07:00,8.28.1,,
Trading 212,app_store,f90410aa3e9b6dc870a5482c,Excellent app. Investing made real easy,5,2026-05-11T07:27:16-07:00,8.28.1,,
Trading 212,app_store,ca5e2c30be7dd8eb718a7b38,Slowly.,4,2026-05-11T06:33:21-07:00,8.28.1,,
Trading 212,app_store,a0a9c4f9574f79470156a1a2,"I trade US stocks. You get after hours trading, fractional shares, instant buy/sells 24/5 on many stocks. Super easy to use on desktop or mobile and decent interest on cash. Clunky old platforms paying 1% interest beware.",5,2026-05-11T05:33:14-07:00,8.28.1,,
Trading 212,app_store,cdd9a03a01939cdaf927f273,Blandfords Solar and Battery storage Kettering recommend trading 212,5,2026-05-11T04:44:21-07:00,8.28.1,,
Trading 212,app_store,91371e68c97cd96a47a314a3,Very easy to use,5,2026-05-11T03:41:45-07:00,8.28.1,,
Trading 212,app_store,a3380a6355a8c18854ad489f,"Love the interaction of the app and the wide availability of financial assets you can trade. Love the partial shares option to buy/sell. Competitive interest rates for cash. Support via email is limiting, with various degrees of responsiveness. Main features missing: more info about ETFs: structure, investment profile, Morningstar rating, etc. Also missing ability to see analyst ratings for stocks: as avg and separate ratings",4,2026-05-11T03:07:33-07:00,8.28.1,,
Trading 212,app_store,1893b23f068e669dedae90c9,There is two only best trading platform here in the u.k. first is this Trading 212 and second “others”.,5,2026-05-11T02:33:00-07:00,8.28.1,,
Trading 212,app_store,ca725fda99031eabbb65100a,I absolutely love that you can practice trading whilst finding your feet to change to real cash!,5,2026-05-10T13:06:53-07:00,8.28.1,,
Trading 212,app_store,32a963b5c68ac3c690ceddff,Good platform but it can be improved for the users.,4,2026-05-10T12:06:52-07:00,8.28.1,,
Trading 212,app_store,b6295a44d506987d7a90c5b9,Very easy to use,5,2026-05-08T23:43:24-07:00,8.28.1,,
Trading 212,app_store,6fc04e8314f2907361b46aa5,"This was a good deal a year ago when I took out an ISA: 5.07% AER: 4.10% AER +12m. 0.72% no, add maturity, no info or confirmation of payment of the 0.72% maturity bonus. 

Happy to take your money but indifferent to Customer Service. Except for newbies, there are  is better options elsewhere – but this is a common business plan, you’re you in with compelling interest rates and hope you will linger on when your investment has matured.",2,2026-05-08T08:29:24-07:00,8.28.1,,
Trading 212,app_store,d9b6acfd86c530c2d48b2f44,App is great overall but no daily volume or level 2 data in app is a big downside,2,2026-05-08T08:08:41-07:00,8.28.1,,
Trading 212,app_store,a301b6a2d48dca861b441ca1,Highly recommend trading 212 to anyone thinking about using it,5,2026-05-08T07:35:33-07:00,8.28.1,,
Trading 212,app_store,131485cc11fa676417b6793f,Extremely easy to use and perfect for beginners,5,2026-05-08T07:06:56-07:00,8.28.1,,
Trading 212,app_store,68682fe07498cbf08c98ef67,"This app has apparently discovered a groundbreaking new data visualisation concept: graphs with absolutely no axis labels. No values on the X-axis, no values on the Y-axis, no scale indicators, nothing. Just vibes.

A chart without numerical references is not “minimalist UX”, it’s functionally useless. How exactly are users supposed to interpret trend movement, variance, or data magnitude when there’s no quantitative context? Am I looking at a tiny fluctuation or a catastrophic drop? Nobody knows.

The entire purpose of a graph is to communicate data clearly. Removing axis markers and scale labels completely destroys interpretability and makes the analytics experience borderline meaningless.

Please learn the difference between “clean design” and “missing critical information architecture.”",1,2026-05-07T11:09:36-07:00,8.28.1,,
Trading 212,app_store,ee4d5c0ff9f237a486d0f8a1,The app closes 1 minute after opening every single time I open it. What has happened?! I cannot invest in stocks.,1,2026-05-07T05:30:58-07:00,8.28.1,,
Trading 212,app_store,f479b0a75882348f055e0bc7,Very fast and helpful,5,2026-05-07T03:51:27-07:00,8.28.1,,
Trading 212,app_store,4b560d90ddfc7e75d034e434,Straightforward and easy to use I can find everything you want very quickly,5,2026-05-06T17:57:05-07:00,8.28.1,,
Trading 212,app_store,9c57678764416fc735957f1c,"They terminated my session as my password was exposed in a breach and since then I’m struggling to login
I updated my password and after that i got stuck in a loop in identity verification and it’s been a NIGHTMARE since there! I have to reach out to contact support whenever i want to access my account!!! Once it’s opened AGAIN i’m moving my money out and i will make sure i’ll everyone i know about my experience
If i could give u 0 starts I would’ve done that",1,2026-05-06T12:35:42-07:00,8.28.1,,
Trading 212,app_store,caaee1d2edebadefa441b323,Super easy to use. Informative and a lot of fun. Obviously only invest what you can afford to lose but a lot of fun.,5,2026-05-06T04:28:42-07:00,8.28.1,,
Trading 212,app_store,b3d5ce72a51fc794b5d9c542,Great service issue resolved quickly,5,2026-05-06T02:22:44-07:00,8.28.1,,
Trading 212,app_store,5b2ac3f9d7857f8eb3b18098,Great place to learn about trading.,5,2026-05-06T01:18:29-07:00,8.28.1,,
Trading 212,app_store,874677b08a9c1ea435dc5f04,If you want to open an account be warned! Your patience will be tested. When you try to upload your photo you will see half a message telling you what to do. Why it doesn’t appear fully is anyone’s guess. Personally I’ve given up- there are other platforms after all.,1,2026-05-05T07:25:04-07:00,8.28.1,,
Trading 212,app_store,113488aa18f48c54ffd7847a,"Great app and competitive rates. However, when adding money to the Cash ISA, it would be a great option to see the amounts your added individually as opposed to just the total going up. Which most other banks and ISA’s do",4,2026-05-04T10:36:30-07:00,8.28.1,,
Trading 212,app_store,8430874c8bf4b8a7907a6d56,"Lowest costs, an ISA and Investing efficiency. All we need now is a more general release on the T212 Sipp please for drawdown customers?",5,2026-05-04T07:30:50-07:00,8.28.1,,
Trading 212,app_store,5b446b7ed59ad53c401e1575,It’s early days as I have only just opened new stock ISA and trading account. So far I am very impressed with the platform and the additional benefits offered in rates and stock lending opportunities. The cost difference between HL and 212 is simply embarrassing for HL. I would really like to transfer my SIPP and ISAs to 212 but it’s just tooearly and as the firm is privately owned I am assessing the risks. But without doubt 212 given time is a far better platform and value for money than HL. A £10k trade in a $ asset costs £15.00 with 212 and £100.00 with HL. This can’t be ignored given my portfolio is 80% US.,5,2026-05-04T05:08:09-07:00,8.28.1,,
Trading 212,app_store,29a18cb80907cc00f9978ab9,"Love trading 212 I set up a standing order to my stocks and shares isa which has a pie with a low cost index fund as the only stock, set it to invest monthly. App is great, but to keep me from trading with emotions I delete it. Only really download it if I need to add more than I normally invest if I earn more one month.

Also worth getting the trading 212 card for travel abroad, it’s the only card I use abroad as it’s the best exchange rate.",5,2026-05-04T04:13:44-07:00,8.28.1,,
Trading 212,app_store,078713ec9fcf5274d536558b,Learning how it works,5,2026-05-04T03:20:03-07:00,8.28.1,,
Trading 212,app_store,e63ae5a42bdfe25d9298c495,"I’m ’old school’ and was a bit cautious about opening a cash ISA with a ‘Fintech’ but my experience has been good in terms of the interest rate, ease of opening and functionality.",5,2026-05-04T02:14:21-07:00,8.28.1,,
Trading 212,app_store,5572108774b87cc7ef8c13ff,Have been with this company for just over a year now. I love the ability to see my cash ISA growing on a daily basis in the app!,5,2026-05-03T03:22:46-07:00,8.28.1,,
Trading 212,app_store,995c74c2f7e0dedb4d11df31,"A very good app does everything you need to save and invest.
I only wish they would input a loyalty bonus along with the new customer bonus",5,2026-05-03T01:59:22-07:00,8.28.1,,
Trading 212,app_store,2ee866dd829f8aad8f98663c,"I find it very easy to use and make little investments here and there.
Please be aware do not invest more than your “change money” your investments can go up or down. Mine are all down at the moment! That makes me at loss now, meaning that if I want to sell my investments now I would have less money left than I invested.
So this investment business is for 10-20 years long profit if there’s good growth.
So retirement pension top up income .
Don’t expect to get rich overnight.
So before you start investing please ask yourself if you can live without the money you gonna put in ?
If yes go ahead you got nothing to lose!
Happy retirement!",5,2026-05-03T01:24:02-07:00,8.28.1,,
Trading 212,app_store,3ecc68aaa7936f2b308af4c4,Bad arty,1,2026-05-02T02:11:14-07:00,8.28.1,,
Trading 212,app_store,7716ef4def71ebb82bb9229e,Easy to use with the best fee structure,5,2026-05-01T08:33:26-07:00,8.28.1,,
Trading 212,app_store,3cd6466c7798efc08987f340,Been extremely helpful and user friendly,5,2026-05-01T01:32:05-07:00,8.28.1,,
Trading 212,app_store,e2513351b00175f7e8d7e99d,"Definitely the best platform on the market currently, but I found moving my investments and isa across from a different platform to be overly fiddly",4,2026-04-30T08:55:38-07:00,8.27.0,,
Trading 212,app_store,526ddbc78bfa22b67b3f9172,New to all this trading and struggling with all the jargon but that being said have increased my money by nearly 20% … Lovely Jubbley !!!!,5,2026-04-29T23:36:18-07:00,8.27.0,,
Trading 212,app_store,46eb163ae8c06037bfd3c535,An easy to use App with all the essential information at hand.,5,2026-04-29T23:01:04-07:00,8.27.0,,
Trading 212,app_store,67577b4c63f6365978d187ed,Easy peasy,5,2026-04-29T08:34:16-07:00,8.27.0,,
Trading 212,app_store,23b5be4413e2bf859911d87e,Pretty Straight Forward,5,2026-04-29T08:07:23-07:00,8.27.0,,
Trading 212,app_store,d1525bb6acd59eea53b456ad,"Disappointing that you do not give better interest rates for ISA’s already invested, similar to most building societies, where they allow you to reinvest at a better rate.  
I am therefore transferring my ISAs’ to a building society that offers this facility",2,2026-04-29T05:53:21-07:00,8.27.0,,
Trading 212,app_store,568ebba1c5704ecbd6a55763,"I’m locked out of my account due to camera sauna move back, move closer, centre face turn both side for 15 minutes and what a load of nonsense the camera makes of it all",2,2026-04-29T04:18:41-07:00,8.27.0,,
Trading 212,app_store,ec18ab158b2f8bf3797e2059,Use Lloyds investment. This app has been redesigned it’s now much harder to keep track of what’s going on. Also I have my suspicions about this app I will be pulling my investments out,1,2026-04-29T03:21:20-07:00,8.27.0,,
Trading 212,app_store,e46fcac190047b0091c7e024,Makes investment and savings look so easy even for a novice like me !,5,2026-04-28T12:51:55-07:00,8.27.0,,
Trading 212,app_store,ca7e783de39f3740f255d0a4,"My money has been with T212 for 1 year, in which time It has earn me virtually zero interest. Don’t waste your time. I shall now be contacting Martin Lewis to high there failing",1,2026-04-28T09:12:54-07:00,8.27.0,,
Trading 212,app_store,e5d37e0186ad6d5bc34accf4,So easy to use !,5,2026-04-28T02:21:57-07:00,8.27.0,,
Trading 212,app_store,ccda15acdacd442dede16585,Great app but I’m wondering if you could expand on the feature of the balance hiding? It would be nice if I hid the balance and it remained hidden the next time I opened the app! Also a dividend calendar would be lovely too!,5,2026-04-28T01:09:38-07:00,8.27.0,,
Trading 212,app_store,ae9e3f3fed5e9eb1ded033a0,It just works!! And well.,5,2026-04-27T04:24:06-07:00,8.27.0,,
Trading 212,app_store,957a3cad29780cd0e8ba0124,Really easy to use considering I’ve never done trading before. Made a couple of mistakes but really easy to correct.,5,2026-04-26T11:45:45-07:00,8.27.0,,
Trading 212,app_store,b651723b6250843938fed831,"This company seems to have been designed by children and is operated exclusively by a.i. bots.

I opened an ISA last month.
The id verification in the app does not work on an iPad, but after much struggling I verified my identity. Some other issues with deposits, and some a.i. bot nonsense and the account was, finally, ready to use.

One month on, it appears that the fact that my driving licence has expired means that my identity is no longer valid. I didn’t know that one had to hold a current driving licence in order to run an ISA, but this company thinks that is the case. Of course, I do have a renewed driving licence, but a driving licence indicates my legal right to drive vehicles, not my legal right to continue to exist as the individual on the driving licence.

This farcical, laughable, situation would not be as bad if I could just upload my new driving licence and record my face easily. In the ONE MONTH since I initially struggled to verify my identity this app, sadly, is no better than it was all those weeks ago.
Computer says no.
Tail Wags Dog.
I shall be closing my account, deleting this awful app, and taking my money elsewhere.

I was just told by this stellar company that I need to upload (through this app which does not work properly) an id document which does not expire!
The company seems not to be actually performing a durable id check, but just relying on the upload of id documents and checking the document expiry.
So, not even proper id checks.
If you have no driving licence and no passport and no iphone then this app and this company is not for you.

Update: Thanks for the reply. The taking of a photograph on an ipad is hit and miss. The system can’t seem to focus properly.
The live view is broken. The bottom half of the screen is blank, and again the system cannot focus on my face. It’s a current iPad and I use other similar verification checks with no problems. 
With regard to your statutory obligation to keep id documents up to date. It’s a flawed and illogical rule, and I’ve not had to go through this with any other financial institutions. If indeed you do have to do this, then your company needs more robust technology and also not assume that all your customers use iPhones.
I’ve closed my account and moved my money to another financial institution. Mainly because of the id issue but also because your bot support is useless too.",1,2026-04-25T02:58:53-07:00,8.27.0,,
Trading 212,app_store,c9e35d10d62fa7f7c6ca4e16,"What a refreshing way to handle my investments, leading the way for all the others to follow. Keep up the great work.",5,2026-04-24T06:19:32-07:00,8.27.0,,
Trading 212,app_store,a240d0f158dfea60c5bf486f,Loving it 👌,5,2026-04-24T04:47:03-07:00,8.27.0,,
Trading 212,app_store,ba9d51d8d5c7cc8c17dac310,Great app,5,2026-04-24T03:30:26-07:00,8.27.0,,
Trading 212,app_store,3a61046e52e55ca29a21e3d6,"You are not buying anything on this app. It’s completely fake, designed to draw you in and snap your cash away. Don’t believe, try. Watch the trends and buy your shares then watch them plummet seconds after no matter the choice. AVOID",1,2026-04-23T07:40:33-07:00,8.26.0,,
Trading 212,app_store,3a2830a24544251dd50cd2d9,"It’s a great site. It’s simple to use. Combine it with something like chat GPT to help you understand terms and processes and for the first time in my life I finally understand what things mean. It’s very user friendly, great incentives with the free shares for suggesting friends and great interest rates. Cheers",5,2026-04-22T08:25:40-07:00,8.26.0,,
Trading 212,app_store,0273c27be502e3a071dbfe56,"So fed up with this app bombarding me with irrelevant notifications. They just spam customers with rubbish throughout the day. Just had one now which I accidentally clicked on which completely interrupted what I was doing. I don’t want to turn notifications off as I may miss something important. I’m gonna move my money elsewhere to a company that will notify me about my actual accounts, rather than loads of other nonsense that I’m not the slightest bit interested in.",1,2026-04-22T06:23:29-07:00,8.26.0,,
Trading 212,app_store,08d4dab3337ee78c11b96d61,Highly recommend,5,2026-04-22T02:35:47-07:00,8.26.0,,
Trading 212,app_store,a49e09f5e7a40cf53ee4e4b1,"I am writing this review to express my sincere gratitude and deep appreciation for the outstanding service provided by Trading 212. Having explored various investment platforms over the years, I can confidently say that Trading 212 stands in a league of its own, blending a sophisticated user interface with a truly ""client-first"" philosophy.
The Gold Standard of Customer Support
The primary reason for my praise today is the unmatched quality of their technical support team. In an industry where automated bots and delayed responses are the norm, Trading 212’s support staff is a breath of fresh air.
• Professionalism: Every interaction I’ve had has been handled with the utmost professionalism and courtesy.
• Technical Expertise: The support agents don't just provide generic answers; they possess a deep technical understanding of the platform and the financial markets, resolving complex queries with impressive speed and precision.
• Efficiency: The response times are remarkably fast, ensuring that I am never left in the dark regarding my investments or account status.
A Seamless and Empowering Platform
Beyond the support, the platform itself is a masterpiece of financial engineering. The ""Pies and AutoInvest"" feature has completely transformed the way I manage my long-term portfolio, making diversified investing accessible and intuitive. The transparency regarding fees—or the lack thereof—and the real-time execution of trades provide a level of trust that is hard to find elsewhere.
Final Verdict
To the entire team at Trading 212: Thank you for your hard work and dedication. You have built more than just a trading app; you have built a reliable ecosystem that empowers everyday investors. Your commitment to excellence, especially within your support department, is clearly visible and deeply appreciated.
I cannot recommend Trading 212 highly enough to anyone looking for a professional, transparent, and supportive brokerage experience. Keep up the fantastic work!",5,2026-04-21T04:20:13-07:00,8.26.0,,
Trading 212,app_store,8837d433ad92d65b40829301,Excellent app keeps me informed all the time,5,2026-04-21T02:34:39-07:00,8.26.0,,
Trading 212,app_store,5b2aa4b39eed483412a27309,"I think current Cash back system when someone is paying by T212 card is just an way to not to pay cash back. It's only limited to few Entertainment companies and what if a person doesn't use these platforms at all ?! I think T212 should reconsider the Cash back system while card payment.

Secondly, I think CFD need an update because there is no summarised overview and Also, total Profit and loss makes me confused all the time.

Most of the other competitors have better overview and summarised version of an CFD portfolio but T212 seems quite left behind. I hope we will see an UI update for CFD.",1,2026-08-10T12:55:37-07:00,8.42.0,,
Trading 212,app_store,6d07658de63399189459a231,Ich kann mich nicht identifizieren da meine Nummer nicht anerkannt wird.,1,2026-08-09T04:03:29-07:00,8.42.0,,
Trading 212,app_store,ccf6eb4f17019be3caf89d7f,"Macht Spaß und ist sehr übersichtlich und transparent gestaltet. Was ich mir wünschen würde, eine Änderungsmöglichkeit der Leverage Option statt fixe 1:5 im CFD. Vllt möchte ich mal mehr, oder sogar weniger Hebeln, je nach Produkt. 

FUN FACT ist weiterhin: TP kann nicht zu hoch angesetzt werden. 
Falls man doch einen Treffer hat und die Option um ein vielfaches steigt, muss man dran bleiben und manuell handeln. Trading 212 lässt hier kein TP zu, um praktisch keinen enormen Gewinn zu sichern. 
Lediglich das SL lässt sich komplett auf Null fahren, was euch als Anbieter wiederum etwas unseriöser macht.",3,2026-08-07T02:19:09-07:00,8.42.0,,
Trading 212,app_store,8f82d21fe16c2d7b9e2abfb2,25€ um sonst investiert. Die haben es nicht geschafft mit eine Überweisung zu zubuchen  bei der ich den Verwendungszweck vergessen hatte. Ok war natürlich mein Fehler aber den Aufwand den die gemacht haben geht mal gar nicht. FINGER WEG!,1,2026-08-03T00:52:55-07:00,8.41.0,,
Trading 212,app_store,845e17de593951432ca542d8,Nicht zu gebrauchen,5,2026-07-27T06:04:23-07:00,8.40.0,,
Trading 212,app_store,5553a3d2a8d81f9fc97330c4,"Die Leistungen sin gut bis sehr gut, aber die App wirkt unstrukturiert, unergonomisch, und steif. Persönliche Anpasungen in dennDarstellungen, was jeder für sich sehen will wäre nicht nur wünschenswert, sondern erforderlich.",2,2026-07-27T02:56:16-07:00,8.40.0,,
Trading 212,app_store,5eee92c48ab5b59f9db6ac60,Excellent,5,2026-07-24T22:04:25-07:00,8.40.0,,
Trading 212,app_store,2bc3dc893fbd4e928957cdd9,Eine sehr coole App zum investieren,5,2026-07-23T14:52:15-07:00,8.40.0,,
Trading 212,app_store,88e47da3f8246ac7cd406977,Crazy i am a tech person and cannot even find easy way in app for days where to control my investments,1,2026-07-21T11:16:13-07:00,8.39.1,,
Trading 212,app_store,800a005cafa239b3e87ac197,"good luck if you try buy stocks at limit order!
with naked eye you can see how the stock price fluctuates between your limit and never triggers the order! it hit it more than 10 times and still didn’t ordered.
it makes me believe that this company tries on purpose to frustrate you so that you can buy at market price with extremely high spread cost.",1,2026-07-21T04:42:18-07:00,8.39.1,,
Trading 212,app_store,c37a3d553a0ea3e2088279bb,"Ich benutze die App jetzt seit 6 Jahren. Sie wurde mehrfach aktualisiert und insbesondere im Funktionsumfang erweitert. Ein- und Auszahlung gehen schnell und unkompliziert, hatte noch nie ein Problem. 
Von Anfang an haben mich als Kleinanleger die kostenlosen Trades und der Handel mit Bruchstückaktien überzeugt .
Diese Features werden von den bekannten Neobrokern erst jetzt so langsam eingeführt, teilweise noch immer nicht. Auch die zum Jahresende bereitgestellten Unterlagen sind für das Finanzamt nützlich. Leider gab es zu meiner Zeit noch kein Trading 212 EU, so dass ich mein Konto in UK habe. Ein Wechsel des Accounts, um auch die Trading 212 Karte nutzen zu können und die automatische Steuerabfuhr zu nutzen, ist derzeit leider nicht möglich oder nur mit Umwegen und erheblichen Verlusten. Daran solltet ihr dringend arbeiten, liebes Entwicklerteam!",5,2026-07-19T09:33:06-07:00,8.39.1,,
Trading 212,app_store,1b4d3567632da223377ad3ff,"Easy to use, clean interface, and a great selection of stocks and ETFs. Buying fractional shares is simple, making it ideal for long-term investing. So far, my experience has been very positive.",5,2026-07-15T02:05:17-07:00,8.38.1,,
Trading 212,app_store,4a80b6fcb52cd514a3a1f1a7,"Ich war auf der Suche nach einem Anbieter für Aktienhandel an der Börse. Habe zuerst Trade Republic ausprobiert, aber Trading 212 ist einfach so viel besser. Aktuell bessere Konditionen, auch mit mehr Details zur Analyse von Charts und Unternehmensinfos, sogar mit KI Bewertung. 
Was zur Professionalität fehlt:
Stop Loss und Take Profit im invest-Bereich.
Stop Orders fehlen auch.",3,2026-07-07T10:02:14-07:00,8.37.0,,
Trading 212,app_store,99b99e9dcbe2af764f474645,Ich finde man sollte sich in der app bischen zeit Nehmen um es zu verstehen aber nach c.a 10 habe ich die app genug verstanden um sie wirklich zu testen. Plus punkt ist das man virtuelles Geld (nicht echtes geld)benutzen kann um zu gucken ob man profit macht. Die würde ich weiter benutzen würde ich investieren aber leider fange ich erst in einem halben jahr damit an und werde auch diese App benutzen. Dankeschön,5,2026-07-04T02:33:36-07:00,8.37.0,,
Trading 212,app_store,7171bbe0fcda119712890f9c,Bei anderen Anbietern wie TR gibt es eigenes Girokonto. Es wirkt immer Komisch wenn man das Geld auf ein Fremdkonto überweist,3,2026-07-01T01:35:35-07:00,8.36.1,,
Trading 212,app_store,0ac3112df8efdf1a91972fd6,"Nach der 1 Überweisung hat es 5 Tage gedauert bis endlich das Geld auf der Seite war, obwohl Echtzeit Überweisung laut Chat bot maximal 3 Tage , und jetzt seid 3 Tage wird mein Konto überprüft welches normalerweise nur ein paar std dauern soll laut Chat bot :/",1,2026-06-29T10:41:16-07:00,8.36.0,,
Trading 212,app_store,d3fd1c56fa637cf8213126c7,Sehr einfach zu bedienen und App Bau ist sehr gut,4,2026-06-29T04:52:20-07:00,8.36.0,,
Trading 212,app_store,741274437d776df0f89216ba,"Grundsätzlich finde ich die Bank gut, allerdings ist die App für mich im Alltag nicht immer intuitiv. Bei Überweisungen vermisse ich insbesondere die Möglichkeit, einen Betreff bzw. Zahlungsgrund einzutragen. Das würde die Nutzung deutlich erleichtern.

Mich wundert etwas, dass dieses Thema bisher kaum angesprochen wird. Vielleicht wäre das eine sinnvolle Verbesserung für zukünftige Updates.",3,2026-06-29T02:48:17-07:00,8.36.0,,
Trading 212,app_store,e819400ff560c68eca49f819,Ich habe die App neu installiert sehr übersichtlich alles top,5,2026-06-27T11:22:09-07:00,8.36.0,,
Trading 212,app_store,db641afc3de56754ec89b9a2,"Gute App, Bedienung absolut intuitiv. Es kommen immer mehr neue Funktionen und Angebote dazu. Für meinen Geschmack allerdings etwas zu überladen, zu bunt…",4,2026-06-26T10:57:50-07:00,8.36.0,,
Trading 212,app_store,817133ef251b2a1f241b2a93,"Even when you went to the bank, got a statement showed that your account had been closed and the money had been automatically already transfered back to the sender. You showed them the statement and they said they could do nothing because Adyen is their partner, who manages all the funds and locating your withdrawal money is not in Trading 212's control and you lose your money that easy.

I'm extremely disappointed after 5 years using Trading 212 and wouldn't recommend this to anyone. That was my lesson.",1,2026-06-25T06:22:06-07:00,8.35.0,,
Trading 212,app_store,d9a2d0d015463fca1fe5330e,"Very satisfied about this app … transparency, good execution plan , no hiding fees .",5,2026-06-22T03:36:19-07:00,8.35.0,,
Trading 212,app_store,7c87f92f87faa83e63c29d95,"So far, am highly Satisfied …",5,2026-06-22T00:04:53-07:00,8.35.0,,
Trading 212,app_store,0f1274ab34bb02afbac16ac3,"Ist wirklich sehr unübersichtlich geworden. Wie viele Aktien? Nicht auf den ersten Blick. Einstand? Nicht auf den ersten Blick. Nur die Rendite sieht man. Aber fürs Traden semi optimal. Gewinnabschöpfung bspw.: nur mit externem Rechnen möglich. Stop-Loss und auch weitere Limits sind schwer zu erreichen oder wenig erklärt. Optionsscheine haben wenig Infos. Schade. Will das alte Interface zurück - eigentlich will ich nicht die Plattform wechseln, aber vielleicht muss ich das",3,2026-06-15T15:41:42-07:00,8.34.0,,
Trading 212,app_store,147d6c2a54959acc17790033,Its a scam its a chance for 100 euros the chance is legit 2 percent what kind of odds are that,4,2026-06-08T12:31:22-07:00,8.33.0,,
Trading 212,app_store,daa358d426ab58d2ac5d8c53,Einfache und schnelle Investitionsmöglichkeit in einer App,5,2026-05-29T09:18:10-07:00,8.31.0,,
Trading 212,app_store,0826542d75959055d8ca1427,"Die finanziellen Konditionen sind einfach top. Es ist aber ein bisschen schwierig und kontraintuitiv, die App zu nutzen. Es ist echt schwierig, Zinsinformationen oder Aufladungstransaktionen zu finden",4,2026-05-25T23:44:23-07:00,8.31.0,,
Trading 212,app_store,b5085378d6055ef1dc893fbf,"Für mich der sich nicht viel mit Aktien, ETFs usw. ausgekannt hat, und dementsprechend die ganzen Apps verglichen hat am Ende, ist die App wirklich sehr strukturiert und einfach gehalten finde ich.

Nur schade, dass man mit Krypto nicht handeln kann.",5,2026-05-25T05:26:50-07:00,8.31.0,,
Trading 212,app_store,670e5f8c638194dccb28fff9,"Für mich die beste App für Aktien kaufen. Zudem kommt das Cashkonto, wo man die Option hat Zinsen täglich zu erhalten, aktuell 3%. Wenn man dies nicht mehr möchte, kann man es ganz einfach deaktivieren. Zudem sind die Gebühren im Vergleich zu anderen Anbieter sehr günstig.

Für alle Anfänger die beste App zum investieren, einfach, unkompliziert, einfach alles was man braucht.",5,2026-05-25T03:54:09-07:00,8.31.0,,
Trading 212,app_store,d2ed306863ff4e273433362c,"Seit Trading 212 in Deutschland Steuereinfach ist, bin ich komplett umgestiegen. Super App!",5,2026-05-22T04:16:56-07:00,8.31.0,,
Trading 212,app_store,c049d06fa73bb9ddbd5c3c03,"Fürs Handeln von Wertpapieren im Grunde nicht nutzbar.
Also eigentlich ist die App ganz gut und man bekommt gute Tageszinsen und beim Handeln mit Wertpapieren fallen keine Gebühren an. Was aber überhaupt gar nicht geht ist, dass man limitiert wird, heißt du kannst noch so viel Geld in deinem Guthabentopf haben, und du kannst trotzdem nicht so viele Aktien eines Unternehmens ordern wie du willst. Trading 212 bevormundet sozusagen den Nutzer.
Beispiel: du willst 20 Aktien ordern, geht aber nicht, weil Trading 212 dich so limitiert, dass du nur 12 Stück besitzen darfst. Heißt Trading 212 gibt für jedes Unternehmen vor, wieviele Aktien du max. von einem Unternehmen ordern kannst. Diese Limitierung ist oft so niedrig, dass das ambitioniertes Handeln bei Trading 212 überhaupt keinen Sinn macht, weil man ggf. von seinen schon gekauften Aktien nicht nachordern kann. Also ist die App eher eine Spielwiese für Menschen, die hier und da mal eine Aktie kaufen wollen. Für ambitionierte Trader ist diese Plattform in meinen Augen durch diese Bevormundung nicht nutzbar.
Wenn man wissen will, wieviele Aktien man von einem Unternehmen bei Trading 212 ordern kann, muss schon wissen, wo dies geschrieben ist. Leicht ist diese Einschränkung nicht zu finden, zumindest ist mir dies in der App bis heute nicht gelungen. Durch den Support wurde mir ein Link zugesandt, wo ich dann diese Einschränkungen einsehen kann.
trading-instruments/invest
Was mir auch nicht gefällt ist, dass fast alle Nachrichten und Beschreibungen zu Unternehmen in englischer Sprache angezeigt werden, selbst wenn man in den Einstellungen ""Deutsch"" als Sprache ausgewählt hat.
Ein weitere Punkt ist, dass bei noch nicht ausgeführte Limit-Orders der Wert des Haupttopfes um den Wert der Limit-Order gleich reduziert dargestellt wird. 
Heisst: Ich habe vor der Limit-Order einen Wert von 1000€ im Haupttopf und eine noch nicht ausgeführte Limit-Order von 600€, so wird nach Auftragseingang sofort der Wert des Haupttopfes um 600€ reduziert. Dies suggeriert dass man quasi die 600€ schon ausgegeben hat, obwohl der Limit-Order Auftrag ggf. niemals ausgeführt wird.
In meinen Augen müsste die Anzeige in meinen Beispiel wie folgt aussehen:
Haupttopf: 1000€
Reservierter Betrag: 600€
Verfügbarer Betrag: 400€
Als nächsten Punkt warum bei mir Trading 212 nur 1 Stern bekommt ist, dass man sein Depot bei einer anderen Bank nicht zu Trading 212 übertragen kann, der Grund dafür könnte die Limitierung der Aktienbestände für jedes Unternehmen sein. 
Beispiel: Man hat bei einer anderen Bank 20 Anteile eine Unternehmens, aber Trading 212 lässt ja nur 12 Anteile als Orderbestand zu.
Da mich die Beschränkung des Ordervolumens so einschränkt, kann ich Trading 212 nicht wirklich nutzen. Sollte diese Bevormundung des Nutzer einmal aufgehoben werden, werde ich meine Bewertung natürlich ändern, denn wenn man sich intensive mit der App beschäftigt, hat sich im Vergleich zu anderen Tradingplattformen echt viele Funktionen.",1,2026-05-22T00:53:46-07:00,8.31.0,,
Trading 212,app_store,0f203c6cb699b662e6aeb53d,"Ich habe mittlerweile wirklich viele deutsche Trading-Apps ausprobiert und Trading 212 hebt sich für mich klar von den anderen ab.

Die App bietet extrem viele Aktien und Märkte, sogar Vorzugsaktien von US-Unternehmen an der NASDAQ, die ich bei anderen Plattformen oft gar nicht gefunden habe. Dazu kommen sehr niedrige Gebühren – einige Cent pro Trade ist absolut fair und langfristig kaum spürbar.

Besonders stark finde ich die einzigartigen Funktionen: automatische Reinvestition von Dividenden, automatisches Rebalancing von Positionen über die Pie-Funktion und allgemein die sehr moderne und intuitive Benutzeroberfläche. Das habe ich so bei keiner anderen deutschen Trading-Plattform gesehen.

Auch das Cashback-System mit 2 % ist richtig gut, vor allem weil man das Geld direkt weiter investieren kann. Dadurch spart bzw. investiert man langfristig automatisch zusätzlich Vermögen auf.

Richtig positiv überrascht hat mich außerdem der Kundensupport. Ich hatte ein Problem mit einer Auszahlung und zunächst wurde mein Anliegen zwar missverstanden, aber nach meiner zweiten Nachricht wurde der Fall vollständig geprüft und die entstandenen Kosten wurden mir unkompliziert erstattet. Die Antwort kam außerdem sehr schnell.

Insgesamt eine wirklich starke Plattform mit vielen Funktionen für langfristiges Investieren und Trading. Für mich aktuell mit Abstand eine der besten Apps in diesem Bereich und definitiv eine klare Empfehlung.",5,2026-05-20T11:40:08-07:00,8.30.1,,
Trading 212,app_store,3aec84918128d51951e44a97,"Alles sehr einfach gemacht und auch für Anfänger leicht zu verstehen! 👍
Jens 71",4,2026-05-18T03:27:20-07:00,8.30.0,,
Trading 212,app_store,434749590c7c2b129137ffbc,Best Broker :)),5,2026-05-14T13:41:49-07:00,8.29.1,,
Trading 212,app_store,478f465ea122e557f51f7d5c,I love that the interface is easy to navigate,5,2026-05-12T03:16:00-07:00,8.29.1,,
Trading 212,app_store,dc58b0244ee451752940573a,I've been waiting this feature for months. When will it be available? Please activate this feature.,3,2026-05-11T15:23:29-07:00,8.28.1,,
Trading 212,app_store,88fc841c4d6d3ea443fb7f89,"I got the application about 2 years ago and so far I am very excited about the functionality and the competitive interest rates of the cash you have. The debit card is also very useful, offering cash back and free of charge cash withdrawal up to €400 a month, which I think is fair enough.",5,2026-05-06T07:04:41-07:00,8.28.1,,
Trading 212,app_store,0dbfaf20175ad0c25c4e657d,I love the trading 212 app. Very easy to understand and i love the pies system. This brokerage platform just focuses on investing in stocks which makes this app very useful day by day.,5,2026-04-30T16:34:20-07:00,8.28.1,,
Trading 212,app_store,b2b22ec75e7ae626c9f239dc,Mir gefällt vor allem die übersichtliche Aufmachung der App. Man hat alles gut sortiert auf einen Blick.,5,2026-04-30T00:57:56-07:00,8.27.0,,
Trading 212,app_store,f9caf3e176be38881a946aad,"Ich habe eine recht komplizierte lange Frage gestellt und eine erstaunlich schnelle und wohlformulierte Antwort in hervorragendem Deutsch bekommen. Ich kenne eine Menge Firmen und vor allem staatliche Stellen, die sowas live nicht hinkriegen würden. Ganz zu schweigen digital und mit KI.",5,2026-04-29T00:23:21-07:00,8.27.0,,
Trading 212,app_store,02d0dbd643168d9e58ba5a74,"Super App, extremst bedienerfreundlich, einfach und verständlich! Dafür definitiv 5 Sterne! 
Was vielleicht noch wünschenswert wäre, wären noch mehr Währungen im Konto wie z.b JPY etc.!",5,2026-04-27T00:42:55-07:00,8.27.0,,
Trading 212,app_store,d88f30e5e9c89653b39cb98b,Endlich Zugriff auf STRC 🥹,5,2026-04-23T12:39:18-07:00,8.27.0,,
Trading 212,app_store,ad886693a4fbeb9159be210f,I think this broker is not honest with his clients. I am using it since 1 year and I can't trust them anymore.,1,2026-04-15T09:01:51-07:00,8.25.1,,
Trading 212,app_store,2c874764d52a5c4b62f3725d,Sehr guter Broker :),5,2026-03-31T04:01:35-07:00,8.23.0,,
Trading 212,app_store,05255948cb1caea2ae83ed16,Hallo guten Tag.. seit Tagen versuche ich mich auf mein Konto anzumelden und ich kann mich nicht indetifizieren lassen. Bitte um Hilfe!,1,2026-03-24T10:59:32-07:00,8.22.0,,
Trading 212,app_store,32fe125fcb7f21f1c0209a2e,"Ladet euch auf keinen Fall so etwas runter ihr verliert mehr, als ihr gewinnt",1,2026-03-20T07:29:06-07:00,8.22.0,,
Trading 212,app_store,570f2e42a2ab61468636e067,"Die App ist übersichtlich und einfach aufgebaut. Jeder würde damit klar kommen. Auch die Möglichkeit einen Sparplan anzulegen, inklusive prozentualer Verteilung in das Portfolio, und automatischem oder manuellem Rebalancing, finde ich einfach fantastisch. Und das alles ohne Kosten! Ich hoffe das bleibt so. Ein Lob ans Team. Top👍🏻 5⭐️",5,2026-03-19T01:58:00-07:00,8.21.0,,
Trading 212,app_store,beeeda598afec43d3a63a1c0,⭐️⭐️⭐️⭐️⭐️,5,2026-03-11T02:51:20-07:00,8.19.0,,
Trading 212,app_store,e445528f214271e2c6a1be52,"Schnelle Support, schnelle Trading Abwicklung … Echt super  schnell … der beste APP für einfaches Leben .  Auszahlung könnte schneller sein … mal 1 Tag mal 3 … sollte irgendwie in Banking Wirklichkeit ankommen = sofort … alles anderes ist echt der beste APP auf dem Markt",5,2026-03-08T12:54:25-07:00,8.19.0,,
Trading 212,app_store,8573db74378fbc65bc60ae6b,Super schnell …klasse Handling…spitze,5,2026-03-06T07:01:15-07:00,8.19.0,,
Trading 212,app_store,bd01a7e4a928601199477c56,"Die App ist gut und stabil, die Idee von Trading 212 ist auch großartig.
Allerdings finde ich die App sehr unübersichtlich, man sieht nicht mal auf einen Blick wie viel Geld man insgesamt hat.",3,2026-03-02T12:51:30-07:00,8.19.0,,
Trading 212,app_store,b88e685016cd3442b4a74043,Ich bin relativ neu aber sehr zufrieden wie einfach dieser Broker funktioniert. Ich habe alle Funktionen die ich brauche und  konnte direkt loslegen. Weiter so!,5,2026-03-02T00:40:56-07:00,8.19.0,,
Trading 212,app_store,f0d4ce10562a007f071dc4e6,Mir fehlt leider eine Übersicht der Zahlungseingänge Hapttopf und Zahlungstopf. Das geht doch viel besser. Übersichtlichkeit 0 Punkte,5,2026-02-26T23:54:28-07:00,8.19.0,,
Trading 212,app_store,02e066316df5b2f101b253a4,Kann man Nicht rum meckern,5,2026-02-21T19:11:21-07:00,8.19.0,,
Trading 212,app_store,d1c983eb0e08aa95a8d10297,"Schlägt die gesamte Konkurrenz um Längen! Gute App, gutes Web-Interface und hervorragende Konditionen. Kann man nur wärmstens empfehlen!",5,2026-02-21T07:03:23-07:00,8.19.0,,
Trading 212,app_store,1092d502e7a53f758b0fd955,"Tolle und Übersichtliche App. Sparpläne heißen Pie‘s muss man sich erst daran gewöhnen aber die Auswahl ist top und was auch positiv ist das ist die prozentuale Gewichtung bei den Sparpläne so kann man später ohne viel rumgefummel umgewichten. 

Jetzt muss nur noch die Depot Übertragung mal noch kommen dann hole ich alles zu trading 212 rüber. 

Wann kommt die denn? 😏
Dann gib’s auch 5 Sterne 

Täglich gib’s Zinsen und so hab ich meine Mutter auch überredet und gleich ein Konto bei euch machen können.",4,2026-02-07T22:12:49-07:00,8.17.0,,
Trading 212,app_store,23e798db20ed43612d8cbc3e,"Candles verschwinden Orders werden nicht ausgefüllt einfach eine sehr schlechte app mit vielen bugs weshalb ich 
mich von diesem broker wd trennen werde!",1,2026-02-04T07:31:40-07:00,8.17.0,,
Trading 212,app_store,e716a7180201cc28405832c8,"Es ist eine gelungene App.
Kommt eventuell mal ein Übersetzungbutton weil die Texte auf Englisch sind",5,2026-02-02T03:02:15-07:00,8.17.0,,
Trading 212,app_store,3bfc2cb1b3a13ec4a1524962,I have used many trading platforms but this one best and with litrely zero fees,5,2026-01-29T23:31:18-07:00,8.16.0,,
Trading 212,app_store,fb3a4d9e0cc1b4c2f0a5b21e,Top Broker,5,2026-01-26T11:01:22-07:00,8.16.0,,
Trading 212,app_store,4dfb5994388c5a1ec6c1142f,Best for micro investments because of the free and low fee transactions. Excellent platform for beginners and those who want to learn about investment.,5,2026-01-26T10:11:57-07:00,8.16.0,,
Trading 212,app_store,83912b1be4d5eba8a32f2f9d,It took me two YouTube tutorials to navigate the new UI.. it’s a bit overwhelming.,4,2026-01-22T01:18:08-07:00,8.15.0,,
Trading 212,app_store,8a2d6dc4ffac49fa328debdc,"Ich bin sehr zufrieden mit der App. Fast keine Kosten, benutzerfreundlich, es ist wirklich alles mehr als zufrieden.
Eine Sache ist jedoch mangehalft. Die Prozent Rechnung zur Gewinntechnung stimmt nur bei mir. Dort wird immer mehr Prozent hingeschrieben, als es eigentlich ist",4,2026-01-21T23:52:26-07:00,8.15.0,,
Trading 212,app_store,cd5f1c1fd6326f7aba700306,"One of the best investing apps I’ve used so far. The interface is clean, intuitive, and very easy to navigate. I especially like the performance overview for stocks and ETFs with daily, weekly, and monthly views.

The only feature I feel is missing is a Year-to-Date (YTD) performance view. Adding YTD would make tracking long-term progress much easier and would significantly improve portfolio analysis.

Overall, an excellent app with just a small improvement needed to make it even better.",5,2026-01-21T11:23:11-07:00,8.15.0,,
Trading 212,app_store,b3fbfef6ebbde20984b0e871,Bin seit über 2 Jahren bei  Trading hatte nie Probleme jetzt wird nach einer Einzahlung mein Konto gesperrt dann nach 2 Tagen frei gegeben und jetzt wollte  ich mir mal was kaufen online was sehe ich Karten und Auszahlung gesperrt mein Geld steckt fest ich kann nichts machen Support sagt nur bitte haben sie Geduld,1,2026-01-15T10:55:51-07:00,8.14.1,,
Trading 212,app_store,60896638aee99e95f25168ec,"Nachdem ein Update veröffentlicht wurde, das beim Design auf wenig Zustimmung stieß, haben die Entwickler auf das Feedback der Community gehört und es zeitnah angepasst. Dieser rote Faden zieht sich durch alle Bereiche.",5,2026-01-12T09:29:57-07:00,8.14.1,,
Trading 212,app_store,12f362caf3430c829630f629,.,5,2026-01-09T05:04:02-07:00,8.13.0,,
Trading 212,app_store,3254aafe5b50ec223e0ac618,"I hate that some apps changes the graphical interface for update , it’s like some one comes to your house and changes the place of your tools in garage . Then you can not find anything",1,2025-12-22T06:52:21-07:00,8.13.0,,
Trading 212,app_store,a6a8a4793a2e2e3c17d420c2,Ich habe Trading 212 getestet und rate dringend davon ab. KI-gestützte Werbung wirkt zusätzlich wenig vertrauenswürdig und ist dem Ruf nicht zuträglich.,1,2025-12-22T01:45:28-07:00,8.13.0,,
Trading 212,app_store,4f0c14aaed1d8cd1384fda58,App interface becomes worse with every update,2,2025-12-18T09:41:19-07:00,8.12.0,,
Trading 212,app_store,dafa006af3c578bdcdb7eb60,"Was hat sich in der neuen App verschlechtert?
Offene Aufträge! Wie war es früh: bei der offene Aufträge konnte man den aktuellen Preis von Aktien sehen und die Zahl von Aktien, was man kaufen will und gewünschte Preis. Also alles zusammen.
Jetzt, es gibt nur gewünschte Preis und die Anzahl. Also es fehlt jetzige Preis und es ist nicht mehr möglich in die Aktie anschauen.
In der Web-Losung kann man das durch erweiterte Modus lösen, obwohl da fehlt die gesamte Summe von offene Aufträge. Leider beim App gibt sowas nicht. Um die aktuelle Werte von Aktien anschauen und andere Informationen für Aktien zu bekommen, muss man in Watchlist gehen, was dazu führt, dass man zwischen unterschiedliche Bereichen springen muss. Im jetzigen Releasebeschreibung steht es, dass die Benutzerfreundlichkeit verbessert wurde. Habe auf den Bezug von offenen Aufträgen ist die Benutzerfreundlichkeit schlechter geworden?",3,2025-12-16T23:59:00-07:00,8.12.0,,
Trading 212,app_store,59eedeebf27b26ab83c987f6,"Beim kaufen und verkaufen hängt es zu oft, mehrere Hunderte Euros dadurch bereits verloren und Verkaufs Abweichungen von 2 Dollar pro Aktie ich bin fertig mit der App ich Wechsel",1,2025-12-16T07:13:46-07:00,8.12.0,,
Trading 212,app_store,a80a0506002521ac9307a512,"Besser, geht es nicht!",5,2025-12-15T03:17:27-07:00,8.12.0,,
Trading 212,app_store,808dbb7e3588c1244b7781f1,Trading 212 helped me verify my account quickly and without any issues. I use this platform since one year and its one of the best platforms out there. There is an engaging community and the platform is very user friendly. I highly recommend Trading 212.,5,2025-12-12T22:07:53-07:00,8.12.0,,
Trading 212,app_store,8c2d9ee37bf77d1654e8a6ac,Also der Programmierer dieser APP ist geistig nicht voll auf der Höhe 4 Updates in einen Monat sprechen jedenfalls dafür,1,2025-12-11T04:31:56-07:00,8.11.0,,
Trading 212,app_store,f0d66b1655cda82bfbc607d8,"Super App zum Traden aus Deutschland. Das einzige, was ich verbessern würde, ist, dass man sowohl Stop Loss als auch Limit Order einstellen kann wie bei IBRK.",5,2025-12-09T08:06:52-07:00,8.11.0,,
Trading 212,app_store,188ea91243630215ad75f117,"Gerade in Bezug auf Design gibt es Baustellen, die unnötigerweise entstanden sind. Vorher gab es einen Schieberegler im CFD Bereich, jetzt nicht mehr. Dazu sind die Updates immer riesige Downloads. Gerade, wenn es um schnelles reagieren geht im CFD Handel ist das echt nicht schön. 
Dazu kann man nicht erkennen, ob man sich gerade im Demo Konto oder auf dem Echtgeld befindet. Schließt man die App (weil sie abgestürzt ist oder nicht mehr reagiert), öffnet sie wieder, ist es Glücksspiel, wo man landet... Bitte nachbessern und den Schieberegler mit der Anzeige zurückbringen. Meinetwegen optional.",2,2025-11-24T01:35:15-07:00,8.8.1,,
Trading 212,app_store,38ceb56be6a3468c6657e10a,"Ich wurde von trading 212 gescammed!!!! Ich habe ein CFD Konto. in diesem habe ich eine kauforder gemacht nur um etwas später festzustellen dass ich 25000€ in den Dow-jones investiert hatte zu einem preis der noch nichtmal erreicht wurde. mein entry von der order war bei 46565,8 der zu dem zeitpunkt höchste punkt war aber bei 46563,2. der preis ist seit über einem tag nicht bei meinem entry gewesen und doch wurde meine order ausgeführt zu einem preis mit dem ich nicht einverstanden bin und auch nicht eingegeben habe. bin jetzt ordentlich im minus weil der preis auch seitdem nicht einmal meinen einstiegspreis erreicht hat. ich habe also zu einem preis gekauft den ich nicht ausgewählt habe und bin deswegen dick im minus. ich habe mich rechtlich schon beraten lassen und werde damit vor gericht gehen!!! trading 212 ist unterste schublade die führen eure orders gerne wies aussieht zu anderen preisen aus als ihr sie wählt um euch das geld durch die gebühren aus der tasche zu ziehen. scheinbar machen sie das sogar zu preisen die der chart nie erreicht hat!!! bin stinksauer",1,2025-11-21T09:42:42-07:00,8.8.1,,
Trading 212,app_store,6cc08c6fd0a1202a9845bb34,"Ich nutze nebenbei noch weitere Apps wie z.B. Stock Events es wäre schön wenn diese Funktion bereits in der Trading212 App integriert wäre. Dazu zählt z.B. Übersichten über Dividenden, anstehende Ausschüttungen etc.",4,2025-11-21T05:53:47-07:00,8.8.1,,
Trading 212,app_store,1eeef1556a9f2b327bc70178,"schade, dass der Broker so wenig von sich überzeugt ist. Dass man gezwungen wird, auf der App zu bleiben.",1,2025-11-14T12:17:34-07:00,8.8.0,,
Trading 212,app_store,4932c6f9c40a832d24497385,"Ich bin etwas enttäuscht darüber, dass es bisher keine Möglichkeit gibt, mein Depot zu übertragen. Auf der Webseite war es in einfachen Schritten beschrieben, leider steht bei der Funktion in der App nur „bald möglich“. Sterne gibt es erst, wenn ich die App auch anwenden kann.",1,2025-11-13T11:33:56-07:00,8.7.0,,
Trading 212,app_store,6dac217a03b8658386e4ecc3,"Mit jedem Update wurde alles schlimmer. Inzwischen ist es so unübersichtlich, dafür ständige Updates (wir haben verschlimmert). Und nun wollte ich natürlich meine Investitionen rausziehen, geht nicht… sie brauchen erst Bescheinigungen, dann dauert es nochmal mind. 3 Tage… ABER DANN KÖNNTE MAN DAS AUCH ALLES BEI EINER NORMALEN (filialgeführten) Bank machen!!! Das macht die App für mich komplett obsolet.",1,2025-11-12T02:41:21-07:00,8.7.0,,
Trading 212,app_store,21f5336574c8007e02b9fc8d,Übernacht-Zinsen sollte jeder Broker abschaffen weil das ist nicht faires Handeln.,1,2025-11-07T12:25:10-07:00,8.7.0,,
Trading 212,app_store,fbcb5bfd80f2a33f9750a1bb,The app doesn’t allow me to move money to spending pot it asks to immediately update in on go. 200+mb,1,2025-10-30T07:36:37-07:00,8.5.1,,
Trading 212,app_store,6536eadc91cbaafddb62e3cd,"User friendly, Free of Commissions and transaction fees with access to almost all tradable items",5,2025-10-28T23:07:45-07:00,8.5.1,,
Trading 212,app_store,1b5b7f32b40ceefbba4290d5,Absolut empfehlenswert. Super Tool. Einfach und übersichtlich. Nutze es auf dem iPad und es macht mega Spaß. Geld verdienen einfach gemacht :),5,2025-10-27T11:23:00-07:00,8.5.0,,
Trading 212,app_store,d39d298a372bcb79baafa200,"Bestes Essen mit Super-Geschmack.
Hier kommen wir öfter hin.
Sehr zu empfehlen.",5,2025-10-07T03:07:56-07:00,8.2.0,,
Trading 212,app_store,4c2bef80d2edbb04f2020760,Läuft super,5,2025-10-05T02:17:52-07:00,8.1.0,,
Trading 212,app_store,b0f2d1ef2186ecd4654aeedb,"Sehr geehrtes Trading 212 Team,
mir ist beim Kauf von Wertpapieren aufgefallen, dass aktuell nur die ISIN unterstützt wird. Es wäre sehr hilfreich, wenn auch die jeweilige Wertpapierkennnummer (WKN) direkt eingegeben werden könnte, da viele deutsche Anleger mit dieser Nummer arbeiten.
Zudem könnte die Funktion zum Kopieren und Einfügen im Suchfeld noch verbessert werden, da das Handling an manchen Stellen umständlich wirkt. Eine optimierte Eingabemöglichkeit würde die Bedienung deutlich komfortabler machen.
Vielen Dank im Voraus für die Weiterentwicklung und Verbesserung der App.",3,2025-09-29T02:44:35-07:00,8.1.0,,
Trading 212,app_store,1e8cc573e3a73b2e70ada44b,Ich wurde komischerweise schon zweimal ausgeloggt ohne dass ich etwas gemacht habe,3,2025-09-18T10:42:51-07:00,7.94.0,,
Trading 212,app_store,8d37547cdd8456b969254e2b,"Overall the App is very good. 
Nice and clean UI -> good UX 

But there are some things missing and causing me to mirror my positions with YahooFinance. It would be very nice if you could add them:

- vote by other users, what they think how the stock will perform 
- option to not display the in payments in the cart of the portfolio, so you can just see the pure performance of the summery of the stocks
- A direct link to the Quarterly earning reports for big stocks

Thank you very much 👍",4,2025-09-13T13:10:17-07:00,7.93.0,,
Trading 212,app_store,9ea1a627efffcf2996f2e030,When i buy order at my price.. they take too much spread and for example if i buy at 35 dollar than application take too much spread and order buy at 37 or 38 dollar so its very big spread i would not recommend anybody bcoz this is cheating at all hope you guys use other broker account they have less spread than this broker 😡,1,2025-09-11T04:18:27-07:00,7.93.0,,
Trading 212,app_store,f593387e9cd40e4d09596b0b,"Training 212 ist eine super Plattform um Aktien zu Handel. Vor allem, um mit europäischen Aktien zu handeln, da dann keine Gebühren fallen. Wenn man aber mit nicht EU Aktien handelt also Aktien, die nicht in Euro gehandelt werden, muss man wohl kleine Gebühren bezahlen.",5,2025-09-05T08:54:51-07:00,7.92.0,,
Trading 212,app_store,a7fdbe95fff5627d347e9c46,"Als Neuling finde ich die App absolut top. Ich würde mir wünschen, dass sich die „Tabelle“ Investition selbstständig in die richtige Reihenfolge bringt.",5,2025-08-21T00:14:30-07:00,7.90.0,,
Trading 212,app_store,543495ba7f4506fb38b4acf0,Dont even try.  Waste of money and time.,1,2025-08-13T15:13:34-07:00,7.89.0,,
Trading 212,app_store,139d49e8b8ccc9dbff00cdd6,Jedesmal beim Pass-Fotografieren stürzt die App ab.,1,2025-07-29T05:54:15-07:00,7.87.0,,
Trading 212,app_store,2d230bd218a52a3623572d6a,"I really like the user interface, but the spreads make it hard to profit. Also, dividend info is buried deep.",1,2025-07-20T02:03:06-07:00,7.86.0,,
Trading 212,app_store,e6649a27f3de789bf96c48f9,"I’ve been using the app for a while, and mostly it’s okay. But one time, while trading a large amount, the execution price was drastically off. I double-checked everything, and I’m convinced it was a system error. That one trade cost me more than it should have. It’s shaken my trust in the platform.",1,2025-07-18T16:50:03-07:00,7.86.0,,
Trading 212,app_store,b619fae0ce5bd1d326db76a7,"Signing up is supposed to be the easy part the smooth entry point that builds confidence in a new platform. But unfortunately that was far from the case here. What should have been a simple and quick registration process turned out to be one of the most frustrating onboarding experiences I’ve ever encountered.I followed all the instructions, uploaded the required documents filled out the necessary personal information, and waited. But instead of receiving any sort of confirmation, status update, or even a basic acknowledgement, the app abruptly sent me back to the very beginning of the verification process. No explanation, no message just a silent reset as if none of my input ever happened",3,2025-07-15T18:06:39-07:00,7.85.0,,
Trading 212,app_store,d770abfddc7a5233d4e88ff6,"Das Konto zu sperren, wenn man in der falschen Richtung unterwegs war und damit zu verhindern, dass man z. B. Nach einem Kurssturz von der technischen Reaktion darauf die Verluste wieder teilausgleichen oder ausgleichen kann ist schon echt mies.",1,2025-07-14T01:07:50-07:00,7.85.0,,
Trading 212,app_store,bc39f25448759a49d51c0088,Months of use and zero returns. Too expensive to trade with those spreads,5,2025-07-13T05:06:19-07:00,7.85.0,,
Trading 212,app_store,a10b02f3e7cfedb9404c4cb1,The spreads are massive. And I don’t understand why it’s so hard to check when dividends are due-it should be a simple feature!,2,2025-07-13T05:05:09-07:00,7.85.0,,
Trading 212,app_store,93f63ef0541b916d8ebaf886,"Be careful when trading bigger amounts. I experienced a serious mismatch between the values I entered and what the app actually processed. Something glitched, and I lost money. Use at your own risk.",2,2025-07-08T20:48:57-07:00,7.84.0,,
Trading 212,app_store,84e8661f5b0bc3ed722aaf92,"Dieser Service ist eine absolute Verarschung!
Meine Bank, Trade Republic war nicht aufgelistet als Einzahlunskonto zu nutzen und als Beweis brauchen sie ewig und wollten keine screenshots annehmen sondern nur originale Kontoauszüge um meine Bank zuzulassen.… Lächerlich, nachdem ich mein Ausweis komplett hochgeladen hatte….",1,2025-07-08T08:00:28-07:00,7.84.0,,
Trading 212,app_store,c99cd167faf921e7c2fb78f3,"The interface is polished and intuitive, and it runs well on my phone. However, the trading experience itself is disappointing. The spreads are simply too wide, making it really difficult to make any meaningful profit. Also, trying to locate the dividend dates is surprisingly complicated for something that should be basic.",1,2025-07-06T02:01:03-07:00,7.84.0,,
Trading 212,app_store,9c3e6b5d86760e86e9e7fca2,"Just started using this, and while the app looks good, I’m already seeing that spreads are wider than I expected. Not ideal for beginners.",5,2025-07-04T20:08:43-07:00,7.84.0,,
Trading 212,app_store,8f88a0d7aa56882fcc9b2e05,"Been trying this for a while. Easy to use, but I’ve made no money. Not sure it's worth the effort.",5,2025-06-30T22:51:24-07:00,7.83.0,,
Trading 212,app_store,5d1c83d3824bf568b697e1f6,"The verification process on this platform is absolutely broken there’s no other way to describe it. I attempted to set up my account on three separate occasions, genuinely trying to give it a fair chance. Each time, I carefully followed the instructions, uploaded the required documents, and entered all my personal information as requested. And every time, without fail, the app simply sent me back to the very beginning with zero explanation.There was no error message to help me understand what went wrong, no indication of whether my documents were accepted, rejected, or even received. The absence of a progress bar or any kind of step-by-step feedback makes the whole process incredibly disorienting. It felt like I was stuck in a loop with no exit uploading the same documents over and over with no result.",2,2025-06-28T23:50:56-07:00,7.83.0,,
Trading 212,app_store,c32cfd4b31504de23f45f16d,"I had a really bad experience trading a large position. The system showed one value when I placed the order, but when it executed, the amount was totally different - and not in my favor. I reached out to support, but got no resolution. Ended up with a loss I shouldn’t have had. Very disappointed.",1,2025-06-27T17:54:04-07:00,7.83.0,,
Trading 212,app_store,622d62dddd9ce0da17fa8050,"Good app, terrible spreads. No profits so far",1,2025-06-24T18:34:39-07:00,7.82.0,,
Trading 212,app_store,f0e5b32267b085fc97cb9acd,I was trading a larger amount and noticed a huge discrepancy between my input and the final transaction. Definitely feels like a glitch. Lost money because of it.,5,2025-06-21T16:52:06-07:00,7.82.0,,
Trading 212,app_store,0e000bc722503327cfc741da,"I’m extremely disappointed with my experience. I came to this platform genuinely hoping to find a reliable and professional service something I could use with confidence for trading and managing my finances. At first glance, it seemed promising: the design looked polished, the features appeared well laid out, and I was ready to get started. But everything fell apart the moment I tried to create an account.The verification system was, quite frankly, a nightmare. What should have been a straightforward process turned into a frustrating, endless loop. I submitted my personal details and documents as instructed, only to be pushed back to the start with no explanation. I re-submitted everything",1,2025-06-17T17:47:02-07:00,7.81.1,,
Trading 212,app_store,bbc7449e03a35ed1045901d4,"I've spent months on this app hoping for some return, but the large spreads eat away at any gains. It’s frustrating because the app itself is smooth and easy to navigate. Finding dividend dates, however, is a nightmare.",1,2025-06-14T16:13:21-07:00,7.81.0,,
Trading 212,app_store,84840c6189a400f6670e6bb0,Lost money due to a glitch. What I set to buy wasn’t what got executed. Not acceptable.,5,2025-06-14T16:12:18-07:00,7.81.0,,
Trading 212,app_store,3483c42bfe057f677abec33d,"The verification process turned into a complete nightmare. Every time I thought I had submitted everything correctly, it would just reset and send me back to the beginning. I uploaded my ID multiple times, filled in the same form over and over, and nothing worked. There was no clear explanation, no feedback, and no support to guide me through it. Eventually, I just gave up. If it's this hard to even get started, I don’t want to imagine how frustrating the trading experience would be. Not worth the hassle.",1,2025-06-12T17:51:14-07:00,7.81.0,,
Trading 212,app_store,51e295bdbc7bb0332c95b07a,Didn’t earn anything using this app. Spreads are way too big,1,2025-06-09T22:46:19-07:00,7.80.0,,
Trading 212,app_store,d55c570155b9ac53878bac72,Top,5,2025-05-27T21:21:02-07:00,7.78.0,,
Trading 212,app_store,071cb75c3555549c4a462844,Works incredibly well,5,2025-05-13T22:41:57-07:00,7.76.1,,
Trading 212,app_store,b226b3b965adbd55eb7860c2,Julian,5,2025-04-11T03:46:26-07:00,7.71.1,,
Trading 212,app_store,3f20297f51fd9d48d432d543,"Ich habe schon mehrere Apps getestet, um Geld zu verwalten und zu investieren. Trading 212 ist mit Abstand bisher die Beste, nicht nur was die Gebühren angeht sondern auch die Benutzerfreundlichkeit, das App Design und die Funktionen wie Bezahlkarte, Cashback und vielem mehr machen Trading 212 mittlerweile zu meinem Hauptfinanzinstrument das ich täglich nutze und auf das ich nicht mehr verzichten möchte. Weiter so!",5,2025-04-06T06:01:12-07:00,7.71.1,,
Trading 212,app_store,1bacefe8f594ed8a7f540edf,Easy to use with up to date data,5,2025-04-06T00:35:34-07:00,7.71.0,,
Trading 212,app_store,56a398ef17ae5dabd484868e,Blockiert die eigentliche NachrichtenApp NTv,1,2025-04-05T09:01:04-07:00,7.71.0,,
Trading 212,app_store,d771af5e3214853a4759845c,"Die Identifikation hat nunmehr funktioniert.

Die beste App eines Brokers, schnell, übersichtlich und funktional..",5,2025-04-02T03:16:42-07:00,7.70.0,,
Trading 212,app_store,7cccd1b724ed6e4dd5f9d744,Die App ist unübersichtlich und der Service in englischer Sprache. Geht überhaupt nicht. Bin enttäuscht,1,2025-03-14T07:13:51-07:00,7.67.0,,
Trading 212,app_store,be0f99cc000f9272d53affb5,Atenție ⚠️,5,2025-03-05T12:41:02-07:00,7.66.0,,
Trading 212,app_store,9b65a4b71eabe51391b5c40a,Hab eine fehlerhafte Dividende bekommen und muss die zurückzahlen mir fehlt das Geld.. qualitativ ist mir das gleich null! Ist doch nicht mein Fehler gewesen soll doch der Broker haften und nicht ich 🤬,1,2025-02-25T02:46:19-07:00,7.65.0,,
Trading 212,app_store,e52fea522b91e9884fd85ee9,Es fehlen nur Anleihen,4,2025-02-08T02:58:42-07:00,7.63.0,,
Trading 212,app_store,80fde158ee3bd799d052085b,"Anybody knows how can I get my 212 virtual card, I can’t find any card tab in my app?",3,2025-02-04T04:27:01-07:00,7.62.0,,
Trading 212,app_store,2bfb3a09fb2b2dac3a2920b4,"I did not received my debit card, it’s been already a month and still haven’t gotten my card.",4,2025-02-03T03:04:23-07:00,7.62.0,,
Trading 212,app_store,c254893db88a3acc6e2c7990,It needs to show the total investment amount and the difference between that and your unrealised gain/loss.,4,2025-02-02T09:31:53-07:00,7.62.0,,
Trading 212,app_store,4d8d31b48a087ef355b639ba,"Ich möchte zunächst sagen, dass es eine der besten Finanz-Apps ist, die wir je verwendet haben. Sie ist praktisch und einfach, bietet einen hervorragenden Zinssatz für nicht investierte Gelder und ermöglicht die Investition in Teilaktien, was keine Kleinigkeit ist, aber die Das größte Problem ist der Zeitpunkt, zu dem Sie Ihre Einkünfte deklarieren müssen. Denn wenn Sie kein offizielles, vom deutschen Finanzamt akzeptiertes Dokument vorlegen, müssen Sie jedes Jahr einen Finanzberater beauftragen, der den Antrag für Sie ausfüllt.",3,2025-01-17T08:35:10-07:00,7.59.0,,
Trading 212,app_store,fd9b090dfada1c6fd923fde8,"Cool app for investing in stocks, i love the pies feature !",5,2025-01-16T07:10:10-07:00,7.59.0,,
Trading 212,app_store,ecb8c22ba053e48776e65ed1,The only missing thing is the support to German tax report and possibility to invest in pie with different currencies than account currency,4,2025-01-08T23:04:56-07:00,7.58.0,,
Trading 212,app_store,84adc9b3d0d7e047afa2210b,"leider funktioniert seit dem letzten Update das Widget nicht mehr :( Please fix it, then 5 stars again

edit: no also you can’t see the account balance at a glance anymore… layout getting worse and worse",1,2025-01-07T23:41:53-07:00,7.58.0,,
Trading 212,app_store,da2f1491a3204e726c0d4e8e,"Absolute Katastrophe!!!
Ich empfehle jedem sich von dieser betrügerischen Plattform fern zuhalten!
Sobald ihr euch dafür entscheidet ein Depot bei dieser unseriösem Broker zu eröffnen müsst ihr euch damit einstellen dass euer Depot für die willkürlichsten Gründe gesperrt oder eingeschränkt wird. Ich habe so viele Stunden meines Lebens damit verschwendet mit dem unfähigen Support zu diskutieren, da ich aufgefordert habe mein Depot zu entsperren.
Zusammengefasst müsst ihr euch damit einstellen dass euer Depot aus „Sicherheitsgründen“ temporär gesperrt wird ohne überhaupt Gründe zu nennen. Alternative gibt es genug deutsche Neobroker die deutlich seriöser als Trading 212 sind.",1,2024-12-31T02:56:36-07:00,7.56.0,,
Trading 212,app_store,ea29b7223e2dbb8908f80664,"I’m a beginner in investing so I’m not very informed on what makes an app like this good or not but for now I like it, and as I get better my opinion might change and I’ll write a better review.",4,2024-12-23T12:39:36-07:00,7.56.0,,
Trading 212,app_store,b10ed9ea643563547a41849f,"I’ve tried only two trading apps, but for me there is no reason to try more now. trading212 is intuitive, simple and efficient and does exactly what it should, no complications, analyse, buy, sell very easily.",5,2024-12-20T05:50:20-07:00,7.56.0,,
Trading 212,app_store,4426cb0b7da2148c87b0e2db,"Habe die App runtergeladen, bei der Kontoeinrichtung stürzt sie regelmäßig ab.",1,2024-12-20T05:00:21-07:00,7.56.0,,
Trading 212,app_store,8e168318ea0dd50c31eb9394,"I am using this app now more than 5 years. It just crazy how far they went in this time period. They always surprise me with crazy new features. I mean they introduced pies, Sankey diagrams, Currencies, and I can just go on and on. Big fan!",5,2024-12-12T01:32:11-07:00,7.55.0,,
Trading 212,app_store,080440d874c889dfa0f3509b,Everything works effortlessly. From depositing funds to buying or selling stocks to monitoring your investments it all works perfectly.,5,2024-12-11T15:47:06-07:00,7.55.0,,
Trading 212,app_store,1a2103e3b2470fe845721823,Ich bin 15 jahre alt und möchte nicht arbeiten daher benutze ich diese app schon seit 13 bin bisher habe ich mit dem viertuellem geld geübt eine sehr gute test version haben innerhalb von 1 monat von 5tausend bis 20 tausend gemacht die Testversion hat mir geholfen es zu üben aber natürlich brauche ich noch mehr übung aber die app gefällt mir sehr,5,2024-11-03T14:28:29-07:00,7.47.0,,
Trading 212,app_store,3f106cf2da7af1fb02dbc081,"I began using Trading 212 two weeks ago and was initially impressed with the app’s functionality. However, I experienced a significant issue when I received multiple notifications indicating that all my stocks had been sold. Upon investigating, I discovered that my account had been terminated without explanation.

I reached out to customer support to clarify the situation, and they informed me that my account was flagged due to the use of third-party documents, suggesting that someone else was accessing my account. This accusation is entirely unfounded, as I am the sole user and have not utilized any third-party documentation. Despite my efforts to clarify this misunderstanding, the support team reiterated the same claim and stated they would “try” to resolve the issue. But all they did was tell me once again what im accused of and that’s it. 

Unfortunately, the situation escalated when I found myself unable to log into my account. I have yet to receive any of my funds back, and if this is not rectified promptly, I will be compelled to seek legal assistance.

I strongly advise potential users to consider alternative trading platforms that prioritize transparency and user security. My experience with Trading 212 has been deeply disappointing, and I cannot recommend this service based on the treatment I have received.",1,2024-11-02T06:50:08-07:00,7.47.0,,
Trading 212,app_store,cdf6f0e9987ddfd060fc5e36,"Be aware from this Platform. They automatically close your positions and pull the money in the most losing position, so you realise the maximum lose. The Position closing and margin protection is just a manipulation and Fraud.
This firm is not authorised or registered with FCA",1,2024-10-23T10:59:22-07:00,7.44.0,,
Trading 212,app_store,dba4796e161c532bf09a849a,Easy to use,5,2024-10-21T05:52:34-07:00,7.44.0,,
Trading 212,app_store,8815d7b54a7a20ed81974413,Widget seit Update nicht mehr verfügbar. Sehr ärgerlich,2,2024-10-18T11:19:32-07:00,7.42.0,,
Trading 212,app_store,a722d240a141cc5e66fe61ed,"It’s just a good app for beginners and the Pies and Automatic never options are very comfortable. 
One thing that is bothering me, is the reinvestment and receiving of dividends in foreign currency. When it happens there is a forex tax of 0.15% although the dividends can be auto reinvested. Why can’t I receive dividends directly in the foreign currency? And why can’t I autoinvest in foreign currency?",5,2024-10-14T09:24:40-07:00,7.42.0,,
Trading 212,app_store,d450840abef0badcdc5a59de,"Kudnensupport weigert sich, meinen Depotübertrag zu bearbeiten, da ich - gemäß der Vorgabe meines neuen Depotanbieters - das Formular an trading212 übermitteln möchte.
Das Ticket hierzu wird dann einfach eine Woche lang nicht bearbeitet und auf abgeschlossen gesetzt.
Wer noch vor der Entscheidung steht, sollte sich lieber einen Broker aus DE suchen.",1,2024-10-09T22:14:27-07:00,7.41.0,,
Trading 212,app_store,4b3f5eebe0a34996e31d66a7,Einfach klasse! Nichts auszusetzen. Es ist einfach und simple gehalten wo jeder klarkommen sollte,5,2024-10-04T02:06:59-07:00,7.39.0,,
Trading 212,app_store,58415863130963f9ef497613,Lasst die Finger davon!!! Hier verdient nur einer und das seid nicht ihr.,1,2024-09-30T12:10:53-07:00,7.39.0,,
Trading 212,app_store,f50f662d142798b7460e3ff9,"Leider funktioniert die Widget funktioniert für die App nach dem Update auf IOS 18 nicht mehr. Auch nach mehreren Updates, keine Anpassung.",1,2024-09-30T10:17:22-07:00,7.39.0,,
Trading 212,app_store,3bb29938cce90581ca33cf9c,Very very poor design and high latency,1,2024-09-27T11:21:55-07:00,7.39.0,,
Trading 212,app_store,dd52c77df4cc5d4f8bba43d3,"Es wäre super, wenn auch ein Dividenden Kalender, und Rechner dabei wäre.",4,2024-09-27T06:31:42-07:00,7.38.0,,
Trading 212,app_store,da65e12560d58228887bd7e5,"They have a listing of most traded stocks, be aware of that listing because the day you buy it, they will decrease the max limit of holding those stock, and resulting the volume doesn’t get generated from this platform, in short they set a trap for you, i have constantly asked to increase the limit so that others can also trade it. Their justification is the stock is very volatile, if that so why you guys allowed to trade at the first place, why you have such stock in your platform. I wouldn’t recommend this platform, look for some other option.. slowly all my friends and their friends are quitting this platform.",1,2024-08-19T08:52:53-07:00,7.28.0,,
Trading 212,app_store,9254f5a118dc18f1f9376daf,"appli très conviviale, interface configurable à volonté. système de chat sur une action qui est très utile pour les débutants. pour info, j’etais parti de cette appli pour aller vers un autre broker mais je suis revenu très vite !!!",5,2026-08-08T00:55:04-07:00,8.42.0,,
Trading 212,app_store,688720355dba6d6c61a66748,"Quand j’ai connu Traiding 212 je découvrais la bourse. Étant en cours d’apprentissage j’apprécie la proposition de la carte . Je continue à vous découvrir.


Je n’ai mis que trois étoiles parce que je n’ai pas encore pris la carte. Dès que mes gains serons supérieurs à 160 euros je ferai le nécessaire. 
Vous avez fait de merveilleux efforts. 
Je continue avec vous.",3,2026-08-05T04:49:45-07:00,8.41.0,,
Trading 212,app_store,b6f289cd83b5619cffae0dde,"Client depuis 5/6 ans , services impeccable , je n’ai jamais eu de soucis et encore dernièrement un petit problème de virement bancaire , résolus rapidement pas l’équipe . 
Je recommande fortement",5,2026-07-31T03:46:49-07:00,8.41.0,,
Trading 212,app_store,5824caab14b2005ea8fc69e1,Rien à redire,5,2026-07-30T09:04:43-07:00,8.40.0,,
Trading 212,app_store,ac70021785281e624006b290,J ai quitté eToro pour aller chez eux et franchement eToro ça bug et c est nul car on peut rien faire quand cela arrive et surtout que le service client est un accessible quand on a besoin d eux leurs bugs intempestifs l ont fait perdre de l argent et je regrette pas de les avoir quitter,5,2026-07-25T10:18:35-07:00,8.40.0,,
Trading 212,app_store,2df2b6a89d0b621e4d77c11f,Tb application,5,2026-07-23T12:59:06-07:00,8.40.0,,
Trading 212,app_store,11ada507e5b413817c97fa3e,Cool,4,2026-06-08T15:35:01-07:00,8.33.0,,
Trading 212,app_store,ef0fccea94cace375f53ba38,Really functional…,5,2026-06-04T06:09:31-07:00,8.32.0,,
Trading 212,app_store,48e38277cc6fd80777e00c29,J’adore cette application mais j’ai 400€ qu’il ne me laissent pas retirer. Donnez moi mon argent merci.,4,2026-06-02T12:08:00-07:00,8.32.0,,
Trading 212,app_store,e75e7ecf783ed5dad66e59ea,TRÈS large choix d’actions ! Bien mieux que d’autres plateformes !,5,2026-05-27T02:55:16-07:00,8.31.0,,
Trading 212,app_store,ad3c9d5fef412c20d867b43c,Intuitif et facile d’utilisation.,5,2026-05-26T22:22:15-07:00,8.31.0,,
Trading 212,app_store,b3f15b6b0576af8e9192eff7,Wish they were available years ago for France market,5,2026-05-26T04:27:48-07:00,8.31.0,,
Trading 212,app_store,d28ca227b6a8281c99b4a543,"Je crois que actuellement la Trading 212 est le meilleur courtier en ce moment, l’app c’est vraiment bien fait. Je pouvez donner 5 étoiles mais je donne que 2 comme un avis pour amélioration. Ça serait bien si on pouvait comparer notre portefeuille avec un benchmark. Il y a des courtiers que le font déjà",2,2026-05-26T00:28:58-07:00,8.31.0,,
Trading 212,app_store,2ed0b2e5aa4c20f9ef112b26,Très bien,5,2026-05-22T10:46:05-07:00,8.31.0,,
Trading 212,app_store,d3bf1f70a8ebf233040f62e3,"Bonne application très sérieuse pour investir, seul Bmol sur les crypto c’est quasiment 50% que l’application prend pour elle pire que les 30% de flat taxe en France..",4,2026-05-14T09:52:51-07:00,8.29.1,,
Trading 212,app_store,d2f97c3a49cd7194512ff689,"Intuitif, facile, DCA facile, bonne appli.",5,2026-05-04T07:18:37-07:00,8.28.1,,
Trading 212,app_store,f01ab7a9cee52bea340acc92,Awesome trading app easy to use and understand,5,2026-04-15T02:07:45-07:00,8.25.1,,
Trading 212,app_store,a556217a386f94732de0310a,"“Two consecutive days, same pattern. 26 Mar: sold TPET, chart showed $0.91, they filled my order at $0.8637 via OTC — result -€33.56 instead of a profit. 27 Mar: chart showed $0.9154 at exact moment of my sell at 20:38, they filled at $0.8812 via OTC — I got €19.60 instead of €33. Both times Trading 212 acted as the counterparty on OTC trades and set the fill price themselves. No exchange, no oversight. They offer 0 commission because they make their money on the other side of your trade. I have the Order IDs, Fill IDs, chart screenshots and timestamps as evidence. Already reported to the FCA. Be very careful.”",1,2026-03-27T14:23:25-07:00,8.23.0,,
Trading 212,app_store,4cd8e43d0d1e90593eaf0612,J’apprécie beaucoup la facilité d’utilisation de cette application et la possibilité d’accéder à des parts d’actions très onéreuses. Merci.,5,2026-03-11T07:10:54-07:00,8.19.0,,
Trading 212,app_store,2eb25e349f100bd69072c45c,Enfin vous avez ajouté les crypto merci à vous,5,2026-02-23T02:08:24-07:00,8.19.0,,
Trading 212,app_store,b430718cd0b4f58bdeff682d,"My device is not trusted and after verification of my account I am still unable to login. 

Male a developer call me so he understands the misery I have been living since three days ago. 

You may find the messages I sent and received using my gmail account",1,2026-01-23T08:40:08-07:00,8.15.0,,
Trading 212,app_store,b497df44b9a2071f507035d1,"Je mets une étoile tant qu’on ne m’explique pas pourquoi on n’a plus accès à nos diagrammes ou j’ai investi dessus, donc impossible de retirer du coup? Merci si vous avez une réponse claire",5,2026-01-22T05:18:25-07:00,8.14.1,,
Trading 212,app_store,36a18907befb85f5b69bd418,Je veux faire un dépôt,5,2026-01-12T04:46:53-07:00,8.14.1,,
Trading 212,app_store,11a157de2c229d3c5445228b,"Bonjour, 
Je suis très satisfait de l’utilisation de l’application, franchement jusqu’à maintenant. J’aimerais simplement savoir quand pourrons-nous transférer un CTO externe vers trading 212 ?",4,2026-01-11T04:05:49-07:00,8.13.0,,
Trading 212,app_store,4add7d97686c1b99c62a7889,Tu as Riri,5,2026-01-09T12:01:10-07:00,8.13.0,,
Trading 212,app_store,10ffe2a0557c899055816a6f,"Super application, juste ce serait parfait si on pouvait traduire les commentaires IA en français",4,2025-12-01T02:11:50-07:00,8.8.1,,
Trading 212,app_store,c44c50fc4394d85d2defdff4,Manque juste le bouton take profit dans la vente et les trailling stop et ça serait parfait merci,4,2025-10-23T22:34:51-07:00,8.4.0,,
Trading 212,app_store,3315530a85b30102555cf2f6,Sa serait bien de pouvoir traduire les messages des forums ou les analyses ia,4,2025-10-15T12:04:58-07:00,8.3.1,,
Trading 212,app_store,78620492bdf5226cf670a907,Très ludique,5,2025-09-25T22:30:16-07:00,8.0.0,,
Trading 212,app_store,85109970905d259faeb17a23,"Trading 212 est top, transactions rapides, peu de frais, les fonctionnalités, tout est vraiment pas mal. Par contre L’application mérite quelques améliorations mais elle reste correct, diagrammes, le rendement, les comptes ou cfd, analyses IA, etc. En parlant des analyses IA, pouvais vous faire en sorte de traduire les analyses en différentes langues ?",5,2025-09-13T08:42:14-07:00,7.93.0,,
Trading 212,app_store,a132d2d5b76016f0571fdf0d,"Arrêtez de faire des publicités qui répète à chaque fois à force, ça dégoûte de votre application c’est écœurant, vous forcer avec les publicités, 120 secondes de publicité répétitive",4,2025-08-09T11:20:24-07:00,7.88.1,,
Trading 212,app_store,3b788baf0b15ba3281d31d75,"My account was locked for a ""security review"" the moment I tried to withdraw a large profit. My small withdrawals went through fine. This isn't security; it's a tactic to hold onto winning players' money.",1,2025-07-24T18:42:48-07:00,7.86.1,,
Trading 212,app_store,b0de7ff0c65b3ae87d3d0407,"The chatbot is the gatekeeper to any real help, and it’s impossible to get past it. It keeps asking me to choose from a list of options, none of which match my problem. My account is locked, and the bot wants to teach me about market trends. Absolutely useless.",2,2025-07-23T18:03:41-07:00,7.86.1,,
Trading 212,app_store,f796ae3e7e4aadd184721ca7,"The app’s portfolio analysis tools are laughably bad and feel like a placeholder for a real feature. It shows me a pie chart of my holdings, but I can't click on the segments to see what they represent or to filter by sector. It shows me a performance graph, but the time axis is nonsensical, with unevenly spaced dates, and I can't compare my performance to a benchmark index like the S&P 500. It provides the illusion of analysis without any of the substance. For any investor who wants to understand their performance, identify their mistakes, and make improvements, this app provides absolutely no useful insights. It’s just a collection of pretty but useless graphics that are more insulting than helpful. I have to export my data to a third-party tool to get even the most basic analysis.",1,2025-07-21T19:01:40-07:00,7.86.0,,
Trading 212,app_store,c4598c40d2ad8cb8848b540c,"The portfolio view fails to group my assets logically, making analysis a nightmare. If I own both shares and several different options contracts (puts, calls) for the same company, they are displayed as completely separate, individual line items in a long, alphabetized list. A good UI would group them together under the parent ticker, allowing me to see my total exposure to a single underlying asset at a glance. This app's flat, disorganized presentation makes it incredibly difficult to get a quick, holistic view of my positions, forcing me to mentally piece together information that the app should be organizing for me. For complex strategies, this makes the app borderline unusable and dangerous.",5,2025-07-20T02:00:46-07:00,7.86.0,,
Trading 212,app_store,4dac78fbd2cf89fcbbed03ac,"The platform is designed to make you lose, and when you don't, they cheat. I noticed that several of my profitable trades were retroactively adjusted to become losing ones. I had screenshots to prove it. When I presented this to support, they blocked my account permanently. They have full control over the ""trade history"" and can manipulate it at will to ensure you never actually win in the long run. Any ""profits"" you see are just temporary bait.",1,2025-07-15T18:07:38-07:00,7.85.0,,
Trading 212,app_store,450e358938f3d234dfe25a52,"The ""Help"" section is a perfect example of the app's bad design, as it's completely unhelpful. It’s just a long, unorganized list of FAQ articles with no search function and no categories. If I have a specific question about options fees, I have to manually scroll through dozens of unrelated articles about deposits, stocks, and security to hopefully find the one I need. It’s an incredibly user-unfriendly design. A simple search bar or a categorized menu would solve this problem in an instant, but the developers couldn't even be bothered to implement that. It shows that even the section designed to help users is, itself, confusing and hard to use. It's a total failure.",1,2025-07-13T04:57:36-07:00,7.85.0,,
Trading 212,app_store,31bb6ed806ddd7a594174e42,"The process of searching for and discovering new investment opportunities is non-existent on this platform. There is no stock screener, no tool to filter stocks by market cap, P/E ratio, dividend yield, sector, or any other metric. There is just a simple search bar. If you don't already know the exact ticker of the stock you want, you can't find it. This makes the app completely useless for research and discovery, which is a huge part of investing. It assumes you are doing all of your research on other platforms like Yahoo Finance or Finviz, which begs the question: why not just use the brokers associated with those better tools? It's a massive missed opportunity.",1,2025-07-10T01:57:58-07:00,7.84.0,,
Trading 212,app_store,32050654e4715f845f362824,Ergonomique,4,2025-07-09T04:59:38-07:00,7.84.0,,
Trading 212,app_store,2923538a59b2166c39c3271e,"The app's ""social trading"" feed is full of bots spamming fake ""can't-miss"" investment opportunities. The platform does nothing to remove them. It feels like they are encouraging this scammy environment.",3,2025-07-07T21:43:12-07:00,7.84.0,,
Trading 212,app_store,372c66d1d1f5366b99ca8c8e,"My account was credited with a ""bonus,"" which I never asked for. Now I can't withdraw my own money until I trade an impossible volume. Support says the bonus ""can't be removed due to a system limitation."" It's a trap.",5,2025-07-04T20:09:47-07:00,7.84.0,,
Trading 212,app_store,5f050167a1cc7c1f99a47212,"I provided clear evidence of a platform bug, and the support agent's response was to blame my internet connection. It's a classic deflection tactic. They will blame anything but their own faulty software.",1,2025-07-01T18:38:56-07:00,7.83.0,,
Trading 212,app_store,592e5ea30338879667d93bd6,The problem with a limited asset selection is that it forces you to concentrate your risk. I can’t spread my investment across 20-30 different stocks from various industries and countries because they simply aren't available here. I'm forced to put larger amounts of money into the few big-name stocks they do offer. This is the opposite of sound investment advice. The platform's limitations are actively encouraging poor portfolio management.,1,2025-07-01T18:37:54-07:00,7.83.0,,
Trading 212,app_store,abeac0d5ad09bd595a0681ed,"They sent out an email apologizing for a ""widespread bug"" that caused losses, promising compensation. I never received any compensation, and they now deny such an email was ever sent. It was a lie to calm users down.",3,2025-06-29T18:40:34-07:00,7.83.0,,
Trading 212,app_store,15b49dde931057ff18dac70b,"This company has no physical address. No regulatory license number. No real employee names. It's all a facade. I fell for a professional-looking website and a smooth-talking app. I should have done my due diligence. Now, my $30,000, which was supposed to be a down payment for a house, is gone. It’s a painful lesson. Don't ever invest with a company that is not transparent about who they are and where they operate. They are hiding for a reason.",2,2025-06-28T23:50:14-07:00,7.83.0,,
Trading 212,app_store,f28394a6ce2b85592624d224,"There is no clear visual hierarchy on the screen, which makes it a dangerous tool for trading. Everything seems to have the same level of importance. The button to sell a million-dollar position is the same size, weight, and color as a button to read a tangential news article or view a tutorial. This lack of visual distinction is dangerous and shows a poor understanding of a user's focus. Critical actions, like executing a trade or canceling an order, should be clearly highlighted and separated from non-critical, informational elements. This app’s flat, uniform design language makes it easy to get lost or to accidentally tap on the wrong element with potentially disastrous consequences. It’s an accident waiting to happen, born from lazy and indifferent design.",1,2025-06-26T21:03:17-07:00,7.82.0,,
Trading 212,app_store,a8a26a2462943a52bff7e83c,"My withdrawal was rejected for no reason. I emailed support to ask why. It's been six days of silence. I can't access my own money, and they won't even give me the courtesy of an explanation.",1,2025-06-24T18:32:43-07:00,7.82.0,,
Trading 212,app_store,c92171a904af9ce75f1b719b,I'm not sure what's worse: the bot that can't understand English or the human agent who responds once every two days with a useless question. The result is the same: my problem isn't solved.,5,2025-06-20T17:32:36-07:00,7.82.0,,
Trading 212,app_store,80693e01423e011f5783a210,"I'm convinced this app's ""24/7 support"" is just a 24/7 running script that can't do anything useful. It's false advertising. When you have a real problem, especially one costing you money, the bot is a useless, infuriating obstacle.",1,2025-06-18T18:51:12-07:00,7.81.1,,
Trading 212,app_store,6bcd79644cc634c36117e9b1,"Voici quelques améliorations qui rendraient l’auto-invest sur Trading 212 plus intéressant :

- Permettre l’exécution immédiate des ordres même le week-end, via des marchés ou produits accessibles 24/7 (ex : ETF crypto ou actions fractionnées hors horaires classiques).
- Offrir la possibilité de personnaliser les jours d’investissement (exclure le week-end ou choisir des jours précis).
- Ajouter des notifications plus détaillées sur l’état des ordres et les raisons des éventuels retards.
- Proposer des options d’investissement automatique sur d’autres classes d’actifs (crypto, matières premières, etc.).
- Intégrer des outils d’analyse pour optimiser la répartition automatique selon le contexte du marché.

Impliquer les utilisateurs dans la co-construction de ces fonctionnalités, via des sondages ou suggestions, renforcerait aussi leur engagement et la pertinence des évolutions proposées.",4,2025-06-17T15:06:12-07:00,7.81.1,,
Trading 212,app_store,2b1951fd7ddeba68da6a2de1,"The support agent I'm dealing with is so slow. He responds once every 24 hours with a single, unhelpful question. Resolving a simple issue has now taken over a week. This delay is costing me trading opportunities.",1,2025-06-16T18:00:53-07:00,7.81.0,,
Trading 212,app_store,3a10da2a986dd0349d4ce746,"The memory leak in this app is absurd. If I leave it open for more than an hour, it becomes progressively slower until it is completely unusable and inevitably crashes. My phone gets noticeably hot, and other apps start to slow down as a result. This means I must constantly restart it throughout the trading day which is a major hassle. During one of these restarts I missed a flash crash on a stock I wanted to buy. The opportunity to purchase at a massive discount lasted for less than two minutes the exact amount of time it took me to kill the app and then log back in. This isn't a minor annoyance; it’s a fundamental flaw in the app's architecture that directly impacts trading and performance",1,2025-06-16T18:00:01-07:00,7.81.0,,
Trading 212,app_store,0f3f25e869e2030918e7d7fd,"They let you withdraw small amounts at first to build trust. I successfully withdrew $100 a month ago, and it made me feel secure. So I invested more, a lot more. Last week, I tried to withdraw $5,000. My request has been ""processing"" for eight days. I've contacted support multiple times. At first, they were apologetic, blaming ""network congestion."" Now, they've just gone silent. The $100 was bait. They used it to lure me into a sense of security before stealing the real prize. It’s a cruel and calculated scam.",1,2025-06-15T18:09:11-07:00,7.81.0,,
Trading 212,app_store,32aa9225ca9a045126e359a8,"It’s my first time investing , they have multiples options for new traders , investors or if you are just looking to save money , or create a passive income , they have a lot of options from stocks to etf.
They offer ISA accounts for UK residents who pay less or no taxes on those investment , they do not support PEA for France as of the time I’m writing this review but they offfer lots of option for investing and it’s very easy to use!!! 
By far the easiest platform to use.

Jo",5,2025-06-12T23:00:46-07:00,7.81.0,,
Trading 212,app_store,5090773867cf24e992226dd1,"Je leur ai déposé de l'argent via une transaction par carte, la carte est à mon nom et ils voient qu'elle est à mon nom. J'ai entré mon nom et les informations de ma carte !  Maintenant, ils disent que pour supprimer les limites de retrait, je dois leur prouver que la carte est à mon nom...  Je leur ai donc envoyé le relevé bancaire montrant la transaction par carte. Supprimer mon compte comme ils l'ont demandé.  Maintenant, ils disent que le numéro de carte n’est pas le même que celui avec lequel vous avez déposé. Même si c'est clair.  J'ai entamé une conversation avec leur responsable du support à ce sujet. Il m'a juste fantôme. Je ne réponds pas quel est le problème de la vérification artificielle.  De toute évidence, ils vous mettent des obstacles pour retirer de l’argent. Recherchez une plateforme plus fiable.",1,2025-05-19T17:33:26-07:00,7.77.0,,
Trading 212,app_store,448366e21d563a4ee48a7500,"Comme beaucoup d’entre nous, j’ai migré mon ISA existant vers Trading 212, ce qui s’est bien passé. La progression des mises à jour de l'application et une fois terminée (la semaine dernière), vous recevez une notification instantanée.  D'une manière ou d'une autre, Trading 212 a réussi à effectuer un autre transfert depuis l'autre compte ISA sans mon autorisation, ce qui est « hors service » et pour aggraver les choses, il n'y a personne à qui vous pouvez parler à l'exception du chatbot et si vous êtes chanceux, un humain discutera après une longue attente et vous dira que vous devez attendre 48 heures pour que l'équipe de transfert examine !  Il s'agit d'un manque évident de contrôles/vérifications dans Trading 212. Heureusement, j'ai tout de suite compris cela car il n'y a aucun signe de ces fonds apparaissant dans l'ISA Trading 212, il semble donc qu'ils aient disparu dans les airs ou qu'ils n'aient pas encore bénéficié du bénéfice du doute !",1,2025-05-18T17:38:03-07:00,7.77.0,,
Trading 212,app_store,e3832c2a4f837057f0fd1d9b,"On lui a dit d'attendre 72 heures pour que le virement de paiement soit reçu plus rapidement que la poursuite. Une partie du même groupe, pourrais-je ajouter. Lorsque 72 heures se sont écoulées et que l'argent n'était toujours pas arrivé, c'était à moi de prouver en PDF qu'il avait envoyé l'argent. Chase ne peut pas faire cela, ce n'est pas un travail ni un processus suivi par une autre banque comme j'ai appelé pour vérifier. Je leur ai envoyé la référence de paiement que les banques utilisent pour qu'ils puissent vérifier mais ils ont désormais décidé de ne plus m'envoyer de messages sur leur fonction de chat. Chase a dit qu'ils essaieraient d'obtenir ce qu'ils avaient demandé, mais maintenant je suis assis ici, ne sachant pas où se trouve mon argent et perdant quotidiennement tout intérêt en raison de leur incompétence. Il ne me contactera pas non plus pour passer à la gestion d'astreinte. Tout cela a été ignoré. Évitez cette entreprise car ce n'est pas mon premier problème avec eux.",1,2025-05-16T16:42:30-07:00,7.76.1,,
Trading 212,app_store,69df4deaf581012f751ba7c1,"J'ai essayé d'ouvrir un nouveau compte cash, mais en ce qui concerne leur processus de vérification... ""quel désastre complet"" J'ai essayé de scanner le passeport sous tous les angles et tous les points forts, sans plaisir. J'ai essayé d'obtenir un permis de conduire et cela a fonctionné, mais ensuite ils avaient besoin de votre photo, j'ai abandonné après 10 minutes d'essai. Le nom, l'adresse et le numéro de sécurité sociale devraient suffire... tant d'informations requises me rendent suspecte. Aucun autre fournisseur ne m'a demandé ce niveau d'informations. J’aurais plutôt obtenu un taux d’intérêt inférieur auprès d’une entreprise britannique reconnue et j’aurais gardé la raison. Merci pour la réponse.. Puis-je vous suggérer d'améliorer votre logiciel pour rendre le processus de vérification plus convivial et ainsi augmenter les ventes de vos produits.",1,2025-05-14T20:16:12-07:00,7.76.1,,
Trading 212,app_store,858187ede07dfbdf219606b8,"J'ai reçu un appel téléphonique et un e-mail après mon inscription. J'ai lu le contenu de l'e-mail et écouté un appel de suivi leur disant que je n'étais pas intéressé et qu'ils devaient supprimer mes données de leur système. Un courriel a également été envoyé à la première personne qui a appelé, Rose Evans. Après avoir reçu un autre appel mécontent aujourd'hui et bloqué environ 6 numéros, je recommande personnellement aux gens de se méfier de cette entreprise « difficile à vendre » qui n'acceptera pas de réponse négative. Désormais, je déposerai une plainte concernant Trading 212/AI Trading auprès du Médiateur Financier.",3,2025-05-12T19:39:34-07:00,7.75.0,,
Trading 212,app_store,a7d5274eaefc1f1e41f908e0,A fuire gros ARNAQUE,1,2025-05-12T07:05:56-07:00,7.75.0,,
Trading 212,app_store,bd04bfce07182396f8017a5c,"J'ai effectué deux retraits sur Trading212, et ils ont été envoyés vers d'anciennes cartes bancaires inactives, malgré les tentatives répétées pour résoudre le problème. Plus de quatre semaines plus tard, les fonds manquent toujours et le soutien a été inutile et incohérent.  Pour aggraver les choses, leur processus de remboursement est un cauchemar : ils restituent l'argent sous la forme des sommes forfaitaires que vous avez initialement déposées. Ainsi, si vous faites la moyenne des coûts sur plusieurs années, attendez-vous à recevoir des dizaines, voire des centaines de petites transactions, ce qui rend presque impossible la vérification que vous avez reçu une compensation complète.  Une expérience très stressante sans responsabilité. Non recommandé.  Je dirai une bonne entreprise pour se lancer en bourse et en actions en tant que débutant, car elle est facilement accessible avec une application bien conçue. Cependant, il s'agit d'une jeune entreprise sans personne pour exprimer ses problèmes ou ses préoccupations face à face et au téléphone, ce qui rend la résolution des problèmes plus compliquée. Je suggérerais d'avoir une équipe téléphonique qualifiée pour aider les personnes ayant des problèmes urgents.",2,2025-05-11T01:35:11-07:00,7.75.0,,
Trading 212,app_store,1e28db9825063f659f669fdf,Mon mari a ouvert un nouveau compte en espèces et j'ai déposé une grosse somme d'argent depuis notre compte bancaire commun. Cela n'est pas apparu après 7 jours. Je leur ai envoyé plusieurs messages et j'ai reçu le même message indiquant qu'ils étudiaient la question. J'ai envoyé tous les documents nécessaires mais il n'y a pas encore de joie. C'est du vol à mes yeux et c'est très stressant. Évitez cette entreprise à tout prix.,1,2025-05-08T21:54:06-07:00,7.75.0,,
Trading 212,app_store,cfb34e44802506b54cf8687f,"Vous détenez mes actions issues d'un transfert de portefeuille annulé vers Trading 212 depuis Vanguard, ce qui représente pour moi une grosse somme d'argent à laquelle je n'ai pas accès et vous refusez de la restituer. Cela s'est produit fin février et je n'ai toujours pas pu récupérer mes unités.",1,2025-05-05T20:51:01-07:00,7.75.0,,
Trading 212,app_store,e4a5bffb7f224270dc4208e3,"J'ai remarqué que le prix d'achat augmente d'un centime une fois que je clique pour acheter, mais revient ensuite au prix d'origine une fois que j'achète et quand je vais vendre, je remarque que le prix baisse d'un centime puis remonte une fois que je vends, oui, je connais les mouvements de prix à la hausse et à la baisse, j'ai essayé de faux achats et ventes et j'ai remarqué la même chose, je trouve ça bizarre",1,2025-05-05T07:45:23-07:00,7.75.0,,
Trading 212,app_store,29baa0539e7ae8a558e980e7,"Faire des dépôts est facile, mais vous ne pouvez transférer vos fonds que si vous avez fourni des relevés bancaires des 3 derniers mois accompagnés d'un relevé, sinon les fonds seront bloqués.  Quand tout est enfin clarifié, cela peut prendre plusieurs jours, et vous transférez l'argent sur votre propre compte, et le transfert vient de France, 22. - des frais et aucune information sur la provenance des fonds.  Ma banque me demande maintenant une preuve d'origine et un relevé bancaire, mais en obtenir une est très difficile, il n'y a aucun soutien de Trading 212 et JP Morgen ne sait pas non plus où déposer de l'argent de ma part.  Personne n'a vraiment besoin de ce genre de stress, c'est pourquoi ce n'est que 2 étoiles.  Commentez votre réponse :  Après d'innombrables e-mails avec Trading 212, qui ont pris une semaine, ils m'ont envoyé les relevés bancaires et m'ont expliqué que les virements provenaient de la Barclay Bank.  Mais les documents qui m'ont été envoyés étaient des données de Trading 212, et non de Barclay Bank. Rien n’indique nulle part que le transfert de Barkley provienne de mon compte.  À ce stade, j'ai mis fin à la conversation avec Trading 212 ; Cela n'a plus de sens.  J'ai ensuite contacté directement Barclay à Paris mais j'ai été orienté vers une autre agence. Je n'ai reçu qu'un numéro de téléphone, aucune adresse et aucune adresse e-mail. J'ai essayé d'appeler plusieurs fois maintenant, mais personne ne répond. Après deux semaines et une quantité incroyable de correspondance, je n'ai toujours pas progressé.",2,2025-04-30T00:27:11-07:00,7.74.0,,
Trading 212,app_store,a56d4df6918fcdbf155acca5,"This app is easy to understand and beginner friendly, the fees are very low which is amazing too, actually its even free.",5,2025-04-28T04:59:08-07:00,7.74.0,,
Trading 212,app_store,84b7ef7ed20b94e5918b649c,"Il serait bien de connaître le prix avant d'acheter. C'est comme donner un compte à rebours de 10 secondes pour accepter ou non le prix. 99 fois sur 100, lors de votre achat, le prix est toujours supérieur au prix indiqué. Cela peut être prouvé par toute personne qui achète en utilisant cette plateforme. A part ça, tout va bien avec Trading212. Mais il vaudrait mieux que les gens sachent ce qu’ils en ont pour leur argent. Cela vous donnera une note instantanée de 5 étoiles.",3,2025-04-26T23:50:05-07:00,7.74.0,,
Trading 212,app_store,92b13a4649e6ff49a9694a3b,"Ils n'ont pas mentionné lors du processus d'inscription que l'utilisation de Face ID est obligatoire pour toutes les interactions avec Trading 212. Heureusement, j'ai terminé le processus d'inscription sans leur envoyer mon allocation ISA, sinon je serais toujours coincé avec eux. Donc, à moins que vous ne soyez content de tout faire sur l'application téléphonique, je resterais à l'écart. J'ai peur de penser à ce qui se passerait si quelque chose n'allait pas et que vous deviez les contacter.Mise à jour : j'ai l'impression que la réponse de Trading212 donne l'impression que vous pouvez éviter d'utiliser la caméra à chaque fois que vous vous connectez sur la version de bureau. À moins qu'ils ne veuillent détailler comment se connecter sur un ordinateur de bureau sans utiliser votre appareil photo et/ou votre téléphone à un moment donné, supposez que vous ne pouvez pas. C'est bien si vous souhaitez simplement l'utiliser sur votre téléphone, mais si vous tombez et vous cassez le nez, vous n'aurez aucun moyen d'accéder à votre compte.",1,2025-04-23T20:13:59-07:00,7.73.0,,
Trading 212,app_store,3acff7ae4c76393929dc2961,La meilleur de loin !(8ans d’utilisation zéro faute),5,2025-04-16T14:56:25-07:00,7.72.2,,
Trading 212,app_store,ecd2f9648dd9a6ec634422ed,It would be great if the “Social” tab didn’t push a notification with a sticker despite turning social notifications off tho,5,2025-04-11T11:40:44-07:00,7.72.0,,
Trading 212,app_store,3bac1e274c828c9647793cc7,"Attention, ce Courtier séquestre votre argent injustement et si vous avez besoin de retirer vos fonds vous allez galérer comme pas possible. Je vous déconseille vivement ce Courtier aller cher  Revolut ou trade  république.",5,2025-04-08T12:07:40-07:00,7.71.1,,
Trading 212,app_store,6d1ec6b80de539a32a17875e,"Ayant utilisé d’autres applications de trading, celle-ci est de loin ma préférée. Ergonomique, jolie visuellement, le système de diagrammes qui est génial, jamais embêté pour déposer ou retirer son argent même si la somme est importante, frais minimes, j’oublie sûrement d’autres atouts mais je recommande fortement !",5,2025-04-01T11:20:09-07:00,7.70.0,,
Trading 212,app_store,affa4e355e9074d38869ffe8,So far so good it has being good & better than some others that I have tried especially for us that don’t leave in England though we has a lot of disadvantages but I believe with time some advantages will be given to us outside England for choosing the app & staying with it for longer time.,4,2025-03-03T07:16:51-07:00,7.66.0,,
Trading 212,app_store,0cf4a5196b87a93da01d48b3,Super application simple d’utilisation on aurait juste besoin d’un peu plus de visibilité sur les graphiques lorsqu’on utilise les indicateurs mais sinon ça reste assez pratique que ce soit sur l’ordinateur ou sur un smartphone,5,2025-02-26T01:24:41-07:00,7.65.0,,
Trading 212,app_store,3c1ba27df3b87de188eab407,"Application simple d’utilisation, fluide. 

Le seul bémol pour rendre cette application parfaite selon moi serait d’intégrer les documents type IFU etc",4,2025-02-15T10:41:30-07:00,7.64.1,,
Trading 212,app_store,5a37842fd726a367d9c683ee,"The title says it all 

Several cases of stop loss orders not executed on very liquid stocks and for small amounts 
Also your bot is really painful",1,2025-02-03T01:48:39-07:00,7.62.0,,
Trading 212,app_store,8ed123aa6aab0f9dedd8923e,"Voilà quelques années que je suis sur Trading 212, l'application me demande une vérification de mon identité donc j'envoie mon passeport et une vidéo de ma tête comme demandé.48 heures après toujours rien de la part de trading212 compte bloqué inaccessible avec aucune raison valable. J'attends un retour de votre part.",1,2025-01-20T03:10:01-07:00,7.60.0,,
Trading 212,app_store,4e9b25796eabdd74cd778668,"This app is good I mean, REALLY good, BUT, French people arr missing French group in the social network of this app! toi much french people thinking the same, me too. I think that you should have country group, like the dividend or off-topic group. 

Thank you so much for this really cool app btw",5,2025-01-07T20:11:35-07:00,7.58.0,,
Trading 212,app_store,cf9b37658601e20329c7205e,Very good overall but It’s really bad that they don’t allow lending against our stock positions like DEGIRO.,4,2024-12-06T02:13:53-07:00,7.53.0,,
Trading 212,app_store,caaa887f856bec5603d6f94b,"Seems good from a beginner’s perspective. Sometimes frustrating finding the correct info page, for example how much cash you have available to invest, but overall recommended. It even gives a return on cash which is much better than my bank account.",3,2024-11-29T04:23:44-07:00,7.51.0,,
Trading 212,app_store,f21ad6b7f7f4323e95a95ad0,Mettez trading 212 accessible en Belgique svp,3,2024-11-20T05:56:21-07:00,7.49.0,,
Trading 212,app_store,fd03b2125e39e57eb7bc3336,Nice,5,2024-10-11T06:35:30-07:00,7.41.0,,
Trading 212,app_store,fa4bb261e34f90e3c1393670,Profitez d’action gratuite grâce à mon code promo 16b64G96eq et tentez de gagner jusqu’à 100€ d’actions,5,2024-10-09T01:25:14-07:00,7.41.0,,
Trading 212,app_store,404680f135d9f1d59380e1b2,"Petit bémol , tout n’est pas traduit en français",4,2024-09-25T01:43:09-07:00,7.38.0,,
Trading 212,app_store,6401bf7e2edee190a182ec31,"Ils font exprès de rendre le retrait des fonds longs et compliqué donc ça part sur 1 étoile, venez chez etoro, 100x mieux. Le retrait prends 3 jours, sur etoro c’est instantané",1,2024-09-24T01:15:05-07:00,7.38.0,,
Trading 212,app_store,0ea305eea60d993bc11e58d5,Bon courtier malgré quelque problème d’identification,4,2024-09-19T00:29:08-07:00,7.37.0,,
Trading 212,app_store,ae02047bf57421add7f60060,"Cela fait plus de 3 ans que mon argent est dans le compte. Aucune vérification lors du topup du compte, maintenant que je veut retirer ils me demande des documents de la banque, mais les refuse systématiquement. Cela semble être un schéma d’arnaque.. a fuire",1,2024-09-18T04:06:39-07:00,7.37.0,,
Trading 212,app_store,90f60e6ca9ed861558e48de4,"Bonne interfaces, un système simple et généreux",5,2024-09-01T05:49:34-07:00,7.34.0,,
Trading 212,app_store,92a274cf70132474f824f0af,Ok,4,2024-08-16T08:35:49-07:00,7.28.0,,
Trading 212,app_store,8a4b8b377b449be870adfcab,Spettacolare bella semplice funzionale. Perfetta,5,2026-08-13T15:10:33-07:00,8.43.0,,
Trading 212,app_store,692a2bff76fa9289a19ba3d4,The app has become way too chaotic with no clear design and too many random additions.,2,2026-08-12T14:04:03-07:00,8.42.0,,
Trading 212,app_store,cb5bc3034138a4fc8cf1f865,"Piattaforma molto intuitiva e facile da usare, anche per una che non se ne intende di grading come me. Ho aderito al bonus 100 euro di azioni gratis e quando mi sono registrata mi sono accorta che era già scaduto. Ho contattato l’assistenza clienti e mi hanno dato un codice. Adesso ogni giorno mi arrivano 10 euro in azioni del mercato americano. 
Grazie, grazie mille davvero 🙏",5,2026-08-06T07:16:04-07:00,8.41.0,,
Trading 212,app_store,218f8a29d9b3fdf289dab8f4,"I’ve had a great experience with Trading 212 so far. I recently had a question about a transfer, and the support team was very friendly, patient, and helpful. It turned out the mistake was mine, but they took the time to explain everything clearly.

The app itself is excellent. The market prices match TradingView, there are no unnecessary fees, and the interface is clean and easy to use. I also really like the spending analysis and budgeting features—they automatically show where your money goes and provide useful insights into your spending habits. Overall, it makes managing both investments and personal finances feel simple and enjoyable. Highly recommended! 🌟",5,2026-08-03T10:12:53-07:00,8.41.0,,
Trading 212,app_store,d53223543dd0daffafd487e6,"Consiglio pratica con versione Demo, avrete a disposizione 5000€ il tutto sarà realistico al 100% perché segue andamenti reali del mercato, apertura e chiusura e sono presenti tutte le aziende quotate in borsa.
Potete acquistare singole azioni e volendo anche investire 50€ per comprare parte di una azione.
Molto entusiasmante vero?
Praticate prima in demo pe rendervi conto di come funziona mi raccomando.",5,2026-07-30T15:31:27-07:00,8.41.0,,
Trading 212,app_store,9d3526c5020a0d30edd21176,"Ottima App le commissioni sono il suo punto di forza!!! 
Se il tutto era compreso anche di tasse, sarebbe stata da 5 stelle. Spero in un miglioramento in futuro.",4,2026-06-26T08:46:39-07:00,8.36.0,,
Trading 212,app_store,343f3ba10109414ace2fa23a,Peccato che non si può tradurre,4,2026-06-01T10:10:08-07:00,8.32.0,,
Trading 212,app_store,2d0953fcf30b60b88f8e9256,"utilizzo per imparare, in forma virtuale gratis",5,2026-05-08T04:36:29-07:00,8.28.1,,
Trading 212,app_store,287eb328e4d9be636c80be18,la uso da anni la migliore rispetto a tutti i concorrenti,5,2026-05-04T03:36:38-07:00,8.28.1,,
Trading 212,app_store,47061ef0434531635beb1003,Se dovesse fare anche da sostituto d’imposta sarebbe da 5 stelle comunque davvero che complimenti per le varie funzionalità 💪🏻,4,2026-05-03T06:15:46-07:00,8.28.1,,
Trading 212,app_store,1e8de4ecb87d39c60213b6df,Ottima grafica,5,2026-04-17T11:08:33-07:00,8.26.0,,
Trading 212,app_store,663dd3e67f184c5aa7bda81b,"It’s a good platform, but some of the exchange rates for fiat currencies are quite high. I haven’t tried trading crypto. It’s proven so far that if you’ve got €50-€250 money to put aside monthly, it’s worth it. There’s the option to automatically rebalance your portfolio with the help of A.I., but I’m not sure how trustworthy it is. Overall a good platform for trading, both beginner trading and more advanced.",3,2026-04-13T15:11:37-07:00,8.25.0,,
Trading 212,app_store,952d382556c90eff52dc9c14,"i genuanly enjoy the UI bc its simple and everything has its description.
the first app where i started demo and learning about trading/investment thank u for this opportunity ❤️✌️",4,2026-04-10T00:18:44-07:00,8.24.0,,
Trading 212,app_store,f13d73b7425c3f07a0059ec1,"After receiving a random question on the app (thinking it was just a survey) I found my account blocked in indefinite closed mode only. Since then I reach out to customer service which every time they passed the problem to the next available colleague. I have talked to about 10/12 people asking me the same exact documentation and question. This has been going on for 10 days now. None of them apparently know why they were asking me the documentation or how to solve the problem. I feel like they are just buying time to wait for something. In the mid time I am blocked with my investments.

I truly don’t recommend  this app.",2,2026-04-09T23:22:37-07:00,8.24.0,,
Trading 212,app_store,fececbf53ab10c9fbc08a25b,"Account ristretto per protezione finanziaria con richiesta di documenti fiscali personali, tuttavia sto guadagnando, quindi mi chiedo: esattamente da cosa sto venendo protetto? 
Nel motto avrebbero dovuto inserire un “build wealth everyday… but not too much otherwise you’ll get banned”
Passate ad altre app, è meglio… e pagate meno lo spread :)",1,2026-03-27T06:33:51-07:00,8.23.0,,
Trading 212,app_store,d094874e15d67f834c5176d6,"The interface is clear and aesthetically pleasing, and the operation is simple. We hope that Chinese language support can be added.",5,2026-02-17T07:03:03-07:00,8.19.0,,
Trading 212,app_store,b7bd61445d8f6404daa20dee,"Easy, facile  da capire aggiungerei le opzioni + crypto staking e wallet per farla diventare un app ancora più professionale se non del tutto",5,2026-02-02T06:49:05-07:00,8.17.0,,
Trading 212,app_store,dd543bc7ca15ed282f8223bf,"When logging in using MFA, if you want to flag the device as trusted, you are forced to record your face using a third party service, Onfido. Please remove this invasive verification that adds nothing to an already strong MFA.",3,2026-01-29T08:25:05-07:00,8.16.0,,
Trading 212,app_store,0293c2ec4b5e94b3a92354b6,"Applicazione semplice, intuitiva e alla portata di tutti. Assistenza disponibile,veloce e capace di risolvere qualunque problema in poco tempo. L’unica cosa per chi volesse aprire il conto investimenti in Italia deve ricordarsi che questa piattaforma si basa sul regime dichiarativo.",5,2026-01-12T11:13:00-07:00,8.14.1,,
Trading 212,app_store,0843bc1880f992ac7e025102,"Muy completa, muchos activos para invertir, planes para hacerlo automáticamente, se puede copiar planes de otros inversores, tiene tarjeta de débito para disponer del dinero no invertido y además dan intereses por lo que no uses.",5,2025-12-29T03:39:48-07:00,8.13.0,,
Trading 212,app_store,38fcd0bd16554abcdb7a5e9c,"Everything works smoothly when you have to deposit, when it is time to withdraw it is a different story. Complicated procedures, useless rules, it is all done to make the process complicated, I’ve been a customer for years, my bank account is verified but I can’t take my money",1,2025-11-25T10:07:47-07:00,8.8.1,,
Trading 212,app_store,2a63e24237b3b2a833aa94f5,"Unfortunately, the app does not work anymore on older iPhones. I have an iPhone 7 and it stopped running on my device. Trading212team seems not be able to solve the problem (solutions? Probably just buy a new phone). Really disappointing.",1,2025-10-06T02:38:54-07:00,8.2.0,,
Trading 212,app_store,5cf378ab5b74d91c90aa26a6,"Da un po’ utilizzo Trading 212 e devo dire che mi sto trovando molto bene. L’app è semplice da usare, permette di investire senza commissioni e anche di acquistare frazioni di azioni, così si può iniziare senza dover muovere cifre enormi.

Se ti registri entro il 6 ottobre 2025 con il mio codice 11QSCGifIJ, ricevi in regalo un’azione a caso dal valore massimo di 100€. Un bel bonus per partire con il piede giusto.

Io lo sto usando con soddisfazione, per cui se stai pensando di iniziare a investire, può davvero valere la pena provarlo.",5,2025-09-18T11:47:59-07:00,7.94.0,,
Trading 212,app_store,dd83b39f73a46a65eeb22961,"Spread assurdi, leve ridicole in più usano dei cfd app per far fare fior fi quattrini ai broker. 

Nono",1,2025-08-23T00:10:38-07:00,7.90.0,,
Trading 212,app_store,8124997943a0ce7412269325,"Sarebbe più interessante se ci fosse il cambio lingua per tutto non solo il menu, ma pure i messaggi scritti nelle chat",2,2025-07-27T00:05:30-07:00,7.87.0,,
Trading 212,app_store,7c53ab26bbc11ebc7b3766e5,"Il tasso di rendimento secondo me è poco chiaro. Dovreste aggiungere il tasso di guadagno nel periodo selezionato, sarebbe molto più utile.",4,2025-07-24T02:01:50-07:00,7.86.1,,
Trading 212,app_store,337f3e1caf2dd6ac3c29ea43,"Avevo delle carte che erano state verificati ma a distanza di anni queste carte non ce le ho più, non esistono più e ora mi chiede di nuovo di verificarle ma non posso farlo visto che ho chiuso quei conti e per questo non mi fa prelevare i miei soldi. Datemi i miei soldi che voglio chiudere il conto. Assistenza clienti inutile",1,2025-07-23T06:10:20-07:00,7.86.0,,
Trading 212,app_store,aa9ef6d3aa10d92181b5fef3,"ottima, con l’aggiunta di un calendario dividendi con condizioni minime incluse per ogni aerogramma sarebbe perfetta",5,2025-07-17T03:48:34-07:00,7.85.0,,
Trading 212,app_store,a783bec3757fb0bdce3c2409,"I've come to the conclusion that their support email is just a dummy address that goes to an unmonitored inbox. There's no other explanation for the total silence I've received for over a week. For a company in the financial sector, this level of unresponsiveness is a critical failure.",2,2025-07-15T18:08:38-07:00,7.85.0,,
Trading 212,app_store,df8941d57b8b3077ca307c1e,"The agent was polite but ultimately useless. Politeness doesn't fix my account issue or recover the money I lost due to their platform's error. I need competence, not just pleasantries.",1,2025-07-10T23:33:40-07:00,7.84.0,,
Trading 212,app_store,1dea1c9a5453f6b829d3b261,"During a market flash crash today, I saw an incredible opportunity. I tried to send a large market buy order to capitalize on the dip. The app returned an error message saying, ""This order exceeds the maximum allowable quantity,"" even though the order was well within normal parameters. It seems their risk management system glitched due to the high volatility and prevented me from placing a trade. It’s ironic that the very system designed to protect me is the thing that prevented me from making a massive profit. The app simply panicked and locked up, and I paid the price for its failure. It is a completely unacceptable outcome for any trader. It's truly a pathetic and costly software failure.",1,2025-07-08T20:50:02-07:00,7.84.0,,
Trading 212,app_store,725f1e0b7279805c9fa8df3f,"Es una plataforma que mientras me he estado formando, ya que en el mundo de las finanzas es constante formación, he encontrado todo esta plataforma óptima, pero ojo es para personas que ya tiene una experiencia y siempre están en costante formación",5,2025-07-07T02:22:57-07:00,7.84.0,,
Trading 212,app_store,345613c5a6ae3c3e9d03d091,"The only way I found to potentially contact support was through a link in a year-old blog post I found on Google. The link, of course, is now dead. The app itself provides zero avenues for contact. It's an information black hole. This is not a sustainable or trustworthy business practice.",1,2025-07-04T20:10:36-07:00,7.84.0,,
Trading 212,app_store,ba321273f9f0f428921f6263,"Attenzione!! Non riprenderete più i vostri soldi.
Hanno fatto tanti problemi per verificare la mia carta durante il prelievo dall’account 212. 
Una volta verificata la carta eseguo l’operazione per ritirare i soldi.
Trascorsi 5 gg lavorativi mi dicono che sono stati accreditati su un altra carta che avevo presente ma non verificata sul mio account 212. 
Peccato che quella carta era intestata al mio compagno e non l’abbiamo più da tempo.
Se fai storie per verificare una carta dopo averti mandato i soldi, poi una volta verificata che fai ? Mandi i soldi su un altra carta non intestata al diretto interessato?
Ho allegato estratto conto della banca che dimostra il fatto che i soldi li ho trasferiti da quel conto e su quel conto una volta fatta richiesta dal medesimo devono tornarci .
Sintesi si sono rubati i soldi .
Quindi pensateci prima di interagire con questa app non rivedrai più il tuo denaro",1,2025-07-02T06:29:12-07:00,7.83.0,,
Trading 212,app_store,6d75e8b11f61c57abee1540d,"I finally found a ""submit a request"" form after clicking through seven different menus. It was like a treasure hunt. This level of obscurity is unacceptable and shows a complete disregard for user experience.",1,2025-07-01T18:39:50-07:00,7.83.0,,
Trading 212,app_store,4399f44f9760848a530be5b4,"After my account was frozen, I was contacted by a ""recovery specialist"" who claimed he could get my money back for a fee. I later realized he was part of the same scam group. They scam you once with the app, and then they try to scam you a second time by offering fake recovery services. It's a multi-layered, predatory operation. They are absolutely shameless.",1,2025-06-28T23:51:19-07:00,7.83.0,,
Trading 212,app_store,e7c678cb0b83a69b85486137,🔝🔝🔝🔝🔝🔝🔝🔝🔝🔝🔝🔝🔝🔝🔝🔝🔝🔝🔝🔝🔝🔝🔝🔝🔝🔝,5,2025-06-27T05:48:08-07:00,7.82.0,,
Trading 212,app_store,ff292374feb221fb18b35799,"A manager in their support department has been promising me a resolution for a month. A withdrawal was sent to the wrong bank account due to a clerical error on their end. They admitted the mistake but have been incredibly slow in recovering the funds. Meanwhile, I'm missing out on investment opportunities and facing my own financial obligations. Their internal delays are directly impacting my financial stability.",3,2025-06-25T17:02:36-07:00,7.82.0,,
Trading 212,app_store,03e0adaae58fdf761e579c2f,The only contact method I found was an email address buried in their privacy policy document. I sent an email a week ago and have heard nothing. They are actively hiding their support channels.,3,2025-06-24T18:33:37-07:00,7.82.0,,
Trading 212,app_store,b6c4ab608c852afcc327d905,"I was logged out in the middle of a trade due to a ""session error."" By the time I logged back in, the trade was deep in the red. This convenient ""error"" cost me dearly.",1,2025-06-21T16:51:13-07:00,7.82.0,,
Trading 212,app_store,ef2b80a06ca0306d60b64abe,"The app crashed today and when I logged back in, all my chart analysis was gone. Every trendline, every support and resistance level, every note I had drawn on over a dozen different stock charts  wiped clean. That represents hours of work and research that I use to guide my trading decisions. It’s like a carpenter showing up to a job site to find all his blueprints have been burned. The  data is still in my head, but the visual guides that I rely on for quick decision-making are gone. This app is not just unstable; it's destructive  to a trader's workflow and overall process. This is a recipe for disaster and is going to cause a catastrophic loss for some user. The damage it causes is real.",1,2025-06-18T18:52:12-07:00,7.81.1,,
Trading 212,app_store,7d935f6e1e66568d0c494d98,"I was initially drawn to this app because of its clean interface, but the honeymoon phase is over. The severe lack of asset variety is a deal-breaker. I’m trying to build a diversified portfolio, but their selection is stuck in the past. They have the big-name tech stocks and a handful of the most common ETFs, but that's it. Want to invest in emerging markets or specific sectors like clean energy or robotics? Forget it. It feels like shopping in a grocery store that only sells bread and milk. It’s impossible to implement any sophisticated strategy here.",3,2025-06-15T18:10:09-07:00,7.81.0,,
Trading 212,app_store,2faedf4b28db3cef7536490c,"App ben fatta, ti permette di investire anche con micro capitali!!!!",5,2025-06-09T05:11:48-07:00,7.80.0,,
Trading 212,app_store,f52e4be05f4806c2c53c4d10,Costi bassi e chiri fin da subito,5,2025-05-02T04:36:57-07:00,7.74.0,,
Trading 212,app_store,e143fd93f2c97a1930678bd3,"OTTIMA APP,SEMPLICE ED INTUITIVA,UN CONSIGLIO SU UN AGGIUNTA,METTERE UN FILTRO CHE TI DIVIDA AZIONI SINGOLE DA QUELLE MESSE IN UNA TORTA COSÌ DA POTER CAPIRE COME AGIRE,TOGLIERE O AGGIUNGERE,GRAZIE ✌️",5,2025-04-30T23:22:05-07:00,7.74.0,,
Trading 212,app_store,0cc746ceddcac017b6801552,Ben fatta e commissioni contenute,5,2025-04-26T03:11:25-07:00,7.74.0,,
Trading 212,app_store,1b26c85f56701f1379394642,Ma orca droia 3 giorni di processamento per il withdraw ma porca zozza ma avvisare prima 3 giorni io mi denudo toccolavaginapassoechiudo,1,2025-04-22T15:17:41-07:00,7.73.0,,
Trading 212,app_store,4f6fd4ba1f3ce121de41543c,Ottima App Consigliata,5,2025-04-15T08:49:41-07:00,7.72.2,,
Trading 212,app_store,a9d4b7c47bc904d0d6352492,Nefunguje ověření dokladu,1,2025-04-09T07:48:39-07:00,7.71.1,,
Trading 212,app_store,f4f77fdbafbc6a6e81273f02,"Just one thing is missing in CFD. It’s to close partialy a position 0,3 of 1 quantity per example, in hedging mode. to take some profit without closing all my position.",5,2025-03-31T01:25:30-07:00,7.70.0,,
Trading 212,app_store,0ff3ecc2cf15409ef1f41a09,"Attualmente mi trovo molto bene, unica nota negativa è che opera su mercati non particolarmente liquidi quindi ordini a mercato non sono cosi immediati come vorrei però il tutto è ripagato da una più che buona applicazione. Consiglio di usarla per piani di accumulo e per operazioni a lungo termine. Non adatta all’intraday",5,2025-03-18T03:40:35-07:00,7.68.0,,
Trading 212,app_store,3df3a17d7b91bef2ff353db4,Use it mainly for stocks and it makes everything easy. Love to use it.,5,2025-03-17T05:09:38-07:00,7.68.0,,
Trading 212,app_store,e8cd8028a9006f8467fcbdd6,"Per le mie esigenze è ideale, praticamente fatto su misura grazie agli strumenti di gestione della liquidità migliori che abbia trovato fin ora. 
Unico problema? il value balance che include i soldi del cash pot.
se riuscirete ad escluderlo dal conto del valore diventereste il broker definitivo per le mie esigenze specifiche",5,2025-03-11T17:54:46-07:00,7.67.0,,
Trading 212,app_store,35476457e01e75d80309e390,"Pessimo broker, assistenza penosa, non capiscono quale sia il problema e di conseguenza non sono in grado di esprimere pareri su come risolvere. Non consiglierei a nessuno, io chiudo il conto",1,2025-02-12T04:32:58-07:00,7.63.0,,
Trading 212,app_store,d6bad004c9f19c553d0e6885,Non funzionano e non sono quelle che ho ordinato in si accendono chiedo risarcimento urgente,1,2025-02-10T06:07:06-07:00,7.63.0,,
Trading 212,app_store,195b26a27eb865ddb2498d80,"Nel complesso, l’app sta migliorando molto e offre un’esperienza sempre più intuitiva. (Mi trovo molto bene e scrivo una recensione negativa per far leggere il feedback agli sviluppatori così possono migliorare l’ app)Tuttavia, ho notato un problema riguardo al calcolo del rendimento giornaliero. 
1- Attualmente, il rendimento si aggiorna continuamente: ad esempio, alle 8 del mattino mostra il rendimento dalle 8 del giorno precedente e continua ad aggiornarsi ogni 15 minuti. Questo sistema può generare confusione: se il giorno precedente il valore è aumentato molto, ma il giorno successivo cala, sembra di aver perso parecchio, quando in realtà si è ancora in positivo, o viceversa.
Personalmente, preferivo il metodo di calcolo precedente, che permetteva di capire meglio l’andamento giornaliero senza questa continua “sovrapposizione”. Sarebbe inoltre molto più chiaro se il rendimento giornaliero fosse calcolato dalla mezzanotte, in modo da avere un quadro più preciso e lineare delle performance.
2- Un altro punto negativo è che in fase di prelievo dal conto per trasferirlo ad un altro conto o alla carta non richiede la conferma e nel mio caso per errore ho inviato al mio conto bancario dei fondi che in realtà non volevo inviare.
Inoltre CONSIGLIO A TUTTI di disattivare il prestito delle azioni che di default è attivato e di informarsi soprattutto sul perché tutti lo dovrebbero fare!!",1,2025-02-06T17:38:34-07:00,7.63.0,,
Trading 212,app_store,1219700be309c7b5918c672d,Preferivo la visualizzazione prima dell’aggiornamento . Prima era molto più comprensibile . Adesso non ci capisco niente.,1,2025-01-28T00:57:07-07:00,7.61.0,,
Trading 212,app_store,1c218f1bf03d2c4fbf75fb5d,app magnifica ti permette di fare un sacco di cose super approvata,5,2025-01-23T09:48:57-07:00,7.60.0,,
Trading 212,app_store,6105b2a2091e5916f762a5c2,"Trading212 è una piattaforma eccezionale, perfetta sia per i principianti che per i trader più esperti. L’interfaccia è intuitiva e ben progettata, rendendo semplice navigare tra i vari strumenti e mercati. L’ampia selezione di asset, che include azioni, ETF, Forex e CFD, offre molte opportunità di investimento.

La funzione di conto demo è un punto di forza, consentendo ai nuovi utenti di esercitarsi senza rischiare denaro reale. Inoltre, le commissioni competitive e l’assenza di costi nascosti rendono Trading212 una scelta vantaggiosa per chiunque voglia investire in modo efficiente.

Apprezzo particolarmente la sezione educativa, che fornisce risorse utili per migliorare le proprie competenze di trading. Anche l’assistenza clienti è veloce e disponibile, risolvendo rapidamente qualsiasi problema.

In sintesi, Trading212 è una piattaforma affidabile e completa, che consiglio vivamente a chiunque voglia iniziare o migliorare la propria esperienza di trading.",5,2025-01-22T14:09:45-07:00,7.60.0,,
Trading 212,app_store,e599c2aa5513b7f4b77d8e55,Con l’ultimo aggiornamento le cose sono poco chiare prima era meglio,4,2025-01-15T00:26:11-07:00,7.59.0,,
Trading 212,app_store,fdaacdd63a9148b187620622,"La piattaforma è davvero intuitiva e ben fatta, peccato per l’ultimo aggiornamento, dovrebbero dar possibilità di verificare sia la performance dei propri investimenti rispetto al giorno precedente(apportato nell’ultimo update) che il profitto non realizzato delle azioni posseduti al momento com’è stato fino adesso.",5,2025-01-09T12:12:09-07:00,7.58.0,,
Trading 212,app_store,8b5341dac11d91ab7bb6c0b8,"È davvero fatta bene, sia molto semplice all’uso ma anche con opzioni avanzate per diverse operazioni un po’ più complicate",5,2024-12-29T19:54:52-07:00,7.56.0,,
Trading 212,app_store,69a0e23134d16fb17d86a7ef,Non ho mai espresso la mia adesione all’utlizzo del Face ID ed ora non riesco ad accedere. Credo che vi sono anche risvolti penali. Comportamento poco serio.,1,2024-12-19T01:17:23-07:00,7.56.0,,
Trading 212,app_store,9b5e94d614213c21fb7623fc,Potrebbe essere una buona piattaforma solo che se hai bisogno di informazioni devi cercare di trovare altrove tipo you tube ecc ecc.,2,2024-12-09T22:50:07-07:00,7.55.0,,
Trading 212,app_store,805dadb59dbe77a98a950080,"È un’ottima app, ma peccato che mi sono dovuto ritirare perché non siete iscritti alla Consob e quindi non ho garanzie che il mio patrimonio rimanga intatto per quanto ammiro e mi piace tantissimo quello che fate come è fatta e come viene gestito il tutto",5,2024-12-09T11:59:42-07:00,7.55.0,,
Trading 212,app_store,bd0a05f8a041a28a0ca49bf4,brava,5,2024-11-15T11:22:08-07:00,7.49.0,,
Trading 212,app_store,9b87bb209f88964fee940840,When widget for iOs 18.1?,4,2024-11-12T13:46:14-07:00,7.48.0,,
Trading 212,app_store,55cb36b33195860d8e2e8924,Ottima app per iniziare ad investire senza alcun costo di commissione. La sto usando da diversi mesi e sto iniziando già a ottenere i miei primi profitti. Quando vi registrate se utilizzate questo codice 17tKsDkJaD entrambi riceviamo una azione dal valore massimo di 100€. Bisogna anche verificare la propria identità e fare un deposito di pochi euro. App Consigliata.,5,2024-11-04T16:49:41-07:00,7.47.0,,
Trading 212,app_store,04fd89a5f3a7aa8c0c13b25d,It’s days now that I keep loosing money because of a bug. Like I set the stop loss or stop profit and it just sells for the current price. I thought was a one time mistake but it gies on. It costed me now quite a lot lot of money after this last one.  Please do something,5,2024-10-21T10:32:05-07:00,7.44.0,,
Trading 212,app_store,e79b3fc74289584c7e802416,quando inserisco il codice fiscale mi dice non valido,1,2024-10-21T04:33:39-07:00,7.44.0,,
Trading 212,app_store,8cab62207d1be2fe2bb6b672,1ARwwnWrVD con dieci euro di deposito riceverete fino a 100 euro di azione,5,2024-10-16T15:25:21-07:00,7.42.0,,
Trading 212,app_store,6c7e731c55ed1e907535eee4,Ho scaricato questa app per l’ottima pubblicità vista su Internet. Una volta effettuata la registrazione ho fatto un bonifico di “prova” di pochi € per vedere come funziona: soldi mai arrivati e per loro risulta tutto ok! Morale: soldi persi! SCONSIGLIATISSIMA,1,2024-10-15T21:16:20-07:00,7.42.0,,
Trading 212,app_store,bea467ac1b27d5a434f5e766,Ok,5,2024-10-04T23:14:30-07:00,7.39.0,,
Trading 212,app_store,ce2e149065c1adff715ed9e4,L’operatore stato molto gentile e disponibile e soprattutto professionale,5,2024-10-01T13:08:45-07:00,7.39.0,,
Trading 212,app_store,1d20bffe2f594c5ee8c70ebf,I am new beginner it is very easy to use and I feel safe in this moment satisfied 100% 👍,5,2024-09-28T04:26:18-07:00,7.39.0,,
Trading 212,app_store,9108b15e66fbdad39cd3630f,È tutto come si deve mancano solo le borse italiane,4,2024-09-27T12:55:33-07:00,7.39.0,,
Trading 212,app_store,8fc6b2633f7e965b42ce0db3,"Per versare i tuoi soldi a loro è semplicissimo, ti agevolano in tutto, ma al momento che vuoi ritirarli cambia tutto! Sono settimane che cerco di ritirare i miei soldi ma a loro non basta che inserisci i tuoi dati più che sufficienti per garantire chi sei, ti infilano in mezzo sempre più certificati bancari, altre app di autenticazione da scaricare e menate su menate per renderti il processo di ritiro il più lungo possibile sperando quasi di portarti a rinunciare. Con un altro broker non ho avuto questi problemi, ho inserito i miei dati più che sufficienti e ho ritirato i miei soldi. Con l’altro broker continuerò ad investire mentre con questo neanche morto, NON SCARICATE e NON utilizzate questo broker, sceglietene altri è il mio consiglio",3,2024-09-24T05:47:57-07:00,7.38.0,,
Trading 212,app_store,18f9fc419c451069cca79e19,"Trading 212 è davvero un’app ottima per chi vuole iniziare ad investire ed entrare nel mondo delle azioni. L’interfaccia è molto intuitiva, il supporto clienti risponde velocemente. È già da 1 anno che uso questa app e non ho riscontrato problemi di nessun tipo. Sono riuscito anche ad ottenere delle azioni gratuite! E lo puoi fare anche te, inserendo il codice amico “17rmElYpNt”.",5,2024-09-24T02:57:58-07:00,7.38.0,,
Trading 212,app_store,d4567803f6cc7756fb82edec,"Add support for bracket calls! So that we can set two alternatives for the same trade, if it goes good (limit gain) or if it goes bad (stop loss)",5,2024-09-23T02:52:43-07:00,7.38.0,,
Trading 212,app_store,5fbfeb199e9f6b5c7931ac7b,Non si riesce a capire come chiudere una posizione,5,2024-08-31T06:32:14-07:00,7.34.0,,
Trading 212,app_store,4855b3ab20f69627d311d32f,"Quando 3 anni fa ho iniziato ad usare l app era veramente di livello facile, intuitiva, ma adesso non più. Per prelevare i soldi investiti cè da impazzire, operazione fatta sempre in tranquillità ma ora non più. Per depositare i fondi tutto semplice ma poi per prelevare follia pura. Mi dispiace che sia finita così ma ho perso un pomeriggio per recuperare 90 euro ed ancora non ci sono riuscito, devo pure aspettare 3 giorni che verificano una carta che ho chiuso perché non mi fanno neanche modificare il metodo di pagamento. Molto deludente",2,2024-08-28T08:51:40-07:00,7.32.0,,
Trading 212,app_store,a1cb7ac033e2b36b7431f2ec,Ciao tutto,5,2024-08-27T06:15:08-07:00,7.32.0,,
